Lead_ID,Business_Name,Category,Locality,Landmark,City_Pincode,Est_Monthly_Revenue,Avg_Ticket_Size,Google_Rating,Current_Online_Status,Decision_Maker,Contact_Reference,Key_Vulnerability,SahayShakti_Pitch_Hook,Lead_Priority,Outreach_Status
SST-ROH-1001,Dr. Gupta's Multispeciality Dental & Implant Care,Dental & Healthcare Clinics,Sector 7 Market,Near Rohini West Metro Station,"Rohini, Delhi - 110085",Rs. 15.0 - 20.0 Lakhs/mo,"Rs. 1,500 - Rs. 45,000",4.7 Stars (570 Reviews),No Website (Only Justdial & Google Map listing),Doctors / Chief Medical Consultants,+91 9875 196 690,No patient WhatsApp automated reminder system or interactive cost estimator on their profile.,"Pitch 'SahayShakti SmartClinic Web Suite': Instant WhatsApp appointment booking, doctor credentials showcase, treatment pricing guide, and Google review booster.",Hot (High Revenue / Zero Web Presence),Uncontacted / Ready for Pitch
SST-ROH-1002,Sai Mobident Super-Speciality Dental,Dental & Healthcare Clinics,Sector 8 Main Market,Near Rohini East Metro Station,"Rohini, Delhi - 110085",Rs. 7.0 - 13.0 Lakhs/mo,"Rs. 1,500 - Rs. 45,000",4.3 Stars (676 Reviews),No Website (Only IndiaMART / Sulekha listing),Doctors / Chief Medical Consultants,+91 9863 103 952,No patient WhatsApp automated reminder system or interactive cost estimator on their profile.,"Pitch 'SahayShakti SmartClinic Web Suite': Instant WhatsApp appointment booking, doctor credentials showcase, treatment pricing guide, and Google review booster.",High Priority,Uncontacted / Ready for Pitch
SST-ROH-1003,Agrawal Orthodontic & Cosmetic Dental Clinic,Dental & Healthcare Clinics,Sector 9 Commercial Complex,Near DC Chowk,"Rohini, Delhi - 110085",Rs. 7.0 - 13.0 Lakhs/mo,"Rs. 1,500 - Rs. 45,000",4.5 Stars (293 Reviews),No Website (Only Instagram Profile & WhatsApp link),Doctors / Chief Medical Consultants,+91 9842 499 173,Lacks online appointment booking; losing high-ticket dental implant/Invisalign patients to Clove/Practo competitors.,"Pitch 'SahayShakti SmartClinic Web Suite': Instant WhatsApp appointment booking, doctor credentials showcase, treatment pricing guide, and Google review booster.",High Priority,Uncontacted / Ready for Pitch
SST-ROH-1004,Rohini Advanced Orthodontics & Root Canal Centre,Dental & Healthcare Clinics,Sector 11 Market,Near G3S Mall & Garg Trade Centre,"Rohini, Delhi - 110085",Rs. 17.0 - 19.0 Lakhs/mo,"Rs. 1,500 - Rs. 45,000",4.3 Stars (312 Reviews),No Website (Only Instagram Profile & WhatsApp link),Doctors / Chief Medical Consultants,+91 9874 910 251,Relies only on walk-ins and outdated Justdial reviews; no digital treatment gallery or doctor credential showcase.,"Pitch 'SahayShakti SmartClinic Web Suite': Instant WhatsApp appointment booking, doctor credentials showcase, treatment pricing guide, and Google review booster.",Hot (High Revenue / Zero Web Presence),Uncontacted / Ready for Pitch
SST-ROH-1005,Smile Craft Aesthetic & Dental Lounge,Dental & Healthcare Clinics,Sector 13 Central Market,Ring Road / Bhagwan Mahavir Hospital Road,"Rohini, Delhi - 110085",Rs. 12.0 - 17.0 Lakhs/mo,"Rs. 1,500 - Rs. 45,000",4.7 Stars (52 Reviews),No Website (Only Instagram Profile & WhatsApp link),Doctors / Chief Medical Consultants,+91 9838 896 124,Relies only on walk-ins and outdated Justdial reviews; no digital treatment gallery or doctor credential showcase.,"Pitch 'SahayShakti SmartClinic Web Suite': Instant WhatsApp appointment booking, doctor credentials showcase, treatment pricing guide, and Google review booster.",Hot (High Revenue / Zero Web Presence),Uncontacted / Ready for Pitch
SST-ROH-1006,Dr. Batra's Advanced Dental Solutions,Dental & Healthcare Clinics,Sector 14 Prashant Vihar,Near Fun Cinema / Outer Ring Road,"Rohini, Delhi - 110085",Rs. 6.0 - 12.0 Lakhs/mo,"Rs. 1,500 - Rs. 45,000",4.9 Stars (484 Reviews),Extremely Outdated Static Page (Not Mobile Responsive),Doctors / Chief Medical Consultants,+91 9846 738 514,No patient WhatsApp automated reminder system or interactive cost estimator on their profile.,"Pitch 'SahayShakti SmartClinic Web Suite': Instant WhatsApp appointment booking, doctor credentials showcase, treatment pricing guide, and Google review booster.",High Priority,Uncontacted / Ready for Pitch
SST-ROH-1007,Elite Smiles Maxillofacial & Implant Hospital,Dental & Healthcare Clinics,Sector 15 Main Commercial Market,Near KN Katju Marg,"Rohini, Delhi - 110089",Rs. 6.0 - 10.0 Lakhs/mo,"Rs. 1,500 - Rs. 45,000",4.4 Stars (227 Reviews),No Website (Only Instagram Profile & WhatsApp link),Doctors / Chief Medical Consultants,+91 9840 203 371,Relies only on walk-ins and outdated Justdial reviews; no digital treatment gallery or doctor credential showcase.,"Pitch 'SahayShakti SmartClinic Web Suite': Instant WhatsApp appointment booking, doctor credentials showcase, treatment pricing guide, and Google review booster.",High Priority,Uncontacted / Ready for Pitch
SST-ROH-1008,Dr. Verma ENT & Allergy Care Clinic,Dental & Healthcare Clinics,Sector 16 Market,Opposite DTU Hub,"Rohini, Delhi - 110089",Rs. 10.0 - 13.0 Lakhs/mo,"Rs. 1,500 - Rs. 45,000",4.6 Stars (350 Reviews),No Website (Only Justdial & Google Map listing),Doctors / Chief Medical Consultants,+91 9818 933 913,Relies only on walk-ins and outdated Justdial reviews; no digital treatment gallery or doctor credential showcase.,"Pitch 'SahayShakti SmartClinic Web Suite': Instant WhatsApp appointment booking, doctor credentials showcase, treatment pricing guide, and Google review booster.",High Priority,Uncontacted / Ready for Pitch
SST-ROH-1009,Rohini Fertility & Women's Health Clinic,Dental & Healthcare Clinics,Sector 17 Commercial Hub,Near City Centre,"Rohini, Delhi - 110089",Rs. 13.0 - 15.0 Lakhs/mo,"Rs. 1,500 - Rs. 45,000",4.5 Stars (53 Reviews),Broken / Inactive Free Subdomain (.business.site discontinued),Doctors / Chief Medical Consultants,+91 9869 211 314,Relies only on walk-ins and outdated Justdial reviews; no digital treatment gallery or doctor credential showcase.,"Pitch 'SahayShakti SmartClinic Web Suite': Instant WhatsApp appointment booking, doctor credentials showcase, treatment pricing guide, and Google review booster.",Hot (High Revenue / Zero Web Presence),Uncontacted / Ready for Pitch
SST-ROH-1010,Apex Bone & Joint Orthopedic Clinic,Dental & Healthcare Clinics,Sector 24 Commercial Centre,Near Rithala Metro Link,"Rohini, Delhi - 110085",Rs. 10.0 - 12.0 Lakhs/mo,"Rs. 1,500 - Rs. 45,000",4.6 Stars (47 Reviews),No Website (Only Justdial & Google Map listing),Doctors / Chief Medical Consultants,+91 9823 340 897,Relies only on walk-ins and outdated Justdial reviews; no digital treatment gallery or doctor credential showcase.,"Pitch 'SahayShakti SmartClinic Web Suite': Instant WhatsApp appointment booking, doctor credentials showcase, treatment pricing guide, and Google review booster.",High Priority,Uncontacted / Ready for Pitch
SST-ROH-1011,Divine Aura Skin & Laser Aesthetic Centre,Dental & Healthcare Clinics,Sector 3 Rohini Market,Near Jaipur Golden Hospital,"Rohini, Delhi - 110085",Rs. 14.0 - 18.0 Lakhs/mo,"Rs. 1,500 - Rs. 45,000",4.7 Stars (225 Reviews),Broken / Inactive Free Subdomain (.business.site discontinued),Doctors / Chief Medical Consultants,+91 9896 205 409,Has high footfall but zero Google organic SEO capture for 'Best Clinic in Rohini'; loses 40+ patient calls monthly.,"Pitch 'SahayShakti SmartClinic Web Suite': Instant WhatsApp appointment booking, doctor credentials showcase, treatment pricing guide, and Google review booster.",Hot (High Revenue / Zero Web Presence),Uncontacted / Ready for Pitch
SST-ROH-1012,Dr. Chhabra Child & Adolescent Care Clinic,Dental & Healthcare Clinics,Sector 5 CSC Market,Near Rajiv Gandhi Cancer Institute,"Rohini, Delhi - 110085",Rs. 7.0 - 13.0 Lakhs/mo,"Rs. 1,500 - Rs. 45,000",4.4 Stars (576 Reviews),No Website (Only Instagram Profile & WhatsApp link),Doctors / Chief Medical Consultants,+91 9885 910 129,Lacks online appointment booking; losing high-ticket dental implant/Invisalign patients to Clove/Practo competitors.,"Pitch 'SahayShakti SmartClinic Web Suite': Instant WhatsApp appointment booking, doctor credentials showcase, treatment pricing guide, and Google review booster.",High Priority,Uncontacted / Ready for Pitch
SST-ROH-1013,ClearVision Eye Care & Retinal Laser Centre,Dental & Healthcare Clinics,Sector 6 Commercial Complex,Near Ayodhya Chowk,"Rohini, Delhi - 110085",Rs. 13.0 - 15.0 Lakhs/mo,"Rs. 1,500 - Rs. 45,000",4.3 Stars (297 Reviews),No Website (Only Instagram Profile & WhatsApp link),Doctors / Chief Medical Consultants,+91 9834 696 506,No patient WhatsApp automated reminder system or interactive cost estimator on their profile.,"Pitch 'SahayShakti SmartClinic Web Suite': Instant WhatsApp appointment booking, doctor credentials showcase, treatment pricing guide, and Google review booster.",Hot (High Revenue / Zero Web Presence),Uncontacted / Ready for Pitch
SST-ROH-1014,Aura Glow Dermatology & Hair Clinic,Dental & Healthcare Clinics,Sector 18 Commercial Hub,Badli Road / Samaypur link,"Rohini, Delhi - 110089",Rs. 18.0 - 21.0 Lakhs/mo,"Rs. 1,500 - Rs. 45,000",4.3 Stars (554 Reviews),Extremely Outdated Static Page (Not Mobile Responsive),Doctors / Chief Medical Consultants,+91 9843 489 184,Relies only on walk-ins and outdated Justdial reviews; no digital treatment gallery or doctor credential showcase.,"Pitch 'SahayShakti SmartClinic Web Suite': Instant WhatsApp appointment booking, doctor credentials showcase, treatment pricing guide, and Google review booster.",Hot (High Revenue / Zero Web Presence),Uncontacted / Ready for Pitch
SST-ROH-1015,Shree Ram Homeo Care & Chronic Wellness,Dental & Healthcare Clinics,Sector 22 Market,Near Pocket 4 Market,"Rohini, Delhi - 110086",Rs. 8.0 - 10.0 Lakhs/mo,"Rs. 1,500 - Rs. 45,000",4.4 Stars (534 Reviews),No Website (Only IndiaMART / Sulekha listing),Doctors / Chief Medical Consultants,+91 9832 369 326,No patient WhatsApp automated reminder system or interactive cost estimator on their profile.,"Pitch 'SahayShakti SmartClinic Web Suite': Instant WhatsApp appointment booking, doctor credentials showcase, treatment pricing guide, and Google review booster.",High Priority,Uncontacted / Ready for Pitch
SST-ROH-1016,Dr. Kapoor Cardio-Diabetic Care Centre,Dental & Healthcare Clinics,Sector 25 Marble & Commercial Hub,Near Rithala Industrial Area,"Rohini, Delhi - 110085",Rs. 10.0 - 15.0 Lakhs/mo,"Rs. 1,500 - Rs. 45,000",4.4 Stars (458 Reviews),No Website (Only Justdial & Google Map listing),Doctors / Chief Medical Consultants,+91 9839 984 127,No patient WhatsApp automated reminder system or interactive cost estimator on their profile.,"Pitch 'SahayShakti SmartClinic Web Suite': Instant WhatsApp appointment booking, doctor credentials showcase, treatment pricing guide, and Google review booster.",High Priority,Uncontacted / Ready for Pitch
SST-ROH-1017,Care Plus Pediatric & Vaccination Centre,Dental & Healthcare Clinics,Mangolpuri Marble Market Hub (Rohini Border),Main Outer Ring Road,"Rohini, Delhi - 110083",Rs. 10.0 - 15.0 Lakhs/mo,"Rs. 1,500 - Rs. 45,000",4.9 Stars (254 Reviews),Broken / Inactive Free Subdomain (.business.site discontinued),Doctors / Chief Medical Consultants,+91 9827 406 904,No patient WhatsApp automated reminder system or interactive cost estimator on their profile.,"Pitch 'SahayShakti SmartClinic Web Suite': Instant WhatsApp appointment booking, doctor credentials showcase, treatment pricing guide, and Google review booster.",High Priority,Uncontacted / Ready for Pitch
SST-ROH-1018,Dr. Singhal Urology & Kidney Care,Dental & Healthcare Clinics,GT Karnal Road Banquet Belt,Alipur / Rohini Extn,"Rohini, Delhi - 110036",Rs. 13.0 - 18.0 Lakhs/mo,"Rs. 1,500 - Rs. 45,000",4.8 Stars (404 Reviews),No Website (Only IndiaMART / Sulekha listing),Doctors / Chief Medical Consultants,+91 9839 758 233,Has high footfall but zero Google organic SEO capture for 'Best Clinic in Rohini'; loses 40+ patient calls monthly.,"Pitch 'SahayShakti SmartClinic Web Suite': Instant WhatsApp appointment booking, doctor credentials showcase, treatment pricing guide, and Google review booster.",Hot (High Revenue / Zero Web Presence),Uncontacted / Ready for Pitch
SST-ROH-1019,Rohini Spine & Neuro Rehabilitation Clinic,Dental & Healthcare Clinics,Pitampura Commercial Hub,Near Netaji Subhash Place / Rani Bagh,"Rohini, Delhi - 110034",Rs. 12.0 - 14.0 Lakhs/mo,"Rs. 1,500 - Rs. 45,000",4.8 Stars (116 Reviews),Broken / Inactive Free Subdomain (.business.site discontinued),Doctors / Chief Medical Consultants,+91 9819 264 923,Relies only on walk-ins and outdated Justdial reviews; no digital treatment gallery or doctor credential showcase.,"Pitch 'SahayShakti SmartClinic Web Suite': Instant WhatsApp appointment booking, doctor credentials showcase, treatment pricing guide, and Google review booster.",Hot (High Revenue / Zero Web Presence),Uncontacted / Ready for Pitch
SST-ROH-1020,Pulse Health Diagnostics & Pathology Lab,Dental & Healthcare Clinics,Sector 7 Market,Near Rohini West Metro Station,"Rohini, Delhi - 110085",Rs. 12.0 - 16.0 Lakhs/mo,"Rs. 1,500 - Rs. 45,000",4.9 Stars (58 Reviews),No Website (Only Instagram Profile & WhatsApp link),Doctors / Chief Medical Consultants,+91 9855 664 860,Relies only on walk-ins and outdated Justdial reviews; no digital treatment gallery or doctor credential showcase.,"Pitch 'SahayShakti SmartClinic Web Suite': Instant WhatsApp appointment booking, doctor credentials showcase, treatment pricing guide, and Google review booster.",Hot (High Revenue / Zero Web Presence),Uncontacted / Ready for Pitch
SST-ROH-1021,Radiant Face & Laser Skin Clinic,Dental & Healthcare Clinics,Sector 8 Main Market,Near Rohini East Metro Station,"Rohini, Delhi - 110085",Rs. 14.0 - 16.0 Lakhs/mo,"Rs. 1,500 - Rs. 45,000",4.6 Stars (602 Reviews),Extremely Outdated Static Page (Not Mobile Responsive),Doctors / Chief Medical Consultants,+91 9828 986 381,Has high footfall but zero Google organic SEO capture for 'Best Clinic in Rohini'; loses 40+ patient calls monthly.,"Pitch 'SahayShakti SmartClinic Web Suite': Instant WhatsApp appointment booking, doctor credentials showcase, treatment pricing guide, and Google review booster.",Hot (High Revenue / Zero Web Presence),Uncontacted / Ready for Pitch
SST-ROH-1022,The Tooth Doctors Multispecialty Centre,Dental & Healthcare Clinics,Sector 9 Commercial Complex,Near DC Chowk,"Rohini, Delhi - 110085",Rs. 18.0 - 20.0 Lakhs/mo,"Rs. 1,500 - Rs. 45,000",4.5 Stars (230 Reviews),No Website (Only Justdial & Google Map listing),Doctors / Chief Medical Consultants,+91 9815 238 802,Lacks online appointment booking; losing high-ticket dental implant/Invisalign patients to Clove/Practo competitors.,"Pitch 'SahayShakti SmartClinic Web Suite': Instant WhatsApp appointment booking, doctor credentials showcase, treatment pricing guide, and Google review booster.",Hot (High Revenue / Zero Web Presence),Uncontacted / Ready for Pitch
SST-ROH-1023,Dr. Ahuja Gastro & Liver Health Care,Dental & Healthcare Clinics,Sector 11 Market,Near G3S Mall & Garg Trade Centre,"Rohini, Delhi - 110085",Rs. 8.0 - 14.0 Lakhs/mo,"Rs. 1,500 - Rs. 45,000",4.4 Stars (274 Reviews),Broken / Inactive Free Subdomain (.business.site discontinued),Doctors / Chief Medical Consultants,+91 9868 795 617,Relies only on walk-ins and outdated Justdial reviews; no digital treatment gallery or doctor credential showcase.,"Pitch 'SahayShakti SmartClinic Web Suite': Instant WhatsApp appointment booking, doctor credentials showcase, treatment pricing guide, and Google review booster.",High Priority,Uncontacted / Ready for Pitch
SST-ROH-1024,Aanchal Maternity & Laparoscopy Centre,Dental & Healthcare Clinics,Sector 13 Central Market,Ring Road / Bhagwan Mahavir Hospital Road,"Rohini, Delhi - 110085",Rs. 15.0 - 17.0 Lakhs/mo,"Rs. 1,500 - Rs. 45,000",4.8 Stars (670 Reviews),Broken / Inactive Free Subdomain (.business.site discontinued),Doctors / Chief Medical Consultants,+91 9821 848 234,No patient WhatsApp automated reminder system or interactive cost estimator on their profile.,"Pitch 'SahayShakti SmartClinic Web Suite': Instant WhatsApp appointment booking, doctor credentials showcase, treatment pricing guide, and Google review booster.",Hot (High Revenue / Zero Web Presence),Uncontacted / Ready for Pitch
SST-ROH-1025,Om Spine & Physiotherapy Rehabilitation Hub,Dental & Healthcare Clinics,Sector 14 Prashant Vihar,Near Fun Cinema / Outer Ring Road,"Rohini, Delhi - 110085",Rs. 15.0 - 19.0 Lakhs/mo,"Rs. 1,500 - Rs. 45,000",4.6 Stars (171 Reviews),No Website (Only Instagram Profile & WhatsApp link),Doctors / Chief Medical Consultants,+91 9851 520 478,Lacks online appointment booking; losing high-ticket dental implant/Invisalign patients to Clove/Practo competitors.,"Pitch 'SahayShakti SmartClinic Web Suite': Instant WhatsApp appointment booking, doctor credentials showcase, treatment pricing guide, and Google review booster.",Hot (High Revenue / Zero Web Presence),Uncontacted / Ready for Pitch
SST-ROH-1026,Dr. Mehra Dental Studio & Smile Architecture,Dental & Healthcare Clinics,Sector 15 Main Commercial Market,Near KN Katju Marg,"Rohini, Delhi - 110089",Rs. 14.0 - 20.0 Lakhs/mo,"Rs. 1,500 - Rs. 45,000",4.7 Stars (282 Reviews),No Website (Only IndiaMART / Sulekha listing),Doctors / Chief Medical Consultants,+91 9850 931 573,Lacks online appointment booking; losing high-ticket dental implant/Invisalign patients to Clove/Practo competitors.,"Pitch 'SahayShakti SmartClinic Web Suite': Instant WhatsApp appointment booking, doctor credentials showcase, treatment pricing guide, and Google review booster.",Hot (High Revenue / Zero Web Presence),Uncontacted / Ready for Pitch
SST-ROH-1027,Shanti Devi Memorial Polyclinic,Dental & Healthcare Clinics,Sector 16 Market,Opposite DTU Hub,"Rohini, Delhi - 110089",Rs. 6.0 - 9.0 Lakhs/mo,"Rs. 1,500 - Rs. 45,000",4.5 Stars (312 Reviews),Broken / Inactive Free Subdomain (.business.site discontinued),Doctors / Chief Medical Consultants,+91 9843 521 559,No patient WhatsApp automated reminder system or interactive cost estimator on their profile.,"Pitch 'SahayShakti SmartClinic Web Suite': Instant WhatsApp appointment booking, doctor credentials showcase, treatment pricing guide, and Google review booster.",High Priority,Uncontacted / Ready for Pitch
SST-ROH-1028,Arogyam Ayurvedic Panchakarma & Spine Centre,Dental & Healthcare Clinics,Sector 17 Commercial Hub,Near City Centre,"Rohini, Delhi - 110089",Rs. 14.0 - 19.0 Lakhs/mo,"Rs. 1,500 - Rs. 45,000",4.7 Stars (545 Reviews),No Website (Only IndiaMART / Sulekha listing),Doctors / Chief Medical Consultants,+91 9844 768 985,Lacks online appointment booking; losing high-ticket dental implant/Invisalign patients to Clove/Practo competitors.,"Pitch 'SahayShakti SmartClinic Web Suite': Instant WhatsApp appointment booking, doctor credentials showcase, treatment pricing guide, and Google review booster.",Hot (High Revenue / Zero Web Presence),Uncontacted / Ready for Pitch
SST-ROH-1029,Dr. Taneja Eye Hospital & Lasik Centre,Dental & Healthcare Clinics,Sector 24 Commercial Centre,Near Rithala Metro Link,"Rohini, Delhi - 110085",Rs. 18.0 - 22.0 Lakhs/mo,"Rs. 1,500 - Rs. 45,000",4.8 Stars (426 Reviews),No Website (Only Justdial & Google Map listing),Doctors / Chief Medical Consultants,+91 9888 398 689,Lacks online appointment booking; losing high-ticket dental implant/Invisalign patients to Clove/Practo competitors.,"Pitch 'SahayShakti SmartClinic Web Suite': Instant WhatsApp appointment booking, doctor credentials showcase, treatment pricing guide, and Google review booster.",Hot (High Revenue / Zero Web Presence),Uncontacted / Ready for Pitch
SST-ROH-1030,Heal & Cure Advanced Pain Management Clinic,Dental & Healthcare Clinics,Sector 3 Rohini Market,Near Jaipur Golden Hospital,"Rohini, Delhi - 110085",Rs. 17.0 - 19.0 Lakhs/mo,"Rs. 1,500 - Rs. 45,000",4.8 Stars (451 Reviews),Extremely Outdated Static Page (Not Mobile Responsive),Doctors / Chief Medical Consultants,+91 9856 817 142,No patient WhatsApp automated reminder system or interactive cost estimator on their profile.,"Pitch 'SahayShakti SmartClinic Web Suite': Instant WhatsApp appointment booking, doctor credentials showcase, treatment pricing guide, and Google review booster.",Hot (High Revenue / Zero Web Presence),Uncontacted / Ready for Pitch
SST-ROH-1031,Prime Cure Diabetes & Lifestyle Reversal Centre,Dental & Healthcare Clinics,Sector 5 CSC Market,Near Rajiv Gandhi Cancer Institute,"Rohini, Delhi - 110085",Rs. 14.0 - 18.0 Lakhs/mo,"Rs. 1,500 - Rs. 45,000",4.6 Stars (327 Reviews),Broken / Inactive Free Subdomain (.business.site discontinued),Doctors / Chief Medical Consultants,+91 9837 304 263,Lacks online appointment booking; losing high-ticket dental implant/Invisalign patients to Clove/Practo competitors.,"Pitch 'SahayShakti SmartClinic Web Suite': Instant WhatsApp appointment booking, doctor credentials showcase, treatment pricing guide, and Google review booster.",Hot (High Revenue / Zero Web Presence),Uncontacted / Ready for Pitch
SST-ROH-1032,Saraswati Dental & Orthodontic Hub,Dental & Healthcare Clinics,Sector 6 Commercial Complex,Near Ayodhya Chowk,"Rohini, Delhi - 110085",Rs. 13.0 - 15.0 Lakhs/mo,"Rs. 1,500 - Rs. 45,000",4.6 Stars (50 Reviews),No Website (Only Instagram Profile & WhatsApp link),Doctors / Chief Medical Consultants,+91 9840 847 685,Lacks online appointment booking; losing high-ticket dental implant/Invisalign patients to Clove/Practo competitors.,"Pitch 'SahayShakti SmartClinic Web Suite': Instant WhatsApp appointment booking, doctor credentials showcase, treatment pricing guide, and Google review booster.",Hot (High Revenue / Zero Web Presence),Uncontacted / Ready for Pitch
SST-ROH-1033,Dr. Anand Child Health & Neonatal Care,Dental & Healthcare Clinics,Sector 18 Commercial Hub,Badli Road / Samaypur link,"Rohini, Delhi - 110089",Rs. 11.0 - 13.0 Lakhs/mo,"Rs. 1,500 - Rs. 45,000",4.5 Stars (588 Reviews),Extremely Outdated Static Page (Not Mobile Responsive),Doctors / Chief Medical Consultants,+91 9881 144 128,Has high footfall but zero Google organic SEO capture for 'Best Clinic in Rohini'; loses 40+ patient calls monthly.,"Pitch 'SahayShakti SmartClinic Web Suite': Instant WhatsApp appointment booking, doctor credentials showcase, treatment pricing guide, and Google review booster.",High Priority,Uncontacted / Ready for Pitch
SST-ROH-1034,Rohini Diagnostic Imaging & Digital X-Ray,Dental & Healthcare Clinics,Sector 22 Market,Near Pocket 4 Market,"Rohini, Delhi - 110086",Rs. 6.0 - 8.0 Lakhs/mo,"Rs. 1,500 - Rs. 45,000",4.3 Stars (173 Reviews),No Website (Only IndiaMART / Sulekha listing),Doctors / Chief Medical Consultants,+91 9887 831 411,No patient WhatsApp automated reminder system or interactive cost estimator on their profile.,"Pitch 'SahayShakti SmartClinic Web Suite': Instant WhatsApp appointment booking, doctor credentials showcase, treatment pricing guide, and Google review booster.",High Priority,Uncontacted / Ready for Pitch
SST-ROH-1035,Lotus Skin Clinic & Hair Transplant Centre,Dental & Healthcare Clinics,Sector 25 Marble & Commercial Hub,Near Rithala Industrial Area,"Rohini, Delhi - 110085",Rs. 17.0 - 21.0 Lakhs/mo,"Rs. 1,500 - Rs. 45,000",4.5 Stars (85 Reviews),No Website (Only Justdial & Google Map listing),Doctors / Chief Medical Consultants,+91 9828 908 190,No patient WhatsApp automated reminder system or interactive cost estimator on their profile.,"Pitch 'SahayShakti SmartClinic Web Suite': Instant WhatsApp appointment booking, doctor credentials showcase, treatment pricing guide, and Google review booster.",Hot (High Revenue / Zero Web Presence),Uncontacted / Ready for Pitch
SST-ROH-1036,Dr. Sharma's Homeopathic Healing Haven,Dental & Healthcare Clinics,Mangolpuri Marble Market Hub (Rohini Border),Main Outer Ring Road,"Rohini, Delhi - 110083",Rs. 11.0 - 16.0 Lakhs/mo,"Rs. 1,500 - Rs. 45,000",4.9 Stars (250 Reviews),Broken / Inactive Free Subdomain (.business.site discontinued),Doctors / Chief Medical Consultants,+91 9862 571 980,No patient WhatsApp automated reminder system or interactive cost estimator on their profile.,"Pitch 'SahayShakti SmartClinic Web Suite': Instant WhatsApp appointment booking, doctor credentials showcase, treatment pricing guide, and Google review booster.",High Priority,Uncontacted / Ready for Pitch
SST-ROH-1037,Dr. Bansal Thyroid & Hormone Clinic,Dental & Healthcare Clinics,GT Karnal Road Banquet Belt,Alipur / Rohini Extn,"Rohini, Delhi - 110036",Rs. 8.0 - 13.0 Lakhs/mo,"Rs. 1,500 - Rs. 45,000",4.5 Stars (260 Reviews),Extremely Outdated Static Page (Not Mobile Responsive),Doctors / Chief Medical Consultants,+91 9854 215 733,Relies only on walk-ins and outdated Justdial reviews; no digital treatment gallery or doctor credential showcase.,"Pitch 'SahayShakti SmartClinic Web Suite': Instant WhatsApp appointment booking, doctor credentials showcase, treatment pricing guide, and Google review booster.",High Priority,Uncontacted / Ready for Pitch
SST-ROH-1038,LifeCare Physio & Sports Injury Recovery,Dental & Healthcare Clinics,Pitampura Commercial Hub,Near Netaji Subhash Place / Rani Bagh,"Rohini, Delhi - 110034",Rs. 11.0 - 16.0 Lakhs/mo,"Rs. 1,500 - Rs. 45,000",4.3 Stars (259 Reviews),Extremely Outdated Static Page (Not Mobile Responsive),Doctors / Chief Medical Consultants,+91 9862 902 202,Lacks online appointment booking; losing high-ticket dental implant/Invisalign patients to Clove/Practo competitors.,"Pitch 'SahayShakti SmartClinic Web Suite': Instant WhatsApp appointment booking, doctor credentials showcase, treatment pricing guide, and Google review booster.",High Priority,Uncontacted / Ready for Pitch
SST-ROH-1039,Medica Heart & Vascular Consultation Centre,Dental & Healthcare Clinics,Sector 7 Market,Near Rohini West Metro Station,"Rohini, Delhi - 110085",Rs. 17.0 - 21.0 Lakhs/mo,"Rs. 1,500 - Rs. 45,000",4.4 Stars (213 Reviews),No Website (Only IndiaMART / Sulekha listing),Doctors / Chief Medical Consultants,+91 9873 366 756,No patient WhatsApp automated reminder system or interactive cost estimator on their profile.,"Pitch 'SahayShakti SmartClinic Web Suite': Instant WhatsApp appointment booking, doctor credentials showcase, treatment pricing guide, and Google review booster.",Hot (High Revenue / Zero Web Presence),Uncontacted / Ready for Pitch
SST-ROH-1040,Smile Spark Pediatric & Adult Dentistry,Dental & Healthcare Clinics,Sector 8 Main Market,Near Rohini East Metro Station,"Rohini, Delhi - 110085",Rs. 11.0 - 14.0 Lakhs/mo,"Rs. 1,500 - Rs. 45,000",4.7 Stars (538 Reviews),Extremely Outdated Static Page (Not Mobile Responsive),Doctors / Chief Medical Consultants,+91 9864 368 140,Lacks online appointment booking; losing high-ticket dental implant/Invisalign patients to Clove/Practo competitors.,"Pitch 'SahayShakti SmartClinic Web Suite': Instant WhatsApp appointment booking, doctor credentials showcase, treatment pricing guide, and Google review booster.",High Priority,Uncontacted / Ready for Pitch
SST-ROH-1041,"Dr. Mittal Allergy, Asthma & Chest Clinic",Dental & Healthcare Clinics,Sector 9 Commercial Complex,Near DC Chowk,"Rohini, Delhi - 110085",Rs. 7.0 - 12.0 Lakhs/mo,"Rs. 1,500 - Rs. 45,000",4.4 Stars (388 Reviews),Extremely Outdated Static Page (Not Mobile Responsive),Doctors / Chief Medical Consultants,+91 9830 431 443,Has high footfall but zero Google organic SEO capture for 'Best Clinic in Rohini'; loses 40+ patient calls monthly.,"Pitch 'SahayShakti SmartClinic Web Suite': Instant WhatsApp appointment booking, doctor credentials showcase, treatment pricing guide, and Google review booster.",High Priority,Uncontacted / Ready for Pitch
SST-ROH-1042,Sanjivani Multispeciality Health Polyclinic,Dental & Healthcare Clinics,Sector 11 Market,Near G3S Mall & Garg Trade Centre,"Rohini, Delhi - 110085",Rs. 8.0 - 14.0 Lakhs/mo,"Rs. 1,500 - Rs. 45,000",4.3 Stars (214 Reviews),No Website (Only Justdial & Google Map listing),Doctors / Chief Medical Consultants,+91 9863 365 512,No patient WhatsApp automated reminder system or interactive cost estimator on their profile.,"Pitch 'SahayShakti SmartClinic Web Suite': Instant WhatsApp appointment booking, doctor credentials showcase, treatment pricing guide, and Google review booster.",High Priority,Uncontacted / Ready for Pitch
SST-ROH-1043,Dr. Sethi Advanced Maxillofacial Clinic,Dental & Healthcare Clinics,Sector 13 Central Market,Ring Road / Bhagwan Mahavir Hospital Road,"Rohini, Delhi - 110085",Rs. 10.0 - 16.0 Lakhs/mo,"Rs. 1,500 - Rs. 45,000",4.7 Stars (334 Reviews),No Website (Only Instagram Profile & WhatsApp link),Doctors / Chief Medical Consultants,+91 9870 634 266,Has high footfall but zero Google organic SEO capture for 'Best Clinic in Rohini'; loses 40+ patient calls monthly.,"Pitch 'SahayShakti SmartClinic Web Suite': Instant WhatsApp appointment booking, doctor credentials showcase, treatment pricing guide, and Google review booster.",High Priority,Uncontacted / Ready for Pitch
SST-ROH-1044,Grace Dermatology & Cosmetology Studio,Dental & Healthcare Clinics,Sector 14 Prashant Vihar,Near Fun Cinema / Outer Ring Road,"Rohini, Delhi - 110085",Rs. 6.0 - 10.0 Lakhs/mo,"Rs. 1,500 - Rs. 45,000",4.7 Stars (587 Reviews),Extremely Outdated Static Page (Not Mobile Responsive),Doctors / Chief Medical Consultants,+91 9811 236 439,Relies only on walk-ins and outdated Justdial reviews; no digital treatment gallery or doctor credential showcase.,"Pitch 'SahayShakti SmartClinic Web Suite': Instant WhatsApp appointment booking, doctor credentials showcase, treatment pricing guide, and Google review booster.",High Priority,Uncontacted / Ready for Pitch
SST-ROH-1045,Rohini Women Care & High-Risk Pregnancy Hub,Dental & Healthcare Clinics,Sector 15 Main Commercial Market,Near KN Katju Marg,"Rohini, Delhi - 110089",Rs. 18.0 - 21.0 Lakhs/mo,"Rs. 1,500 - Rs. 45,000",4.6 Stars (165 Reviews),Broken / Inactive Free Subdomain (.business.site discontinued),Doctors / Chief Medical Consultants,+91 9850 902 940,Relies only on walk-ins and outdated Justdial reviews; no digital treatment gallery or doctor credential showcase.,"Pitch 'SahayShakti SmartClinic Web Suite': Instant WhatsApp appointment booking, doctor credentials showcase, treatment pricing guide, and Google review booster.",Hot (High Revenue / Zero Web Presence),Uncontacted / Ready for Pitch
SST-ROH-1046,Dr. Grover Dental Studio & Aligners,Dental & Healthcare Clinics,Sector 16 Market,Opposite DTU Hub,"Rohini, Delhi - 110089",Rs. 6.0 - 8.0 Lakhs/mo,"Rs. 1,500 - Rs. 45,000",4.4 Stars (118 Reviews),Broken / Inactive Free Subdomain (.business.site discontinued),Doctors / Chief Medical Consultants,+91 9815 113 318,Has high footfall but zero Google organic SEO capture for 'Best Clinic in Rohini'; loses 40+ patient calls monthly.,"Pitch 'SahayShakti SmartClinic Web Suite': Instant WhatsApp appointment booking, doctor credentials showcase, treatment pricing guide, and Google review booster.",High Priority,Uncontacted / Ready for Pitch
SST-ROH-1047,Vardhman Health Care & Daycare Surgery,Dental & Healthcare Clinics,Sector 17 Commercial Hub,Near City Centre,"Rohini, Delhi - 110089",Rs. 11.0 - 14.0 Lakhs/mo,"Rs. 1,500 - Rs. 45,000",4.4 Stars (668 Reviews),Broken / Inactive Free Subdomain (.business.site discontinued),Doctors / Chief Medical Consultants,+91 9883 169 733,Lacks online appointment booking; losing high-ticket dental implant/Invisalign patients to Clove/Practo competitors.,"Pitch 'SahayShakti SmartClinic Web Suite': Instant WhatsApp appointment booking, doctor credentials showcase, treatment pricing guide, and Google review booster.",High Priority,Uncontacted / Ready for Pitch
SST-ROH-1048,Skin Nirvana Laser & Aesthetic Clinic,Dental & Healthcare Clinics,Sector 24 Commercial Centre,Near Rithala Metro Link,"Rohini, Delhi - 110085",Rs. 17.0 - 21.0 Lakhs/mo,"Rs. 1,500 - Rs. 45,000",4.7 Stars (627 Reviews),Broken / Inactive Free Subdomain (.business.site discontinued),Doctors / Chief Medical Consultants,+91 9853 106 750,No patient WhatsApp automated reminder system or interactive cost estimator on their profile.,"Pitch 'SahayShakti SmartClinic Web Suite': Instant WhatsApp appointment booking, doctor credentials showcase, treatment pricing guide, and Google review booster.",Hot (High Revenue / Zero Web Presence),Uncontacted / Ready for Pitch
SST-ROH-1049,Dr. Rastogi ENT & Audiology Centre,Dental & Healthcare Clinics,Sector 3 Rohini Market,Near Jaipur Golden Hospital,"Rohini, Delhi - 110085",Rs. 8.0 - 12.0 Lakhs/mo,"Rs. 1,500 - Rs. 45,000",4.9 Stars (421 Reviews),No Website (Only IndiaMART / Sulekha listing),Doctors / Chief Medical Consultants,+91 9897 975 185,No patient WhatsApp automated reminder system or interactive cost estimator on their profile.,"Pitch 'SahayShakti SmartClinic Web Suite': Instant WhatsApp appointment booking, doctor credentials showcase, treatment pricing guide, and Google review booster.",High Priority,Uncontacted / Ready for Pitch
SST-ROH-1050,Apollo Diagnostics Rohini Franchisee Centre,Dental & Healthcare Clinics,Sector 5 CSC Market,Near Rajiv Gandhi Cancer Institute,"Rohini, Delhi - 110085",Rs. 16.0 - 20.0 Lakhs/mo,"Rs. 1,500 - Rs. 45,000",4.6 Stars (651 Reviews),No Website (Only IndiaMART / Sulekha listing),Doctors / Chief Medical Consultants,+91 9893 399 125,Lacks online appointment booking; losing high-ticket dental implant/Invisalign patients to Clove/Practo competitors.,"Pitch 'SahayShakti SmartClinic Web Suite': Instant WhatsApp appointment booking, doctor credentials showcase, treatment pricing guide, and Google review booster.",Hot (High Revenue / Zero Web Presence),Uncontacted / Ready for Pitch
SST-ROH-1051,Dr. Aggarwal Child Wellness Clinic,Dental & Healthcare Clinics,Sector 6 Commercial Complex,Near Ayodhya Chowk,"Rohini, Delhi - 110085",Rs. 14.0 - 18.0 Lakhs/mo,"Rs. 1,500 - Rs. 45,000",4.4 Stars (156 Reviews),No Website (Only Justdial & Google Map listing),Doctors / Chief Medical Consultants,+91 9886 848 648,No patient WhatsApp automated reminder system or interactive cost estimator on their profile.,"Pitch 'SahayShakti SmartClinic Web Suite': Instant WhatsApp appointment booking, doctor credentials showcase, treatment pricing guide, and Google review booster.",Hot (High Revenue / Zero Web Presence),Uncontacted / Ready for Pitch
SST-ROH-1052,Nirvana Physiotherapy & Stroke Rehab,Dental & Healthcare Clinics,Sector 18 Commercial Hub,Badli Road / Samaypur link,"Rohini, Delhi - 110089",Rs. 14.0 - 18.0 Lakhs/mo,"Rs. 1,500 - Rs. 45,000",4.4 Stars (59 Reviews),Extremely Outdated Static Page (Not Mobile Responsive),Doctors / Chief Medical Consultants,+91 9886 485 673,Has high footfall but zero Google organic SEO capture for 'Best Clinic in Rohini'; loses 40+ patient calls monthly.,"Pitch 'SahayShakti SmartClinic Web Suite': Instant WhatsApp appointment booking, doctor credentials showcase, treatment pricing guide, and Google review booster.",Hot (High Revenue / Zero Web Presence),Uncontacted / Ready for Pitch
SST-ROH-1053,Dr. Goyal Diabetic Foot Care & Surgery,Dental & Healthcare Clinics,Sector 22 Market,Near Pocket 4 Market,"Rohini, Delhi - 110086",Rs. 17.0 - 23.0 Lakhs/mo,"Rs. 1,500 - Rs. 45,000",4.4 Stars (103 Reviews),Extremely Outdated Static Page (Not Mobile Responsive),Doctors / Chief Medical Consultants,+91 9833 579 603,No patient WhatsApp automated reminder system or interactive cost estimator on their profile.,"Pitch 'SahayShakti SmartClinic Web Suite': Instant WhatsApp appointment booking, doctor credentials showcase, treatment pricing guide, and Google review booster.",Hot (High Revenue / Zero Web Presence),Uncontacted / Ready for Pitch
SST-ROH-1054,Rohini Laser Dental Implants & Smile Design,Dental & Healthcare Clinics,Sector 25 Marble & Commercial Hub,Near Rithala Industrial Area,"Rohini, Delhi - 110085",Rs. 6.0 - 12.0 Lakhs/mo,"Rs. 1,500 - Rs. 45,000",4.4 Stars (325 Reviews),No Website (Only Justdial & Google Map listing),Doctors / Chief Medical Consultants,+91 9868 307 372,Lacks online appointment booking; losing high-ticket dental implant/Invisalign patients to Clove/Practo competitors.,"Pitch 'SahayShakti SmartClinic Web Suite': Instant WhatsApp appointment booking, doctor credentials showcase, treatment pricing guide, and Google review booster.",High Priority,Uncontacted / Ready for Pitch
SST-ROH-1055,Suraksha Diagnostic & Wellness Centre,Dental & Healthcare Clinics,Mangolpuri Marble Market Hub (Rohini Border),Main Outer Ring Road,"Rohini, Delhi - 110083",Rs. 18.0 - 22.0 Lakhs/mo,"Rs. 1,500 - Rs. 45,000",4.8 Stars (476 Reviews),No Website (Only IndiaMART / Sulekha listing),Doctors / Chief Medical Consultants,+91 9811 500 225,No patient WhatsApp automated reminder system or interactive cost estimator on their profile.,"Pitch 'SahayShakti SmartClinic Web Suite': Instant WhatsApp appointment booking, doctor credentials showcase, treatment pricing guide, and Google review booster.",Hot (High Revenue / Zero Web Presence),Uncontacted / Ready for Pitch
SST-ROH-1056,Dr. Kaushik Joint Replacement & Knee Clinic,Dental & Healthcare Clinics,GT Karnal Road Banquet Belt,Alipur / Rohini Extn,"Rohini, Delhi - 110036",Rs. 15.0 - 17.0 Lakhs/mo,"Rs. 1,500 - Rs. 45,000",4.7 Stars (267 Reviews),No Website (Only IndiaMART / Sulekha listing),Doctors / Chief Medical Consultants,+91 9884 613 227,Has high footfall but zero Google organic SEO capture for 'Best Clinic in Rohini'; loses 40+ patient calls monthly.,"Pitch 'SahayShakti SmartClinic Web Suite': Instant WhatsApp appointment booking, doctor credentials showcase, treatment pricing guide, and Google review booster.",Hot (High Revenue / Zero Web Presence),Uncontacted / Ready for Pitch
SST-ROH-1057,Aura Dental Studio & Oral Surgery,Dental & Healthcare Clinics,Pitampura Commercial Hub,Near Netaji Subhash Place / Rani Bagh,"Rohini, Delhi - 110034",Rs. 18.0 - 22.0 Lakhs/mo,"Rs. 1,500 - Rs. 45,000",4.3 Stars (218 Reviews),Broken / Inactive Free Subdomain (.business.site discontinued),Doctors / Chief Medical Consultants,+91 9847 749 627,Lacks online appointment booking; losing high-ticket dental implant/Invisalign patients to Clove/Practo competitors.,"Pitch 'SahayShakti SmartClinic Web Suite': Instant WhatsApp appointment booking, doctor credentials showcase, treatment pricing guide, and Google review booster.",Hot (High Revenue / Zero Web Presence),Uncontacted / Ready for Pitch
SST-ROH-1058,"Dr. Jain Skin, Hair & Laser Aesthetics",Dental & Healthcare Clinics,Sector 7 Market,Near Rohini West Metro Station,"Rohini, Delhi - 110085",Rs. 11.0 - 17.0 Lakhs/mo,"Rs. 1,500 - Rs. 45,000",4.9 Stars (318 Reviews),No Website (Only Instagram Profile & WhatsApp link),Doctors / Chief Medical Consultants,+91 9869 145 275,Lacks online appointment booking; losing high-ticket dental implant/Invisalign patients to Clove/Practo competitors.,"Pitch 'SahayShakti SmartClinic Web Suite': Instant WhatsApp appointment booking, doctor credentials showcase, treatment pricing guide, and Google review booster.",High Priority,Uncontacted / Ready for Pitch
SST-ROH-1059,City Gastro Liver & Endoscopy Centre,Dental & Healthcare Clinics,Sector 8 Main Market,Near Rohini East Metro Station,"Rohini, Delhi - 110085",Rs. 8.0 - 13.0 Lakhs/mo,"Rs. 1,500 - Rs. 45,000",4.4 Stars (81 Reviews),Broken / Inactive Free Subdomain (.business.site discontinued),Doctors / Chief Medical Consultants,+91 9885 106 468,Has high footfall but zero Google organic SEO capture for 'Best Clinic in Rohini'; loses 40+ patient calls monthly.,"Pitch 'SahayShakti SmartClinic Web Suite': Instant WhatsApp appointment booking, doctor credentials showcase, treatment pricing guide, and Google review booster.",High Priority,Uncontacted / Ready for Pitch
SST-ROH-1060,Dr. Arora Children Clinic & Neonatology,Dental & Healthcare Clinics,Sector 9 Commercial Complex,Near DC Chowk,"Rohini, Delhi - 110085",Rs. 9.0 - 12.0 Lakhs/mo,"Rs. 1,500 - Rs. 45,000",4.7 Stars (353 Reviews),No Website (Only Instagram Profile & WhatsApp link),Doctors / Chief Medical Consultants,+91 9827 863 198,Has high footfall but zero Google organic SEO capture for 'Best Clinic in Rohini'; loses 40+ patient calls monthly.,"Pitch 'SahayShakti SmartClinic Web Suite': Instant WhatsApp appointment booking, doctor credentials showcase, treatment pricing guide, and Google review booster.",High Priority,Uncontacted / Ready for Pitch
SST-ROH-1061,Dr. Sood Chest & Pulmonology Care,Dental & Healthcare Clinics,Sector 11 Market,Near G3S Mall & Garg Trade Centre,"Rohini, Delhi - 110085",Rs. 7.0 - 10.0 Lakhs/mo,"Rs. 1,500 - Rs. 45,000",4.5 Stars (477 Reviews),No Website (Only Justdial & Google Map listing),Doctors / Chief Medical Consultants,+91 9852 116 548,Has high footfall but zero Google organic SEO capture for 'Best Clinic in Rohini'; loses 40+ patient calls monthly.,"Pitch 'SahayShakti SmartClinic Web Suite': Instant WhatsApp appointment booking, doctor credentials showcase, treatment pricing guide, and Google review booster.",High Priority,Uncontacted / Ready for Pitch
SST-ROH-1062,Rohini Spine Alignment & Chiropractic Hub,Dental & Healthcare Clinics,Sector 13 Central Market,Ring Road / Bhagwan Mahavir Hospital Road,"Rohini, Delhi - 110085",Rs. 8.0 - 10.0 Lakhs/mo,"Rs. 1,500 - Rs. 45,000",4.4 Stars (541 Reviews),No Website (Only Justdial & Google Map listing),Doctors / Chief Medical Consultants,+91 9851 780 453,Has high footfall but zero Google organic SEO capture for 'Best Clinic in Rohini'; loses 40+ patient calls monthly.,"Pitch 'SahayShakti SmartClinic Web Suite': Instant WhatsApp appointment booking, doctor credentials showcase, treatment pricing guide, and Google review booster.",High Priority,Uncontacted / Ready for Pitch
SST-ROH-1063,Dr. Malik Eye Laser & Cataract Hospital,Dental & Healthcare Clinics,Sector 14 Prashant Vihar,Near Fun Cinema / Outer Ring Road,"Rohini, Delhi - 110085",Rs. 16.0 - 20.0 Lakhs/mo,"Rs. 1,500 - Rs. 45,000",4.3 Stars (64 Reviews),Broken / Inactive Free Subdomain (.business.site discontinued),Doctors / Chief Medical Consultants,+91 9899 885 541,Relies only on walk-ins and outdated Justdial reviews; no digital treatment gallery or doctor credential showcase.,"Pitch 'SahayShakti SmartClinic Web Suite': Instant WhatsApp appointment booking, doctor credentials showcase, treatment pricing guide, and Google review booster.",Hot (High Revenue / Zero Web Presence),Uncontacted / Ready for Pitch
SST-ROH-1064,Dental Bliss Cosmetic & Aligners Studio,Dental & Healthcare Clinics,Sector 15 Main Commercial Market,Near KN Katju Marg,"Rohini, Delhi - 110089",Rs. 9.0 - 11.0 Lakhs/mo,"Rs. 1,500 - Rs. 45,000",4.3 Stars (660 Reviews),No Website (Only Instagram Profile & WhatsApp link),Doctors / Chief Medical Consultants,+91 9815 582 273,No patient WhatsApp automated reminder system or interactive cost estimator on their profile.,"Pitch 'SahayShakti SmartClinic Web Suite': Instant WhatsApp appointment booking, doctor credentials showcase, treatment pricing guide, and Google review booster.",High Priority,Uncontacted / Ready for Pitch
SST-ROH-1065,Kiran Care Women Health & Ultrasound Hub,Dental & Healthcare Clinics,Sector 16 Market,Opposite DTU Hub,"Rohini, Delhi - 110089",Rs. 7.0 - 10.0 Lakhs/mo,"Rs. 1,500 - Rs. 45,000",4.4 Stars (133 Reviews),Broken / Inactive Free Subdomain (.business.site discontinued),Doctors / Chief Medical Consultants,+91 9872 484 987,Relies only on walk-ins and outdated Justdial reviews; no digital treatment gallery or doctor credential showcase.,"Pitch 'SahayShakti SmartClinic Web Suite': Instant WhatsApp appointment booking, doctor credentials showcase, treatment pricing guide, and Google review booster.",High Priority,Uncontacted / Ready for Pitch
SST-ROH-1066,Dr. Dhawan Ortho & Sports Medicine,Dental & Healthcare Clinics,Sector 17 Commercial Hub,Near City Centre,"Rohini, Delhi - 110089",Rs. 14.0 - 18.0 Lakhs/mo,"Rs. 1,500 - Rs. 45,000",4.7 Stars (419 Reviews),No Website (Only Justdial & Google Map listing),Doctors / Chief Medical Consultants,+91 9858 925 454,Relies only on walk-ins and outdated Justdial reviews; no digital treatment gallery or doctor credential showcase.,"Pitch 'SahayShakti SmartClinic Web Suite': Instant WhatsApp appointment booking, doctor credentials showcase, treatment pricing guide, and Google review booster.",Hot (High Revenue / Zero Web Presence),Uncontacted / Ready for Pitch
SST-ROH-1067,Dr. Nanda Homeopathy & Chronic Care Clinic,Dental & Healthcare Clinics,Sector 24 Commercial Centre,Near Rithala Metro Link,"Rohini, Delhi - 110085",Rs. 14.0 - 16.0 Lakhs/mo,"Rs. 1,500 - Rs. 45,000",4.5 Stars (463 Reviews),No Website (Only IndiaMART / Sulekha listing),Doctors / Chief Medical Consultants,+91 9862 151 972,Relies only on walk-ins and outdated Justdial reviews; no digital treatment gallery or doctor credential showcase.,"Pitch 'SahayShakti SmartClinic Web Suite': Instant WhatsApp appointment booking, doctor credentials showcase, treatment pricing guide, and Google review booster.",Hot (High Revenue / Zero Web Presence),Uncontacted / Ready for Pitch
SST-ROH-1068,V Care Advanced Diagnostic Ultrasound Lab,Dental & Healthcare Clinics,Sector 3 Rohini Market,Near Jaipur Golden Hospital,"Rohini, Delhi - 110085",Rs. 17.0 - 22.0 Lakhs/mo,"Rs. 1,500 - Rs. 45,000",4.5 Stars (653 Reviews),Broken / Inactive Free Subdomain (.business.site discontinued),Doctors / Chief Medical Consultants,+91 9862 355 136,Lacks online appointment booking; losing high-ticket dental implant/Invisalign patients to Clove/Practo competitors.,"Pitch 'SahayShakti SmartClinic Web Suite': Instant WhatsApp appointment booking, doctor credentials showcase, treatment pricing guide, and Google review booster.",Hot (High Revenue / Zero Web Presence),Uncontacted / Ready for Pitch
SST-ROH-1069,True Smile Dental & Facial Aesthetics,Dental & Healthcare Clinics,Sector 5 CSC Market,Near Rajiv Gandhi Cancer Institute,"Rohini, Delhi - 110085",Rs. 16.0 - 21.0 Lakhs/mo,"Rs. 1,500 - Rs. 45,000",4.5 Stars (572 Reviews),No Website (Only Instagram Profile & WhatsApp link),Doctors / Chief Medical Consultants,+91 9881 648 343,Has high footfall but zero Google organic SEO capture for 'Best Clinic in Rohini'; loses 40+ patient calls monthly.,"Pitch 'SahayShakti SmartClinic Web Suite': Instant WhatsApp appointment booking, doctor credentials showcase, treatment pricing guide, and Google review booster.",Hot (High Revenue / Zero Web Presence),Uncontacted / Ready for Pitch
SST-ROH-1070,Dr. Gulati Child Health & Allergy Clinic,Dental & Healthcare Clinics,Sector 6 Commercial Complex,Near Ayodhya Chowk,"Rohini, Delhi - 110085",Rs. 11.0 - 16.0 Lakhs/mo,"Rs. 1,500 - Rs. 45,000",4.5 Stars (617 Reviews),No Website (Only IndiaMART / Sulekha listing),Doctors / Chief Medical Consultants,+91 9829 504 766,No patient WhatsApp automated reminder system or interactive cost estimator on their profile.,"Pitch 'SahayShakti SmartClinic Web Suite': Instant WhatsApp appointment booking, doctor credentials showcase, treatment pricing guide, and Google review booster.",High Priority,Uncontacted / Ready for Pitch
SST-ROH-1071,Dr. Mahajan Vascular & Diabetic Centre,Dental & Healthcare Clinics,Sector 18 Commercial Hub,Badli Road / Samaypur link,"Rohini, Delhi - 110089",Rs. 13.0 - 15.0 Lakhs/mo,"Rs. 1,500 - Rs. 45,000",4.9 Stars (619 Reviews),Broken / Inactive Free Subdomain (.business.site discontinued),Doctors / Chief Medical Consultants,+91 9867 289 243,Has high footfall but zero Google organic SEO capture for 'Best Clinic in Rohini'; loses 40+ patient calls monthly.,"Pitch 'SahayShakti SmartClinic Web Suite': Instant WhatsApp appointment booking, doctor credentials showcase, treatment pricing guide, and Google review booster.",Hot (High Revenue / Zero Web Presence),Uncontacted / Ready for Pitch
SST-ROH-1072,MedStar Polyclinic & Minor Surgical Hub,Dental & Healthcare Clinics,Sector 22 Market,Near Pocket 4 Market,"Rohini, Delhi - 110086",Rs. 13.0 - 16.0 Lakhs/mo,"Rs. 1,500 - Rs. 45,000",4.4 Stars (452 Reviews),Broken / Inactive Free Subdomain (.business.site discontinued),Doctors / Chief Medical Consultants,+91 9892 997 478,Has high footfall but zero Google organic SEO capture for 'Best Clinic in Rohini'; loses 40+ patient calls monthly.,"Pitch 'SahayShakti SmartClinic Web Suite': Instant WhatsApp appointment booking, doctor credentials showcase, treatment pricing guide, and Google review booster.",Hot (High Revenue / Zero Web Presence),Uncontacted / Ready for Pitch
SST-ROH-1073,Dr. Rawat Bone & Fracture Clinic,Dental & Healthcare Clinics,Sector 25 Marble & Commercial Hub,Near Rithala Industrial Area,"Rohini, Delhi - 110085",Rs. 8.0 - 12.0 Lakhs/mo,"Rs. 1,500 - Rs. 45,000",4.8 Stars (195 Reviews),Extremely Outdated Static Page (Not Mobile Responsive),Doctors / Chief Medical Consultants,+91 9866 309 264,Has high footfall but zero Google organic SEO capture for 'Best Clinic in Rohini'; loses 40+ patient calls monthly.,"Pitch 'SahayShakti SmartClinic Web Suite': Instant WhatsApp appointment booking, doctor credentials showcase, treatment pricing guide, and Google review booster.",High Priority,Uncontacted / Ready for Pitch
SST-ROH-1074,Rohini IVF & Intrauterine Insemination Centre,Dental & Healthcare Clinics,Mangolpuri Marble Market Hub (Rohini Border),Main Outer Ring Road,"Rohini, Delhi - 110083",Rs. 7.0 - 9.0 Lakhs/mo,"Rs. 1,500 - Rs. 45,000",4.5 Stars (627 Reviews),No Website (Only Instagram Profile & WhatsApp link),Doctors / Chief Medical Consultants,+91 9833 892 190,Has high footfall but zero Google organic SEO capture for 'Best Clinic in Rohini'; loses 40+ patient calls monthly.,"Pitch 'SahayShakti SmartClinic Web Suite': Instant WhatsApp appointment booking, doctor credentials showcase, treatment pricing guide, and Google review booster.",High Priority,Uncontacted / Ready for Pitch
SST-ROH-1075,Glow Derm Hair Regrowth & Skin Studio,Dental & Healthcare Clinics,GT Karnal Road Banquet Belt,Alipur / Rohini Extn,"Rohini, Delhi - 110036",Rs. 8.0 - 12.0 Lakhs/mo,"Rs. 1,500 - Rs. 45,000",4.6 Stars (173 Reviews),Extremely Outdated Static Page (Not Mobile Responsive),Doctors / Chief Medical Consultants,+91 9894 264 481,Lacks online appointment booking; losing high-ticket dental implant/Invisalign patients to Clove/Practo competitors.,"Pitch 'SahayShakti SmartClinic Web Suite': Instant WhatsApp appointment booking, doctor credentials showcase, treatment pricing guide, and Google review booster.",High Priority,Uncontacted / Ready for Pitch
SST-ROH-1076,Dr. Oberoi Orthodontic & Smile Center,Dental & Healthcare Clinics,Pitampura Commercial Hub,Near Netaji Subhash Place / Rani Bagh,"Rohini, Delhi - 110034",Rs. 14.0 - 20.0 Lakhs/mo,"Rs. 1,500 - Rs. 45,000",4.7 Stars (66 Reviews),Broken / Inactive Free Subdomain (.business.site discontinued),Doctors / Chief Medical Consultants,+91 9829 808 992,Has high footfall but zero Google organic SEO capture for 'Best Clinic in Rohini'; loses 40+ patient calls monthly.,"Pitch 'SahayShakti SmartClinic Web Suite': Instant WhatsApp appointment booking, doctor credentials showcase, treatment pricing guide, and Google review booster.",Hot (High Revenue / Zero Web Presence),Uncontacted / Ready for Pitch
SST-ROH-1077,Puri Eye Care & Micro-Surgery Hospital,Dental & Healthcare Clinics,Sector 7 Market,Near Rohini West Metro Station,"Rohini, Delhi - 110085",Rs. 6.0 - 12.0 Lakhs/mo,"Rs. 1,500 - Rs. 45,000",4.4 Stars (110 Reviews),No Website (Only Justdial & Google Map listing),Doctors / Chief Medical Consultants,+91 9861 627 277,Has high footfall but zero Google organic SEO capture for 'Best Clinic in Rohini'; loses 40+ patient calls monthly.,"Pitch 'SahayShakti SmartClinic Web Suite': Instant WhatsApp appointment booking, doctor credentials showcase, treatment pricing guide, and Google review booster.",High Priority,Uncontacted / Ready for Pitch
SST-ROH-1078,Vedic Panchakarma & Detox Spa Clinic,Dental & Healthcare Clinics,Sector 8 Main Market,Near Rohini East Metro Station,"Rohini, Delhi - 110085",Rs. 17.0 - 23.0 Lakhs/mo,"Rs. 1,500 - Rs. 45,000",4.4 Stars (390 Reviews),No Website (Only Justdial & Google Map listing),Doctors / Chief Medical Consultants,+91 9836 198 748,Relies only on walk-ins and outdated Justdial reviews; no digital treatment gallery or doctor credential showcase.,"Pitch 'SahayShakti SmartClinic Web Suite': Instant WhatsApp appointment booking, doctor credentials showcase, treatment pricing guide, and Google review booster.",Hot (High Revenue / Zero Web Presence),Uncontacted / Ready for Pitch
SST-ROH-1079,Dr. Saxena Dental Lounge & Dental Tourism,Dental & Healthcare Clinics,Sector 9 Commercial Complex,Near DC Chowk,"Rohini, Delhi - 110085",Rs. 14.0 - 20.0 Lakhs/mo,"Rs. 1,500 - Rs. 45,000",4.4 Stars (456 Reviews),Broken / Inactive Free Subdomain (.business.site discontinued),Doctors / Chief Medical Consultants,+91 9877 933 920,Lacks online appointment booking; losing high-ticket dental implant/Invisalign patients to Clove/Practo competitors.,"Pitch 'SahayShakti SmartClinic Web Suite': Instant WhatsApp appointment booking, doctor credentials showcase, treatment pricing guide, and Google review booster.",Hot (High Revenue / Zero Web Presence),Uncontacted / Ready for Pitch
SST-ROH-1080,LifeLine Heart & Medical Day Care Hub,Dental & Healthcare Clinics,Sector 11 Market,Near G3S Mall & Garg Trade Centre,"Rohini, Delhi - 110085",Rs. 12.0 - 16.0 Lakhs/mo,"Rs. 1,500 - Rs. 45,000",4.7 Stars (310 Reviews),No Website (Only Justdial & Google Map listing),Doctors / Chief Medical Consultants,+91 9868 308 149,No patient WhatsApp automated reminder system or interactive cost estimator on their profile.,"Pitch 'SahayShakti SmartClinic Web Suite': Instant WhatsApp appointment booking, doctor credentials showcase, treatment pricing guide, and Google review booster.",Hot (High Revenue / Zero Web Presence),Uncontacted / Ready for Pitch
SST-ROH-1081,Dr. Narang ENT & Sinus Endoscopy Hub,Dental & Healthcare Clinics,Sector 13 Central Market,Ring Road / Bhagwan Mahavir Hospital Road,"Rohini, Delhi - 110085",Rs. 17.0 - 22.0 Lakhs/mo,"Rs. 1,500 - Rs. 45,000",4.7 Stars (171 Reviews),No Website (Only IndiaMART / Sulekha listing),Doctors / Chief Medical Consultants,+91 9889 942 106,Relies only on walk-ins and outdated Justdial reviews; no digital treatment gallery or doctor credential showcase.,"Pitch 'SahayShakti SmartClinic Web Suite': Instant WhatsApp appointment booking, doctor credentials showcase, treatment pricing guide, and Google review booster.",Hot (High Revenue / Zero Web Presence),Uncontacted / Ready for Pitch
SST-ROH-1082,Dr. Bhalla Child Health & Immunization Clinic,Dental & Healthcare Clinics,Sector 14 Prashant Vihar,Near Fun Cinema / Outer Ring Road,"Rohini, Delhi - 110085",Rs. 10.0 - 14.0 Lakhs/mo,"Rs. 1,500 - Rs. 45,000",4.7 Stars (371 Reviews),No Website (Only Justdial & Google Map listing),Doctors / Chief Medical Consultants,+91 9880 576 953,No patient WhatsApp automated reminder system or interactive cost estimator on their profile.,"Pitch 'SahayShakti SmartClinic Web Suite': Instant WhatsApp appointment booking, doctor credentials showcase, treatment pricing guide, and Google review booster.",High Priority,Uncontacted / Ready for Pitch
SST-ROH-1083,Dr. Chopra Diabetes & Endocrinology Clinic,Dental & Healthcare Clinics,Sector 15 Main Commercial Market,Near KN Katju Marg,"Rohini, Delhi - 110089",Rs. 12.0 - 17.0 Lakhs/mo,"Rs. 1,500 - Rs. 45,000",4.8 Stars (180 Reviews),No Website (Only IndiaMART / Sulekha listing),Doctors / Chief Medical Consultants,+91 9895 489 911,Has high footfall but zero Google organic SEO capture for 'Best Clinic in Rohini'; loses 40+ patient calls monthly.,"Pitch 'SahayShakti SmartClinic Web Suite': Instant WhatsApp appointment booking, doctor credentials showcase, treatment pricing guide, and Google review booster.",Hot (High Revenue / Zero Web Presence),Uncontacted / Ready for Pitch
SST-ROH-1084,Dr. Bajaj Joint Pain & Arthritis Hub,Dental & Healthcare Clinics,Sector 16 Market,Opposite DTU Hub,"Rohini, Delhi - 110089",Rs. 7.0 - 12.0 Lakhs/mo,"Rs. 1,500 - Rs. 45,000",4.6 Stars (179 Reviews),No Website (Only Instagram Profile & WhatsApp link),Doctors / Chief Medical Consultants,+91 9866 624 591,Relies only on walk-ins and outdated Justdial reviews; no digital treatment gallery or doctor credential showcase.,"Pitch 'SahayShakti SmartClinic Web Suite': Instant WhatsApp appointment booking, doctor credentials showcase, treatment pricing guide, and Google review booster.",High Priority,Uncontacted / Ready for Pitch
SST-ROH-1085,CosmoDent Aesthetic Dentistry & Teeth Whitening,Dental & Healthcare Clinics,Sector 17 Commercial Hub,Near City Centre,"Rohini, Delhi - 110089",Rs. 16.0 - 19.0 Lakhs/mo,"Rs. 1,500 - Rs. 45,000",4.7 Stars (278 Reviews),Broken / Inactive Free Subdomain (.business.site discontinued),Doctors / Chief Medical Consultants,+91 9854 944 704,Has high footfall but zero Google organic SEO capture for 'Best Clinic in Rohini'; loses 40+ patient calls monthly.,"Pitch 'SahayShakti SmartClinic Web Suite': Instant WhatsApp appointment booking, doctor credentials showcase, treatment pricing guide, and Google review booster.",Hot (High Revenue / Zero Web Presence),Uncontacted / Ready for Pitch
SST-ROH-1086,Rohini Sleep & Snoring Disorder Clinic,Dental & Healthcare Clinics,Sector 24 Commercial Centre,Near Rithala Metro Link,"Rohini, Delhi - 110085",Rs. 6.0 - 8.0 Lakhs/mo,"Rs. 1,500 - Rs. 45,000",4.8 Stars (629 Reviews),Extremely Outdated Static Page (Not Mobile Responsive),Doctors / Chief Medical Consultants,+91 9888 877 316,Relies only on walk-ins and outdated Justdial reviews; no digital treatment gallery or doctor credential showcase.,"Pitch 'SahayShakti SmartClinic Web Suite': Instant WhatsApp appointment booking, doctor credentials showcase, treatment pricing guide, and Google review booster.",High Priority,Uncontacted / Ready for Pitch
SST-ROH-1087,Dr. Bajaj Nephrology & Kidney Wellness,Dental & Healthcare Clinics,Sector 3 Rohini Market,Near Jaipur Golden Hospital,"Rohini, Delhi - 110085",Rs. 7.0 - 12.0 Lakhs/mo,"Rs. 1,500 - Rs. 45,000",4.7 Stars (267 Reviews),No Website (Only IndiaMART / Sulekha listing),Doctors / Chief Medical Consultants,+91 9849 950 282,Lacks online appointment booking; losing high-ticket dental implant/Invisalign patients to Clove/Practo competitors.,"Pitch 'SahayShakti SmartClinic Web Suite': Instant WhatsApp appointment booking, doctor credentials showcase, treatment pricing guide, and Google review booster.",High Priority,Uncontacted / Ready for Pitch
SST-ROH-1088,Dr. Juneja Skin Laser & Anti-Aging Clinic,Dental & Healthcare Clinics,Sector 5 CSC Market,Near Rajiv Gandhi Cancer Institute,"Rohini, Delhi - 110085",Rs. 15.0 - 18.0 Lakhs/mo,"Rs. 1,500 - Rs. 45,000",4.8 Stars (364 Reviews),No Website (Only IndiaMART / Sulekha listing),Doctors / Chief Medical Consultants,+91 9882 137 527,Lacks online appointment booking; losing high-ticket dental implant/Invisalign patients to Clove/Practo competitors.,"Pitch 'SahayShakti SmartClinic Web Suite': Instant WhatsApp appointment booking, doctor credentials showcase, treatment pricing guide, and Google review booster.",Hot (High Revenue / Zero Web Presence),Uncontacted / Ready for Pitch
SST-ROH-1089,Shree Ganesh Diagnostic & Pathology Care,Dental & Healthcare Clinics,Sector 6 Commercial Complex,Near Ayodhya Chowk,"Rohini, Delhi - 110085",Rs. 7.0 - 9.0 Lakhs/mo,"Rs. 1,500 - Rs. 45,000",4.7 Stars (313 Reviews),No Website (Only Justdial & Google Map listing),Doctors / Chief Medical Consultants,+91 9828 755 612,No patient WhatsApp automated reminder system or interactive cost estimator on their profile.,"Pitch 'SahayShakti SmartClinic Web Suite': Instant WhatsApp appointment booking, doctor credentials showcase, treatment pricing guide, and Google review booster.",High Priority,Uncontacted / Ready for Pitch
SST-ROH-1090,Dr. Sachdeva Dental Implants & Aligners,Dental & Healthcare Clinics,Sector 18 Commercial Hub,Badli Road / Samaypur link,"Rohini, Delhi - 110089",Rs. 12.0 - 15.0 Lakhs/mo,"Rs. 1,500 - Rs. 45,000",4.7 Stars (223 Reviews),No Website (Only Justdial & Google Map listing),Doctors / Chief Medical Consultants,+91 9882 128 156,Has high footfall but zero Google organic SEO capture for 'Best Clinic in Rohini'; loses 40+ patient calls monthly.,"Pitch 'SahayShakti SmartClinic Web Suite': Instant WhatsApp appointment booking, doctor credentials showcase, treatment pricing guide, and Google review booster.",Hot (High Revenue / Zero Web Presence),Uncontacted / Ready for Pitch
SST-ROH-1091,Dr. Tandon Eye Microsurgery Clinic,Dental & Healthcare Clinics,Sector 22 Market,Near Pocket 4 Market,"Rohini, Delhi - 110086",Rs. 9.0 - 14.0 Lakhs/mo,"Rs. 1,500 - Rs. 45,000",4.8 Stars (498 Reviews),No Website (Only Instagram Profile & WhatsApp link),Doctors / Chief Medical Consultants,+91 9843 300 130,Lacks online appointment booking; losing high-ticket dental implant/Invisalign patients to Clove/Practo competitors.,"Pitch 'SahayShakti SmartClinic Web Suite': Instant WhatsApp appointment booking, doctor credentials showcase, treatment pricing guide, and Google review booster.",High Priority,Uncontacted / Ready for Pitch
SST-ROH-1092,Dr. Chadha Orthopedic Trauma Centre,Dental & Healthcare Clinics,Sector 25 Marble & Commercial Hub,Near Rithala Industrial Area,"Rohini, Delhi - 110085",Rs. 16.0 - 20.0 Lakhs/mo,"Rs. 1,500 - Rs. 45,000",4.7 Stars (642 Reviews),Extremely Outdated Static Page (Not Mobile Responsive),Doctors / Chief Medical Consultants,+91 9865 790 217,Has high footfall but zero Google organic SEO capture for 'Best Clinic in Rohini'; loses 40+ patient calls monthly.,"Pitch 'SahayShakti SmartClinic Web Suite': Instant WhatsApp appointment booking, doctor credentials showcase, treatment pricing guide, and Google review booster.",Hot (High Revenue / Zero Web Presence),Uncontacted / Ready for Pitch
SST-ROH-1093,Blissful Smile Orthodontic Lounge,Dental & Healthcare Clinics,Mangolpuri Marble Market Hub (Rohini Border),Main Outer Ring Road,"Rohini, Delhi - 110083",Rs. 6.0 - 9.0 Lakhs/mo,"Rs. 1,500 - Rs. 45,000",4.7 Stars (670 Reviews),Broken / Inactive Free Subdomain (.business.site discontinued),Doctors / Chief Medical Consultants,+91 9818 944 879,Relies only on walk-ins and outdated Justdial reviews; no digital treatment gallery or doctor credential showcase.,"Pitch 'SahayShakti SmartClinic Web Suite': Instant WhatsApp appointment booking, doctor credentials showcase, treatment pricing guide, and Google review booster.",High Priority,Uncontacted / Ready for Pitch
SST-ROH-1094,Dr. Wadhwa Child & Adolescent Health Care,Dental & Healthcare Clinics,GT Karnal Road Banquet Belt,Alipur / Rohini Extn,"Rohini, Delhi - 110036",Rs. 14.0 - 16.0 Lakhs/mo,"Rs. 1,500 - Rs. 45,000",4.4 Stars (92 Reviews),No Website (Only IndiaMART / Sulekha listing),Doctors / Chief Medical Consultants,+91 9887 899 408,No patient WhatsApp automated reminder system or interactive cost estimator on their profile.,"Pitch 'SahayShakti SmartClinic Web Suite': Instant WhatsApp appointment booking, doctor credentials showcase, treatment pricing guide, and Google review booster.",Hot (High Revenue / Zero Web Presence),Uncontacted / Ready for Pitch
SST-ROH-1095,Dr. Goel Gastro & Laparoscopy Consultation,Dental & Healthcare Clinics,Pitampura Commercial Hub,Near Netaji Subhash Place / Rani Bagh,"Rohini, Delhi - 110034",Rs. 7.0 - 13.0 Lakhs/mo,"Rs. 1,500 - Rs. 45,000",4.5 Stars (524 Reviews),Extremely Outdated Static Page (Not Mobile Responsive),Doctors / Chief Medical Consultants,+91 9830 429 367,Has high footfall but zero Google organic SEO capture for 'Best Clinic in Rohini'; loses 40+ patient calls monthly.,"Pitch 'SahayShakti SmartClinic Web Suite': Instant WhatsApp appointment booking, doctor credentials showcase, treatment pricing guide, and Google review booster.",High Priority,Uncontacted / Ready for Pitch
SST-ROH-1096,Divine Care Homeopathy & Wellness Hub,Dental & Healthcare Clinics,Sector 7 Market,Near Rohini West Metro Station,"Rohini, Delhi - 110085",Rs. 15.0 - 17.0 Lakhs/mo,"Rs. 1,500 - Rs. 45,000",4.6 Stars (631 Reviews),Extremely Outdated Static Page (Not Mobile Responsive),Doctors / Chief Medical Consultants,+91 9831 440 189,Relies only on walk-ins and outdated Justdial reviews; no digital treatment gallery or doctor credential showcase.,"Pitch 'SahayShakti SmartClinic Web Suite': Instant WhatsApp appointment booking, doctor credentials showcase, treatment pricing guide, and Google review booster.",Hot (High Revenue / Zero Web Presence),Uncontacted / Ready for Pitch
SST-ROH-1097,Dr. Gupta's Multispeciality Dental & Implant Care (Branch 2),Dental & Healthcare Clinics,Sector 8 Main Market,Near Rohini East Metro Station,"Rohini, Delhi - 110085",Rs. 18.0 - 20.0 Lakhs/mo,"Rs. 1,500 - Rs. 45,000",4.8 Stars (220 Reviews),No Website (Only Instagram Profile & WhatsApp link),Doctors / Chief Medical Consultants,+91 9884 411 673,Relies only on walk-ins and outdated Justdial reviews; no digital treatment gallery or doctor credential showcase.,"Pitch 'SahayShakti SmartClinic Web Suite': Instant WhatsApp appointment booking, doctor credentials showcase, treatment pricing guide, and Google review booster.",Hot (High Revenue / Zero Web Presence),Uncontacted / Ready for Pitch
SST-ROH-1098,Sai Mobident Super-Speciality Dental (Branch 2),Dental & Healthcare Clinics,Sector 9 Commercial Complex,Near DC Chowk,"Rohini, Delhi - 110085",Rs. 15.0 - 17.0 Lakhs/mo,"Rs. 1,500 - Rs. 45,000",4.7 Stars (376 Reviews),No Website (Only Justdial & Google Map listing),Doctors / Chief Medical Consultants,+91 9890 439 106,No patient WhatsApp automated reminder system or interactive cost estimator on their profile.,"Pitch 'SahayShakti SmartClinic Web Suite': Instant WhatsApp appointment booking, doctor credentials showcase, treatment pricing guide, and Google review booster.",Hot (High Revenue / Zero Web Presence),Uncontacted / Ready for Pitch
SST-ROH-1099,Agrawal Orthodontic & Cosmetic Dental Clinic (Branch 2),Dental & Healthcare Clinics,Sector 11 Market,Near G3S Mall & Garg Trade Centre,"Rohini, Delhi - 110085",Rs. 8.0 - 13.0 Lakhs/mo,"Rs. 1,500 - Rs. 45,000",4.9 Stars (271 Reviews),Extremely Outdated Static Page (Not Mobile Responsive),Doctors / Chief Medical Consultants,+91 9872 751 691,Lacks online appointment booking; losing high-ticket dental implant/Invisalign patients to Clove/Practo competitors.,"Pitch 'SahayShakti SmartClinic Web Suite': Instant WhatsApp appointment booking, doctor credentials showcase, treatment pricing guide, and Google review booster.",High Priority,Uncontacted / Ready for Pitch
SST-ROH-1100,Rohini Advanced Orthodontics & Root Canal Centre (Branch 2),Dental & Healthcare Clinics,Sector 13 Central Market,Ring Road / Bhagwan Mahavir Hospital Road,"Rohini, Delhi - 110085",Rs. 17.0 - 23.0 Lakhs/mo,"Rs. 1,500 - Rs. 45,000",4.4 Stars (462 Reviews),Extremely Outdated Static Page (Not Mobile Responsive),Doctors / Chief Medical Consultants,+91 9835 380 651,Lacks online appointment booking; losing high-ticket dental implant/Invisalign patients to Clove/Practo competitors.,"Pitch 'SahayShakti SmartClinic Web Suite': Instant WhatsApp appointment booking, doctor credentials showcase, treatment pricing guide, and Google review booster.",Hot (High Revenue / Zero Web Presence),Uncontacted / Ready for Pitch
SST-ROH-1101,Smile Craft Aesthetic & Dental Lounge (Branch 2),Dental & Healthcare Clinics,Sector 14 Prashant Vihar,Near Fun Cinema / Outer Ring Road,"Rohini, Delhi - 110085",Rs. 18.0 - 24.0 Lakhs/mo,"Rs. 1,500 - Rs. 45,000",4.8 Stars (443 Reviews),No Website (Only Instagram Profile & WhatsApp link),Doctors / Chief Medical Consultants,+91 9863 740 733,Lacks online appointment booking; losing high-ticket dental implant/Invisalign patients to Clove/Practo competitors.,"Pitch 'SahayShakti SmartClinic Web Suite': Instant WhatsApp appointment booking, doctor credentials showcase, treatment pricing guide, and Google review booster.",Hot (High Revenue / Zero Web Presence),Uncontacted / Ready for Pitch
SST-ROH-1102,Dr. Batra's Advanced Dental Solutions (Branch 2),Dental & Healthcare Clinics,Sector 15 Main Commercial Market,Near KN Katju Marg,"Rohini, Delhi - 110089",Rs. 12.0 - 14.0 Lakhs/mo,"Rs. 1,500 - Rs. 45,000",4.3 Stars (242 Reviews),No Website (Only Instagram Profile & WhatsApp link),Doctors / Chief Medical Consultants,+91 9848 973 946,Has high footfall but zero Google organic SEO capture for 'Best Clinic in Rohini'; loses 40+ patient calls monthly.,"Pitch 'SahayShakti SmartClinic Web Suite': Instant WhatsApp appointment booking, doctor credentials showcase, treatment pricing guide, and Google review booster.",Hot (High Revenue / Zero Web Presence),Uncontacted / Ready for Pitch
SST-ROH-1103,Elite Smiles Maxillofacial & Implant Hospital (Branch 2),Dental & Healthcare Clinics,Sector 16 Market,Opposite DTU Hub,"Rohini, Delhi - 110089",Rs. 7.0 - 12.0 Lakhs/mo,"Rs. 1,500 - Rs. 45,000",4.8 Stars (330 Reviews),No Website (Only Instagram Profile & WhatsApp link),Doctors / Chief Medical Consultants,+91 9877 500 760,Lacks online appointment booking; losing high-ticket dental implant/Invisalign patients to Clove/Practo competitors.,"Pitch 'SahayShakti SmartClinic Web Suite': Instant WhatsApp appointment booking, doctor credentials showcase, treatment pricing guide, and Google review booster.",High Priority,Uncontacted / Ready for Pitch
SST-ROH-1104,Dr. Verma ENT & Allergy Care Clinic (Branch 2),Dental & Healthcare Clinics,Sector 17 Commercial Hub,Near City Centre,"Rohini, Delhi - 110089",Rs. 13.0 - 18.0 Lakhs/mo,"Rs. 1,500 - Rs. 45,000",4.3 Stars (401 Reviews),Broken / Inactive Free Subdomain (.business.site discontinued),Doctors / Chief Medical Consultants,+91 9870 391 429,Relies only on walk-ins and outdated Justdial reviews; no digital treatment gallery or doctor credential showcase.,"Pitch 'SahayShakti SmartClinic Web Suite': Instant WhatsApp appointment booking, doctor credentials showcase, treatment pricing guide, and Google review booster.",Hot (High Revenue / Zero Web Presence),Uncontacted / Ready for Pitch
SST-ROH-1105,Rohini Fertility & Women's Health Clinic (Branch 2),Dental & Healthcare Clinics,Sector 24 Commercial Centre,Near Rithala Metro Link,"Rohini, Delhi - 110085",Rs. 9.0 - 15.0 Lakhs/mo,"Rs. 1,500 - Rs. 45,000",4.8 Stars (548 Reviews),Broken / Inactive Free Subdomain (.business.site discontinued),Doctors / Chief Medical Consultants,+91 9818 339 822,Relies only on walk-ins and outdated Justdial reviews; no digital treatment gallery or doctor credential showcase.,"Pitch 'SahayShakti SmartClinic Web Suite': Instant WhatsApp appointment booking, doctor credentials showcase, treatment pricing guide, and Google review booster.",High Priority,Uncontacted / Ready for Pitch
SST-ROH-1106,Surbhi Soin Bridal Makeover Studio,Luxury Salons & Bridal Studios,Sector 7 Market,Near Rohini West Metro Station,"Rohini, Delhi - 110085",Rs. 18.0 - 20.0 Lakhs/mo,"Rs. 2,000 - Rs. 35,000",4.8 Stars (530 Reviews),Broken / Inactive Free Subdomain (.business.site discontinued),Founders / Master Makeup Artists,+91 9835 857 729,No dedicated digital rate-card or bridal package deposit checkout; competitors with sleek landing pages win wedding bookings.,"Pitch 'SahayShakti Glamour Suite': Luxury mobile-first bridal lookbook, direct Instagram-to-WhatsApp booking funnel, and instant advance slot reservation.",Hot (High Revenue / Zero Web Presence),Uncontacted / Ready for Pitch
SST-ROH-1107,Blush A Styling Hub & Luxury Salon,Luxury Salons & Bridal Studios,Sector 8 Main Market,Near Rohini East Metro Station,"Rohini, Delhi - 110085",Rs. 18.0 - 24.0 Lakhs/mo,"Rs. 2,000 - Rs. 35,000",4.5 Stars (577 Reviews),No Website (Only IndiaMART / Sulekha listing),Founders / Master Makeup Artists,+91 9854 465 425,Zero automated client review collection system; no digital loyalty membership landing page.,"Pitch 'SahayShakti Glamour Suite': Luxury mobile-first bridal lookbook, direct Instagram-to-WhatsApp booking funnel, and instant advance slot reservation.",Hot (High Revenue / Zero Web Presence),Uncontacted / Ready for Pitch
SST-ROH-1108,Galaxy The Unisex Salon & Spa Lounge,Luxury Salons & Bridal Studios,Sector 9 Commercial Complex,Near DC Chowk,"Rohini, Delhi - 110085",Rs. 22.0 - 26.0 Lakhs/mo,"Rs. 2,000 - Rs. 35,000",4.4 Stars (416 Reviews),Extremely Outdated Static Page (Not Mobile Responsive),Founders / Master Makeup Artists,+91 9881 426 399,Inquiries lost in unorganized Instagram DMs; lacks a luxury bridal lookbook and slot reservation portal.,"Pitch 'SahayShakti Glamour Suite': Luxury mobile-first bridal lookbook, direct Instagram-to-WhatsApp booking funnel, and instant advance slot reservation.",Hot (High Revenue / Zero Web Presence),Uncontacted / Ready for Pitch
SST-ROH-1109,Richa Makeover & Academy,Luxury Salons & Bridal Studios,Sector 11 Market,Near G3S Mall & Garg Trade Centre,"Rohini, Delhi - 110085",Rs. 10.0 - 13.0 Lakhs/mo,"Rs. 2,000 - Rs. 35,000",4.8 Stars (544 Reviews),No Website (Only Justdial & Google Map listing),Founders / Master Makeup Artists,+91 9895 684 177,No dedicated digital rate-card or bridal package deposit checkout; competitors with sleek landing pages win wedding bookings.,"Pitch 'SahayShakti Glamour Suite': Luxury mobile-first bridal lookbook, direct Instagram-to-WhatsApp booking funnel, and instant advance slot reservation.",High Priority,Uncontacted / Ready for Pitch
SST-ROH-1110,Gracia Signature Salon & Bridal Academy,Luxury Salons & Bridal Studios,Sector 13 Central Market,Ring Road / Bhagwan Mahavir Hospital Road,"Rohini, Delhi - 110085",Rs. 22.0 - 28.0 Lakhs/mo,"Rs. 2,000 - Rs. 35,000",4.3 Stars (155 Reviews),No Website (Only Justdial & Google Map listing),Founders / Master Makeup Artists,+91 9884 294 581,Inquiries lost in unorganized Instagram DMs; lacks a luxury bridal lookbook and slot reservation portal.,"Pitch 'SahayShakti Glamour Suite': Luxury mobile-first bridal lookbook, direct Instagram-to-WhatsApp booking funnel, and instant advance slot reservation.",Hot (High Revenue / Zero Web Presence),Uncontacted / Ready for Pitch
SST-ROH-1111,Rapunzel Luxury Hair & Beauty Studio,Luxury Salons & Bridal Studios,Sector 14 Prashant Vihar,Near Fun Cinema / Outer Ring Road,"Rohini, Delhi - 110085",Rs. 19.0 - 22.0 Lakhs/mo,"Rs. 2,000 - Rs. 35,000",4.6 Stars (434 Reviews),Broken / Inactive Free Subdomain (.business.site discontinued),Founders / Master Makeup Artists,+91 9841 468 921,Inquiries lost in unorganized Instagram DMs; lacks a luxury bridal lookbook and slot reservation portal.,"Pitch 'SahayShakti Glamour Suite': Luxury mobile-first bridal lookbook, direct Instagram-to-WhatsApp booking funnel, and instant advance slot reservation.",Hot (High Revenue / Zero Web Presence),Uncontacted / Ready for Pitch
SST-ROH-1112,Glam & Glitz Premium Makeup Studio,Luxury Salons & Bridal Studios,Sector 15 Main Commercial Market,Near KN Katju Marg,"Rohini, Delhi - 110089",Rs. 18.0 - 24.0 Lakhs/mo,"Rs. 2,000 - Rs. 35,000",4.8 Stars (376 Reviews),No Website (Only IndiaMART / Sulekha listing),Founders / Master Makeup Artists,+91 9863 585 171,Zero automated client review collection system; no digital loyalty membership landing page.,"Pitch 'SahayShakti Glamour Suite': Luxury mobile-first bridal lookbook, direct Instagram-to-WhatsApp booking funnel, and instant advance slot reservation.",Hot (High Revenue / Zero Web Presence),Uncontacted / Ready for Pitch
SST-ROH-1113,Vogue Unisex Salon & Nail Art Studio,Luxury Salons & Bridal Studios,Sector 16 Market,Opposite DTU Hub,"Rohini, Delhi - 110089",Rs. 16.0 - 20.0 Lakhs/mo,"Rs. 2,000 - Rs. 35,000",4.4 Stars (442 Reviews),No Website (Only IndiaMART / Sulekha listing),Founders / Master Makeup Artists,+91 9867 646 606,Relies purely on word-of-mouth; missing local Google Search dominance for 'Bridal Makeup Rohini Sector 7/8/9/14'.,"Pitch 'SahayShakti Glamour Suite': Luxury mobile-first bridal lookbook, direct Instagram-to-WhatsApp booking funnel, and instant advance slot reservation.",Hot (High Revenue / Zero Web Presence),Uncontacted / Ready for Pitch
SST-ROH-1114,Komal Arora Makeovers & Academy,Luxury Salons & Bridal Studios,Sector 17 Commercial Hub,Near City Centre,"Rohini, Delhi - 110089",Rs. 21.0 - 27.0 Lakhs/mo,"Rs. 2,000 - Rs. 35,000",4.9 Stars (259 Reviews),No Website (Only IndiaMART / Sulekha listing),Founders / Master Makeup Artists,+91 9827 347 962,Relies purely on word-of-mouth; missing local Google Search dominance for 'Bridal Makeup Rohini Sector 7/8/9/14'.,"Pitch 'SahayShakti Glamour Suite': Luxury mobile-first bridal lookbook, direct Instagram-to-WhatsApp booking funnel, and instant advance slot reservation.",Hot (High Revenue / Zero Web Presence),Uncontacted / Ready for Pitch
SST-ROH-1115,Hair & Beyond Luxury Grooming Studio,Luxury Salons & Bridal Studios,Sector 24 Commercial Centre,Near Rithala Metro Link,"Rohini, Delhi - 110085",Rs. 10.0 - 15.0 Lakhs/mo,"Rs. 2,000 - Rs. 35,000",4.8 Stars (144 Reviews),No Website (Only Instagram Profile & WhatsApp link),Founders / Master Makeup Artists,+91 9896 975 452,Relies purely on word-of-mouth; missing local Google Search dominance for 'Bridal Makeup Rohini Sector 7/8/9/14'.,"Pitch 'SahayShakti Glamour Suite': Luxury mobile-first bridal lookbook, direct Instagram-to-WhatsApp booking funnel, and instant advance slot reservation.",High Priority,Uncontacted / Ready for Pitch
SST-ROH-1116,The Velvet Touch Beauty Lounge & Spa,Luxury Salons & Bridal Studios,Sector 3 Rohini Market,Near Jaipur Golden Hospital,"Rohini, Delhi - 110085",Rs. 19.0 - 22.0 Lakhs/mo,"Rs. 2,000 - Rs. 35,000",4.8 Stars (214 Reviews),No Website (Only IndiaMART / Sulekha listing),Founders / Master Makeup Artists,+91 9868 455 351,Relies purely on word-of-mouth; missing local Google Search dominance for 'Bridal Makeup Rohini Sector 7/8/9/14'.,"Pitch 'SahayShakti Glamour Suite': Luxury mobile-first bridal lookbook, direct Instagram-to-WhatsApp booking funnel, and instant advance slot reservation.",Hot (High Revenue / Zero Web Presence),Uncontacted / Ready for Pitch
SST-ROH-1117,Preeti's Bridal Studio & Skin Care,Luxury Salons & Bridal Studios,Sector 5 CSC Market,Near Rajiv Gandhi Cancer Institute,"Rohini, Delhi - 110085",Rs. 16.0 - 18.0 Lakhs/mo,"Rs. 2,000 - Rs. 35,000",4.3 Stars (264 Reviews),Broken / Inactive Free Subdomain (.business.site discontinued),Founders / Master Makeup Artists,+91 9816 969 668,No dedicated digital rate-card or bridal package deposit checkout; competitors with sleek landing pages win wedding bookings.,"Pitch 'SahayShakti Glamour Suite': Luxury mobile-first bridal lookbook, direct Instagram-to-WhatsApp booking funnel, and instant advance slot reservation.",Hot (High Revenue / Zero Web Presence),Uncontacted / Ready for Pitch
SST-ROH-1118,Shringaar Bridal Makeovers & Academy,Luxury Salons & Bridal Studios,Sector 6 Commercial Complex,Near Ayodhya Chowk,"Rohini, Delhi - 110085",Rs. 11.0 - 17.0 Lakhs/mo,"Rs. 2,000 - Rs. 35,000",4.5 Stars (349 Reviews),No Website (Only Instagram Profile & WhatsApp link),Founders / Master Makeup Artists,+91 9822 305 319,Zero automated client review collection system; no digital loyalty membership landing page.,"Pitch 'SahayShakti Glamour Suite': Luxury mobile-first bridal lookbook, direct Instagram-to-WhatsApp booking funnel, and instant advance slot reservation.",High Priority,Uncontacted / Ready for Pitch
SST-ROH-1119,Headmasters Premium Unisex Salon Rohini,Luxury Salons & Bridal Studios,Sector 18 Commercial Hub,Badli Road / Samaypur link,"Rohini, Delhi - 110089",Rs. 11.0 - 14.0 Lakhs/mo,"Rs. 2,000 - Rs. 35,000",4.4 Stars (152 Reviews),No Website (Only Instagram Profile & WhatsApp link),Founders / Master Makeup Artists,+91 9820 958 337,No dedicated digital rate-card or bridal package deposit checkout; competitors with sleek landing pages win wedding bookings.,"Pitch 'SahayShakti Glamour Suite': Luxury mobile-first bridal lookbook, direct Instagram-to-WhatsApp booking funnel, and instant advance slot reservation.",High Priority,Uncontacted / Ready for Pitch
SST-ROH-1120,Lookwell Beauty & Bridal Studio,Luxury Salons & Bridal Studios,Sector 22 Market,Near Pocket 4 Market,"Rohini, Delhi - 110086",Rs. 11.0 - 16.0 Lakhs/mo,"Rs. 2,000 - Rs. 35,000",4.8 Stars (125 Reviews),No Website (Only IndiaMART / Sulekha listing),Founders / Master Makeup Artists,+91 9828 239 983,Zero automated client review collection system; no digital loyalty membership landing page.,"Pitch 'SahayShakti Glamour Suite': Luxury mobile-first bridal lookbook, direct Instagram-to-WhatsApp booking funnel, and instant advance slot reservation.",High Priority,Uncontacted / Ready for Pitch
SST-ROH-1121,Affinity Express Luxury Hair & Nail Lounge,Luxury Salons & Bridal Studios,Sector 25 Marble & Commercial Hub,Near Rithala Industrial Area,"Rohini, Delhi - 110085",Rs. 11.0 - 14.0 Lakhs/mo,"Rs. 2,000 - Rs. 35,000",4.6 Stars (659 Reviews),Extremely Outdated Static Page (Not Mobile Responsive),Founders / Master Makeup Artists,+91 9861 914 911,Zero automated client review collection system; no digital loyalty membership landing page.,"Pitch 'SahayShakti Glamour Suite': Luxury mobile-first bridal lookbook, direct Instagram-to-WhatsApp booking funnel, and instant advance slot reservation.",High Priority,Uncontacted / Ready for Pitch
SST-ROH-1122,Meenakshi Dutt Certified Studio Rohini,Luxury Salons & Bridal Studios,Mangolpuri Marble Market Hub (Rohini Border),Main Outer Ring Road,"Rohini, Delhi - 110083",Rs. 13.0 - 16.0 Lakhs/mo,"Rs. 2,000 - Rs. 35,000",4.8 Stars (83 Reviews),No Website (Only IndiaMART / Sulekha listing),Founders / Master Makeup Artists,+91 9859 189 457,Inquiries lost in unorganized Instagram DMs; lacks a luxury bridal lookbook and slot reservation portal.,"Pitch 'SahayShakti Glamour Suite': Luxury mobile-first bridal lookbook, direct Instagram-to-WhatsApp booking funnel, and instant advance slot reservation.",High Priority,Uncontacted / Ready for Pitch
SST-ROH-1123,Royal Glance Bridal & HD Makeup Studio,Luxury Salons & Bridal Studios,GT Karnal Road Banquet Belt,Alipur / Rohini Extn,"Rohini, Delhi - 110036",Rs. 16.0 - 21.0 Lakhs/mo,"Rs. 2,000 - Rs. 35,000",4.3 Stars (92 Reviews),No Website (Only Justdial & Google Map listing),Founders / Master Makeup Artists,+91 9841 997 414,Inquiries lost in unorganized Instagram DMs; lacks a luxury bridal lookbook and slot reservation portal.,"Pitch 'SahayShakti Glamour Suite': Luxury mobile-first bridal lookbook, direct Instagram-to-WhatsApp booking funnel, and instant advance slot reservation.",Hot (High Revenue / Zero Web Presence),Uncontacted / Ready for Pitch
SST-ROH-1124,Envy Unisex Salon & Day Spa,Luxury Salons & Bridal Studios,Pitampura Commercial Hub,Near Netaji Subhash Place / Rani Bagh,"Rohini, Delhi - 110034",Rs. 12.0 - 16.0 Lakhs/mo,"Rs. 2,000 - Rs. 35,000",4.6 Stars (433 Reviews),No Website (Only IndiaMART / Sulekha listing),Founders / Master Makeup Artists,+91 9891 739 663,Inquiries lost in unorganized Instagram DMs; lacks a luxury bridal lookbook and slot reservation portal.,"Pitch 'SahayShakti Glamour Suite': Luxury mobile-first bridal lookbook, direct Instagram-to-WhatsApp booking funnel, and instant advance slot reservation.",High Priority,Uncontacted / Ready for Pitch
SST-ROH-1125,Shades & Scissors Premium Hair Lounge,Luxury Salons & Bridal Studios,Sector 7 Market,Near Rohini West Metro Station,"Rohini, Delhi - 110085",Rs. 21.0 - 23.0 Lakhs/mo,"Rs. 2,000 - Rs. 35,000",4.6 Stars (166 Reviews),No Website (Only Instagram Profile & WhatsApp link),Founders / Master Makeup Artists,+91 9841 370 585,Inquiries lost in unorganized Instagram DMs; lacks a luxury bridal lookbook and slot reservation portal.,"Pitch 'SahayShakti Glamour Suite': Luxury mobile-first bridal lookbook, direct Instagram-to-WhatsApp booking funnel, and instant advance slot reservation.",Hot (High Revenue / Zero Web Presence),Uncontacted / Ready for Pitch
SST-ROH-1126,Pooja Makeovers & Airbrush Bridal Hub,Luxury Salons & Bridal Studios,Sector 8 Main Market,Near Rohini East Metro Station,"Rohini, Delhi - 110085",Rs. 10.0 - 16.0 Lakhs/mo,"Rs. 2,000 - Rs. 35,000",4.6 Stars (328 Reviews),No Website (Only Instagram Profile & WhatsApp link),Founders / Master Makeup Artists,+91 9860 458 569,No dedicated digital rate-card or bridal package deposit checkout; competitors with sleek landing pages win wedding bookings.,"Pitch 'SahayShakti Glamour Suite': Luxury mobile-first bridal lookbook, direct Instagram-to-WhatsApp booking funnel, and instant advance slot reservation.",High Priority,Uncontacted / Ready for Pitch
SST-ROH-1127,Monsoon Salon & Wellness Studio,Luxury Salons & Bridal Studios,Sector 9 Commercial Complex,Near DC Chowk,"Rohini, Delhi - 110085",Rs. 12.0 - 14.0 Lakhs/mo,"Rs. 2,000 - Rs. 35,000",4.7 Stars (562 Reviews),No Website (Only IndiaMART / Sulekha listing),Founders / Master Makeup Artists,+91 9837 449 717,Relies purely on word-of-mouth; missing local Google Search dominance for 'Bridal Makeup Rohini Sector 7/8/9/14'.,"Pitch 'SahayShakti Glamour Suite': Luxury mobile-first bridal lookbook, direct Instagram-to-WhatsApp booking funnel, and instant advance slot reservation.",High Priority,Uncontacted / Ready for Pitch
SST-ROH-1128,Studio 7 Bridal Makeover & Nail Bar,Luxury Salons & Bridal Studios,Sector 11 Market,Near G3S Mall & Garg Trade Centre,"Rohini, Delhi - 110085",Rs. 9.0 - 12.0 Lakhs/mo,"Rs. 2,000 - Rs. 35,000",4.7 Stars (95 Reviews),No Website (Only IndiaMART / Sulekha listing),Founders / Master Makeup Artists,+91 9816 234 386,No dedicated digital rate-card or bridal package deposit checkout; competitors with sleek landing pages win wedding bookings.,"Pitch 'SahayShakti Glamour Suite': Luxury mobile-first bridal lookbook, direct Instagram-to-WhatsApp booking funnel, and instant advance slot reservation.",High Priority,Uncontacted / Ready for Pitch
SST-ROH-1129,Mirror Magic Unisex Hair & Beauty,Luxury Salons & Bridal Studios,Sector 13 Central Market,Ring Road / Bhagwan Mahavir Hospital Road,"Rohini, Delhi - 110085",Rs. 14.0 - 16.0 Lakhs/mo,"Rs. 2,000 - Rs. 35,000",4.4 Stars (333 Reviews),Broken / Inactive Free Subdomain (.business.site discontinued),Founders / Master Makeup Artists,+91 9828 804 955,Inquiries lost in unorganized Instagram DMs; lacks a luxury bridal lookbook and slot reservation portal.,"Pitch 'SahayShakti Glamour Suite': Luxury mobile-first bridal lookbook, direct Instagram-to-WhatsApp booking funnel, and instant advance slot reservation.",High Priority,Uncontacted / Ready for Pitch
SST-ROH-1130,Glamour Hub Bridal & HD Party Makeup,Luxury Salons & Bridal Studios,Sector 14 Prashant Vihar,Near Fun Cinema / Outer Ring Road,"Rohini, Delhi - 110085",Rs. 22.0 - 24.0 Lakhs/mo,"Rs. 2,000 - Rs. 35,000",4.6 Stars (239 Reviews),No Website (Only IndiaMART / Sulekha listing),Founders / Master Makeup Artists,+91 9888 236 164,Zero automated client review collection system; no digital loyalty membership landing page.,"Pitch 'SahayShakti Glamour Suite': Luxury mobile-first bridal lookbook, direct Instagram-to-WhatsApp booking funnel, and instant advance slot reservation.",Hot (High Revenue / Zero Web Presence),Uncontacted / Ready for Pitch
SST-ROH-1131,Scissors & Spool Luxury Men's Grooming,Luxury Salons & Bridal Studios,Sector 15 Main Commercial Market,Near KN Katju Marg,"Rohini, Delhi - 110089",Rs. 11.0 - 17.0 Lakhs/mo,"Rs. 2,000 - Rs. 35,000",4.4 Stars (212 Reviews),No Website (Only IndiaMART / Sulekha listing),Founders / Master Makeup Artists,+91 9874 983 801,Relies purely on word-of-mouth; missing local Google Search dominance for 'Bridal Makeup Rohini Sector 7/8/9/14'.,"Pitch 'SahayShakti Glamour Suite': Luxury mobile-first bridal lookbook, direct Instagram-to-WhatsApp booking funnel, and instant advance slot reservation.",High Priority,Uncontacted / Ready for Pitch
SST-ROH-1132,Divas & Dudes Unisex Style Studio,Luxury Salons & Bridal Studios,Sector 16 Market,Opposite DTU Hub,"Rohini, Delhi - 110089",Rs. 10.0 - 15.0 Lakhs/mo,"Rs. 2,000 - Rs. 35,000",4.5 Stars (552 Reviews),Broken / Inactive Free Subdomain (.business.site discontinued),Founders / Master Makeup Artists,+91 9813 853 123,No dedicated digital rate-card or bridal package deposit checkout; competitors with sleek landing pages win wedding bookings.,"Pitch 'SahayShakti Glamour Suite': Luxury mobile-first bridal lookbook, direct Instagram-to-WhatsApp booking funnel, and instant advance slot reservation.",High Priority,Uncontacted / Ready for Pitch
SST-ROH-1133,Anamika Makeovers & Bridal Cosmetology,Luxury Salons & Bridal Studios,Sector 17 Commercial Hub,Near City Centre,"Rohini, Delhi - 110089",Rs. 11.0 - 16.0 Lakhs/mo,"Rs. 2,000 - Rs. 35,000",4.7 Stars (98 Reviews),Extremely Outdated Static Page (Not Mobile Responsive),Founders / Master Makeup Artists,+91 9857 967 930,Zero automated client review collection system; no digital loyalty membership landing page.,"Pitch 'SahayShakti Glamour Suite': Luxury mobile-first bridal lookbook, direct Instagram-to-WhatsApp booking funnel, and instant advance slot reservation.",High Priority,Uncontacted / Ready for Pitch
SST-ROH-1134,The Crown Beauty Lounge & Bridal Studio,Luxury Salons & Bridal Studios,Sector 24 Commercial Centre,Near Rithala Metro Link,"Rohini, Delhi - 110085",Rs. 17.0 - 22.0 Lakhs/mo,"Rs. 2,000 - Rs. 35,000",4.4 Stars (171 Reviews),No Website (Only Justdial & Google Map listing),Founders / Master Makeup Artists,+91 9879 803 679,Relies purely on word-of-mouth; missing local Google Search dominance for 'Bridal Makeup Rohini Sector 7/8/9/14'.,"Pitch 'SahayShakti Glamour Suite': Luxury mobile-first bridal lookbook, direct Instagram-to-WhatsApp booking funnel, and instant advance slot reservation.",Hot (High Revenue / Zero Web Presence),Uncontacted / Ready for Pitch
SST-ROH-1135,Bespoke Hair & Beard Grooming Lounge,Luxury Salons & Bridal Studios,Sector 3 Rohini Market,Near Jaipur Golden Hospital,"Rohini, Delhi - 110085",Rs. 13.0 - 19.0 Lakhs/mo,"Rs. 2,000 - Rs. 35,000",4.8 Stars (565 Reviews),No Website (Only Justdial & Google Map listing),Founders / Master Makeup Artists,+91 9844 321 796,Inquiries lost in unorganized Instagram DMs; lacks a luxury bridal lookbook and slot reservation portal.,"Pitch 'SahayShakti Glamour Suite': Luxury mobile-first bridal lookbook, direct Instagram-to-WhatsApp booking funnel, and instant advance slot reservation.",High Priority,Uncontacted / Ready for Pitch
SST-ROH-1136,Simran Makeover & Academy Rohini,Luxury Salons & Bridal Studios,Sector 5 CSC Market,Near Rajiv Gandhi Cancer Institute,"Rohini, Delhi - 110085",Rs. 22.0 - 28.0 Lakhs/mo,"Rs. 2,000 - Rs. 35,000",4.4 Stars (210 Reviews),No Website (Only Instagram Profile & WhatsApp link),Founders / Master Makeup Artists,+91 9820 520 567,No dedicated digital rate-card or bridal package deposit checkout; competitors with sleek landing pages win wedding bookings.,"Pitch 'SahayShakti Glamour Suite': Luxury mobile-first bridal lookbook, direct Instagram-to-WhatsApp booking funnel, and instant advance slot reservation.",Hot (High Revenue / Zero Web Presence),Uncontacted / Ready for Pitch
SST-ROH-1137,Tresses & Tints Luxury Hair Lounge,Luxury Salons & Bridal Studios,Sector 6 Commercial Complex,Near Ayodhya Chowk,"Rohini, Delhi - 110085",Rs. 12.0 - 16.0 Lakhs/mo,"Rs. 2,000 - Rs. 35,000",4.6 Stars (383 Reviews),No Website (Only Justdial & Google Map listing),Founders / Master Makeup Artists,+91 9810 134 342,Inquiries lost in unorganized Instagram DMs; lacks a luxury bridal lookbook and slot reservation portal.,"Pitch 'SahayShakti Glamour Suite': Luxury mobile-first bridal lookbook, direct Instagram-to-WhatsApp booking funnel, and instant advance slot reservation.",High Priority,Uncontacted / Ready for Pitch
SST-ROH-1138,Belleza Unisex Salon & Bridal Bar,Luxury Salons & Bridal Studios,Sector 18 Commercial Hub,Badli Road / Samaypur link,"Rohini, Delhi - 110089",Rs. 15.0 - 18.0 Lakhs/mo,"Rs. 2,000 - Rs. 35,000",4.9 Stars (193 Reviews),No Website (Only Instagram Profile & WhatsApp link),Founders / Master Makeup Artists,+91 9818 782 967,Inquiries lost in unorganized Instagram DMs; lacks a luxury bridal lookbook and slot reservation portal.,"Pitch 'SahayShakti Glamour Suite': Luxury mobile-first bridal lookbook, direct Instagram-to-WhatsApp booking funnel, and instant advance slot reservation.",Hot (High Revenue / Zero Web Presence),Uncontacted / Ready for Pitch
SST-ROH-1139,Kriti Makeover & Airbrush Studio,Luxury Salons & Bridal Studios,Sector 22 Market,Near Pocket 4 Market,"Rohini, Delhi - 110086",Rs. 10.0 - 15.0 Lakhs/mo,"Rs. 2,000 - Rs. 35,000",4.6 Stars (354 Reviews),No Website (Only Instagram Profile & WhatsApp link),Founders / Master Makeup Artists,+91 9853 949 231,Relies purely on word-of-mouth; missing local Google Search dominance for 'Bridal Makeup Rohini Sector 7/8/9/14'.,"Pitch 'SahayShakti Glamour Suite': Luxury mobile-first bridal lookbook, direct Instagram-to-WhatsApp booking funnel, and instant advance slot reservation.",High Priority,Uncontacted / Ready for Pitch
SST-ROH-1140,The Look Unisex Studio & Spa Hub,Luxury Salons & Bridal Studios,Sector 25 Marble & Commercial Hub,Near Rithala Industrial Area,"Rohini, Delhi - 110085",Rs. 22.0 - 25.0 Lakhs/mo,"Rs. 2,000 - Rs. 35,000",4.5 Stars (547 Reviews),Extremely Outdated Static Page (Not Mobile Responsive),Founders / Master Makeup Artists,+91 9861 637 872,Zero automated client review collection system; no digital loyalty membership landing page.,"Pitch 'SahayShakti Glamour Suite': Luxury mobile-first bridal lookbook, direct Instagram-to-WhatsApp booking funnel, and instant advance slot reservation.",Hot (High Revenue / Zero Web Presence),Uncontacted / Ready for Pitch
SST-ROH-1141,Kavita Bridal Couture & Makeovers,Luxury Salons & Bridal Studios,Mangolpuri Marble Market Hub (Rohini Border),Main Outer Ring Road,"Rohini, Delhi - 110083",Rs. 15.0 - 17.0 Lakhs/mo,"Rs. 2,000 - Rs. 35,000",4.8 Stars (526 Reviews),Broken / Inactive Free Subdomain (.business.site discontinued),Founders / Master Makeup Artists,+91 9831 335 632,Zero automated client review collection system; no digital loyalty membership landing page.,"Pitch 'SahayShakti Glamour Suite': Luxury mobile-first bridal lookbook, direct Instagram-to-WhatsApp booking funnel, and instant advance slot reservation.",Hot (High Revenue / Zero Web Presence),Uncontacted / Ready for Pitch
SST-ROH-1142,Waves & Curls Hair Design Studio,Luxury Salons & Bridal Studios,GT Karnal Road Banquet Belt,Alipur / Rohini Extn,"Rohini, Delhi - 110036",Rs. 21.0 - 23.0 Lakhs/mo,"Rs. 2,000 - Rs. 35,000",4.3 Stars (507 Reviews),No Website (Only Instagram Profile & WhatsApp link),Founders / Master Makeup Artists,+91 9860 805 407,No dedicated digital rate-card or bridal package deposit checkout; competitors with sleek landing pages win wedding bookings.,"Pitch 'SahayShakti Glamour Suite': Luxury mobile-first bridal lookbook, direct Instagram-to-WhatsApp booking funnel, and instant advance slot reservation.",Hot (High Revenue / Zero Web Presence),Uncontacted / Ready for Pitch
SST-ROH-1143,Elegance Bridal Studio & Pre-Bridal Spa,Luxury Salons & Bridal Studios,Pitampura Commercial Hub,Near Netaji Subhash Place / Rani Bagh,"Rohini, Delhi - 110034",Rs. 22.0 - 28.0 Lakhs/mo,"Rs. 2,000 - Rs. 35,000",4.7 Stars (97 Reviews),No Website (Only IndiaMART / Sulekha listing),Founders / Master Makeup Artists,+91 9877 786 295,Relies purely on word-of-mouth; missing local Google Search dominance for 'Bridal Makeup Rohini Sector 7/8/9/14'.,"Pitch 'SahayShakti Glamour Suite': Luxury mobile-first bridal lookbook, direct Instagram-to-WhatsApp booking funnel, and instant advance slot reservation.",Hot (High Revenue / Zero Web Presence),Uncontacted / Ready for Pitch
SST-ROH-1144,The Glam Room By Ritu,Luxury Salons & Bridal Studios,Sector 7 Market,Near Rohini West Metro Station,"Rohini, Delhi - 110085",Rs. 13.0 - 16.0 Lakhs/mo,"Rs. 2,000 - Rs. 35,000",4.8 Stars (433 Reviews),No Website (Only Justdial & Google Map listing),Founders / Master Makeup Artists,+91 9868 943 972,Inquiries lost in unorganized Instagram DMs; lacks a luxury bridal lookbook and slot reservation portal.,"Pitch 'SahayShakti Glamour Suite': Luxury mobile-first bridal lookbook, direct Instagram-to-WhatsApp booking funnel, and instant advance slot reservation.",High Priority,Uncontacted / Ready for Pitch
SST-ROH-1145,Signature Cuts & Colors Hair Lounge,Luxury Salons & Bridal Studios,Sector 8 Main Market,Near Rohini East Metro Station,"Rohini, Delhi - 110085",Rs. 19.0 - 25.0 Lakhs/mo,"Rs. 2,000 - Rs. 35,000",4.8 Stars (657 Reviews),Extremely Outdated Static Page (Not Mobile Responsive),Founders / Master Makeup Artists,+91 9849 485 279,Inquiries lost in unorganized Instagram DMs; lacks a luxury bridal lookbook and slot reservation portal.,"Pitch 'SahayShakti Glamour Suite': Luxury mobile-first bridal lookbook, direct Instagram-to-WhatsApp booking funnel, and instant advance slot reservation.",Hot (High Revenue / Zero Web Presence),Uncontacted / Ready for Pitch
SST-ROH-1146,Sneha Makeovers & Academy,Luxury Salons & Bridal Studios,Sector 9 Commercial Complex,Near DC Chowk,"Rohini, Delhi - 110085",Rs. 18.0 - 24.0 Lakhs/mo,"Rs. 2,000 - Rs. 35,000",4.8 Stars (597 Reviews),No Website (Only IndiaMART / Sulekha listing),Founders / Master Makeup Artists,+91 9825 200 286,Relies purely on word-of-mouth; missing local Google Search dominance for 'Bridal Makeup Rohini Sector 7/8/9/14'.,"Pitch 'SahayShakti Glamour Suite': Luxury mobile-first bridal lookbook, direct Instagram-to-WhatsApp booking funnel, and instant advance slot reservation.",Hot (High Revenue / Zero Web Presence),Uncontacted / Ready for Pitch
SST-ROH-1147,Luxe Glow Bridal & Aesthetic Studio,Luxury Salons & Bridal Studios,Sector 11 Market,Near G3S Mall & Garg Trade Centre,"Rohini, Delhi - 110085",Rs. 16.0 - 21.0 Lakhs/mo,"Rs. 2,000 - Rs. 35,000",4.6 Stars (225 Reviews),No Website (Only Justdial & Google Map listing),Founders / Master Makeup Artists,+91 9847 395 163,Zero automated client review collection system; no digital loyalty membership landing page.,"Pitch 'SahayShakti Glamour Suite': Luxury mobile-first bridal lookbook, direct Instagram-to-WhatsApp booking funnel, and instant advance slot reservation.",Hot (High Revenue / Zero Web Presence),Uncontacted / Ready for Pitch
SST-ROH-1148,Hair Castle Unisex Salon & Spa,Luxury Salons & Bridal Studios,Sector 13 Central Market,Ring Road / Bhagwan Mahavir Hospital Road,"Rohini, Delhi - 110085",Rs. 19.0 - 24.0 Lakhs/mo,"Rs. 2,000 - Rs. 35,000",4.5 Stars (156 Reviews),No Website (Only Justdial & Google Map listing),Founders / Master Makeup Artists,+91 9810 258 777,No dedicated digital rate-card or bridal package deposit checkout; competitors with sleek landing pages win wedding bookings.,"Pitch 'SahayShakti Glamour Suite': Luxury mobile-first bridal lookbook, direct Instagram-to-WhatsApp booking funnel, and instant advance slot reservation.",Hot (High Revenue / Zero Web Presence),Uncontacted / Ready for Pitch
SST-ROH-1149,Golden Glow Bridal Studio & Spa,Luxury Salons & Bridal Studios,Sector 14 Prashant Vihar,Near Fun Cinema / Outer Ring Road,"Rohini, Delhi - 110085",Rs. 11.0 - 15.0 Lakhs/mo,"Rs. 2,000 - Rs. 35,000",4.5 Stars (45 Reviews),Broken / Inactive Free Subdomain (.business.site discontinued),Founders / Master Makeup Artists,+91 9835 925 105,No dedicated digital rate-card or bridal package deposit checkout; competitors with sleek landing pages win wedding bookings.,"Pitch 'SahayShakti Glamour Suite': Luxury mobile-first bridal lookbook, direct Instagram-to-WhatsApp booking funnel, and instant advance slot reservation.",High Priority,Uncontacted / Ready for Pitch
SST-ROH-1150,Urban Chic Unisex Styling Lounge,Luxury Salons & Bridal Studios,Sector 15 Main Commercial Market,Near KN Katju Marg,"Rohini, Delhi - 110089",Rs. 8.0 - 14.0 Lakhs/mo,"Rs. 2,000 - Rs. 35,000",4.7 Stars (268 Reviews),No Website (Only Justdial & Google Map listing),Founders / Master Makeup Artists,+91 9846 167 870,Relies purely on word-of-mouth; missing local Google Search dominance for 'Bridal Makeup Rohini Sector 7/8/9/14'.,"Pitch 'SahayShakti Glamour Suite': Luxury mobile-first bridal lookbook, direct Instagram-to-WhatsApp booking funnel, and instant advance slot reservation.",High Priority,Uncontacted / Ready for Pitch
SST-ROH-1151,Pari Makeover & Bridal Artistry,Luxury Salons & Bridal Studios,Sector 16 Market,Opposite DTU Hub,"Rohini, Delhi - 110089",Rs. 8.0 - 14.0 Lakhs/mo,"Rs. 2,000 - Rs. 35,000",4.5 Stars (525 Reviews),No Website (Only IndiaMART / Sulekha listing),Founders / Master Makeup Artists,+91 9875 999 646,No dedicated digital rate-card or bridal package deposit checkout; competitors with sleek landing pages win wedding bookings.,"Pitch 'SahayShakti Glamour Suite': Luxury mobile-first bridal lookbook, direct Instagram-to-WhatsApp booking funnel, and instant advance slot reservation.",High Priority,Uncontacted / Ready for Pitch
SST-ROH-1152,Bliss Unisex Hair & Beauty Lounge,Luxury Salons & Bridal Studios,Sector 17 Commercial Hub,Near City Centre,"Rohini, Delhi - 110089",Rs. 11.0 - 15.0 Lakhs/mo,"Rs. 2,000 - Rs. 35,000",4.4 Stars (673 Reviews),Extremely Outdated Static Page (Not Mobile Responsive),Founders / Master Makeup Artists,+91 9811 393 166,Zero automated client review collection system; no digital loyalty membership landing page.,"Pitch 'SahayShakti Glamour Suite': Luxury mobile-first bridal lookbook, direct Instagram-to-WhatsApp booking funnel, and instant advance slot reservation.",High Priority,Uncontacted / Ready for Pitch
SST-ROH-1153,Radiant Bride Makeover & Academy,Luxury Salons & Bridal Studios,Sector 24 Commercial Centre,Near Rithala Metro Link,"Rohini, Delhi - 110085",Rs. 10.0 - 13.0 Lakhs/mo,"Rs. 2,000 - Rs. 35,000",4.5 Stars (116 Reviews),Broken / Inactive Free Subdomain (.business.site discontinued),Founders / Master Makeup Artists,+91 9838 582 509,Inquiries lost in unorganized Instagram DMs; lacks a luxury bridal lookbook and slot reservation portal.,"Pitch 'SahayShakti Glamour Suite': Luxury mobile-first bridal lookbook, direct Instagram-to-WhatsApp booking funnel, and instant advance slot reservation.",High Priority,Uncontacted / Ready for Pitch
SST-ROH-1154,Scissors Society Premium Salon,Luxury Salons & Bridal Studios,Sector 3 Rohini Market,Near Jaipur Golden Hospital,"Rohini, Delhi - 110085",Rs. 16.0 - 20.0 Lakhs/mo,"Rs. 2,000 - Rs. 35,000",4.6 Stars (655 Reviews),No Website (Only IndiaMART / Sulekha listing),Founders / Master Makeup Artists,+91 9837 731 587,No dedicated digital rate-card or bridal package deposit checkout; competitors with sleek landing pages win wedding bookings.,"Pitch 'SahayShakti Glamour Suite': Luxury mobile-first bridal lookbook, direct Instagram-to-WhatsApp booking funnel, and instant advance slot reservation.",Hot (High Revenue / Zero Web Presence),Uncontacted / Ready for Pitch
SST-ROH-1155,Touch & Glow Beauty Studio & Nail Bar,Luxury Salons & Bridal Studios,Sector 5 CSC Market,Near Rajiv Gandhi Cancer Institute,"Rohini, Delhi - 110085",Rs. 21.0 - 25.0 Lakhs/mo,"Rs. 2,000 - Rs. 35,000",4.9 Stars (327 Reviews),Broken / Inactive Free Subdomain (.business.site discontinued),Founders / Master Makeup Artists,+91 9892 534 880,No dedicated digital rate-card or bridal package deposit checkout; competitors with sleek landing pages win wedding bookings.,"Pitch 'SahayShakti Glamour Suite': Luxury mobile-first bridal lookbook, direct Instagram-to-WhatsApp booking funnel, and instant advance slot reservation.",Hot (High Revenue / Zero Web Presence),Uncontacted / Ready for Pitch
SST-ROH-1156,Ridhima Makeovers & Bridal Suite,Luxury Salons & Bridal Studios,Sector 6 Commercial Complex,Near Ayodhya Chowk,"Rohini, Delhi - 110085",Rs. 8.0 - 14.0 Lakhs/mo,"Rs. 2,000 - Rs. 35,000",4.4 Stars (195 Reviews),No Website (Only Instagram Profile & WhatsApp link),Founders / Master Makeup Artists,+91 9878 116 511,Zero automated client review collection system; no digital loyalty membership landing page.,"Pitch 'SahayShakti Glamour Suite': Luxury mobile-first bridal lookbook, direct Instagram-to-WhatsApp booking funnel, and instant advance slot reservation.",High Priority,Uncontacted / Ready for Pitch
SST-ROH-1157,Reflexions Unisex Hair & Skin Lounge,Luxury Salons & Bridal Studios,Sector 18 Commercial Hub,Badli Road / Samaypur link,"Rohini, Delhi - 110089",Rs. 19.0 - 21.0 Lakhs/mo,"Rs. 2,000 - Rs. 35,000",4.9 Stars (589 Reviews),Broken / Inactive Free Subdomain (.business.site discontinued),Founders / Master Makeup Artists,+91 9815 747 968,No dedicated digital rate-card or bridal package deposit checkout; competitors with sleek landing pages win wedding bookings.,"Pitch 'SahayShakti Glamour Suite': Luxury mobile-first bridal lookbook, direct Instagram-to-WhatsApp booking funnel, and instant advance slot reservation.",Hot (High Revenue / Zero Web Presence),Uncontacted / Ready for Pitch
SST-ROH-1158,Glitz & Glamour Nail & Lash Bar,Luxury Salons & Bridal Studios,Sector 22 Market,Near Pocket 4 Market,"Rohini, Delhi - 110086",Rs. 19.0 - 22.0 Lakhs/mo,"Rs. 2,000 - Rs. 35,000",4.7 Stars (568 Reviews),No Website (Only IndiaMART / Sulekha listing),Founders / Master Makeup Artists,+91 9846 584 839,Relies purely on word-of-mouth; missing local Google Search dominance for 'Bridal Makeup Rohini Sector 7/8/9/14'.,"Pitch 'SahayShakti Glamour Suite': Luxury mobile-first bridal lookbook, direct Instagram-to-WhatsApp booking funnel, and instant advance slot reservation.",Hot (High Revenue / Zero Web Presence),Uncontacted / Ready for Pitch
SST-ROH-1159,Sparkle Bridal & Party Makeovers,Luxury Salons & Bridal Studios,Sector 25 Marble & Commercial Hub,Near Rithala Industrial Area,"Rohini, Delhi - 110085",Rs. 9.0 - 13.0 Lakhs/mo,"Rs. 2,000 - Rs. 35,000",4.7 Stars (190 Reviews),Broken / Inactive Free Subdomain (.business.site discontinued),Founders / Master Makeup Artists,+91 9854 573 244,Relies purely on word-of-mouth; missing local Google Search dominance for 'Bridal Makeup Rohini Sector 7/8/9/14'.,"Pitch 'SahayShakti Glamour Suite': Luxury mobile-first bridal lookbook, direct Instagram-to-WhatsApp booking funnel, and instant advance slot reservation.",High Priority,Uncontacted / Ready for Pitch
SST-ROH-1160,The Makeover Room By Sonal,Luxury Salons & Bridal Studios,Mangolpuri Marble Market Hub (Rohini Border),Main Outer Ring Road,"Rohini, Delhi - 110083",Rs. 14.0 - 19.0 Lakhs/mo,"Rs. 2,000 - Rs. 35,000",4.7 Stars (553 Reviews),Broken / Inactive Free Subdomain (.business.site discontinued),Founders / Master Makeup Artists,+91 9823 140 248,Zero automated client review collection system; no digital loyalty membership landing page.,"Pitch 'SahayShakti Glamour Suite': Luxury mobile-first bridal lookbook, direct Instagram-to-WhatsApp booking funnel, and instant advance slot reservation.",High Priority,Uncontacted / Ready for Pitch
SST-ROH-1161,Mane Attraction Hair & Beard Studio,Luxury Salons & Bridal Studios,GT Karnal Road Banquet Belt,Alipur / Rohini Extn,"Rohini, Delhi - 110036",Rs. 13.0 - 17.0 Lakhs/mo,"Rs. 2,000 - Rs. 35,000",4.6 Stars (372 Reviews),No Website (Only Instagram Profile & WhatsApp link),Founders / Master Makeup Artists,+91 9838 765 876,Relies purely on word-of-mouth; missing local Google Search dominance for 'Bridal Makeup Rohini Sector 7/8/9/14'.,"Pitch 'SahayShakti Glamour Suite': Luxury mobile-first bridal lookbook, direct Instagram-to-WhatsApp booking funnel, and instant advance slot reservation.",High Priority,Uncontacted / Ready for Pitch
SST-ROH-1162,Lavish Locks Luxury Salon & Spa,Luxury Salons & Bridal Studios,Pitampura Commercial Hub,Near Netaji Subhash Place / Rani Bagh,"Rohini, Delhi - 110034",Rs. 14.0 - 20.0 Lakhs/mo,"Rs. 2,000 - Rs. 35,000",4.3 Stars (625 Reviews),No Website (Only IndiaMART / Sulekha listing),Founders / Master Makeup Artists,+91 9817 605 875,Relies purely on word-of-mouth; missing local Google Search dominance for 'Bridal Makeup Rohini Sector 7/8/9/14'.,"Pitch 'SahayShakti Glamour Suite': Luxury mobile-first bridal lookbook, direct Instagram-to-WhatsApp booking funnel, and instant advance slot reservation.",High Priority,Uncontacted / Ready for Pitch
SST-ROH-1163,Bridal Bliss Makeovers & Academy,Luxury Salons & Bridal Studios,Sector 7 Market,Near Rohini West Metro Station,"Rohini, Delhi - 110085",Rs. 10.0 - 13.0 Lakhs/mo,"Rs. 2,000 - Rs. 35,000",4.6 Stars (180 Reviews),No Website (Only Instagram Profile & WhatsApp link),Founders / Master Makeup Artists,+91 9849 854 263,No dedicated digital rate-card or bridal package deposit checkout; competitors with sleek landing pages win wedding bookings.,"Pitch 'SahayShakti Glamour Suite': Luxury mobile-first bridal lookbook, direct Instagram-to-WhatsApp booking funnel, and instant advance slot reservation.",High Priority,Uncontacted / Ready for Pitch
SST-ROH-1164,Sleek & Chic Unisex Salon,Luxury Salons & Bridal Studios,Sector 8 Main Market,Near Rohini East Metro Station,"Rohini, Delhi - 110085",Rs. 17.0 - 22.0 Lakhs/mo,"Rs. 2,000 - Rs. 35,000",4.9 Stars (659 Reviews),Extremely Outdated Static Page (Not Mobile Responsive),Founders / Master Makeup Artists,+91 9865 143 502,Zero automated client review collection system; no digital loyalty membership landing page.,"Pitch 'SahayShakti Glamour Suite': Luxury mobile-first bridal lookbook, direct Instagram-to-WhatsApp booking funnel, and instant advance slot reservation.",Hot (High Revenue / Zero Web Presence),Uncontacted / Ready for Pitch
SST-ROH-1165,The Nail Story & Lash Extension Studio,Luxury Salons & Bridal Studios,Sector 9 Commercial Complex,Near DC Chowk,"Rohini, Delhi - 110085",Rs. 13.0 - 16.0 Lakhs/mo,"Rs. 2,000 - Rs. 35,000",4.9 Stars (636 Reviews),Extremely Outdated Static Page (Not Mobile Responsive),Founders / Master Makeup Artists,+91 9861 668 907,No dedicated digital rate-card or bridal package deposit checkout; competitors with sleek landing pages win wedding bookings.,"Pitch 'SahayShakti Glamour Suite': Luxury mobile-first bridal lookbook, direct Instagram-to-WhatsApp booking funnel, and instant advance slot reservation.",High Priority,Uncontacted / Ready for Pitch
SST-ROH-1166,Anjali Makeover & HD Bridal Lounge,Luxury Salons & Bridal Studios,Sector 11 Market,Near G3S Mall & Garg Trade Centre,"Rohini, Delhi - 110085",Rs. 12.0 - 14.0 Lakhs/mo,"Rs. 2,000 - Rs. 35,000",4.8 Stars (408 Reviews),Broken / Inactive Free Subdomain (.business.site discontinued),Founders / Master Makeup Artists,+91 9831 834 774,Zero automated client review collection system; no digital loyalty membership landing page.,"Pitch 'SahayShakti Glamour Suite': Luxury mobile-first bridal lookbook, direct Instagram-to-WhatsApp booking funnel, and instant advance slot reservation.",High Priority,Uncontacted / Ready for Pitch
SST-ROH-1167,Silk & Shine Hair Studio,Luxury Salons & Bridal Studios,Sector 13 Central Market,Ring Road / Bhagwan Mahavir Hospital Road,"Rohini, Delhi - 110085",Rs. 16.0 - 20.0 Lakhs/mo,"Rs. 2,000 - Rs. 35,000",4.9 Stars (529 Reviews),Extremely Outdated Static Page (Not Mobile Responsive),Founders / Master Makeup Artists,+91 9844 615 684,No dedicated digital rate-card or bridal package deposit checkout; competitors with sleek landing pages win wedding bookings.,"Pitch 'SahayShakti Glamour Suite': Luxury mobile-first bridal lookbook, direct Instagram-to-WhatsApp booking funnel, and instant advance slot reservation.",Hot (High Revenue / Zero Web Presence),Uncontacted / Ready for Pitch
SST-ROH-1168,The Grooming Lounge For Men Rohini,Luxury Salons & Bridal Studios,Sector 14 Prashant Vihar,Near Fun Cinema / Outer Ring Road,"Rohini, Delhi - 110085",Rs. 11.0 - 17.0 Lakhs/mo,"Rs. 2,000 - Rs. 35,000",4.8 Stars (667 Reviews),Extremely Outdated Static Page (Not Mobile Responsive),Founders / Master Makeup Artists,+91 9838 550 688,Inquiries lost in unorganized Instagram DMs; lacks a luxury bridal lookbook and slot reservation portal.,"Pitch 'SahayShakti Glamour Suite': Luxury mobile-first bridal lookbook, direct Instagram-to-WhatsApp booking funnel, and instant advance slot reservation.",High Priority,Uncontacted / Ready for Pitch
SST-ROH-1169,Vandana Makeover & Hair Stylist,Luxury Salons & Bridal Studios,Sector 15 Main Commercial Market,Near KN Katju Marg,"Rohini, Delhi - 110089",Rs. 8.0 - 11.0 Lakhs/mo,"Rs. 2,000 - Rs. 35,000",4.6 Stars (307 Reviews),Broken / Inactive Free Subdomain (.business.site discontinued),Founders / Master Makeup Artists,+91 9842 246 665,Zero automated client review collection system; no digital loyalty membership landing page.,"Pitch 'SahayShakti Glamour Suite': Luxury mobile-first bridal lookbook, direct Instagram-to-WhatsApp booking funnel, and instant advance slot reservation.",High Priority,Uncontacted / Ready for Pitch
SST-ROH-1170,Color Bar Unisex Hair Studio,Luxury Salons & Bridal Studios,Sector 16 Market,Opposite DTU Hub,"Rohini, Delhi - 110089",Rs. 18.0 - 21.0 Lakhs/mo,"Rs. 2,000 - Rs. 35,000",4.5 Stars (508 Reviews),No Website (Only Instagram Profile & WhatsApp link),Founders / Master Makeup Artists,+91 9887 437 454,Relies purely on word-of-mouth; missing local Google Search dominance for 'Bridal Makeup Rohini Sector 7/8/9/14'.,"Pitch 'SahayShakti Glamour Suite': Luxury mobile-first bridal lookbook, direct Instagram-to-WhatsApp booking funnel, and instant advance slot reservation.",Hot (High Revenue / Zero Web Presence),Uncontacted / Ready for Pitch
SST-ROH-1171,Elite Bridal Makeovers & Spa,Luxury Salons & Bridal Studios,Sector 17 Commercial Hub,Near City Centre,"Rohini, Delhi - 110089",Rs. 18.0 - 22.0 Lakhs/mo,"Rs. 2,000 - Rs. 35,000",4.8 Stars (322 Reviews),No Website (Only Justdial & Google Map listing),Founders / Master Makeup Artists,+91 9813 406 421,Zero automated client review collection system; no digital loyalty membership landing page.,"Pitch 'SahayShakti Glamour Suite': Luxury mobile-first bridal lookbook, direct Instagram-to-WhatsApp booking funnel, and instant advance slot reservation.",Hot (High Revenue / Zero Web Presence),Uncontacted / Ready for Pitch
SST-ROH-1172,Glam Quotient Unisex Salon,Luxury Salons & Bridal Studios,Sector 24 Commercial Centre,Near Rithala Metro Link,"Rohini, Delhi - 110085",Rs. 19.0 - 24.0 Lakhs/mo,"Rs. 2,000 - Rs. 35,000",4.5 Stars (527 Reviews),No Website (Only IndiaMART / Sulekha listing),Founders / Master Makeup Artists,+91 9850 714 552,Zero automated client review collection system; no digital loyalty membership landing page.,"Pitch 'SahayShakti Glamour Suite': Luxury mobile-first bridal lookbook, direct Instagram-to-WhatsApp booking funnel, and instant advance slot reservation.",Hot (High Revenue / Zero Web Presence),Uncontacted / Ready for Pitch
SST-ROH-1173,Priya Verma Makeover & Academy,Luxury Salons & Bridal Studios,Sector 3 Rohini Market,Near Jaipur Golden Hospital,"Rohini, Delhi - 110085",Rs. 10.0 - 16.0 Lakhs/mo,"Rs. 2,000 - Rs. 35,000",4.8 Stars (87 Reviews),No Website (Only IndiaMART / Sulekha listing),Founders / Master Makeup Artists,+91 9887 424 976,Zero automated client review collection system; no digital loyalty membership landing page.,"Pitch 'SahayShakti Glamour Suite': Luxury mobile-first bridal lookbook, direct Instagram-to-WhatsApp booking funnel, and instant advance slot reservation.",High Priority,Uncontacted / Ready for Pitch
SST-ROH-1174,Cut & Craft Unisex Hair Lounge,Luxury Salons & Bridal Studios,Sector 5 CSC Market,Near Rajiv Gandhi Cancer Institute,"Rohini, Delhi - 110085",Rs. 15.0 - 21.0 Lakhs/mo,"Rs. 2,000 - Rs. 35,000",4.6 Stars (360 Reviews),Extremely Outdated Static Page (Not Mobile Responsive),Founders / Master Makeup Artists,+91 9814 813 119,Relies purely on word-of-mouth; missing local Google Search dominance for 'Bridal Makeup Rohini Sector 7/8/9/14'.,"Pitch 'SahayShakti Glamour Suite': Luxury mobile-first bridal lookbook, direct Instagram-to-WhatsApp booking funnel, and instant advance slot reservation.",Hot (High Revenue / Zero Web Presence),Uncontacted / Ready for Pitch
SST-ROH-1175,The Royal Turban & Groom Styling Hub,Luxury Salons & Bridal Studios,Sector 6 Commercial Complex,Near Ayodhya Chowk,"Rohini, Delhi - 110085",Rs. 17.0 - 21.0 Lakhs/mo,"Rs. 2,000 - Rs. 35,000",4.5 Stars (290 Reviews),Broken / Inactive Free Subdomain (.business.site discontinued),Founders / Master Makeup Artists,+91 9831 470 441,Inquiries lost in unorganized Instagram DMs; lacks a luxury bridal lookbook and slot reservation portal.,"Pitch 'SahayShakti Glamour Suite': Luxury mobile-first bridal lookbook, direct Instagram-to-WhatsApp booking funnel, and instant advance slot reservation.",Hot (High Revenue / Zero Web Presence),Uncontacted / Ready for Pitch
SST-ROH-1176,Shine & Glow Bridal Makeup Studio,Luxury Salons & Bridal Studios,Sector 18 Commercial Hub,Badli Road / Samaypur link,"Rohini, Delhi - 110089",Rs. 14.0 - 17.0 Lakhs/mo,"Rs. 2,000 - Rs. 35,000",4.4 Stars (425 Reviews),No Website (Only IndiaMART / Sulekha listing),Founders / Master Makeup Artists,+91 9838 869 775,Relies purely on word-of-mouth; missing local Google Search dominance for 'Bridal Makeup Rohini Sector 7/8/9/14'.,"Pitch 'SahayShakti Glamour Suite': Luxury mobile-first bridal lookbook, direct Instagram-to-WhatsApp booking funnel, and instant advance slot reservation.",High Priority,Uncontacted / Ready for Pitch
SST-ROH-1177,Trends Unisex Hair & Nail Studio,Luxury Salons & Bridal Studios,Sector 22 Market,Near Pocket 4 Market,"Rohini, Delhi - 110086",Rs. 22.0 - 26.0 Lakhs/mo,"Rs. 2,000 - Rs. 35,000",4.6 Stars (144 Reviews),No Website (Only Justdial & Google Map listing),Founders / Master Makeup Artists,+91 9890 593 826,Inquiries lost in unorganized Instagram DMs; lacks a luxury bridal lookbook and slot reservation portal.,"Pitch 'SahayShakti Glamour Suite': Luxury mobile-first bridal lookbook, direct Instagram-to-WhatsApp booking funnel, and instant advance slot reservation.",Hot (High Revenue / Zero Web Presence),Uncontacted / Ready for Pitch
SST-ROH-1178,Monika Makeover & Beauty Academy,Luxury Salons & Bridal Studios,Sector 25 Marble & Commercial Hub,Near Rithala Industrial Area,"Rohini, Delhi - 110085",Rs. 16.0 - 20.0 Lakhs/mo,"Rs. 2,000 - Rs. 35,000",4.4 Stars (671 Reviews),No Website (Only Justdial & Google Map listing),Founders / Master Makeup Artists,+91 9814 991 388,Relies purely on word-of-mouth; missing local Google Search dominance for 'Bridal Makeup Rohini Sector 7/8/9/14'.,"Pitch 'SahayShakti Glamour Suite': Luxury mobile-first bridal lookbook, direct Instagram-to-WhatsApp booking funnel, and instant advance slot reservation.",Hot (High Revenue / Zero Web Presence),Uncontacted / Ready for Pitch
SST-ROH-1179,The Hair Republic Rohini,Luxury Salons & Bridal Studios,Mangolpuri Marble Market Hub (Rohini Border),Main Outer Ring Road,"Rohini, Delhi - 110083",Rs. 12.0 - 17.0 Lakhs/mo,"Rs. 2,000 - Rs. 35,000",4.9 Stars (397 Reviews),Extremely Outdated Static Page (Not Mobile Responsive),Founders / Master Makeup Artists,+91 9858 552 900,No dedicated digital rate-card or bridal package deposit checkout; competitors with sleek landing pages win wedding bookings.,"Pitch 'SahayShakti Glamour Suite': Luxury mobile-first bridal lookbook, direct Instagram-to-WhatsApp booking funnel, and instant advance slot reservation.",High Priority,Uncontacted / Ready for Pitch
SST-ROH-1180,Gleam Beauty Lounge & Bridal Hub,Luxury Salons & Bridal Studios,GT Karnal Road Banquet Belt,Alipur / Rohini Extn,"Rohini, Delhi - 110036",Rs. 18.0 - 22.0 Lakhs/mo,"Rs. 2,000 - Rs. 35,000",4.9 Stars (288 Reviews),Extremely Outdated Static Page (Not Mobile Responsive),Founders / Master Makeup Artists,+91 9853 123 451,No dedicated digital rate-card or bridal package deposit checkout; competitors with sleek landing pages win wedding bookings.,"Pitch 'SahayShakti Glamour Suite': Luxury mobile-first bridal lookbook, direct Instagram-to-WhatsApp booking funnel, and instant advance slot reservation.",Hot (High Revenue / Zero Web Presence),Uncontacted / Ready for Pitch
SST-ROH-1181,Divas Beauty Bar & Nail Art Lounge,Luxury Salons & Bridal Studios,Pitampura Commercial Hub,Near Netaji Subhash Place / Rani Bagh,"Rohini, Delhi - 110034",Rs. 16.0 - 22.0 Lakhs/mo,"Rs. 2,000 - Rs. 35,000",4.8 Stars (578 Reviews),No Website (Only Justdial & Google Map listing),Founders / Master Makeup Artists,+91 9865 511 844,Zero automated client review collection system; no digital loyalty membership landing page.,"Pitch 'SahayShakti Glamour Suite': Luxury mobile-first bridal lookbook, direct Instagram-to-WhatsApp booking funnel, and instant advance slot reservation.",Hot (High Revenue / Zero Web Presence),Uncontacted / Ready for Pitch
SST-ROH-1182,Studio 11 Unisex Salon & Bridal Bar,Luxury Salons & Bridal Studios,Sector 7 Market,Near Rohini West Metro Station,"Rohini, Delhi - 110085",Rs. 14.0 - 16.0 Lakhs/mo,"Rs. 2,000 - Rs. 35,000",4.5 Stars (497 Reviews),No Website (Only IndiaMART / Sulekha listing),Founders / Master Makeup Artists,+91 9873 305 891,Zero automated client review collection system; no digital loyalty membership landing page.,"Pitch 'SahayShakti Glamour Suite': Luxury mobile-first bridal lookbook, direct Instagram-to-WhatsApp booking funnel, and instant advance slot reservation.",High Priority,Uncontacted / Ready for Pitch
SST-ROH-1183,Aura Luxury Salon & Nail Artistry,Luxury Salons & Bridal Studios,Sector 8 Main Market,Near Rohini East Metro Station,"Rohini, Delhi - 110085",Rs. 8.0 - 13.0 Lakhs/mo,"Rs. 2,000 - Rs. 35,000",4.4 Stars (457 Reviews),Extremely Outdated Static Page (Not Mobile Responsive),Founders / Master Makeup Artists,+91 9843 964 773,Zero automated client review collection system; no digital loyalty membership landing page.,"Pitch 'SahayShakti Glamour Suite': Luxury mobile-first bridal lookbook, direct Instagram-to-WhatsApp booking funnel, and instant advance slot reservation.",High Priority,Uncontacted / Ready for Pitch
SST-ROH-1184,Megha Makeovers & HD Bridal Studio,Luxury Salons & Bridal Studios,Sector 9 Commercial Complex,Near DC Chowk,"Rohini, Delhi - 110085",Rs. 11.0 - 17.0 Lakhs/mo,"Rs. 2,000 - Rs. 35,000",4.9 Stars (554 Reviews),Extremely Outdated Static Page (Not Mobile Responsive),Founders / Master Makeup Artists,+91 9852 694 766,No dedicated digital rate-card or bridal package deposit checkout; competitors with sleek landing pages win wedding bookings.,"Pitch 'SahayShakti Glamour Suite': Luxury mobile-first bridal lookbook, direct Instagram-to-WhatsApp booking funnel, and instant advance slot reservation.",High Priority,Uncontacted / Ready for Pitch
SST-ROH-1185,Urban Trendz Unisex Salon & Spa,Luxury Salons & Bridal Studios,Sector 11 Market,Near G3S Mall & Garg Trade Centre,"Rohini, Delhi - 110085",Rs. 22.0 - 26.0 Lakhs/mo,"Rs. 2,000 - Rs. 35,000",4.6 Stars (461 Reviews),No Website (Only Instagram Profile & WhatsApp link),Founders / Master Makeup Artists,+91 9862 340 851,Zero automated client review collection system; no digital loyalty membership landing page.,"Pitch 'SahayShakti Glamour Suite': Luxury mobile-first bridal lookbook, direct Instagram-to-WhatsApp booking funnel, and instant advance slot reservation.",Hot (High Revenue / Zero Web Presence),Uncontacted / Ready for Pitch
SST-ROH-1186,Bella Donna Bridal & Beauty Lounge,Luxury Salons & Bridal Studios,Sector 13 Central Market,Ring Road / Bhagwan Mahavir Hospital Road,"Rohini, Delhi - 110085",Rs. 18.0 - 22.0 Lakhs/mo,"Rs. 2,000 - Rs. 35,000",4.8 Stars (418 Reviews),Extremely Outdated Static Page (Not Mobile Responsive),Founders / Master Makeup Artists,+91 9876 892 482,Relies purely on word-of-mouth; missing local Google Search dominance for 'Bridal Makeup Rohini Sector 7/8/9/14'.,"Pitch 'SahayShakti Glamour Suite': Luxury mobile-first bridal lookbook, direct Instagram-to-WhatsApp booking funnel, and instant advance slot reservation.",Hot (High Revenue / Zero Web Presence),Uncontacted / Ready for Pitch
SST-ROH-1187,Surbhi Soin Bridal Makeover Studio (Branch 2),Luxury Salons & Bridal Studios,Sector 14 Prashant Vihar,Near Fun Cinema / Outer Ring Road,"Rohini, Delhi - 110085",Rs. 16.0 - 20.0 Lakhs/mo,"Rs. 2,000 - Rs. 35,000",4.8 Stars (510 Reviews),Extremely Outdated Static Page (Not Mobile Responsive),Founders / Master Makeup Artists,+91 9825 762 784,Zero automated client review collection system; no digital loyalty membership landing page.,"Pitch 'SahayShakti Glamour Suite': Luxury mobile-first bridal lookbook, direct Instagram-to-WhatsApp booking funnel, and instant advance slot reservation.",Hot (High Revenue / Zero Web Presence),Uncontacted / Ready for Pitch
SST-ROH-1188,Blush A Styling Hub & Luxury Salon (Branch 2),Luxury Salons & Bridal Studios,Sector 15 Main Commercial Market,Near KN Katju Marg,"Rohini, Delhi - 110089",Rs. 11.0 - 15.0 Lakhs/mo,"Rs. 2,000 - Rs. 35,000",4.4 Stars (630 Reviews),No Website (Only Instagram Profile & WhatsApp link),Founders / Master Makeup Artists,+91 9835 772 107,Zero automated client review collection system; no digital loyalty membership landing page.,"Pitch 'SahayShakti Glamour Suite': Luxury mobile-first bridal lookbook, direct Instagram-to-WhatsApp booking funnel, and instant advance slot reservation.",High Priority,Uncontacted / Ready for Pitch
SST-ROH-1189,Galaxy The Unisex Salon & Spa Lounge (Branch 2),Luxury Salons & Bridal Studios,Sector 16 Market,Opposite DTU Hub,"Rohini, Delhi - 110089",Rs. 10.0 - 15.0 Lakhs/mo,"Rs. 2,000 - Rs. 35,000",4.9 Stars (60 Reviews),No Website (Only Instagram Profile & WhatsApp link),Founders / Master Makeup Artists,+91 9866 538 380,Inquiries lost in unorganized Instagram DMs; lacks a luxury bridal lookbook and slot reservation portal.,"Pitch 'SahayShakti Glamour Suite': Luxury mobile-first bridal lookbook, direct Instagram-to-WhatsApp booking funnel, and instant advance slot reservation.",High Priority,Uncontacted / Ready for Pitch
SST-ROH-1190,Richa Makeover & Academy (Branch 2),Luxury Salons & Bridal Studios,Sector 17 Commercial Hub,Near City Centre,"Rohini, Delhi - 110089",Rs. 10.0 - 13.0 Lakhs/mo,"Rs. 2,000 - Rs. 35,000",4.6 Stars (98 Reviews),No Website (Only IndiaMART / Sulekha listing),Founders / Master Makeup Artists,+91 9856 874 460,Relies purely on word-of-mouth; missing local Google Search dominance for 'Bridal Makeup Rohini Sector 7/8/9/14'.,"Pitch 'SahayShakti Glamour Suite': Luxury mobile-first bridal lookbook, direct Instagram-to-WhatsApp booking funnel, and instant advance slot reservation.",High Priority,Uncontacted / Ready for Pitch
SST-ROH-1191,Gracia Signature Salon & Bridal Academy (Branch 2),Luxury Salons & Bridal Studios,Sector 24 Commercial Centre,Near Rithala Metro Link,"Rohini, Delhi - 110085",Rs. 17.0 - 23.0 Lakhs/mo,"Rs. 2,000 - Rs. 35,000",4.8 Stars (420 Reviews),Extremely Outdated Static Page (Not Mobile Responsive),Founders / Master Makeup Artists,+91 9895 724 914,Relies purely on word-of-mouth; missing local Google Search dominance for 'Bridal Makeup Rohini Sector 7/8/9/14'.,"Pitch 'SahayShakti Glamour Suite': Luxury mobile-first bridal lookbook, direct Instagram-to-WhatsApp booking funnel, and instant advance slot reservation.",Hot (High Revenue / Zero Web Presence),Uncontacted / Ready for Pitch
SST-ROH-1192,Rapunzel Luxury Hair & Beauty Studio (Branch 2),Luxury Salons & Bridal Studios,Sector 3 Rohini Market,Near Jaipur Golden Hospital,"Rohini, Delhi - 110085",Rs. 21.0 - 24.0 Lakhs/mo,"Rs. 2,000 - Rs. 35,000",4.6 Stars (90 Reviews),No Website (Only Instagram Profile & WhatsApp link),Founders / Master Makeup Artists,+91 9811 841 124,Relies purely on word-of-mouth; missing local Google Search dominance for 'Bridal Makeup Rohini Sector 7/8/9/14'.,"Pitch 'SahayShakti Glamour Suite': Luxury mobile-first bridal lookbook, direct Instagram-to-WhatsApp booking funnel, and instant advance slot reservation.",Hot (High Revenue / Zero Web Presence),Uncontacted / Ready for Pitch
SST-ROH-1193,Glam & Glitz Premium Makeup Studio (Branch 2),Luxury Salons & Bridal Studios,Sector 5 CSC Market,Near Rajiv Gandhi Cancer Institute,"Rohini, Delhi - 110085",Rs. 15.0 - 21.0 Lakhs/mo,"Rs. 2,000 - Rs. 35,000",4.4 Stars (458 Reviews),No Website (Only Instagram Profile & WhatsApp link),Founders / Master Makeup Artists,+91 9838 507 618,Relies purely on word-of-mouth; missing local Google Search dominance for 'Bridal Makeup Rohini Sector 7/8/9/14'.,"Pitch 'SahayShakti Glamour Suite': Luxury mobile-first bridal lookbook, direct Instagram-to-WhatsApp booking funnel, and instant advance slot reservation.",Hot (High Revenue / Zero Web Presence),Uncontacted / Ready for Pitch
SST-ROH-1194,Vogue Unisex Salon & Nail Art Studio (Branch 2),Luxury Salons & Bridal Studios,Sector 6 Commercial Complex,Near Ayodhya Chowk,"Rohini, Delhi - 110085",Rs. 18.0 - 24.0 Lakhs/mo,"Rs. 2,000 - Rs. 35,000",4.8 Stars (295 Reviews),No Website (Only Instagram Profile & WhatsApp link),Founders / Master Makeup Artists,+91 9834 514 889,No dedicated digital rate-card or bridal package deposit checkout; competitors with sleek landing pages win wedding bookings.,"Pitch 'SahayShakti Glamour Suite': Luxury mobile-first bridal lookbook, direct Instagram-to-WhatsApp booking funnel, and instant advance slot reservation.",Hot (High Revenue / Zero Web Presence),Uncontacted / Ready for Pitch
SST-ROH-1195,Komal Arora Makeovers & Academy (Branch 2),Luxury Salons & Bridal Studios,Sector 18 Commercial Hub,Badli Road / Samaypur link,"Rohini, Delhi - 110089",Rs. 19.0 - 21.0 Lakhs/mo,"Rs. 2,000 - Rs. 35,000",4.9 Stars (322 Reviews),No Website (Only Justdial & Google Map listing),Founders / Master Makeup Artists,+91 9886 817 244,Zero automated client review collection system; no digital loyalty membership landing page.,"Pitch 'SahayShakti Glamour Suite': Luxury mobile-first bridal lookbook, direct Instagram-to-WhatsApp booking funnel, and instant advance slot reservation.",Hot (High Revenue / Zero Web Presence),Uncontacted / Ready for Pitch
SST-ROH-1196,Hair & Beyond Luxury Grooming Studio (Branch 2),Luxury Salons & Bridal Studios,Sector 22 Market,Near Pocket 4 Market,"Rohini, Delhi - 110086",Rs. 12.0 - 14.0 Lakhs/mo,"Rs. 2,000 - Rs. 35,000",4.6 Stars (58 Reviews),No Website (Only Instagram Profile & WhatsApp link),Founders / Master Makeup Artists,+91 9820 996 662,Relies purely on word-of-mouth; missing local Google Search dominance for 'Bridal Makeup Rohini Sector 7/8/9/14'.,"Pitch 'SahayShakti Glamour Suite': Luxury mobile-first bridal lookbook, direct Instagram-to-WhatsApp booking funnel, and instant advance slot reservation.",High Priority,Uncontacted / Ready for Pitch
SST-ROH-1197,The Velvet Touch Beauty Lounge & Spa (Branch 2),Luxury Salons & Bridal Studios,Sector 25 Marble & Commercial Hub,Near Rithala Industrial Area,"Rohini, Delhi - 110085",Rs. 11.0 - 13.0 Lakhs/mo,"Rs. 2,000 - Rs. 35,000",4.3 Stars (543 Reviews),No Website (Only IndiaMART / Sulekha listing),Founders / Master Makeup Artists,+91 9894 400 176,Inquiries lost in unorganized Instagram DMs; lacks a luxury bridal lookbook and slot reservation portal.,"Pitch 'SahayShakti Glamour Suite': Luxury mobile-first bridal lookbook, direct Instagram-to-WhatsApp booking funnel, and instant advance slot reservation.",High Priority,Uncontacted / Ready for Pitch
SST-ROH-1198,Preeti's Bridal Studio & Skin Care (Branch 2),Luxury Salons & Bridal Studios,Mangolpuri Marble Market Hub (Rohini Border),Main Outer Ring Road,"Rohini, Delhi - 110083",Rs. 17.0 - 20.0 Lakhs/mo,"Rs. 2,000 - Rs. 35,000",4.4 Stars (357 Reviews),No Website (Only IndiaMART / Sulekha listing),Founders / Master Makeup Artists,+91 9876 763 138,Zero automated client review collection system; no digital loyalty membership landing page.,"Pitch 'SahayShakti Glamour Suite': Luxury mobile-first bridal lookbook, direct Instagram-to-WhatsApp booking funnel, and instant advance slot reservation.",Hot (High Revenue / Zero Web Presence),Uncontacted / Ready for Pitch
SST-ROH-1199,Shringaar Bridal Makeovers & Academy (Branch 2),Luxury Salons & Bridal Studios,GT Karnal Road Banquet Belt,Alipur / Rohini Extn,"Rohini, Delhi - 110036",Rs. 19.0 - 21.0 Lakhs/mo,"Rs. 2,000 - Rs. 35,000",4.7 Stars (582 Reviews),No Website (Only IndiaMART / Sulekha listing),Founders / Master Makeup Artists,+91 9885 334 634,Zero automated client review collection system; no digital loyalty membership landing page.,"Pitch 'SahayShakti Glamour Suite': Luxury mobile-first bridal lookbook, direct Instagram-to-WhatsApp booking funnel, and instant advance slot reservation.",Hot (High Revenue / Zero Web Presence),Uncontacted / Ready for Pitch
SST-ROH-1200,Headmasters Premium Unisex Salon Rohini (Branch 2),Luxury Salons & Bridal Studios,Pitampura Commercial Hub,Near Netaji Subhash Place / Rani Bagh,"Rohini, Delhi - 110034",Rs. 17.0 - 22.0 Lakhs/mo,"Rs. 2,000 - Rs. 35,000",4.6 Stars (298 Reviews),No Website (Only Justdial & Google Map listing),Founders / Master Makeup Artists,+91 9834 879 720,Inquiries lost in unorganized Instagram DMs; lacks a luxury bridal lookbook and slot reservation portal.,"Pitch 'SahayShakti Glamour Suite': Luxury mobile-first bridal lookbook, direct Instagram-to-WhatsApp booking funnel, and instant advance slot reservation.",Hot (High Revenue / Zero Web Presence),Uncontacted / Ready for Pitch
SST-ROH-1201,Shree Shyam Interiors & Modular Concepts,Interior Designers & Modular Kitchens,Sector 7 Market,Near Rohini West Metro Station,"Rohini, Delhi - 110085",Rs. 17.0 - 22.0 Lakhs/mo,"Rs. 250,000 - Rs. 1,500,000",4.6 Stars (163 Reviews),Extremely Outdated Static Page (Not Mobile Responsive),Managing Partners / Principal Designers,+91 9865 707 445,Lacks a 3D virtual project walkthrough website and interactive modular kitchen cost calculator.,"Pitch 'SahayShakti Designer Showcase': High-speed 3D project gallery, instant kitchen cost estimator, and exclusive Google organic lead funnel (Zero aggregator commission).",High Priority,Uncontacted / Ready for Pitch
SST-ROH-1202,A2Z Interior Solutions & Woodcraft,Interior Designers & Modular Kitchens,Sector 8 Main Market,Near Rohini East Metro Station,"Rohini, Delhi - 110085",Rs. 25.0 - 27.0 Lakhs/mo,"Rs. 250,000 - Rs. 1,500,000",4.5 Stars (499 Reviews),No Website (Only Justdial & Google Map listing),Managing Partners / Principal Designers,+91 9817 800 184,Lacks a 3D virtual project walkthrough website and interactive modular kitchen cost calculator.,"Pitch 'SahayShakti Designer Showcase': High-speed 3D project gallery, instant kitchen cost estimator, and exclusive Google organic lead funnel (Zero aggregator commission).",Hot (High Revenue / Zero Web Presence),Uncontacted / Ready for Pitch
SST-ROH-1203,Arcint Design Studio & Turnkey Interiors,Interior Designers & Modular Kitchens,Sector 9 Commercial Complex,Near DC Chowk,"Rohini, Delhi - 110085",Rs. 17.0 - 20.0 Lakhs/mo,"Rs. 250,000 - Rs. 1,500,000",4.6 Stars (75 Reviews),No Website (Only Instagram Profile & WhatsApp link),Managing Partners / Principal Designers,+91 9832 841 571,No automated WhatsApp lead capture funnel for homeowners looking for turnkey home renovations.,"Pitch 'SahayShakti Designer Showcase': High-speed 3D project gallery, instant kitchen cost estimator, and exclusive Google organic lead funnel (Zero aggregator commission).",High Priority,Uncontacted / Ready for Pitch
SST-ROH-1204,Wallmantra Modular Kitchens & Wardrobes,Interior Designers & Modular Kitchens,Sector 11 Market,Near G3S Mall & Garg Trade Centre,"Rohini, Delhi - 110085",Rs. 23.0 - 27.0 Lakhs/mo,"Rs. 250,000 - Rs. 1,500,000",4.7 Stars (321 Reviews),No Website (Only Justdial & Google Map listing),Managing Partners / Principal Designers,+91 9811 879 827,No automated WhatsApp lead capture funnel for homeowners looking for turnkey home renovations.,"Pitch 'SahayShakti Designer Showcase': High-speed 3D project gallery, instant kitchen cost estimator, and exclusive Google organic lead funnel (Zero aggregator commission).",Hot (High Revenue / Zero Web Presence),Uncontacted / Ready for Pitch
SST-ROH-1205,Delhi Interior & Architecture Studio,Interior Designers & Modular Kitchens,Sector 13 Central Market,Ring Road / Bhagwan Mahavir Hospital Road,"Rohini, Delhi - 110085",Rs. 16.0 - 19.0 Lakhs/mo,"Rs. 250,000 - Rs. 1,500,000",4.8 Stars (662 Reviews),Broken / Inactive Free Subdomain (.business.site discontinued),Managing Partners / Principal Designers,+91 9870 614 531,Depends on aggregator leads (Justdial/IndiaMART) which are resold to 5 competitors simultaneously.,"Pitch 'SahayShakti Designer Showcase': High-speed 3D project gallery, instant kitchen cost estimator, and exclusive Google organic lead funnel (Zero aggregator commission).",High Priority,Uncontacted / Ready for Pitch
SST-ROH-1206,SKF Decor Turnkey Interior Studio,Interior Designers & Modular Kitchens,Sector 14 Prashant Vihar,Near Fun Cinema / Outer Ring Road,"Rohini, Delhi - 110085",Rs. 32.0 - 38.0 Lakhs/mo,"Rs. 250,000 - Rs. 1,500,000",4.5 Stars (67 Reviews),No Website (Only Justdial & Google Map listing),Managing Partners / Principal Designers,+91 9865 621 803,"High-ticket luxury clients in Rohini Sectors 9, 13 & 14 cannot verify past completed project portfolios online.","Pitch 'SahayShakti Designer Showcase': High-speed 3D project gallery, instant kitchen cost estimator, and exclusive Google organic lead funnel (Zero aggregator commission).",Hot (High Revenue / Zero Web Presence),Uncontacted / Ready for Pitch
SST-ROH-1207,Design Indian Kitchens & Homes Rohini,Interior Designers & Modular Kitchens,Sector 15 Main Commercial Market,Near KN Katju Marg,"Rohini, Delhi - 110089",Rs. 31.0 - 36.0 Lakhs/mo,"Rs. 250,000 - Rs. 1,500,000",4.8 Stars (111 Reviews),No Website (Only Instagram Profile & WhatsApp link),Managing Partners / Principal Designers,+91 9846 625 918,Depends on aggregator leads (Justdial/IndiaMART) which are resold to 5 competitors simultaneously.,"Pitch 'SahayShakti Designer Showcase': High-speed 3D project gallery, instant kitchen cost estimator, and exclusive Google organic lead funnel (Zero aggregator commission).",Hot (High Revenue / Zero Web Presence),Uncontacted / Ready for Pitch
SST-ROH-1208,Vardhman Modular Kitchen & Wardrobe Hub,Interior Designers & Modular Kitchens,Sector 16 Market,Opposite DTU Hub,"Rohini, Delhi - 110089",Rs. 34.0 - 39.0 Lakhs/mo,"Rs. 250,000 - Rs. 1,500,000",4.9 Stars (198 Reviews),No Website (Only Instagram Profile & WhatsApp link),Managing Partners / Principal Designers,+91 9890 845 410,No automated WhatsApp lead capture funnel for homeowners looking for turnkey home renovations.,"Pitch 'SahayShakti Designer Showcase': High-speed 3D project gallery, instant kitchen cost estimator, and exclusive Google organic lead funnel (Zero aggregator commission).",Hot (High Revenue / Zero Web Presence),Uncontacted / Ready for Pitch
SST-ROH-1209,Urban Space Architecture & Interiors,Interior Designers & Modular Kitchens,Sector 17 Commercial Hub,Near City Centre,"Rohini, Delhi - 110089",Rs. 31.0 - 37.0 Lakhs/mo,"Rs. 250,000 - Rs. 1,500,000",4.6 Stars (133 Reviews),No Website (Only IndiaMART / Sulekha listing),Managing Partners / Principal Designers,+91 9838 835 773,"High-ticket luxury clients in Rohini Sectors 9, 13 & 14 cannot verify past completed project portfolios online.","Pitch 'SahayShakti Designer Showcase': High-speed 3D project gallery, instant kitchen cost estimator, and exclusive Google organic lead funnel (Zero aggregator commission).",Hot (High Revenue / Zero Web Presence),Uncontacted / Ready for Pitch
SST-ROH-1210,Living Walls Interior Design & 3D Studio,Interior Designers & Modular Kitchens,Sector 24 Commercial Centre,Near Rithala Metro Link,"Rohini, Delhi - 110085",Rs. 32.0 - 36.0 Lakhs/mo,"Rs. 250,000 - Rs. 1,500,000",4.3 Stars (657 Reviews),No Website (Only Justdial & Google Map listing),Managing Partners / Principal Designers,+91 9874 809 586,Depends on aggregator leads (Justdial/IndiaMART) which are resold to 5 competitors simultaneously.,"Pitch 'SahayShakti Designer Showcase': High-speed 3D project gallery, instant kitchen cost estimator, and exclusive Google organic lead funnel (Zero aggregator commission).",Hot (High Revenue / Zero Web Presence),Uncontacted / Ready for Pitch
SST-ROH-1211,Shree Balaji Modular Kitchens & Hardware,Interior Designers & Modular Kitchens,Sector 3 Rohini Market,Near Jaipur Golden Hospital,"Rohini, Delhi - 110085",Rs. 32.0 - 34.0 Lakhs/mo,"Rs. 250,000 - Rs. 1,500,000",4.8 Stars (658 Reviews),No Website (Only Instagram Profile & WhatsApp link),Managing Partners / Principal Designers,+91 9843 160 433,Depends on aggregator leads (Justdial/IndiaMART) which are resold to 5 competitors simultaneously.,"Pitch 'SahayShakti Designer Showcase': High-speed 3D project gallery, instant kitchen cost estimator, and exclusive Google organic lead funnel (Zero aggregator commission).",Hot (High Revenue / Zero Web Presence),Uncontacted / Ready for Pitch
SST-ROH-1212,Zenith Interior Concepts & Woodwork,Interior Designers & Modular Kitchens,Sector 5 CSC Market,Near Rajiv Gandhi Cancer Institute,"Rohini, Delhi - 110085",Rs. 13.0 - 15.0 Lakhs/mo,"Rs. 250,000 - Rs. 1,500,000",4.4 Stars (222 Reviews),No Website (Only IndiaMART / Sulekha listing),Managing Partners / Principal Designers,+91 9880 926 520,Lacks a 3D virtual project walkthrough website and interactive modular kitchen cost calculator.,"Pitch 'SahayShakti Designer Showcase': High-speed 3D project gallery, instant kitchen cost estimator, and exclusive Google organic lead funnel (Zero aggregator commission).",High Priority,Uncontacted / Ready for Pitch
SST-ROH-1213,Crafted Spaces Turnkey Home Interiors,Interior Designers & Modular Kitchens,Sector 6 Commercial Complex,Near Ayodhya Chowk,"Rohini, Delhi - 110085",Rs. 21.0 - 27.0 Lakhs/mo,"Rs. 250,000 - Rs. 1,500,000",4.7 Stars (311 Reviews),Extremely Outdated Static Page (Not Mobile Responsive),Managing Partners / Principal Designers,+91 9841 698 520,"High-ticket luxury clients in Rohini Sectors 9, 13 & 14 cannot verify past completed project portfolios online.","Pitch 'SahayShakti Designer Showcase': High-speed 3D project gallery, instant kitchen cost estimator, and exclusive Google organic lead funnel (Zero aggregator commission).",High Priority,Uncontacted / Ready for Pitch
SST-ROH-1214,Mahalaxmi Plywood & Modular Studio,Interior Designers & Modular Kitchens,Sector 18 Commercial Hub,Badli Road / Samaypur link,"Rohini, Delhi - 110089",Rs. 18.0 - 22.0 Lakhs/mo,"Rs. 250,000 - Rs. 1,500,000",4.8 Stars (93 Reviews),Broken / Inactive Free Subdomain (.business.site discontinued),Managing Partners / Principal Designers,+91 9859 391 163,"High-ticket luxury clients in Rohini Sectors 9, 13 & 14 cannot verify past completed project portfolios online.","Pitch 'SahayShakti Designer Showcase': High-speed 3D project gallery, instant kitchen cost estimator, and exclusive Google organic lead funnel (Zero aggregator commission).",High Priority,Uncontacted / Ready for Pitch
SST-ROH-1215,Khandelwal Interior & False Ceiling Decor,Interior Designers & Modular Kitchens,Sector 22 Market,Near Pocket 4 Market,"Rohini, Delhi - 110086",Rs. 33.0 - 39.0 Lakhs/mo,"Rs. 250,000 - Rs. 1,500,000",4.8 Stars (351 Reviews),No Website (Only Justdial & Google Map listing),Managing Partners / Principal Designers,+91 9850 583 969,"High-ticket luxury clients in Rohini Sectors 9, 13 & 14 cannot verify past completed project portfolios online.","Pitch 'SahayShakti Designer Showcase': High-speed 3D project gallery, instant kitchen cost estimator, and exclusive Google organic lead funnel (Zero aggregator commission).",Hot (High Revenue / Zero Web Presence),Uncontacted / Ready for Pitch
SST-ROH-1216,Elite Woodcraft & Modular Kitchens,Interior Designers & Modular Kitchens,Sector 25 Marble & Commercial Hub,Near Rithala Industrial Area,"Rohini, Delhi - 110085",Rs. 31.0 - 33.0 Lakhs/mo,"Rs. 250,000 - Rs. 1,500,000",4.4 Stars (590 Reviews),No Website (Only Instagram Profile & WhatsApp link),Managing Partners / Principal Designers,+91 9891 573 776,Lacks a 3D virtual project walkthrough website and interactive modular kitchen cost calculator.,"Pitch 'SahayShakti Designer Showcase': High-speed 3D project gallery, instant kitchen cost estimator, and exclusive Google organic lead funnel (Zero aggregator commission).",Hot (High Revenue / Zero Web Presence),Uncontacted / Ready for Pitch
SST-ROH-1217,Dream Homes Architectural & Interior Studio,Interior Designers & Modular Kitchens,Mangolpuri Marble Market Hub (Rohini Border),Main Outer Ring Road,"Rohini, Delhi - 110083",Rs. 15.0 - 19.0 Lakhs/mo,"Rs. 250,000 - Rs. 1,500,000",4.4 Stars (379 Reviews),No Website (Only Instagram Profile & WhatsApp link),Managing Partners / Principal Designers,+91 9882 205 737,Lacks a 3D virtual project walkthrough website and interactive modular kitchen cost calculator.,"Pitch 'SahayShakti Designer Showcase': High-speed 3D project gallery, instant kitchen cost estimator, and exclusive Google organic lead funnel (Zero aggregator commission).",High Priority,Uncontacted / Ready for Pitch
SST-ROH-1218,Nexus Interiors & Modular Furnishings,Interior Designers & Modular Kitchens,GT Karnal Road Banquet Belt,Alipur / Rohini Extn,"Rohini, Delhi - 110036",Rs. 17.0 - 22.0 Lakhs/mo,"Rs. 250,000 - Rs. 1,500,000",4.5 Stars (440 Reviews),No Website (Only IndiaMART / Sulekha listing),Managing Partners / Principal Designers,+91 9869 977 113,Depends on aggregator leads (Justdial/IndiaMART) which are resold to 5 competitors simultaneously.,"Pitch 'SahayShakti Designer Showcase': High-speed 3D project gallery, instant kitchen cost estimator, and exclusive Google organic lead funnel (Zero aggregator commission).",High Priority,Uncontacted / Ready for Pitch
SST-ROH-1219,Royal Living Furniture & Interior Concepts,Interior Designers & Modular Kitchens,Pitampura Commercial Hub,Near Netaji Subhash Place / Rani Bagh,"Rohini, Delhi - 110034",Rs. 12.0 - 18.0 Lakhs/mo,"Rs. 250,000 - Rs. 1,500,000",4.5 Stars (208 Reviews),No Website (Only Justdial & Google Map listing),Managing Partners / Principal Designers,+91 9855 414 132,Depends on aggregator leads (Justdial/IndiaMART) which are resold to 5 competitors simultaneously.,"Pitch 'SahayShakti Designer Showcase': High-speed 3D project gallery, instant kitchen cost estimator, and exclusive Google organic lead funnel (Zero aggregator commission).",High Priority,Uncontacted / Ready for Pitch
SST-ROH-1220,Vastu Interior Studio & Turnkey Contractors,Interior Designers & Modular Kitchens,Sector 7 Market,Near Rohini West Metro Station,"Rohini, Delhi - 110085",Rs. 33.0 - 38.0 Lakhs/mo,"Rs. 250,000 - Rs. 1,500,000",4.5 Stars (190 Reviews),Broken / Inactive Free Subdomain (.business.site discontinued),Managing Partners / Principal Designers,+91 9811 459 161,"High-ticket luxury clients in Rohini Sectors 9, 13 & 14 cannot verify past completed project portfolios online.","Pitch 'SahayShakti Designer Showcase': High-speed 3D project gallery, instant kitchen cost estimator, and exclusive Google organic lead funnel (Zero aggregator commission).",Hot (High Revenue / Zero Web Presence),Uncontacted / Ready for Pitch
SST-ROH-1221,The Design Bay Architecture & Decor,Interior Designers & Modular Kitchens,Sector 8 Main Market,Near Rohini East Metro Station,"Rohini, Delhi - 110085",Rs. 29.0 - 35.0 Lakhs/mo,"Rs. 250,000 - Rs. 1,500,000",4.4 Stars (223 Reviews),Extremely Outdated Static Page (Not Mobile Responsive),Managing Partners / Principal Designers,+91 9855 806 707,No automated WhatsApp lead capture funnel for homeowners looking for turnkey home renovations.,"Pitch 'SahayShakti Designer Showcase': High-speed 3D project gallery, instant kitchen cost estimator, and exclusive Google organic lead funnel (Zero aggregator commission).",Hot (High Revenue / Zero Web Presence),Uncontacted / Ready for Pitch
SST-ROH-1222,Marvel Modular Kitchens & Wardrobe Gallery,Interior Designers & Modular Kitchens,Sector 9 Commercial Complex,Near DC Chowk,"Rohini, Delhi - 110085",Rs. 22.0 - 26.0 Lakhs/mo,"Rs. 250,000 - Rs. 1,500,000",4.4 Stars (591 Reviews),Extremely Outdated Static Page (Not Mobile Responsive),Managing Partners / Principal Designers,+91 9834 326 759,Lacks a 3D virtual project walkthrough website and interactive modular kitchen cost calculator.,"Pitch 'SahayShakti Designer Showcase': High-speed 3D project gallery, instant kitchen cost estimator, and exclusive Google organic lead funnel (Zero aggregator commission).",High Priority,Uncontacted / Ready for Pitch
SST-ROH-1223,Supreme Decorators & Architectural Finishes,Interior Designers & Modular Kitchens,Sector 11 Market,Near G3S Mall & Garg Trade Centre,"Rohini, Delhi - 110085",Rs. 35.0 - 41.0 Lakhs/mo,"Rs. 250,000 - Rs. 1,500,000",4.7 Stars (77 Reviews),No Website (Only Instagram Profile & WhatsApp link),Managing Partners / Principal Designers,+91 9827 594 102,"High-ticket luxury clients in Rohini Sectors 9, 13 & 14 cannot verify past completed project portfolios online.","Pitch 'SahayShakti Designer Showcase': High-speed 3D project gallery, instant kitchen cost estimator, and exclusive Google organic lead funnel (Zero aggregator commission).",Hot (High Revenue / Zero Web Presence),Uncontacted / Ready for Pitch
SST-ROH-1224,Space Kraft Luxury Interiors,Interior Designers & Modular Kitchens,Sector 13 Central Market,Ring Road / Bhagwan Mahavir Hospital Road,"Rohini, Delhi - 110085",Rs. 28.0 - 32.0 Lakhs/mo,"Rs. 250,000 - Rs. 1,500,000",4.5 Stars (510 Reviews),Extremely Outdated Static Page (Not Mobile Responsive),Managing Partners / Principal Designers,+91 9862 511 287,Depends on aggregator leads (Justdial/IndiaMART) which are resold to 5 competitors simultaneously.,"Pitch 'SahayShakti Designer Showcase': High-speed 3D project gallery, instant kitchen cost estimator, and exclusive Google organic lead funnel (Zero aggregator commission).",Hot (High Revenue / Zero Web Presence),Uncontacted / Ready for Pitch
SST-ROH-1225,Heritage Woodcraft & Luxury Furnishing,Interior Designers & Modular Kitchens,Sector 14 Prashant Vihar,Near Fun Cinema / Outer Ring Road,"Rohini, Delhi - 110085",Rs. 32.0 - 36.0 Lakhs/mo,"Rs. 250,000 - Rs. 1,500,000",4.6 Stars (327 Reviews),No Website (Only Instagram Profile & WhatsApp link),Managing Partners / Principal Designers,+91 9830 557 511,Depends on aggregator leads (Justdial/IndiaMART) which are resold to 5 competitors simultaneously.,"Pitch 'SahayShakti Designer Showcase': High-speed 3D project gallery, instant kitchen cost estimator, and exclusive Google organic lead funnel (Zero aggregator commission).",Hot (High Revenue / Zero Web Presence),Uncontacted / Ready for Pitch
SST-ROH-1226,Aura Space Modular Solutions & Decor,Interior Designers & Modular Kitchens,Sector 15 Main Commercial Market,Near KN Katju Marg,"Rohini, Delhi - 110089",Rs. 18.0 - 21.0 Lakhs/mo,"Rs. 250,000 - Rs. 1,500,000",4.6 Stars (364 Reviews),No Website (Only IndiaMART / Sulekha listing),Managing Partners / Principal Designers,+91 9847 289 666,Depends on aggregator leads (Justdial/IndiaMART) which are resold to 5 competitors simultaneously.,"Pitch 'SahayShakti Designer Showcase': High-speed 3D project gallery, instant kitchen cost estimator, and exclusive Google organic lead funnel (Zero aggregator commission).",High Priority,Uncontacted / Ready for Pitch
SST-ROH-1227,Signature Living Architecture & Interiors,Interior Designers & Modular Kitchens,Sector 16 Market,Opposite DTU Hub,"Rohini, Delhi - 110089",Rs. 34.0 - 38.0 Lakhs/mo,"Rs. 250,000 - Rs. 1,500,000",4.4 Stars (663 Reviews),No Website (Only IndiaMART / Sulekha listing),Managing Partners / Principal Designers,+91 9869 213 627,Depends on aggregator leads (Justdial/IndiaMART) which are resold to 5 competitors simultaneously.,"Pitch 'SahayShakti Designer Showcase': High-speed 3D project gallery, instant kitchen cost estimator, and exclusive Google organic lead funnel (Zero aggregator commission).",Hot (High Revenue / Zero Web Presence),Uncontacted / Ready for Pitch
SST-ROH-1228,Inspace Turnkey Interiors & Modular Systems,Interior Designers & Modular Kitchens,Sector 17 Commercial Hub,Near City Centre,"Rohini, Delhi - 110089",Rs. 16.0 - 22.0 Lakhs/mo,"Rs. 250,000 - Rs. 1,500,000",4.8 Stars (350 Reviews),No Website (Only IndiaMART / Sulekha listing),Managing Partners / Principal Designers,+91 9872 955 543,Depends on aggregator leads (Justdial/IndiaMART) which are resold to 5 competitors simultaneously.,"Pitch 'SahayShakti Designer Showcase': High-speed 3D project gallery, instant kitchen cost estimator, and exclusive Google organic lead funnel (Zero aggregator commission).",High Priority,Uncontacted / Ready for Pitch
SST-ROH-1229,DecoStyle False Ceiling & Modular Kitchens,Interior Designers & Modular Kitchens,Sector 24 Commercial Centre,Near Rithala Metro Link,"Rohini, Delhi - 110085",Rs. 18.0 - 24.0 Lakhs/mo,"Rs. 250,000 - Rs. 1,500,000",4.7 Stars (544 Reviews),Extremely Outdated Static Page (Not Mobile Responsive),Managing Partners / Principal Designers,+91 9851 879 582,Depends on aggregator leads (Justdial/IndiaMART) which are resold to 5 competitors simultaneously.,"Pitch 'SahayShakti Designer Showcase': High-speed 3D project gallery, instant kitchen cost estimator, and exclusive Google organic lead funnel (Zero aggregator commission).",High Priority,Uncontacted / Ready for Pitch
SST-ROH-1230,Perfect Space Architectural Studio,Interior Designers & Modular Kitchens,Sector 3 Rohini Market,Near Jaipur Golden Hospital,"Rohini, Delhi - 110085",Rs. 30.0 - 34.0 Lakhs/mo,"Rs. 250,000 - Rs. 1,500,000",4.4 Stars (264 Reviews),No Website (Only Justdial & Google Map listing),Managing Partners / Principal Designers,+91 9881 648 355,No automated WhatsApp lead capture funnel for homeowners looking for turnkey home renovations.,"Pitch 'SahayShakti Designer Showcase': High-speed 3D project gallery, instant kitchen cost estimator, and exclusive Google organic lead funnel (Zero aggregator commission).",Hot (High Revenue / Zero Web Presence),Uncontacted / Ready for Pitch
SST-ROH-1231,Vogue Living Interiors & Turnkey Hub,Interior Designers & Modular Kitchens,Sector 5 CSC Market,Near Rajiv Gandhi Cancer Institute,"Rohini, Delhi - 110085",Rs. 35.0 - 37.0 Lakhs/mo,"Rs. 250,000 - Rs. 1,500,000",4.5 Stars (433 Reviews),Broken / Inactive Free Subdomain (.business.site discontinued),Managing Partners / Principal Designers,+91 9896 635 123,Depends on aggregator leads (Justdial/IndiaMART) which are resold to 5 competitors simultaneously.,"Pitch 'SahayShakti Designer Showcase': High-speed 3D project gallery, instant kitchen cost estimator, and exclusive Google organic lead funnel (Zero aggregator commission).",Hot (High Revenue / Zero Web Presence),Uncontacted / Ready for Pitch
SST-ROH-1232,Kitchen Kraft Modular & Wardrobe Gallery,Interior Designers & Modular Kitchens,Sector 6 Commercial Complex,Near Ayodhya Chowk,"Rohini, Delhi - 110085",Rs. 30.0 - 34.0 Lakhs/mo,"Rs. 250,000 - Rs. 1,500,000",4.8 Stars (342 Reviews),No Website (Only Justdial & Google Map listing),Managing Partners / Principal Designers,+91 9883 416 976,"High-ticket luxury clients in Rohini Sectors 9, 13 & 14 cannot verify past completed project portfolios online.","Pitch 'SahayShakti Designer Showcase': High-speed 3D project gallery, instant kitchen cost estimator, and exclusive Google organic lead funnel (Zero aggregator commission).",Hot (High Revenue / Zero Web Presence),Uncontacted / Ready for Pitch
SST-ROH-1233,Modo Casa Luxury Living & Interiors,Interior Designers & Modular Kitchens,Sector 18 Commercial Hub,Badli Road / Samaypur link,"Rohini, Delhi - 110089",Rs. 14.0 - 20.0 Lakhs/mo,"Rs. 250,000 - Rs. 1,500,000",4.6 Stars (88 Reviews),No Website (Only Justdial & Google Map listing),Managing Partners / Principal Designers,+91 9859 296 497,No automated WhatsApp lead capture funnel for homeowners looking for turnkey home renovations.,"Pitch 'SahayShakti Designer Showcase': High-speed 3D project gallery, instant kitchen cost estimator, and exclusive Google organic lead funnel (Zero aggregator commission).",High Priority,Uncontacted / Ready for Pitch
SST-ROH-1234,Studio 9 Architecture & Home Styling,Interior Designers & Modular Kitchens,Sector 22 Market,Near Pocket 4 Market,"Rohini, Delhi - 110086",Rs. 24.0 - 27.0 Lakhs/mo,"Rs. 250,000 - Rs. 1,500,000",4.7 Stars (181 Reviews),Extremely Outdated Static Page (Not Mobile Responsive),Managing Partners / Principal Designers,+91 9810 143 466,Lacks a 3D virtual project walkthrough website and interactive modular kitchen cost calculator.,"Pitch 'SahayShakti Designer Showcase': High-speed 3D project gallery, instant kitchen cost estimator, and exclusive Google organic lead funnel (Zero aggregator commission).",Hot (High Revenue / Zero Web Presence),Uncontacted / Ready for Pitch
SST-ROH-1235,Dazzle Decor Turnkey Interior Contractors,Interior Designers & Modular Kitchens,Sector 25 Marble & Commercial Hub,Near Rithala Industrial Area,"Rohini, Delhi - 110085",Rs. 26.0 - 28.0 Lakhs/mo,"Rs. 250,000 - Rs. 1,500,000",4.4 Stars (134 Reviews),Broken / Inactive Free Subdomain (.business.site discontinued),Managing Partners / Principal Designers,+91 9831 446 591,Depends on aggregator leads (Justdial/IndiaMART) which are resold to 5 competitors simultaneously.,"Pitch 'SahayShakti Designer Showcase': High-speed 3D project gallery, instant kitchen cost estimator, and exclusive Google organic lead funnel (Zero aggregator commission).",Hot (High Revenue / Zero Web Presence),Uncontacted / Ready for Pitch
SST-ROH-1236,Woodpecker Modular Kitchen & Wardrobes,Interior Designers & Modular Kitchens,Mangolpuri Marble Market Hub (Rohini Border),Main Outer Ring Road,"Rohini, Delhi - 110083",Rs. 14.0 - 17.0 Lakhs/mo,"Rs. 250,000 - Rs. 1,500,000",4.8 Stars (617 Reviews),Broken / Inactive Free Subdomain (.business.site discontinued),Managing Partners / Principal Designers,+91 9883 558 221,"High-ticket luxury clients in Rohini Sectors 9, 13 & 14 cannot verify past completed project portfolios online.","Pitch 'SahayShakti Designer Showcase': High-speed 3D project gallery, instant kitchen cost estimator, and exclusive Google organic lead funnel (Zero aggregator commission).",High Priority,Uncontacted / Ready for Pitch
SST-ROH-1237,Modern Spaces Architectural Solutions,Interior Designers & Modular Kitchens,GT Karnal Road Banquet Belt,Alipur / Rohini Extn,"Rohini, Delhi - 110036",Rs. 23.0 - 27.0 Lakhs/mo,"Rs. 250,000 - Rs. 1,500,000",4.5 Stars (223 Reviews),Broken / Inactive Free Subdomain (.business.site discontinued),Managing Partners / Principal Designers,+91 9834 459 645,Depends on aggregator leads (Justdial/IndiaMART) which are resold to 5 competitors simultaneously.,"Pitch 'SahayShakti Designer Showcase': High-speed 3D project gallery, instant kitchen cost estimator, and exclusive Google organic lead funnel (Zero aggregator commission).",Hot (High Revenue / Zero Web Presence),Uncontacted / Ready for Pitch
SST-ROH-1238,Aesthetic Living Interiors & 3D Plans,Interior Designers & Modular Kitchens,Pitampura Commercial Hub,Near Netaji Subhash Place / Rani Bagh,"Rohini, Delhi - 110034",Rs. 19.0 - 23.0 Lakhs/mo,"Rs. 250,000 - Rs. 1,500,000",4.5 Stars (614 Reviews),No Website (Only Instagram Profile & WhatsApp link),Managing Partners / Principal Designers,+91 9880 873 991,"High-ticket luxury clients in Rohini Sectors 9, 13 & 14 cannot verify past completed project portfolios online.","Pitch 'SahayShakti Designer Showcase': High-speed 3D project gallery, instant kitchen cost estimator, and exclusive Google organic lead funnel (Zero aggregator commission).",High Priority,Uncontacted / Ready for Pitch
SST-ROH-1239,The Wood Story Furniture & Interior Studio,Interior Designers & Modular Kitchens,Sector 7 Market,Near Rohini West Metro Station,"Rohini, Delhi - 110085",Rs. 18.0 - 22.0 Lakhs/mo,"Rs. 250,000 - Rs. 1,500,000",4.5 Stars (51 Reviews),No Website (Only IndiaMART / Sulekha listing),Managing Partners / Principal Designers,+91 9831 474 291,No automated WhatsApp lead capture funnel for homeowners looking for turnkey home renovations.,"Pitch 'SahayShakti Designer Showcase': High-speed 3D project gallery, instant kitchen cost estimator, and exclusive Google organic lead funnel (Zero aggregator commission).",High Priority,Uncontacted / Ready for Pitch
SST-ROH-1240,Garg Interiors & Modular Kitchen Gallery,Interior Designers & Modular Kitchens,Sector 8 Main Market,Near Rohini East Metro Station,"Rohini, Delhi - 110085",Rs. 34.0 - 36.0 Lakhs/mo,"Rs. 250,000 - Rs. 1,500,000",4.8 Stars (245 Reviews),No Website (Only Instagram Profile & WhatsApp link),Managing Partners / Principal Designers,+91 9877 557 411,No automated WhatsApp lead capture funnel for homeowners looking for turnkey home renovations.,"Pitch 'SahayShakti Designer Showcase': High-speed 3D project gallery, instant kitchen cost estimator, and exclusive Google organic lead funnel (Zero aggregator commission).",Hot (High Revenue / Zero Web Presence),Uncontacted / Ready for Pitch
SST-ROH-1241,Elegance Turnkey Interiors & Decor,Interior Designers & Modular Kitchens,Sector 9 Commercial Complex,Near DC Chowk,"Rohini, Delhi - 110085",Rs. 18.0 - 24.0 Lakhs/mo,"Rs. 250,000 - Rs. 1,500,000",4.9 Stars (619 Reviews),No Website (Only Instagram Profile & WhatsApp link),Managing Partners / Principal Designers,+91 9846 701 230,Lacks a 3D virtual project walkthrough website and interactive modular kitchen cost calculator.,"Pitch 'SahayShakti Designer Showcase': High-speed 3D project gallery, instant kitchen cost estimator, and exclusive Google organic lead funnel (Zero aggregator commission).",High Priority,Uncontacted / Ready for Pitch
SST-ROH-1242,Urban Nest Architecture & Design Studio,Interior Designers & Modular Kitchens,Sector 11 Market,Near G3S Mall & Garg Trade Centre,"Rohini, Delhi - 110085",Rs. 23.0 - 26.0 Lakhs/mo,"Rs. 250,000 - Rs. 1,500,000",4.7 Stars (324 Reviews),Extremely Outdated Static Page (Not Mobile Responsive),Managing Partners / Principal Designers,+91 9820 262 980,No automated WhatsApp lead capture funnel for homeowners looking for turnkey home renovations.,"Pitch 'SahayShakti Designer Showcase': High-speed 3D project gallery, instant kitchen cost estimator, and exclusive Google organic lead funnel (Zero aggregator commission).",Hot (High Revenue / Zero Web Presence),Uncontacted / Ready for Pitch
SST-ROH-1243,Concept Living Modular & Architectural Designs,Interior Designers & Modular Kitchens,Sector 13 Central Market,Ring Road / Bhagwan Mahavir Hospital Road,"Rohini, Delhi - 110085",Rs. 19.0 - 23.0 Lakhs/mo,"Rs. 250,000 - Rs. 1,500,000",4.7 Stars (652 Reviews),No Website (Only Instagram Profile & WhatsApp link),Managing Partners / Principal Designers,+91 9888 544 916,Lacks a 3D virtual project walkthrough website and interactive modular kitchen cost calculator.,"Pitch 'SahayShakti Designer Showcase': High-speed 3D project gallery, instant kitchen cost estimator, and exclusive Google organic lead funnel (Zero aggregator commission).",High Priority,Uncontacted / Ready for Pitch
SST-ROH-1244,Sleek Space Modular Kitchens Rohini,Interior Designers & Modular Kitchens,Sector 14 Prashant Vihar,Near Fun Cinema / Outer Ring Road,"Rohini, Delhi - 110085",Rs. 14.0 - 20.0 Lakhs/mo,"Rs. 250,000 - Rs. 1,500,000",4.7 Stars (300 Reviews),No Website (Only Instagram Profile & WhatsApp link),Managing Partners / Principal Designers,+91 9897 921 115,Lacks a 3D virtual project walkthrough website and interactive modular kitchen cost calculator.,"Pitch 'SahayShakti Designer Showcase': High-speed 3D project gallery, instant kitchen cost estimator, and exclusive Google organic lead funnel (Zero aggregator commission).",High Priority,Uncontacted / Ready for Pitch
SST-ROH-1245,Luxe Habitat Turnkey Interior Firm,Interior Designers & Modular Kitchens,Sector 15 Main Commercial Market,Near KN Katju Marg,"Rohini, Delhi - 110089",Rs. 23.0 - 25.0 Lakhs/mo,"Rs. 250,000 - Rs. 1,500,000",4.9 Stars (288 Reviews),No Website (Only Justdial & Google Map listing),Managing Partners / Principal Designers,+91 9893 265 282,No automated WhatsApp lead capture funnel for homeowners looking for turnkey home renovations.,"Pitch 'SahayShakti Designer Showcase': High-speed 3D project gallery, instant kitchen cost estimator, and exclusive Google organic lead funnel (Zero aggregator commission).",Hot (High Revenue / Zero Web Presence),Uncontacted / Ready for Pitch
SST-ROH-1246,Shree Ram Interior Works & False Ceiling,Interior Designers & Modular Kitchens,Sector 16 Market,Opposite DTU Hub,"Rohini, Delhi - 110089",Rs. 24.0 - 28.0 Lakhs/mo,"Rs. 250,000 - Rs. 1,500,000",4.6 Stars (591 Reviews),No Website (Only Justdial & Google Map listing),Managing Partners / Principal Designers,+91 9859 646 946,Lacks a 3D virtual project walkthrough website and interactive modular kitchen cost calculator.,"Pitch 'SahayShakti Designer Showcase': High-speed 3D project gallery, instant kitchen cost estimator, and exclusive Google organic lead funnel (Zero aggregator commission).",Hot (High Revenue / Zero Web Presence),Uncontacted / Ready for Pitch
SST-ROH-1247,Innovate Interior Studio & 3D Renderings,Interior Designers & Modular Kitchens,Sector 17 Commercial Hub,Near City Centre,"Rohini, Delhi - 110089",Rs. 31.0 - 36.0 Lakhs/mo,"Rs. 250,000 - Rs. 1,500,000",4.9 Stars (427 Reviews),No Website (Only IndiaMART / Sulekha listing),Managing Partners / Principal Designers,+91 9840 839 393,Lacks a 3D virtual project walkthrough website and interactive modular kitchen cost calculator.,"Pitch 'SahayShakti Designer Showcase': High-speed 3D project gallery, instant kitchen cost estimator, and exclusive Google organic lead funnel (Zero aggregator commission).",Hot (High Revenue / Zero Web Presence),Uncontacted / Ready for Pitch
SST-ROH-1248,Opulent Living Home Interiors,Interior Designers & Modular Kitchens,Sector 24 Commercial Centre,Near Rithala Metro Link,"Rohini, Delhi - 110085",Rs. 16.0 - 20.0 Lakhs/mo,"Rs. 250,000 - Rs. 1,500,000",4.6 Stars (467 Reviews),Extremely Outdated Static Page (Not Mobile Responsive),Managing Partners / Principal Designers,+91 9897 299 792,Depends on aggregator leads (Justdial/IndiaMART) which are resold to 5 competitors simultaneously.,"Pitch 'SahayShakti Designer Showcase': High-speed 3D project gallery, instant kitchen cost estimator, and exclusive Google organic lead funnel (Zero aggregator commission).",High Priority,Uncontacted / Ready for Pitch
SST-ROH-1249,Casa Bella Modular Kitchens & Luxury Bath,Interior Designers & Modular Kitchens,Sector 3 Rohini Market,Near Jaipur Golden Hospital,"Rohini, Delhi - 110085",Rs. 30.0 - 36.0 Lakhs/mo,"Rs. 250,000 - Rs. 1,500,000",4.7 Stars (453 Reviews),Broken / Inactive Free Subdomain (.business.site discontinued),Managing Partners / Principal Designers,+91 9837 176 723,Lacks a 3D virtual project walkthrough website and interactive modular kitchen cost calculator.,"Pitch 'SahayShakti Designer Showcase': High-speed 3D project gallery, instant kitchen cost estimator, and exclusive Google organic lead funnel (Zero aggregator commission).",Hot (High Revenue / Zero Web Presence),Uncontacted / Ready for Pitch
SST-ROH-1250,Prime Woodcraft & Architectural Hardware,Interior Designers & Modular Kitchens,Sector 5 CSC Market,Near Rajiv Gandhi Cancer Institute,"Rohini, Delhi - 110085",Rs. 32.0 - 35.0 Lakhs/mo,"Rs. 250,000 - Rs. 1,500,000",4.7 Stars (666 Reviews),No Website (Only Justdial & Google Map listing),Managing Partners / Principal Designers,+91 9872 103 754,Lacks a 3D virtual project walkthrough website and interactive modular kitchen cost calculator.,"Pitch 'SahayShakti Designer Showcase': High-speed 3D project gallery, instant kitchen cost estimator, and exclusive Google organic lead funnel (Zero aggregator commission).",Hot (High Revenue / Zero Web Presence),Uncontacted / Ready for Pitch
SST-ROH-1251,Studio Element Turnkey Interiors,Interior Designers & Modular Kitchens,Sector 6 Commercial Complex,Near Ayodhya Chowk,"Rohini, Delhi - 110085",Rs. 16.0 - 21.0 Lakhs/mo,"Rs. 250,000 - Rs. 1,500,000",4.4 Stars (532 Reviews),No Website (Only Instagram Profile & WhatsApp link),Managing Partners / Principal Designers,+91 9813 164 228,"High-ticket luxury clients in Rohini Sectors 9, 13 & 14 cannot verify past completed project portfolios online.","Pitch 'SahayShakti Designer Showcase': High-speed 3D project gallery, instant kitchen cost estimator, and exclusive Google organic lead funnel (Zero aggregator commission).",High Priority,Uncontacted / Ready for Pitch
SST-ROH-1252,Vista Architectural & Interior Designers,Interior Designers & Modular Kitchens,Sector 18 Commercial Hub,Badli Road / Samaypur link,"Rohini, Delhi - 110089",Rs. 21.0 - 25.0 Lakhs/mo,"Rs. 250,000 - Rs. 1,500,000",4.5 Stars (434 Reviews),No Website (Only Justdial & Google Map listing),Managing Partners / Principal Designers,+91 9855 171 287,Depends on aggregator leads (Justdial/IndiaMART) which are resold to 5 competitors simultaneously.,"Pitch 'SahayShakti Designer Showcase': High-speed 3D project gallery, instant kitchen cost estimator, and exclusive Google organic lead funnel (Zero aggregator commission).",High Priority,Uncontacted / Ready for Pitch
SST-ROH-1253,Creative Spaces Turnkey Interior Works,Interior Designers & Modular Kitchens,Sector 22 Market,Near Pocket 4 Market,"Rohini, Delhi - 110086",Rs. 30.0 - 35.0 Lakhs/mo,"Rs. 250,000 - Rs. 1,500,000",4.4 Stars (548 Reviews),No Website (Only IndiaMART / Sulekha listing),Managing Partners / Principal Designers,+91 9871 488 711,Lacks a 3D virtual project walkthrough website and interactive modular kitchen cost calculator.,"Pitch 'SahayShakti Designer Showcase': High-speed 3D project gallery, instant kitchen cost estimator, and exclusive Google organic lead funnel (Zero aggregator commission).",Hot (High Revenue / Zero Web Presence),Uncontacted / Ready for Pitch
SST-ROH-1254,Ambience Interiors & Modular Solutions,Interior Designers & Modular Kitchens,Sector 25 Marble & Commercial Hub,Near Rithala Industrial Area,"Rohini, Delhi - 110085",Rs. 24.0 - 26.0 Lakhs/mo,"Rs. 250,000 - Rs. 1,500,000",4.9 Stars (544 Reviews),No Website (Only Justdial & Google Map listing),Managing Partners / Principal Designers,+91 9815 766 211,Depends on aggregator leads (Justdial/IndiaMART) which are resold to 5 competitors simultaneously.,"Pitch 'SahayShakti Designer Showcase': High-speed 3D project gallery, instant kitchen cost estimator, and exclusive Google organic lead funnel (Zero aggregator commission).",Hot (High Revenue / Zero Web Presence),Uncontacted / Ready for Pitch
SST-ROH-1255,Royal Decor & Modular Wardrobes Rohini,Interior Designers & Modular Kitchens,Mangolpuri Marble Market Hub (Rohini Border),Main Outer Ring Road,"Rohini, Delhi - 110083",Rs. 25.0 - 28.0 Lakhs/mo,"Rs. 250,000 - Rs. 1,500,000",4.3 Stars (251 Reviews),Broken / Inactive Free Subdomain (.business.site discontinued),Managing Partners / Principal Designers,+91 9841 490 879,"High-ticket luxury clients in Rohini Sectors 9, 13 & 14 cannot verify past completed project portfolios online.","Pitch 'SahayShakti Designer Showcase': High-speed 3D project gallery, instant kitchen cost estimator, and exclusive Google organic lead funnel (Zero aggregator commission).",Hot (High Revenue / Zero Web Presence),Uncontacted / Ready for Pitch
SST-ROH-1256,Wood Vista Turnkey Interiors & Furniture,Interior Designers & Modular Kitchens,GT Karnal Road Banquet Belt,Alipur / Rohini Extn,"Rohini, Delhi - 110036",Rs. 21.0 - 24.0 Lakhs/mo,"Rs. 250,000 - Rs. 1,500,000",4.8 Stars (129 Reviews),No Website (Only Instagram Profile & WhatsApp link),Managing Partners / Principal Designers,+91 9842 618 625,No automated WhatsApp lead capture funnel for homeowners looking for turnkey home renovations.,"Pitch 'SahayShakti Designer Showcase': High-speed 3D project gallery, instant kitchen cost estimator, and exclusive Google organic lead funnel (Zero aggregator commission).",High Priority,Uncontacted / Ready for Pitch
SST-ROH-1257,Classic Homes Interior & Exterior Concepts,Interior Designers & Modular Kitchens,Pitampura Commercial Hub,Near Netaji Subhash Place / Rani Bagh,"Rohini, Delhi - 110034",Rs. 23.0 - 28.0 Lakhs/mo,"Rs. 250,000 - Rs. 1,500,000",4.6 Stars (322 Reviews),Extremely Outdated Static Page (Not Mobile Responsive),Managing Partners / Principal Designers,+91 9894 719 516,"High-ticket luxury clients in Rohini Sectors 9, 13 & 14 cannot verify past completed project portfolios online.","Pitch 'SahayShakti Designer Showcase': High-speed 3D project gallery, instant kitchen cost estimator, and exclusive Google organic lead funnel (Zero aggregator commission).",Hot (High Revenue / Zero Web Presence),Uncontacted / Ready for Pitch
SST-ROH-1258,Studio Line Architecture & Space Design,Interior Designers & Modular Kitchens,Sector 7 Market,Near Rohini West Metro Station,"Rohini, Delhi - 110085",Rs. 22.0 - 28.0 Lakhs/mo,"Rs. 250,000 - Rs. 1,500,000",4.8 Stars (60 Reviews),No Website (Only IndiaMART / Sulekha listing),Managing Partners / Principal Designers,+91 9820 655 439,"High-ticket luxury clients in Rohini Sectors 9, 13 & 14 cannot verify past completed project portfolios online.","Pitch 'SahayShakti Designer Showcase': High-speed 3D project gallery, instant kitchen cost estimator, and exclusive Google organic lead funnel (Zero aggregator commission).",High Priority,Uncontacted / Ready for Pitch
SST-ROH-1259,Form & Space Turnkey Interiors,Interior Designers & Modular Kitchens,Sector 8 Main Market,Near Rohini East Metro Station,"Rohini, Delhi - 110085",Rs. 32.0 - 38.0 Lakhs/mo,"Rs. 250,000 - Rs. 1,500,000",4.9 Stars (612 Reviews),Extremely Outdated Static Page (Not Mobile Responsive),Managing Partners / Principal Designers,+91 9867 883 392,"High-ticket luxury clients in Rohini Sectors 9, 13 & 14 cannot verify past completed project portfolios online.","Pitch 'SahayShakti Designer Showcase': High-speed 3D project gallery, instant kitchen cost estimator, and exclusive Google organic lead funnel (Zero aggregator commission).",Hot (High Revenue / Zero Web Presence),Uncontacted / Ready for Pitch
SST-ROH-1260,Livspace Partner Studio Rohini Hub,Interior Designers & Modular Kitchens,Sector 9 Commercial Complex,Near DC Chowk,"Rohini, Delhi - 110085",Rs. 24.0 - 28.0 Lakhs/mo,"Rs. 250,000 - Rs. 1,500,000",4.6 Stars (302 Reviews),No Website (Only Justdial & Google Map listing),Managing Partners / Principal Designers,+91 9836 965 486,Lacks a 3D virtual project walkthrough website and interactive modular kitchen cost calculator.,"Pitch 'SahayShakti Designer Showcase': High-speed 3D project gallery, instant kitchen cost estimator, and exclusive Google organic lead funnel (Zero aggregator commission).",Hot (High Revenue / Zero Web Presence),Uncontacted / Ready for Pitch
SST-ROH-1261,Shree Shyam Interiors & Modular Concepts (Branch 2),Interior Designers & Modular Kitchens,Sector 11 Market,Near G3S Mall & Garg Trade Centre,"Rohini, Delhi - 110085",Rs. 32.0 - 34.0 Lakhs/mo,"Rs. 250,000 - Rs. 1,500,000",4.7 Stars (663 Reviews),No Website (Only Justdial & Google Map listing),Managing Partners / Principal Designers,+91 9840 945 369,"High-ticket luxury clients in Rohini Sectors 9, 13 & 14 cannot verify past completed project portfolios online.","Pitch 'SahayShakti Designer Showcase': High-speed 3D project gallery, instant kitchen cost estimator, and exclusive Google organic lead funnel (Zero aggregator commission).",Hot (High Revenue / Zero Web Presence),Uncontacted / Ready for Pitch
SST-ROH-1262,A2Z Interior Solutions & Woodcraft (Branch 2),Interior Designers & Modular Kitchens,Sector 13 Central Market,Ring Road / Bhagwan Mahavir Hospital Road,"Rohini, Delhi - 110085",Rs. 23.0 - 29.0 Lakhs/mo,"Rs. 250,000 - Rs. 1,500,000",4.6 Stars (647 Reviews),Extremely Outdated Static Page (Not Mobile Responsive),Managing Partners / Principal Designers,+91 9878 345 451,No automated WhatsApp lead capture funnel for homeowners looking for turnkey home renovations.,"Pitch 'SahayShakti Designer Showcase': High-speed 3D project gallery, instant kitchen cost estimator, and exclusive Google organic lead funnel (Zero aggregator commission).",Hot (High Revenue / Zero Web Presence),Uncontacted / Ready for Pitch
SST-ROH-1263,Arcint Design Studio & Turnkey Interiors (Branch 2),Interior Designers & Modular Kitchens,Sector 14 Prashant Vihar,Near Fun Cinema / Outer Ring Road,"Rohini, Delhi - 110085",Rs. 35.0 - 39.0 Lakhs/mo,"Rs. 250,000 - Rs. 1,500,000",4.8 Stars (508 Reviews),No Website (Only IndiaMART / Sulekha listing),Managing Partners / Principal Designers,+91 9830 328 523,No automated WhatsApp lead capture funnel for homeowners looking for turnkey home renovations.,"Pitch 'SahayShakti Designer Showcase': High-speed 3D project gallery, instant kitchen cost estimator, and exclusive Google organic lead funnel (Zero aggregator commission).",Hot (High Revenue / Zero Web Presence),Uncontacted / Ready for Pitch
SST-ROH-1264,Wallmantra Modular Kitchens & Wardrobes (Branch 2),Interior Designers & Modular Kitchens,Sector 15 Main Commercial Market,Near KN Katju Marg,"Rohini, Delhi - 110089",Rs. 21.0 - 25.0 Lakhs/mo,"Rs. 250,000 - Rs. 1,500,000",4.7 Stars (203 Reviews),No Website (Only IndiaMART / Sulekha listing),Managing Partners / Principal Designers,+91 9857 987 447,Depends on aggregator leads (Justdial/IndiaMART) which are resold to 5 competitors simultaneously.,"Pitch 'SahayShakti Designer Showcase': High-speed 3D project gallery, instant kitchen cost estimator, and exclusive Google organic lead funnel (Zero aggregator commission).",High Priority,Uncontacted / Ready for Pitch
SST-ROH-1265,Delhi Interior & Architecture Studio (Branch 2),Interior Designers & Modular Kitchens,Sector 16 Market,Opposite DTU Hub,"Rohini, Delhi - 110089",Rs. 19.0 - 24.0 Lakhs/mo,"Rs. 250,000 - Rs. 1,500,000",4.4 Stars (237 Reviews),No Website (Only Justdial & Google Map listing),Managing Partners / Principal Designers,+91 9884 187 551,Depends on aggregator leads (Justdial/IndiaMART) which are resold to 5 competitors simultaneously.,"Pitch 'SahayShakti Designer Showcase': High-speed 3D project gallery, instant kitchen cost estimator, and exclusive Google organic lead funnel (Zero aggregator commission).",High Priority,Uncontacted / Ready for Pitch
SST-ROH-1266,SKF Decor Turnkey Interior Studio (Branch 2),Interior Designers & Modular Kitchens,Sector 17 Commercial Hub,Near City Centre,"Rohini, Delhi - 110089",Rs. 32.0 - 37.0 Lakhs/mo,"Rs. 250,000 - Rs. 1,500,000",4.4 Stars (230 Reviews),No Website (Only IndiaMART / Sulekha listing),Managing Partners / Principal Designers,+91 9895 395 387,Depends on aggregator leads (Justdial/IndiaMART) which are resold to 5 competitors simultaneously.,"Pitch 'SahayShakti Designer Showcase': High-speed 3D project gallery, instant kitchen cost estimator, and exclusive Google organic lead funnel (Zero aggregator commission).",Hot (High Revenue / Zero Web Presence),Uncontacted / Ready for Pitch
SST-ROH-1267,Design Indian Kitchens & Homes Rohini (Branch 2),Interior Designers & Modular Kitchens,Sector 24 Commercial Centre,Near Rithala Metro Link,"Rohini, Delhi - 110085",Rs. 19.0 - 23.0 Lakhs/mo,"Rs. 250,000 - Rs. 1,500,000",4.7 Stars (443 Reviews),Broken / Inactive Free Subdomain (.business.site discontinued),Managing Partners / Principal Designers,+91 9842 129 998,"High-ticket luxury clients in Rohini Sectors 9, 13 & 14 cannot verify past completed project portfolios online.","Pitch 'SahayShakti Designer Showcase': High-speed 3D project gallery, instant kitchen cost estimator, and exclusive Google organic lead funnel (Zero aggregator commission).",High Priority,Uncontacted / Ready for Pitch
SST-ROH-1268,Vardhman Modular Kitchen & Wardrobe Hub (Branch 2),Interior Designers & Modular Kitchens,Sector 3 Rohini Market,Near Jaipur Golden Hospital,"Rohini, Delhi - 110085",Rs. 25.0 - 29.0 Lakhs/mo,"Rs. 250,000 - Rs. 1,500,000",4.5 Stars (646 Reviews),Extremely Outdated Static Page (Not Mobile Responsive),Managing Partners / Principal Designers,+91 9837 573 120,Lacks a 3D virtual project walkthrough website and interactive modular kitchen cost calculator.,"Pitch 'SahayShakti Designer Showcase': High-speed 3D project gallery, instant kitchen cost estimator, and exclusive Google organic lead funnel (Zero aggregator commission).",Hot (High Revenue / Zero Web Presence),Uncontacted / Ready for Pitch
SST-ROH-1269,Urban Space Architecture & Interiors (Branch 2),Interior Designers & Modular Kitchens,Sector 5 CSC Market,Near Rajiv Gandhi Cancer Institute,"Rohini, Delhi - 110085",Rs. 18.0 - 20.0 Lakhs/mo,"Rs. 250,000 - Rs. 1,500,000",4.4 Stars (397 Reviews),Broken / Inactive Free Subdomain (.business.site discontinued),Managing Partners / Principal Designers,+91 9897 371 892,Depends on aggregator leads (Justdial/IndiaMART) which are resold to 5 competitors simultaneously.,"Pitch 'SahayShakti Designer Showcase': High-speed 3D project gallery, instant kitchen cost estimator, and exclusive Google organic lead funnel (Zero aggregator commission).",High Priority,Uncontacted / Ready for Pitch
SST-ROH-1270,Living Walls Interior Design & 3D Studio (Branch 2),Interior Designers & Modular Kitchens,Sector 6 Commercial Complex,Near Ayodhya Chowk,"Rohini, Delhi - 110085",Rs. 30.0 - 33.0 Lakhs/mo,"Rs. 250,000 - Rs. 1,500,000",4.8 Stars (335 Reviews),No Website (Only IndiaMART / Sulekha listing),Managing Partners / Principal Designers,+91 9832 120 511,"High-ticket luxury clients in Rohini Sectors 9, 13 & 14 cannot verify past completed project portfolios online.","Pitch 'SahayShakti Designer Showcase': High-speed 3D project gallery, instant kitchen cost estimator, and exclusive Google organic lead funnel (Zero aggregator commission).",Hot (High Revenue / Zero Web Presence),Uncontacted / Ready for Pitch
SST-ROH-1271,Shree Balaji Modular Kitchens & Hardware (Branch 2),Interior Designers & Modular Kitchens,Sector 18 Commercial Hub,Badli Road / Samaypur link,"Rohini, Delhi - 110089",Rs. 20.0 - 23.0 Lakhs/mo,"Rs. 250,000 - Rs. 1,500,000",4.7 Stars (115 Reviews),No Website (Only Instagram Profile & WhatsApp link),Managing Partners / Principal Designers,+91 9860 385 333,"High-ticket luxury clients in Rohini Sectors 9, 13 & 14 cannot verify past completed project portfolios online.","Pitch 'SahayShakti Designer Showcase': High-speed 3D project gallery, instant kitchen cost estimator, and exclusive Google organic lead funnel (Zero aggregator commission).",High Priority,Uncontacted / Ready for Pitch
SST-ROH-1272,Zenith Interior Concepts & Woodwork (Branch 2),Interior Designers & Modular Kitchens,Sector 22 Market,Near Pocket 4 Market,"Rohini, Delhi - 110086",Rs. 27.0 - 29.0 Lakhs/mo,"Rs. 250,000 - Rs. 1,500,000",4.7 Stars (215 Reviews),Broken / Inactive Free Subdomain (.business.site discontinued),Managing Partners / Principal Designers,+91 9828 650 547,Depends on aggregator leads (Justdial/IndiaMART) which are resold to 5 competitors simultaneously.,"Pitch 'SahayShakti Designer Showcase': High-speed 3D project gallery, instant kitchen cost estimator, and exclusive Google organic lead funnel (Zero aggregator commission).",Hot (High Revenue / Zero Web Presence),Uncontacted / Ready for Pitch
SST-ROH-1273,Crafted Spaces Turnkey Home Interiors (Branch 2),Interior Designers & Modular Kitchens,Sector 25 Marble & Commercial Hub,Near Rithala Industrial Area,"Rohini, Delhi - 110085",Rs. 28.0 - 32.0 Lakhs/mo,"Rs. 250,000 - Rs. 1,500,000",4.4 Stars (225 Reviews),Broken / Inactive Free Subdomain (.business.site discontinued),Managing Partners / Principal Designers,+91 9886 142 362,Lacks a 3D virtual project walkthrough website and interactive modular kitchen cost calculator.,"Pitch 'SahayShakti Designer Showcase': High-speed 3D project gallery, instant kitchen cost estimator, and exclusive Google organic lead funnel (Zero aggregator commission).",Hot (High Revenue / Zero Web Presence),Uncontacted / Ready for Pitch
SST-ROH-1274,Mahalaxmi Plywood & Modular Studio (Branch 2),Interior Designers & Modular Kitchens,Mangolpuri Marble Market Hub (Rohini Border),Main Outer Ring Road,"Rohini, Delhi - 110083",Rs. 20.0 - 24.0 Lakhs/mo,"Rs. 250,000 - Rs. 1,500,000",4.6 Stars (459 Reviews),No Website (Only IndiaMART / Sulekha listing),Managing Partners / Principal Designers,+91 9896 464 769,No automated WhatsApp lead capture funnel for homeowners looking for turnkey home renovations.,"Pitch 'SahayShakti Designer Showcase': High-speed 3D project gallery, instant kitchen cost estimator, and exclusive Google organic lead funnel (Zero aggregator commission).",High Priority,Uncontacted / Ready for Pitch
SST-ROH-1275,Khandelwal Interior & False Ceiling Decor (Branch 2),Interior Designers & Modular Kitchens,GT Karnal Road Banquet Belt,Alipur / Rohini Extn,"Rohini, Delhi - 110036",Rs. 31.0 - 36.0 Lakhs/mo,"Rs. 250,000 - Rs. 1,500,000",4.5 Stars (138 Reviews),No Website (Only Instagram Profile & WhatsApp link),Managing Partners / Principal Designers,+91 9874 333 500,Lacks a 3D virtual project walkthrough website and interactive modular kitchen cost calculator.,"Pitch 'SahayShakti Designer Showcase': High-speed 3D project gallery, instant kitchen cost estimator, and exclusive Google organic lead funnel (Zero aggregator commission).",Hot (High Revenue / Zero Web Presence),Uncontacted / Ready for Pitch
SST-ROH-1276,Elite Woodcraft & Modular Kitchens (Branch 2),Interior Designers & Modular Kitchens,Pitampura Commercial Hub,Near Netaji Subhash Place / Rani Bagh,"Rohini, Delhi - 110034",Rs. 19.0 - 24.0 Lakhs/mo,"Rs. 250,000 - Rs. 1,500,000",4.4 Stars (294 Reviews),No Website (Only Instagram Profile & WhatsApp link),Managing Partners / Principal Designers,+91 9891 279 344,Lacks a 3D virtual project walkthrough website and interactive modular kitchen cost calculator.,"Pitch 'SahayShakti Designer Showcase': High-speed 3D project gallery, instant kitchen cost estimator, and exclusive Google organic lead funnel (Zero aggregator commission).",High Priority,Uncontacted / Ready for Pitch
SST-ROH-1277,Dream Homes Architectural & Interior Studio (Branch 2),Interior Designers & Modular Kitchens,Sector 7 Market,Near Rohini West Metro Station,"Rohini, Delhi - 110085",Rs. 25.0 - 27.0 Lakhs/mo,"Rs. 250,000 - Rs. 1,500,000",4.5 Stars (130 Reviews),No Website (Only Instagram Profile & WhatsApp link),Managing Partners / Principal Designers,+91 9836 737 373,"High-ticket luxury clients in Rohini Sectors 9, 13 & 14 cannot verify past completed project portfolios online.","Pitch 'SahayShakti Designer Showcase': High-speed 3D project gallery, instant kitchen cost estimator, and exclusive Google organic lead funnel (Zero aggregator commission).",Hot (High Revenue / Zero Web Presence),Uncontacted / Ready for Pitch
SST-ROH-1278,Nexus Interiors & Modular Furnishings (Branch 2),Interior Designers & Modular Kitchens,Sector 8 Main Market,Near Rohini East Metro Station,"Rohini, Delhi - 110085",Rs. 12.0 - 16.0 Lakhs/mo,"Rs. 250,000 - Rs. 1,500,000",4.6 Stars (405 Reviews),No Website (Only IndiaMART / Sulekha listing),Managing Partners / Principal Designers,+91 9854 588 221,"High-ticket luxury clients in Rohini Sectors 9, 13 & 14 cannot verify past completed project portfolios online.","Pitch 'SahayShakti Designer Showcase': High-speed 3D project gallery, instant kitchen cost estimator, and exclusive Google organic lead funnel (Zero aggregator commission).",High Priority,Uncontacted / Ready for Pitch
SST-ROH-1279,Royal Living Furniture & Interior Concepts (Branch 2),Interior Designers & Modular Kitchens,Sector 9 Commercial Complex,Near DC Chowk,"Rohini, Delhi - 110085",Rs. 23.0 - 28.0 Lakhs/mo,"Rs. 250,000 - Rs. 1,500,000",4.5 Stars (552 Reviews),Extremely Outdated Static Page (Not Mobile Responsive),Managing Partners / Principal Designers,+91 9824 440 373,No automated WhatsApp lead capture funnel for homeowners looking for turnkey home renovations.,"Pitch 'SahayShakti Designer Showcase': High-speed 3D project gallery, instant kitchen cost estimator, and exclusive Google organic lead funnel (Zero aggregator commission).",Hot (High Revenue / Zero Web Presence),Uncontacted / Ready for Pitch
SST-ROH-1280,Vastu Interior Studio & Turnkey Contractors (Branch 2),Interior Designers & Modular Kitchens,Sector 11 Market,Near G3S Mall & Garg Trade Centre,"Rohini, Delhi - 110085",Rs. 21.0 - 23.0 Lakhs/mo,"Rs. 250,000 - Rs. 1,500,000",4.7 Stars (246 Reviews),No Website (Only Instagram Profile & WhatsApp link),Managing Partners / Principal Designers,+91 9858 180 811,No automated WhatsApp lead capture funnel for homeowners looking for turnkey home renovations.,"Pitch 'SahayShakti Designer Showcase': High-speed 3D project gallery, instant kitchen cost estimator, and exclusive Google organic lead funnel (Zero aggregator commission).",High Priority,Uncontacted / Ready for Pitch
SST-ROH-1281,The Design Bay Architecture & Decor (Branch 2),Interior Designers & Modular Kitchens,Sector 13 Central Market,Ring Road / Bhagwan Mahavir Hospital Road,"Rohini, Delhi - 110085",Rs. 18.0 - 22.0 Lakhs/mo,"Rs. 250,000 - Rs. 1,500,000",4.3 Stars (84 Reviews),No Website (Only Instagram Profile & WhatsApp link),Managing Partners / Principal Designers,+91 9891 609 646,Lacks a 3D virtual project walkthrough website and interactive modular kitchen cost calculator.,"Pitch 'SahayShakti Designer Showcase': High-speed 3D project gallery, instant kitchen cost estimator, and exclusive Google organic lead funnel (Zero aggregator commission).",High Priority,Uncontacted / Ready for Pitch
SST-ROH-1282,Marvel Modular Kitchens & Wardrobe Gallery (Branch 2),Interior Designers & Modular Kitchens,Sector 14 Prashant Vihar,Near Fun Cinema / Outer Ring Road,"Rohini, Delhi - 110085",Rs. 30.0 - 33.0 Lakhs/mo,"Rs. 250,000 - Rs. 1,500,000",4.7 Stars (416 Reviews),No Website (Only Instagram Profile & WhatsApp link),Managing Partners / Principal Designers,+91 9811 454 800,Lacks a 3D virtual project walkthrough website and interactive modular kitchen cost calculator.,"Pitch 'SahayShakti Designer Showcase': High-speed 3D project gallery, instant kitchen cost estimator, and exclusive Google organic lead funnel (Zero aggregator commission).",Hot (High Revenue / Zero Web Presence),Uncontacted / Ready for Pitch
SST-ROH-1283,Supreme Decorators & Architectural Finishes (Branch 2),Interior Designers & Modular Kitchens,Sector 15 Main Commercial Market,Near KN Katju Marg,"Rohini, Delhi - 110089",Rs. 20.0 - 23.0 Lakhs/mo,"Rs. 250,000 - Rs. 1,500,000",4.3 Stars (505 Reviews),No Website (Only IndiaMART / Sulekha listing),Managing Partners / Principal Designers,+91 9847 487 459,"High-ticket luxury clients in Rohini Sectors 9, 13 & 14 cannot verify past completed project portfolios online.","Pitch 'SahayShakti Designer Showcase': High-speed 3D project gallery, instant kitchen cost estimator, and exclusive Google organic lead funnel (Zero aggregator commission).",High Priority,Uncontacted / Ready for Pitch
SST-ROH-1284,Space Kraft Luxury Interiors (Branch 2),Interior Designers & Modular Kitchens,Sector 16 Market,Opposite DTU Hub,"Rohini, Delhi - 110089",Rs. 32.0 - 38.0 Lakhs/mo,"Rs. 250,000 - Rs. 1,500,000",4.6 Stars (226 Reviews),No Website (Only IndiaMART / Sulekha listing),Managing Partners / Principal Designers,+91 9877 319 689,No automated WhatsApp lead capture funnel for homeowners looking for turnkey home renovations.,"Pitch 'SahayShakti Designer Showcase': High-speed 3D project gallery, instant kitchen cost estimator, and exclusive Google organic lead funnel (Zero aggregator commission).",Hot (High Revenue / Zero Web Presence),Uncontacted / Ready for Pitch
SST-ROH-1285,Heritage Woodcraft & Luxury Furnishing (Branch 2),Interior Designers & Modular Kitchens,Sector 17 Commercial Hub,Near City Centre,"Rohini, Delhi - 110089",Rs. 22.0 - 27.0 Lakhs/mo,"Rs. 250,000 - Rs. 1,500,000",4.5 Stars (328 Reviews),No Website (Only IndiaMART / Sulekha listing),Managing Partners / Principal Designers,+91 9815 991 916,"High-ticket luxury clients in Rohini Sectors 9, 13 & 14 cannot verify past completed project portfolios online.","Pitch 'SahayShakti Designer Showcase': High-speed 3D project gallery, instant kitchen cost estimator, and exclusive Google organic lead funnel (Zero aggregator commission).",High Priority,Uncontacted / Ready for Pitch
SST-ROH-1286,Aura Space Modular Solutions & Decor (Branch 2),Interior Designers & Modular Kitchens,Sector 24 Commercial Centre,Near Rithala Metro Link,"Rohini, Delhi - 110085",Rs. 14.0 - 19.0 Lakhs/mo,"Rs. 250,000 - Rs. 1,500,000",4.5 Stars (294 Reviews),Extremely Outdated Static Page (Not Mobile Responsive),Managing Partners / Principal Designers,+91 9871 109 335,Lacks a 3D virtual project walkthrough website and interactive modular kitchen cost calculator.,"Pitch 'SahayShakti Designer Showcase': High-speed 3D project gallery, instant kitchen cost estimator, and exclusive Google organic lead funnel (Zero aggregator commission).",High Priority,Uncontacted / Ready for Pitch
SST-ROH-1287,Signature Living Architecture & Interiors (Branch 2),Interior Designers & Modular Kitchens,Sector 3 Rohini Market,Near Jaipur Golden Hospital,"Rohini, Delhi - 110085",Rs. 35.0 - 39.0 Lakhs/mo,"Rs. 250,000 - Rs. 1,500,000",4.4 Stars (363 Reviews),No Website (Only Instagram Profile & WhatsApp link),Managing Partners / Principal Designers,+91 9856 882 491,Lacks a 3D virtual project walkthrough website and interactive modular kitchen cost calculator.,"Pitch 'SahayShakti Designer Showcase': High-speed 3D project gallery, instant kitchen cost estimator, and exclusive Google organic lead funnel (Zero aggregator commission).",Hot (High Revenue / Zero Web Presence),Uncontacted / Ready for Pitch
SST-ROH-1288,Inspace Turnkey Interiors & Modular Systems (Branch 2),Interior Designers & Modular Kitchens,Sector 5 CSC Market,Near Rajiv Gandhi Cancer Institute,"Rohini, Delhi - 110085",Rs. 23.0 - 29.0 Lakhs/mo,"Rs. 250,000 - Rs. 1,500,000",4.8 Stars (414 Reviews),Broken / Inactive Free Subdomain (.business.site discontinued),Managing Partners / Principal Designers,+91 9832 315 753,Lacks a 3D virtual project walkthrough website and interactive modular kitchen cost calculator.,"Pitch 'SahayShakti Designer Showcase': High-speed 3D project gallery, instant kitchen cost estimator, and exclusive Google organic lead funnel (Zero aggregator commission).",Hot (High Revenue / Zero Web Presence),Uncontacted / Ready for Pitch
SST-ROH-1289,DecoStyle False Ceiling & Modular Kitchens (Branch 2),Interior Designers & Modular Kitchens,Sector 6 Commercial Complex,Near Ayodhya Chowk,"Rohini, Delhi - 110085",Rs. 32.0 - 36.0 Lakhs/mo,"Rs. 250,000 - Rs. 1,500,000",4.3 Stars (278 Reviews),No Website (Only Instagram Profile & WhatsApp link),Managing Partners / Principal Designers,+91 9871 119 107,Depends on aggregator leads (Justdial/IndiaMART) which are resold to 5 competitors simultaneously.,"Pitch 'SahayShakti Designer Showcase': High-speed 3D project gallery, instant kitchen cost estimator, and exclusive Google organic lead funnel (Zero aggregator commission).",Hot (High Revenue / Zero Web Presence),Uncontacted / Ready for Pitch
SST-ROH-1290,Perfect Space Architectural Studio (Branch 2),Interior Designers & Modular Kitchens,Sector 18 Commercial Hub,Badli Road / Samaypur link,"Rohini, Delhi - 110089",Rs. 18.0 - 21.0 Lakhs/mo,"Rs. 250,000 - Rs. 1,500,000",4.4 Stars (486 Reviews),No Website (Only IndiaMART / Sulekha listing),Managing Partners / Principal Designers,+91 9893 669 469,Lacks a 3D virtual project walkthrough website and interactive modular kitchen cost calculator.,"Pitch 'SahayShakti Designer Showcase': High-speed 3D project gallery, instant kitchen cost estimator, and exclusive Google organic lead funnel (Zero aggregator commission).",High Priority,Uncontacted / Ready for Pitch
SST-ROH-1291,Takshila Institute JEE-NEET Medical Hub,Coaching Institutes & EdTech,Sector 7 Market,Near Rohini West Metro Station,"Rohini, Delhi - 110085",Rs. 21.0 - 24.0 Lakhs/mo,"Rs. 15,000 - Rs. 85,000",4.4 Stars (679 Reviews),No Website (Only IndiaMART / Sulekha listing),Directors / Academic Heads,+91 9834 766 494,Lacks parent-student inquiry portal and online fee payment / brochure download page.,"Pitch 'SahayShakti EduGrowth Portal': Free demo lecture registration page, automated brochure download funnel, and student inquiry CRM.",Hot (High Revenue / Zero Web Presence),Uncontacted / Ready for Pitch
SST-ROH-1292,AVJ Academy CA Foundation & Inter Hub,Coaching Institutes & EdTech,Sector 8 Main Market,Near Rohini East Metro Station,"Rohini, Delhi - 110085",Rs. 11.0 - 14.0 Lakhs/mo,"Rs. 15,000 - Rs. 85,000",4.9 Stars (106 Reviews),No Website (Only Justdial & Google Map listing),Directors / Academic Heads,+91 9846 629 902,Relies only on offline pamphlets and banners; zero Google search presence for competitive courses in Rohini.,"Pitch 'SahayShakti EduGrowth Portal': Free demo lecture registration page, automated brochure download funnel, and student inquiry CRM.",High Priority,Uncontacted / Ready for Pitch
SST-ROH-1293,Simplified JEE & NEET Academy,Coaching Institutes & EdTech,Sector 9 Commercial Complex,Near DC Chowk,"Rohini, Delhi - 110085",Rs. 16.0 - 19.0 Lakhs/mo,"Rs. 15,000 - Rs. 85,000",4.7 Stars (586 Reviews),No Website (Only Justdial & Google Map listing),Directors / Academic Heads,+91 9844 125 511,No online demo lecture registration or test series lead-capture funnel; loses students to branded test prep portals.,"Pitch 'SahayShakti EduGrowth Portal': Free demo lecture registration page, automated brochure download funnel, and student inquiry CRM.",High Priority,Uncontacted / Ready for Pitch
SST-ROH-1294,Cambridge IELTS & Study Abroad Hub,Coaching Institutes & EdTech,Sector 11 Market,Near G3S Mall & Garg Trade Centre,"Rohini, Delhi - 110085",Rs. 25.0 - 28.0 Lakhs/mo,"Rs. 15,000 - Rs. 85,000",4.6 Stars (549 Reviews),Broken / Inactive Free Subdomain (.business.site discontinued),Directors / Academic Heads,+91 9885 130 224,"No dedicated landing page for seasonal crash courses (CUET, NEET, CA Foundation, IELTS intake).","Pitch 'SahayShakti EduGrowth Portal': Free demo lecture registration page, automated brochure download funnel, and student inquiry CRM.",Hot (High Revenue / Zero Web Presence),Uncontacted / Ready for Pitch
SST-ROH-1295,British IELTS Coaching Academy,Coaching Institutes & EdTech,Sector 13 Central Market,Ring Road / Bhagwan Mahavir Hospital Road,"Rohini, Delhi - 110085",Rs. 13.0 - 18.0 Lakhs/mo,"Rs. 15,000 - Rs. 85,000",4.4 Stars (177 Reviews),Broken / Inactive Free Subdomain (.business.site discontinued),Directors / Academic Heads,+91 9832 356 704,Relies only on offline pamphlets and banners; zero Google search presence for competitive courses in Rohini.,"Pitch 'SahayShakti EduGrowth Portal': Free demo lecture registration page, automated brochure download funnel, and student inquiry CRM.",High Priority,Uncontacted / Ready for Pitch
SST-ROH-1296,Crown Learning Hub IELTS & PTE,Coaching Institutes & EdTech,Sector 14 Prashant Vihar,Near Fun Cinema / Outer Ring Road,"Rohini, Delhi - 110085",Rs. 10.0 - 15.0 Lakhs/mo,"Rs. 15,000 - Rs. 85,000",4.8 Stars (548 Reviews),No Website (Only IndiaMART / Sulekha listing),Directors / Academic Heads,+91 9810 616 685,"No dedicated landing page for seasonal crash courses (CUET, NEET, CA Foundation, IELTS intake).","Pitch 'SahayShakti EduGrowth Portal': Free demo lecture registration page, automated brochure download funnel, and student inquiry CRM.",High Priority,Uncontacted / Ready for Pitch
SST-ROH-1297,Next Step IELTS & OET Training Centre,Coaching Institutes & EdTech,Sector 15 Main Commercial Market,Near KN Katju Marg,"Rohini, Delhi - 110089",Rs. 17.0 - 21.0 Lakhs/mo,"Rs. 15,000 - Rs. 85,000",4.8 Stars (153 Reviews),No Website (Only Justdial & Google Map listing),Directors / Academic Heads,+91 9815 748 610,Relies only on offline pamphlets and banners; zero Google search presence for competitive courses in Rohini.,"Pitch 'SahayShakti EduGrowth Portal': Free demo lecture registration page, automated brochure download funnel, and student inquiry CRM.",High Priority,Uncontacted / Ready for Pitch
SST-ROH-1298,Excellent Students' Academy (ESA),Coaching Institutes & EdTech,Sector 16 Market,Opposite DTU Hub,"Rohini, Delhi - 110089",Rs. 16.0 - 22.0 Lakhs/mo,"Rs. 15,000 - Rs. 85,000",4.5 Stars (504 Reviews),No Website (Only Justdial & Google Map listing),Directors / Academic Heads,+91 9840 122 886,No online demo lecture registration or test series lead-capture funnel; loses students to branded test prep portals.,"Pitch 'SahayShakti EduGrowth Portal': Free demo lecture registration page, automated brochure download funnel, and student inquiry CRM.",High Priority,Uncontacted / Ready for Pitch
SST-ROH-1299,Garg Commerce Classes CA & Class 12,Coaching Institutes & EdTech,Sector 17 Commercial Hub,Near City Centre,"Rohini, Delhi - 110089",Rs. 23.0 - 29.0 Lakhs/mo,"Rs. 15,000 - Rs. 85,000",4.3 Stars (388 Reviews),No Website (Only Justdial & Google Map listing),Directors / Academic Heads,+91 9819 137 178,No online demo lecture registration or test series lead-capture funnel; loses students to branded test prep portals.,"Pitch 'SahayShakti EduGrowth Portal': Free demo lecture registration page, automated brochure download funnel, and student inquiry CRM.",Hot (High Revenue / Zero Web Presence),Uncontacted / Ready for Pitch
SST-ROH-1300,Vidyamandir Classes Rohini Affiliate,Coaching Institutes & EdTech,Sector 24 Commercial Centre,Near Rithala Metro Link,"Rohini, Delhi - 110085",Rs. 12.0 - 16.0 Lakhs/mo,"Rs. 15,000 - Rs. 85,000",4.6 Stars (152 Reviews),No Website (Only IndiaMART / Sulekha listing),Directors / Academic Heads,+91 9870 866 886,No online demo lecture registration or test series lead-capture funnel; loses students to branded test prep portals.,"Pitch 'SahayShakti EduGrowth Portal': Free demo lecture registration page, automated brochure download funnel, and student inquiry CRM.",High Priority,Uncontacted / Ready for Pitch
SST-ROH-1301,Pinnacle Institute SSC & Banking Prep,Coaching Institutes & EdTech,Sector 3 Rohini Market,Near Jaipur Golden Hospital,"Rohini, Delhi - 110085",Rs. 12.0 - 14.0 Lakhs/mo,"Rs. 15,000 - Rs. 85,000",4.5 Stars (496 Reviews),Broken / Inactive Free Subdomain (.business.site discontinued),Directors / Academic Heads,+91 9849 327 651,"No dedicated landing page for seasonal crash courses (CUET, NEET, CA Foundation, IELTS intake).","Pitch 'SahayShakti EduGrowth Portal': Free demo lecture registration page, automated brochure download funnel, and student inquiry CRM.",High Priority,Uncontacted / Ready for Pitch
SST-ROH-1302,Concept Plus IIT-JEE & Foundation,Coaching Institutes & EdTech,Sector 5 CSC Market,Near Rajiv Gandhi Cancer Institute,"Rohini, Delhi - 110085",Rs. 13.0 - 15.0 Lakhs/mo,"Rs. 15,000 - Rs. 85,000",4.4 Stars (74 Reviews),No Website (Only Instagram Profile & WhatsApp link),Directors / Academic Heads,+91 9869 843 581,No online demo lecture registration or test series lead-capture funnel; loses students to branded test prep portals.,"Pitch 'SahayShakti EduGrowth Portal': Free demo lecture registration page, automated brochure download funnel, and student inquiry CRM.",High Priority,Uncontacted / Ready for Pitch
SST-ROH-1303,Scholars Hub Mathematics & Science Academy,Coaching Institutes & EdTech,Sector 6 Commercial Complex,Near Ayodhya Chowk,"Rohini, Delhi - 110085",Rs. 10.0 - 16.0 Lakhs/mo,"Rs. 15,000 - Rs. 85,000",4.5 Stars (268 Reviews),No Website (Only Justdial & Google Map listing),Directors / Academic Heads,+91 9869 964 878,Lacks parent-student inquiry portal and online fee payment / brochure download page.,"Pitch 'SahayShakti EduGrowth Portal': Free demo lecture registration page, automated brochure download funnel, and student inquiry CRM.",High Priority,Uncontacted / Ready for Pitch
SST-ROH-1304,Global Visa & IELTS Preparation Lounge,Coaching Institutes & EdTech,Sector 18 Commercial Hub,Badli Road / Samaypur link,"Rohini, Delhi - 110089",Rs. 21.0 - 25.0 Lakhs/mo,"Rs. 15,000 - Rs. 85,000",4.7 Stars (511 Reviews),No Website (Only Instagram Profile & WhatsApp link),Directors / Academic Heads,+91 9855 641 103,Lacks parent-student inquiry portal and online fee payment / brochure download page.,"Pitch 'SahayShakti EduGrowth Portal': Free demo lecture registration page, automated brochure download funnel, and student inquiry CRM.",Hot (High Revenue / Zero Web Presence),Uncontacted / Ready for Pitch
SST-ROH-1305,Rankers Point JEE-NEET Academy,Coaching Institutes & EdTech,Sector 22 Market,Near Pocket 4 Market,"Rohini, Delhi - 110086",Rs. 10.0 - 14.0 Lakhs/mo,"Rs. 15,000 - Rs. 85,000",4.4 Stars (322 Reviews),Broken / Inactive Free Subdomain (.business.site discontinued),Directors / Academic Heads,+91 9874 164 566,Relies only on offline pamphlets and banners; zero Google search presence for competitive courses in Rohini.,"Pitch 'SahayShakti EduGrowth Portal': Free demo lecture registration page, automated brochure download funnel, and student inquiry CRM.",High Priority,Uncontacted / Ready for Pitch
SST-ROH-1306,Maheshwari Commerce Classes Rohini,Coaching Institutes & EdTech,Sector 25 Marble & Commercial Hub,Near Rithala Industrial Area,"Rohini, Delhi - 110085",Rs. 28.0 - 34.0 Lakhs/mo,"Rs. 15,000 - Rs. 85,000",4.6 Stars (655 Reviews),No Website (Only Instagram Profile & WhatsApp link),Directors / Academic Heads,+91 9842 402 649,Lacks parent-student inquiry portal and online fee payment / brochure download page.,"Pitch 'SahayShakti EduGrowth Portal': Free demo lecture registration page, automated brochure download funnel, and student inquiry CRM.",Hot (High Revenue / Zero Web Presence),Uncontacted / Ready for Pitch
SST-ROH-1307,IMS Study Abroad & IELTS Rohini,Coaching Institutes & EdTech,Mangolpuri Marble Market Hub (Rohini Border),Main Outer Ring Road,"Rohini, Delhi - 110083",Rs. 27.0 - 31.0 Lakhs/mo,"Rs. 15,000 - Rs. 85,000",4.6 Stars (535 Reviews),No Website (Only IndiaMART / Sulekha listing),Directors / Academic Heads,+91 9848 597 690,Relies only on offline pamphlets and banners; zero Google search presence for competitive courses in Rohini.,"Pitch 'SahayShakti EduGrowth Portal': Free demo lecture registration page, automated brochure download funnel, and student inquiry CRM.",Hot (High Revenue / Zero Web Presence),Uncontacted / Ready for Pitch
SST-ROH-1308,Ignite Physics & Chemistry Academy,Coaching Institutes & EdTech,GT Karnal Road Banquet Belt,Alipur / Rohini Extn,"Rohini, Delhi - 110036",Rs. 14.0 - 16.0 Lakhs/mo,"Rs. 15,000 - Rs. 85,000",4.4 Stars (576 Reviews),No Website (Only IndiaMART / Sulekha listing),Directors / Academic Heads,+91 9848 247 218,Relies only on offline pamphlets and banners; zero Google search presence for competitive courses in Rohini.,"Pitch 'SahayShakti EduGrowth Portal': Free demo lecture registration page, automated brochure download funnel, and student inquiry CRM.",High Priority,Uncontacted / Ready for Pitch
SST-ROH-1309,Study Metro Overseas Education & IELTS,Coaching Institutes & EdTech,Pitampura Commercial Hub,Near Netaji Subhash Place / Rani Bagh,"Rohini, Delhi - 110034",Rs. 25.0 - 30.0 Lakhs/mo,"Rs. 15,000 - Rs. 85,000",4.4 Stars (616 Reviews),Extremely Outdated Static Page (Not Mobile Responsive),Directors / Academic Heads,+91 9865 686 791,No online demo lecture registration or test series lead-capture funnel; loses students to branded test prep portals.,"Pitch 'SahayShakti EduGrowth Portal': Free demo lecture registration page, automated brochure download funnel, and student inquiry CRM.",Hot (High Revenue / Zero Web Presence),Uncontacted / Ready for Pitch
SST-ROH-1310,Alpha Plus Maths & Economics Academy,Coaching Institutes & EdTech,Sector 7 Market,Near Rohini West Metro Station,"Rohini, Delhi - 110085",Rs. 8.0 - 11.0 Lakhs/mo,"Rs. 15,000 - Rs. 85,000",4.4 Stars (627 Reviews),Broken / Inactive Free Subdomain (.business.site discontinued),Directors / Academic Heads,+91 9817 374 716,No online demo lecture registration or test series lead-capture funnel; loses students to branded test prep portals.,"Pitch 'SahayShakti EduGrowth Portal': Free demo lecture registration page, automated brochure download funnel, and student inquiry CRM.",High Priority,Uncontacted / Ready for Pitch
SST-ROH-1311,Target NEET Medical Classes Rohini,Coaching Institutes & EdTech,Sector 8 Main Market,Near Rohini East Metro Station,"Rohini, Delhi - 110085",Rs. 15.0 - 20.0 Lakhs/mo,"Rs. 15,000 - Rs. 85,000",4.4 Stars (477 Reviews),Extremely Outdated Static Page (Not Mobile Responsive),Directors / Academic Heads,+91 9816 418 308,"No dedicated landing page for seasonal crash courses (CUET, NEET, CA Foundation, IELTS intake).","Pitch 'SahayShakti EduGrowth Portal': Free demo lecture registration page, automated brochure download funnel, and student inquiry CRM.",High Priority,Uncontacted / Ready for Pitch
SST-ROH-1312,EduQuest Academy Class 9 to 12 Tuitions,Coaching Institutes & EdTech,Sector 9 Commercial Complex,Near DC Chowk,"Rohini, Delhi - 110085",Rs. 25.0 - 29.0 Lakhs/mo,"Rs. 15,000 - Rs. 85,000",4.8 Stars (147 Reviews),No Website (Only Justdial & Google Map listing),Directors / Academic Heads,+91 9848 989 526,Lacks parent-student inquiry portal and online fee payment / brochure download page.,"Pitch 'SahayShakti EduGrowth Portal': Free demo lecture registration page, automated brochure download funnel, and student inquiry CRM.",Hot (High Revenue / Zero Web Presence),Uncontacted / Ready for Pitch
SST-ROH-1313,Career Launcher Rohini Partner Centre,Coaching Institutes & EdTech,Sector 11 Market,Near G3S Mall & Garg Trade Centre,"Rohini, Delhi - 110085",Rs. 26.0 - 28.0 Lakhs/mo,"Rs. 15,000 - Rs. 85,000",4.3 Stars (553 Reviews),No Website (Only Instagram Profile & WhatsApp link),Directors / Academic Heads,+91 9866 513 931,"No dedicated landing page for seasonal crash courses (CUET, NEET, CA Foundation, IELTS intake).","Pitch 'SahayShakti EduGrowth Portal': Free demo lecture registration page, automated brochure download funnel, and student inquiry CRM.",Hot (High Revenue / Zero Web Presence),Uncontacted / Ready for Pitch
SST-ROH-1314,Apex Humanities & Law Entrance Hub,Coaching Institutes & EdTech,Sector 13 Central Market,Ring Road / Bhagwan Mahavir Hospital Road,"Rohini, Delhi - 110085",Rs. 9.0 - 14.0 Lakhs/mo,"Rs. 15,000 - Rs. 85,000",4.6 Stars (179 Reviews),No Website (Only Justdial & Google Map listing),Directors / Academic Heads,+91 9817 855 621,Lacks parent-student inquiry portal and online fee payment / brochure download page.,"Pitch 'SahayShakti EduGrowth Portal': Free demo lecture registration page, automated brochure download funnel, and student inquiry CRM.",High Priority,Uncontacted / Ready for Pitch
SST-ROH-1315,Bright Future IELTS & Spoken English,Coaching Institutes & EdTech,Sector 14 Prashant Vihar,Near Fun Cinema / Outer Ring Road,"Rohini, Delhi - 110085",Rs. 13.0 - 18.0 Lakhs/mo,"Rs. 15,000 - Rs. 85,000",4.6 Stars (535 Reviews),No Website (Only IndiaMART / Sulekha listing),Directors / Academic Heads,+91 9855 276 404,"No dedicated landing page for seasonal crash courses (CUET, NEET, CA Foundation, IELTS intake).","Pitch 'SahayShakti EduGrowth Portal': Free demo lecture registration page, automated brochure download funnel, and student inquiry CRM.",High Priority,Uncontacted / Ready for Pitch
SST-ROH-1316,Focus Point Science Academy (CBSE/JEE),Coaching Institutes & EdTech,Sector 15 Main Commercial Market,Near KN Katju Marg,"Rohini, Delhi - 110089",Rs. 18.0 - 22.0 Lakhs/mo,"Rs. 15,000 - Rs. 85,000",4.5 Stars (75 Reviews),Broken / Inactive Free Subdomain (.business.site discontinued),Directors / Academic Heads,+91 9819 329 885,Relies only on offline pamphlets and banners; zero Google search presence for competitive courses in Rohini.,"Pitch 'SahayShakti EduGrowth Portal': Free demo lecture registration page, automated brochure download funnel, and student inquiry CRM.",Hot (High Revenue / Zero Web Presence),Uncontacted / Ready for Pitch
SST-ROH-1317,Success Mantra CLAT & Law Entrance Hub,Coaching Institutes & EdTech,Sector 16 Market,Opposite DTU Hub,"Rohini, Delhi - 110089",Rs. 27.0 - 29.0 Lakhs/mo,"Rs. 15,000 - Rs. 85,000",4.5 Stars (464 Reviews),No Website (Only IndiaMART / Sulekha listing),Directors / Academic Heads,+91 9882 699 711,Lacks parent-student inquiry portal and online fee payment / brochure download page.,"Pitch 'SahayShakti EduGrowth Portal': Free demo lecture registration page, automated brochure download funnel, and student inquiry CRM.",Hot (High Revenue / Zero Web Presence),Uncontacted / Ready for Pitch
SST-ROH-1318,Pinnacle Commerce Classes & CA Inter,Coaching Institutes & EdTech,Sector 17 Commercial Hub,Near City Centre,"Rohini, Delhi - 110089",Rs. 16.0 - 19.0 Lakhs/mo,"Rs. 15,000 - Rs. 85,000",4.5 Stars (647 Reviews),No Website (Only Instagram Profile & WhatsApp link),Directors / Academic Heads,+91 9852 982 364,No online demo lecture registration or test series lead-capture funnel; loses students to branded test prep portals.,"Pitch 'SahayShakti EduGrowth Portal': Free demo lecture registration page, automated brochure download funnel, and student inquiry CRM.",High Priority,Uncontacted / Ready for Pitch
SST-ROH-1319,Imperial Overseas Education & IELTS Centre,Coaching Institutes & EdTech,Sector 24 Commercial Centre,Near Rithala Metro Link,"Rohini, Delhi - 110085",Rs. 19.0 - 24.0 Lakhs/mo,"Rs. 15,000 - Rs. 85,000",4.9 Stars (661 Reviews),Extremely Outdated Static Page (Not Mobile Responsive),Directors / Academic Heads,+91 9828 517 951,No online demo lecture registration or test series lead-capture funnel; loses students to branded test prep portals.,"Pitch 'SahayShakti EduGrowth Portal': Free demo lecture registration page, automated brochure download funnel, and student inquiry CRM.",Hot (High Revenue / Zero Web Presence),Uncontacted / Ready for Pitch
SST-ROH-1320,Vedic Maths & Abacus Brain Academy,Coaching Institutes & EdTech,Sector 3 Rohini Market,Near Jaipur Golden Hospital,"Rohini, Delhi - 110085",Rs. 24.0 - 29.0 Lakhs/mo,"Rs. 15,000 - Rs. 85,000",4.5 Stars (440 Reviews),Broken / Inactive Free Subdomain (.business.site discontinued),Directors / Academic Heads,+91 9844 809 520,Relies only on offline pamphlets and banners; zero Google search presence for competitive courses in Rohini.,"Pitch 'SahayShakti EduGrowth Portal': Free demo lecture registration page, automated brochure download funnel, and student inquiry CRM.",Hot (High Revenue / Zero Web Presence),Uncontacted / Ready for Pitch
SST-ROH-1321,Gupta Chemistry Classes For JEE/NEET,Coaching Institutes & EdTech,Sector 5 CSC Market,Near Rajiv Gandhi Cancer Institute,"Rohini, Delhi - 110085",Rs. 24.0 - 30.0 Lakhs/mo,"Rs. 15,000 - Rs. 85,000",4.7 Stars (672 Reviews),No Website (Only IndiaMART / Sulekha listing),Directors / Academic Heads,+91 9820 250 926,Lacks parent-student inquiry portal and online fee payment / brochure download page.,"Pitch 'SahayShakti EduGrowth Portal': Free demo lecture registration page, automated brochure download funnel, and student inquiry CRM.",Hot (High Revenue / Zero Web Presence),Uncontacted / Ready for Pitch
SST-ROH-1322,Kumar Physics Classes For IIT Aspirants,Coaching Institutes & EdTech,Sector 6 Commercial Complex,Near Ayodhya Chowk,"Rohini, Delhi - 110085",Rs. 11.0 - 13.0 Lakhs/mo,"Rs. 15,000 - Rs. 85,000",4.9 Stars (113 Reviews),Extremely Outdated Static Page (Not Mobile Responsive),Directors / Academic Heads,+91 9818 779 845,"No dedicated landing page for seasonal crash courses (CUET, NEET, CA Foundation, IELTS intake).","Pitch 'SahayShakti EduGrowth Portal': Free demo lecture registration page, automated brochure download funnel, and student inquiry CRM.",High Priority,Uncontacted / Ready for Pitch
SST-ROH-1323,Genius Mind Tuition Bureau & Home Tutors,Coaching Institutes & EdTech,Sector 18 Commercial Hub,Badli Road / Samaypur link,"Rohini, Delhi - 110089",Rs. 19.0 - 21.0 Lakhs/mo,"Rs. 15,000 - Rs. 85,000",4.5 Stars (52 Reviews),No Website (Only Justdial & Google Map listing),Directors / Academic Heads,+91 9820 419 117,Relies only on offline pamphlets and banners; zero Google search presence for competitive courses in Rohini.,"Pitch 'SahayShakti EduGrowth Portal': Free demo lecture registration page, automated brochure download funnel, and student inquiry CRM.",Hot (High Revenue / Zero Web Presence),Uncontacted / Ready for Pitch
SST-ROH-1324,Achievers IELTS & German Language Academy,Coaching Institutes & EdTech,Sector 22 Market,Near Pocket 4 Market,"Rohini, Delhi - 110086",Rs. 19.0 - 22.0 Lakhs/mo,"Rs. 15,000 - Rs. 85,000",4.4 Stars (544 Reviews),Extremely Outdated Static Page (Not Mobile Responsive),Directors / Academic Heads,+91 9888 979 248,Relies only on offline pamphlets and banners; zero Google search presence for competitive courses in Rohini.,"Pitch 'SahayShakti EduGrowth Portal': Free demo lecture registration page, automated brochure download funnel, and student inquiry CRM.",Hot (High Revenue / Zero Web Presence),Uncontacted / Ready for Pitch
SST-ROH-1325,Aryavart Academy For NDA & Defence Exams,Coaching Institutes & EdTech,Sector 25 Marble & Commercial Hub,Near Rithala Industrial Area,"Rohini, Delhi - 110085",Rs. 12.0 - 14.0 Lakhs/mo,"Rs. 15,000 - Rs. 85,000",4.3 Stars (228 Reviews),No Website (Only Justdial & Google Map listing),Directors / Academic Heads,+91 9899 906 960,"No dedicated landing page for seasonal crash courses (CUET, NEET, CA Foundation, IELTS intake).","Pitch 'SahayShakti EduGrowth Portal': Free demo lecture registration page, automated brochure download funnel, and student inquiry CRM.",High Priority,Uncontacted / Ready for Pitch
SST-ROH-1326,Sharma Commerce & Accountancy Tutorials,Coaching Institutes & EdTech,Mangolpuri Marble Market Hub (Rohini Border),Main Outer Ring Road,"Rohini, Delhi - 110083",Rs. 21.0 - 23.0 Lakhs/mo,"Rs. 15,000 - Rs. 85,000",4.6 Stars (492 Reviews),No Website (Only Instagram Profile & WhatsApp link),Directors / Academic Heads,+91 9836 404 508,No online demo lecture registration or test series lead-capture funnel; loses students to branded test prep portals.,"Pitch 'SahayShakti EduGrowth Portal': Free demo lecture registration page, automated brochure download funnel, and student inquiry CRM.",Hot (High Revenue / Zero Web Presence),Uncontacted / Ready for Pitch
SST-ROH-1327,Excel IELTS & English Language Institute,Coaching Institutes & EdTech,GT Karnal Road Banquet Belt,Alipur / Rohini Extn,"Rohini, Delhi - 110036",Rs. 14.0 - 19.0 Lakhs/mo,"Rs. 15,000 - Rs. 85,000",4.4 Stars (97 Reviews),No Website (Only Justdial & Google Map listing),Directors / Academic Heads,+91 9855 592 298,Lacks parent-student inquiry portal and online fee payment / brochure download page.,"Pitch 'SahayShakti EduGrowth Portal': Free demo lecture registration page, automated brochure download funnel, and student inquiry CRM.",High Priority,Uncontacted / Ready for Pitch
SST-ROH-1328,Triumph Academy For CUET & UG Entrances,Coaching Institutes & EdTech,Pitampura Commercial Hub,Near Netaji Subhash Place / Rani Bagh,"Rohini, Delhi - 110034",Rs. 26.0 - 28.0 Lakhs/mo,"Rs. 15,000 - Rs. 85,000",4.5 Stars (195 Reviews),No Website (Only Instagram Profile & WhatsApp link),Directors / Academic Heads,+91 9848 473 406,Lacks parent-student inquiry portal and online fee payment / brochure download page.,"Pitch 'SahayShakti EduGrowth Portal': Free demo lecture registration page, automated brochure download funnel, and student inquiry CRM.",Hot (High Revenue / Zero Web Presence),Uncontacted / Ready for Pitch
SST-ROH-1329,Future Wings Study Abroad Consultancy,Coaching Institutes & EdTech,Sector 7 Market,Near Rohini West Metro Station,"Rohini, Delhi - 110085",Rs. 14.0 - 17.0 Lakhs/mo,"Rs. 15,000 - Rs. 85,000",4.6 Stars (641 Reviews),No Website (Only IndiaMART / Sulekha listing),Directors / Academic Heads,+91 9848 416 432,No online demo lecture registration or test series lead-capture funnel; loses students to branded test prep portals.,"Pitch 'SahayShakti EduGrowth Portal': Free demo lecture registration page, automated brochure download funnel, and student inquiry CRM.",High Priority,Uncontacted / Ready for Pitch
SST-ROH-1330,Masterminds Mathematics & Science Centre,Coaching Institutes & EdTech,Sector 8 Main Market,Near Rohini East Metro Station,"Rohini, Delhi - 110085",Rs. 20.0 - 22.0 Lakhs/mo,"Rs. 15,000 - Rs. 85,000",4.7 Stars (571 Reviews),Broken / Inactive Free Subdomain (.business.site discontinued),Directors / Academic Heads,+91 9887 688 347,No online demo lecture registration or test series lead-capture funnel; loses students to branded test prep portals.,"Pitch 'SahayShakti EduGrowth Portal': Free demo lecture registration page, automated brochure download funnel, and student inquiry CRM.",Hot (High Revenue / Zero Web Presence),Uncontacted / Ready for Pitch
SST-ROH-1331,Kalyan Commerce Classes For CA/CS,Coaching Institutes & EdTech,Sector 9 Commercial Complex,Near DC Chowk,"Rohini, Delhi - 110085",Rs. 9.0 - 11.0 Lakhs/mo,"Rs. 15,000 - Rs. 85,000",4.8 Stars (183 Reviews),No Website (Only Justdial & Google Map listing),Directors / Academic Heads,+91 9845 638 240,No online demo lecture registration or test series lead-capture funnel; loses students to branded test prep portals.,"Pitch 'SahayShakti EduGrowth Portal': Free demo lecture registration page, automated brochure download funnel, and student inquiry CRM.",High Priority,Uncontacted / Ready for Pitch
SST-ROH-1332,Gravity Science Classes For JEE/NEET,Coaching Institutes & EdTech,Sector 11 Market,Near G3S Mall & Garg Trade Centre,"Rohini, Delhi - 110085",Rs. 20.0 - 26.0 Lakhs/mo,"Rs. 15,000 - Rs. 85,000",4.4 Stars (129 Reviews),No Website (Only IndiaMART / Sulekha listing),Directors / Academic Heads,+91 9880 615 263,No online demo lecture registration or test series lead-capture funnel; loses students to branded test prep portals.,"Pitch 'SahayShakti EduGrowth Portal': Free demo lecture registration page, automated brochure download funnel, and student inquiry CRM.",Hot (High Revenue / Zero Web Presence),Uncontacted / Ready for Pitch
SST-ROH-1333,The English Hub IELTS & PTE Coaching,Coaching Institutes & EdTech,Sector 13 Central Market,Ring Road / Bhagwan Mahavir Hospital Road,"Rohini, Delhi - 110085",Rs. 27.0 - 31.0 Lakhs/mo,"Rs. 15,000 - Rs. 85,000",4.7 Stars (207 Reviews),Broken / Inactive Free Subdomain (.business.site discontinued),Directors / Academic Heads,+91 9849 624 109,No online demo lecture registration or test series lead-capture funnel; loses students to branded test prep portals.,"Pitch 'SahayShakti EduGrowth Portal': Free demo lecture registration page, automated brochure download funnel, and student inquiry CRM.",Hot (High Revenue / Zero Web Presence),Uncontacted / Ready for Pitch
SST-ROH-1334,Zenith Commerce Academy For Board Prep,Coaching Institutes & EdTech,Sector 14 Prashant Vihar,Near Fun Cinema / Outer Ring Road,"Rohini, Delhi - 110085",Rs. 27.0 - 30.0 Lakhs/mo,"Rs. 15,000 - Rs. 85,000",4.5 Stars (324 Reviews),No Website (Only Instagram Profile & WhatsApp link),Directors / Academic Heads,+91 9847 584 139,"No dedicated landing page for seasonal crash courses (CUET, NEET, CA Foundation, IELTS intake).","Pitch 'SahayShakti EduGrowth Portal': Free demo lecture registration page, automated brochure download funnel, and student inquiry CRM.",Hot (High Revenue / Zero Web Presence),Uncontacted / Ready for Pitch
SST-ROH-1335,Pioneer Institute Of Foreign Languages,Coaching Institutes & EdTech,Sector 15 Main Commercial Market,Near KN Katju Marg,"Rohini, Delhi - 110089",Rs. 23.0 - 28.0 Lakhs/mo,"Rs. 15,000 - Rs. 85,000",4.8 Stars (592 Reviews),No Website (Only Instagram Profile & WhatsApp link),Directors / Academic Heads,+91 9878 591 424,No online demo lecture registration or test series lead-capture funnel; loses students to branded test prep portals.,"Pitch 'SahayShakti EduGrowth Portal': Free demo lecture registration page, automated brochure download funnel, and student inquiry CRM.",Hot (High Revenue / Zero Web Presence),Uncontacted / Ready for Pitch
SST-ROH-1336,Top Rankers Law & CLAT Coaching Hub,Coaching Institutes & EdTech,Sector 16 Market,Opposite DTU Hub,"Rohini, Delhi - 110089",Rs. 19.0 - 21.0 Lakhs/mo,"Rs. 15,000 - Rs. 85,000",4.6 Stars (404 Reviews),No Website (Only IndiaMART / Sulekha listing),Directors / Academic Heads,+91 9877 540 619,"No dedicated landing page for seasonal crash courses (CUET, NEET, CA Foundation, IELTS intake).","Pitch 'SahayShakti EduGrowth Portal': Free demo lecture registration page, automated brochure download funnel, and student inquiry CRM.",Hot (High Revenue / Zero Web Presence),Uncontacted / Ready for Pitch
SST-ROH-1337,Edulight Tuition Centre Sector 15,Coaching Institutes & EdTech,Sector 17 Commercial Hub,Near City Centre,"Rohini, Delhi - 110089",Rs. 24.0 - 30.0 Lakhs/mo,"Rs. 15,000 - Rs. 85,000",4.5 Stars (506 Reviews),Broken / Inactive Free Subdomain (.business.site discontinued),Directors / Academic Heads,+91 9899 973 160,No online demo lecture registration or test series lead-capture funnel; loses students to branded test prep portals.,"Pitch 'SahayShakti EduGrowth Portal': Free demo lecture registration page, automated brochure download funnel, and student inquiry CRM.",Hot (High Revenue / Zero Web Presence),Uncontacted / Ready for Pitch
SST-ROH-1338,Knowledge Park JEE-NEET Foundation,Coaching Institutes & EdTech,Sector 24 Commercial Centre,Near Rithala Metro Link,"Rohini, Delhi - 110085",Rs. 23.0 - 25.0 Lakhs/mo,"Rs. 15,000 - Rs. 85,000",4.7 Stars (446 Reviews),No Website (Only IndiaMART / Sulekha listing),Directors / Academic Heads,+91 9884 721 991,Relies only on offline pamphlets and banners; zero Google search presence for competitive courses in Rohini.,"Pitch 'SahayShakti EduGrowth Portal': Free demo lecture registration page, automated brochure download funnel, and student inquiry CRM.",Hot (High Revenue / Zero Web Presence),Uncontacted / Ready for Pitch
SST-ROH-1339,Fly Abroad Overseas Education Consultants,Coaching Institutes & EdTech,Sector 3 Rohini Market,Near Jaipur Golden Hospital,"Rohini, Delhi - 110085",Rs. 25.0 - 27.0 Lakhs/mo,"Rs. 15,000 - Rs. 85,000",4.6 Stars (388 Reviews),No Website (Only IndiaMART / Sulekha listing),Directors / Academic Heads,+91 9842 558 352,Relies only on offline pamphlets and banners; zero Google search presence for competitive courses in Rohini.,"Pitch 'SahayShakti EduGrowth Portal': Free demo lecture registration page, automated brochure download funnel, and student inquiry CRM.",Hot (High Revenue / Zero Web Presence),Uncontacted / Ready for Pitch
SST-ROH-1340,Spectrum Science & Mathematics Classes,Coaching Institutes & EdTech,Sector 5 CSC Market,Near Rajiv Gandhi Cancer Institute,"Rohini, Delhi - 110085",Rs. 23.0 - 26.0 Lakhs/mo,"Rs. 15,000 - Rs. 85,000",4.6 Stars (257 Reviews),Extremely Outdated Static Page (Not Mobile Responsive),Directors / Academic Heads,+91 9899 467 399,Relies only on offline pamphlets and banners; zero Google search presence for competitive courses in Rohini.,"Pitch 'SahayShakti EduGrowth Portal': Free demo lecture registration page, automated brochure download funnel, and student inquiry CRM.",Hot (High Revenue / Zero Web Presence),Uncontacted / Ready for Pitch
SST-ROH-1341,Wisdom Academy For CUET & Commerce,Coaching Institutes & EdTech,Sector 6 Commercial Complex,Near Ayodhya Chowk,"Rohini, Delhi - 110085",Rs. 11.0 - 17.0 Lakhs/mo,"Rs. 15,000 - Rs. 85,000",4.9 Stars (134 Reviews),No Website (Only Justdial & Google Map listing),Directors / Academic Heads,+91 9876 346 329,Relies only on offline pamphlets and banners; zero Google search presence for competitive courses in Rohini.,"Pitch 'SahayShakti EduGrowth Portal': Free demo lecture registration page, automated brochure download funnel, and student inquiry CRM.",High Priority,Uncontacted / Ready for Pitch
SST-ROH-1342,Dream Catchers IELTS & Immigration Prep,Coaching Institutes & EdTech,Sector 18 Commercial Hub,Badli Road / Samaypur link,"Rohini, Delhi - 110089",Rs. 27.0 - 33.0 Lakhs/mo,"Rs. 15,000 - Rs. 85,000",4.8 Stars (426 Reviews),No Website (Only Justdial & Google Map listing),Directors / Academic Heads,+91 9838 846 999,No online demo lecture registration or test series lead-capture funnel; loses students to branded test prep portals.,"Pitch 'SahayShakti EduGrowth Portal': Free demo lecture registration page, automated brochure download funnel, and student inquiry CRM.",Hot (High Revenue / Zero Web Presence),Uncontacted / Ready for Pitch
SST-ROH-1343,Brilliant Commerce Classes Rohini,Coaching Institutes & EdTech,Sector 22 Market,Near Pocket 4 Market,"Rohini, Delhi - 110086",Rs. 15.0 - 19.0 Lakhs/mo,"Rs. 15,000 - Rs. 85,000",4.4 Stars (73 Reviews),Extremely Outdated Static Page (Not Mobile Responsive),Directors / Academic Heads,+91 9856 522 774,No online demo lecture registration or test series lead-capture funnel; loses students to branded test prep portals.,"Pitch 'SahayShakti EduGrowth Portal': Free demo lecture registration page, automated brochure download funnel, and student inquiry CRM.",High Priority,Uncontacted / Ready for Pitch
SST-ROH-1344,Prashant Vihar Science & Maths Academy,Coaching Institutes & EdTech,Sector 25 Marble & Commercial Hub,Near Rithala Industrial Area,"Rohini, Delhi - 110085",Rs. 14.0 - 18.0 Lakhs/mo,"Rs. 15,000 - Rs. 85,000",4.8 Stars (620 Reviews),Extremely Outdated Static Page (Not Mobile Responsive),Directors / Academic Heads,+91 9819 821 220,Relies only on offline pamphlets and banners; zero Google search presence for competitive courses in Rohini.,"Pitch 'SahayShakti EduGrowth Portal': Free demo lecture registration page, automated brochure download funnel, and student inquiry CRM.",High Priority,Uncontacted / Ready for Pitch
SST-ROH-1345,Career Vision NDA & SSB Coaching Institute,Coaching Institutes & EdTech,Mangolpuri Marble Market Hub (Rohini Border),Main Outer Ring Road,"Rohini, Delhi - 110083",Rs. 21.0 - 24.0 Lakhs/mo,"Rs. 15,000 - Rs. 85,000",4.8 Stars (254 Reviews),No Website (Only IndiaMART / Sulekha listing),Directors / Academic Heads,+91 9857 556 244,No online demo lecture registration or test series lead-capture funnel; loses students to branded test prep portals.,"Pitch 'SahayShakti EduGrowth Portal': Free demo lecture registration page, automated brochure download funnel, and student inquiry CRM.",Hot (High Revenue / Zero Web Presence),Uncontacted / Ready for Pitch
SST-ROH-1346,Pathfinder IELTS & Foreign Studies,Coaching Institutes & EdTech,GT Karnal Road Banquet Belt,Alipur / Rohini Extn,"Rohini, Delhi - 110036",Rs. 13.0 - 16.0 Lakhs/mo,"Rs. 15,000 - Rs. 85,000",4.6 Stars (421 Reviews),No Website (Only IndiaMART / Sulekha listing),Directors / Academic Heads,+91 9887 757 660,"No dedicated landing page for seasonal crash courses (CUET, NEET, CA Foundation, IELTS intake).","Pitch 'SahayShakti EduGrowth Portal': Free demo lecture registration page, automated brochure download funnel, and student inquiry CRM.",High Priority,Uncontacted / Ready for Pitch
SST-ROH-1347,Genesis IIT-JEE Medical Institute,Coaching Institutes & EdTech,Pitampura Commercial Hub,Near Netaji Subhash Place / Rani Bagh,"Rohini, Delhi - 110034",Rs. 26.0 - 30.0 Lakhs/mo,"Rs. 15,000 - Rs. 85,000",4.9 Stars (174 Reviews),Extremely Outdated Static Page (Not Mobile Responsive),Directors / Academic Heads,+91 9879 315 867,No online demo lecture registration or test series lead-capture funnel; loses students to branded test prep portals.,"Pitch 'SahayShakti EduGrowth Portal': Free demo lecture registration page, automated brochure download funnel, and student inquiry CRM.",Hot (High Revenue / Zero Web Presence),Uncontacted / Ready for Pitch
SST-ROH-1348,Takshila Institute JEE-NEET Medical Hub (Branch 2),Coaching Institutes & EdTech,Sector 7 Market,Near Rohini West Metro Station,"Rohini, Delhi - 110085",Rs. 9.0 - 12.0 Lakhs/mo,"Rs. 15,000 - Rs. 85,000",4.9 Stars (394 Reviews),Broken / Inactive Free Subdomain (.business.site discontinued),Directors / Academic Heads,+91 9876 985 986,"No dedicated landing page for seasonal crash courses (CUET, NEET, CA Foundation, IELTS intake).","Pitch 'SahayShakti EduGrowth Portal': Free demo lecture registration page, automated brochure download funnel, and student inquiry CRM.",High Priority,Uncontacted / Ready for Pitch
SST-ROH-1349,AVJ Academy CA Foundation & Inter Hub (Branch 2),Coaching Institutes & EdTech,Sector 8 Main Market,Near Rohini East Metro Station,"Rohini, Delhi - 110085",Rs. 13.0 - 19.0 Lakhs/mo,"Rs. 15,000 - Rs. 85,000",4.9 Stars (491 Reviews),Extremely Outdated Static Page (Not Mobile Responsive),Directors / Academic Heads,+91 9841 372 487,Relies only on offline pamphlets and banners; zero Google search presence for competitive courses in Rohini.,"Pitch 'SahayShakti EduGrowth Portal': Free demo lecture registration page, automated brochure download funnel, and student inquiry CRM.",High Priority,Uncontacted / Ready for Pitch
SST-ROH-1350,Simplified JEE & NEET Academy (Branch 2),Coaching Institutes & EdTech,Sector 9 Commercial Complex,Near DC Chowk,"Rohini, Delhi - 110085",Rs. 13.0 - 16.0 Lakhs/mo,"Rs. 15,000 - Rs. 85,000",4.3 Stars (322 Reviews),No Website (Only IndiaMART / Sulekha listing),Directors / Academic Heads,+91 9861 683 355,Relies only on offline pamphlets and banners; zero Google search presence for competitive courses in Rohini.,"Pitch 'SahayShakti EduGrowth Portal': Free demo lecture registration page, automated brochure download funnel, and student inquiry CRM.",High Priority,Uncontacted / Ready for Pitch
SST-ROH-1351,Cambridge IELTS & Study Abroad Hub (Branch 2),Coaching Institutes & EdTech,Sector 11 Market,Near G3S Mall & Garg Trade Centre,"Rohini, Delhi - 110085",Rs. 14.0 - 18.0 Lakhs/mo,"Rs. 15,000 - Rs. 85,000",4.3 Stars (187 Reviews),Extremely Outdated Static Page (Not Mobile Responsive),Directors / Academic Heads,+91 9838 971 922,Relies only on offline pamphlets and banners; zero Google search presence for competitive courses in Rohini.,"Pitch 'SahayShakti EduGrowth Portal': Free demo lecture registration page, automated brochure download funnel, and student inquiry CRM.",High Priority,Uncontacted / Ready for Pitch
SST-ROH-1352,British IELTS Coaching Academy (Branch 2),Coaching Institutes & EdTech,Sector 13 Central Market,Ring Road / Bhagwan Mahavir Hospital Road,"Rohini, Delhi - 110085",Rs. 21.0 - 24.0 Lakhs/mo,"Rs. 15,000 - Rs. 85,000",4.5 Stars (132 Reviews),Extremely Outdated Static Page (Not Mobile Responsive),Directors / Academic Heads,+91 9859 559 137,Relies only on offline pamphlets and banners; zero Google search presence for competitive courses in Rohini.,"Pitch 'SahayShakti EduGrowth Portal': Free demo lecture registration page, automated brochure download funnel, and student inquiry CRM.",Hot (High Revenue / Zero Web Presence),Uncontacted / Ready for Pitch
SST-ROH-1353,Crown Learning Hub IELTS & PTE (Branch 2),Coaching Institutes & EdTech,Sector 14 Prashant Vihar,Near Fun Cinema / Outer Ring Road,"Rohini, Delhi - 110085",Rs. 22.0 - 26.0 Lakhs/mo,"Rs. 15,000 - Rs. 85,000",4.4 Stars (66 Reviews),No Website (Only Instagram Profile & WhatsApp link),Directors / Academic Heads,+91 9812 363 506,Lacks parent-student inquiry portal and online fee payment / brochure download page.,"Pitch 'SahayShakti EduGrowth Portal': Free demo lecture registration page, automated brochure download funnel, and student inquiry CRM.",Hot (High Revenue / Zero Web Presence),Uncontacted / Ready for Pitch
SST-ROH-1354,Next Step IELTS & OET Training Centre (Branch 2),Coaching Institutes & EdTech,Sector 15 Main Commercial Market,Near KN Katju Marg,"Rohini, Delhi - 110089",Rs. 9.0 - 13.0 Lakhs/mo,"Rs. 15,000 - Rs. 85,000",4.8 Stars (589 Reviews),No Website (Only IndiaMART / Sulekha listing),Directors / Academic Heads,+91 9883 262 380,Relies only on offline pamphlets and banners; zero Google search presence for competitive courses in Rohini.,"Pitch 'SahayShakti EduGrowth Portal': Free demo lecture registration page, automated brochure download funnel, and student inquiry CRM.",High Priority,Uncontacted / Ready for Pitch
SST-ROH-1355,Excellent Students' Academy (ESA) (Branch 2),Coaching Institutes & EdTech,Sector 16 Market,Opposite DTU Hub,"Rohini, Delhi - 110089",Rs. 20.0 - 23.0 Lakhs/mo,"Rs. 15,000 - Rs. 85,000",4.6 Stars (113 Reviews),Extremely Outdated Static Page (Not Mobile Responsive),Directors / Academic Heads,+91 9819 579 350,Relies only on offline pamphlets and banners; zero Google search presence for competitive courses in Rohini.,"Pitch 'SahayShakti EduGrowth Portal': Free demo lecture registration page, automated brochure download funnel, and student inquiry CRM.",Hot (High Revenue / Zero Web Presence),Uncontacted / Ready for Pitch
SST-ROH-1356,Garg Commerce Classes CA & Class 12 (Branch 2),Coaching Institutes & EdTech,Sector 17 Commercial Hub,Near City Centre,"Rohini, Delhi - 110089",Rs. 12.0 - 18.0 Lakhs/mo,"Rs. 15,000 - Rs. 85,000",4.4 Stars (402 Reviews),No Website (Only Instagram Profile & WhatsApp link),Directors / Academic Heads,+91 9823 613 400,Lacks parent-student inquiry portal and online fee payment / brochure download page.,"Pitch 'SahayShakti EduGrowth Portal': Free demo lecture registration page, automated brochure download funnel, and student inquiry CRM.",High Priority,Uncontacted / Ready for Pitch
SST-ROH-1357,Vidyamandir Classes Rohini Affiliate (Branch 2),Coaching Institutes & EdTech,Sector 24 Commercial Centre,Near Rithala Metro Link,"Rohini, Delhi - 110085",Rs. 25.0 - 28.0 Lakhs/mo,"Rs. 15,000 - Rs. 85,000",4.8 Stars (330 Reviews),Extremely Outdated Static Page (Not Mobile Responsive),Directors / Academic Heads,+91 9851 793 347,Relies only on offline pamphlets and banners; zero Google search presence for competitive courses in Rohini.,"Pitch 'SahayShakti EduGrowth Portal': Free demo lecture registration page, automated brochure download funnel, and student inquiry CRM.",Hot (High Revenue / Zero Web Presence),Uncontacted / Ready for Pitch
SST-ROH-1358,Pinnacle Institute SSC & Banking Prep (Branch 2),Coaching Institutes & EdTech,Sector 3 Rohini Market,Near Jaipur Golden Hospital,"Rohini, Delhi - 110085",Rs. 9.0 - 15.0 Lakhs/mo,"Rs. 15,000 - Rs. 85,000",4.8 Stars (541 Reviews),No Website (Only Instagram Profile & WhatsApp link),Directors / Academic Heads,+91 9836 872 927,"No dedicated landing page for seasonal crash courses (CUET, NEET, CA Foundation, IELTS intake).","Pitch 'SahayShakti EduGrowth Portal': Free demo lecture registration page, automated brochure download funnel, and student inquiry CRM.",High Priority,Uncontacted / Ready for Pitch
SST-ROH-1359,Concept Plus IIT-JEE & Foundation (Branch 2),Coaching Institutes & EdTech,Sector 5 CSC Market,Near Rajiv Gandhi Cancer Institute,"Rohini, Delhi - 110085",Rs. 12.0 - 16.0 Lakhs/mo,"Rs. 15,000 - Rs. 85,000",4.4 Stars (229 Reviews),Extremely Outdated Static Page (Not Mobile Responsive),Directors / Academic Heads,+91 9875 263 143,No online demo lecture registration or test series lead-capture funnel; loses students to branded test prep portals.,"Pitch 'SahayShakti EduGrowth Portal': Free demo lecture registration page, automated brochure download funnel, and student inquiry CRM.",High Priority,Uncontacted / Ready for Pitch
SST-ROH-1360,Scholars Hub Mathematics & Science Academy (Branch 2),Coaching Institutes & EdTech,Sector 6 Commercial Complex,Near Ayodhya Chowk,"Rohini, Delhi - 110085",Rs. 18.0 - 20.0 Lakhs/mo,"Rs. 15,000 - Rs. 85,000",4.6 Stars (287 Reviews),No Website (Only IndiaMART / Sulekha listing),Directors / Academic Heads,+91 9872 732 226,Lacks parent-student inquiry portal and online fee payment / brochure download page.,"Pitch 'SahayShakti EduGrowth Portal': Free demo lecture registration page, automated brochure download funnel, and student inquiry CRM.",Hot (High Revenue / Zero Web Presence),Uncontacted / Ready for Pitch
SST-ROH-1361,Global Visa & IELTS Preparation Lounge (Branch 2),Coaching Institutes & EdTech,Sector 18 Commercial Hub,Badli Road / Samaypur link,"Rohini, Delhi - 110089",Rs. 28.0 - 31.0 Lakhs/mo,"Rs. 15,000 - Rs. 85,000",4.4 Stars (418 Reviews),No Website (Only IndiaMART / Sulekha listing),Directors / Academic Heads,+91 9823 783 226,No online demo lecture registration or test series lead-capture funnel; loses students to branded test prep portals.,"Pitch 'SahayShakti EduGrowth Portal': Free demo lecture registration page, automated brochure download funnel, and student inquiry CRM.",Hot (High Revenue / Zero Web Presence),Uncontacted / Ready for Pitch
SST-ROH-1362,Rankers Point JEE-NEET Academy (Branch 2),Coaching Institutes & EdTech,Sector 22 Market,Near Pocket 4 Market,"Rohini, Delhi - 110086",Rs. 21.0 - 26.0 Lakhs/mo,"Rs. 15,000 - Rs. 85,000",4.7 Stars (392 Reviews),No Website (Only Justdial & Google Map listing),Directors / Academic Heads,+91 9889 987 248,Relies only on offline pamphlets and banners; zero Google search presence for competitive courses in Rohini.,"Pitch 'SahayShakti EduGrowth Portal': Free demo lecture registration page, automated brochure download funnel, and student inquiry CRM.",Hot (High Revenue / Zero Web Presence),Uncontacted / Ready for Pitch
SST-ROH-1363,Maheshwari Commerce Classes Rohini (Branch 2),Coaching Institutes & EdTech,Sector 25 Marble & Commercial Hub,Near Rithala Industrial Area,"Rohini, Delhi - 110085",Rs. 27.0 - 32.0 Lakhs/mo,"Rs. 15,000 - Rs. 85,000",4.7 Stars (397 Reviews),No Website (Only IndiaMART / Sulekha listing),Directors / Academic Heads,+91 9879 411 558,No online demo lecture registration or test series lead-capture funnel; loses students to branded test prep portals.,"Pitch 'SahayShakti EduGrowth Portal': Free demo lecture registration page, automated brochure download funnel, and student inquiry CRM.",Hot (High Revenue / Zero Web Presence),Uncontacted / Ready for Pitch
SST-ROH-1364,IMS Study Abroad & IELTS Rohini (Branch 2),Coaching Institutes & EdTech,Mangolpuri Marble Market Hub (Rohini Border),Main Outer Ring Road,"Rohini, Delhi - 110083",Rs. 13.0 - 17.0 Lakhs/mo,"Rs. 15,000 - Rs. 85,000",4.5 Stars (676 Reviews),No Website (Only Justdial & Google Map listing),Directors / Academic Heads,+91 9836 240 521,Lacks parent-student inquiry portal and online fee payment / brochure download page.,"Pitch 'SahayShakti EduGrowth Portal': Free demo lecture registration page, automated brochure download funnel, and student inquiry CRM.",High Priority,Uncontacted / Ready for Pitch
SST-ROH-1365,Ignite Physics & Chemistry Academy (Branch 2),Coaching Institutes & EdTech,GT Karnal Road Banquet Belt,Alipur / Rohini Extn,"Rohini, Delhi - 110036",Rs. 16.0 - 19.0 Lakhs/mo,"Rs. 15,000 - Rs. 85,000",4.9 Stars (678 Reviews),Broken / Inactive Free Subdomain (.business.site discontinued),Directors / Academic Heads,+91 9889 177 332,Relies only on offline pamphlets and banners; zero Google search presence for competitive courses in Rohini.,"Pitch 'SahayShakti EduGrowth Portal': Free demo lecture registration page, automated brochure download funnel, and student inquiry CRM.",High Priority,Uncontacted / Ready for Pitch
SST-ROH-1366,Study Metro Overseas Education & IELTS (Branch 2),Coaching Institutes & EdTech,Pitampura Commercial Hub,Near Netaji Subhash Place / Rani Bagh,"Rohini, Delhi - 110034",Rs. 10.0 - 15.0 Lakhs/mo,"Rs. 15,000 - Rs. 85,000",4.5 Stars (484 Reviews),No Website (Only IndiaMART / Sulekha listing),Directors / Academic Heads,+91 9895 923 668,Lacks parent-student inquiry portal and online fee payment / brochure download page.,"Pitch 'SahayShakti EduGrowth Portal': Free demo lecture registration page, automated brochure download funnel, and student inquiry CRM.",High Priority,Uncontacted / Ready for Pitch
SST-ROH-1367,Alpha Plus Maths & Economics Academy (Branch 2),Coaching Institutes & EdTech,Sector 7 Market,Near Rohini West Metro Station,"Rohini, Delhi - 110085",Rs. 26.0 - 32.0 Lakhs/mo,"Rs. 15,000 - Rs. 85,000",4.8 Stars (645 Reviews),Broken / Inactive Free Subdomain (.business.site discontinued),Directors / Academic Heads,+91 9811 530 933,"No dedicated landing page for seasonal crash courses (CUET, NEET, CA Foundation, IELTS intake).","Pitch 'SahayShakti EduGrowth Portal': Free demo lecture registration page, automated brochure download funnel, and student inquiry CRM.",Hot (High Revenue / Zero Web Presence),Uncontacted / Ready for Pitch
SST-ROH-1368,Target NEET Medical Classes Rohini (Branch 2),Coaching Institutes & EdTech,Sector 8 Main Market,Near Rohini East Metro Station,"Rohini, Delhi - 110085",Rs. 15.0 - 20.0 Lakhs/mo,"Rs. 15,000 - Rs. 85,000",4.4 Stars (375 Reviews),Broken / Inactive Free Subdomain (.business.site discontinued),Directors / Academic Heads,+91 9878 293 147,Relies only on offline pamphlets and banners; zero Google search presence for competitive courses in Rohini.,"Pitch 'SahayShakti EduGrowth Portal': Free demo lecture registration page, automated brochure download funnel, and student inquiry CRM.",High Priority,Uncontacted / Ready for Pitch
SST-ROH-1369,EduQuest Academy Class 9 to 12 Tuitions (Branch 2),Coaching Institutes & EdTech,Sector 9 Commercial Complex,Near DC Chowk,"Rohini, Delhi - 110085",Rs. 27.0 - 32.0 Lakhs/mo,"Rs. 15,000 - Rs. 85,000",4.7 Stars (599 Reviews),Broken / Inactive Free Subdomain (.business.site discontinued),Directors / Academic Heads,+91 9848 197 277,Relies only on offline pamphlets and banners; zero Google search presence for competitive courses in Rohini.,"Pitch 'SahayShakti EduGrowth Portal': Free demo lecture registration page, automated brochure download funnel, and student inquiry CRM.",Hot (High Revenue / Zero Web Presence),Uncontacted / Ready for Pitch
SST-ROH-1370,Career Launcher Rohini Partner Centre (Branch 2),Coaching Institutes & EdTech,Sector 11 Market,Near G3S Mall & Garg Trade Centre,"Rohini, Delhi - 110085",Rs. 18.0 - 23.0 Lakhs/mo,"Rs. 15,000 - Rs. 85,000",4.4 Stars (199 Reviews),No Website (Only IndiaMART / Sulekha listing),Directors / Academic Heads,+91 9881 198 871,Lacks parent-student inquiry portal and online fee payment / brochure download page.,"Pitch 'SahayShakti EduGrowth Portal': Free demo lecture registration page, automated brochure download funnel, and student inquiry CRM.",Hot (High Revenue / Zero Web Presence),Uncontacted / Ready for Pitch
SST-ROH-1371,Apex Humanities & Law Entrance Hub (Branch 2),Coaching Institutes & EdTech,Sector 13 Central Market,Ring Road / Bhagwan Mahavir Hospital Road,"Rohini, Delhi - 110085",Rs. 11.0 - 17.0 Lakhs/mo,"Rs. 15,000 - Rs. 85,000",4.9 Stars (564 Reviews),No Website (Only Instagram Profile & WhatsApp link),Directors / Academic Heads,+91 9885 539 604,Relies only on offline pamphlets and banners; zero Google search presence for competitive courses in Rohini.,"Pitch 'SahayShakti EduGrowth Portal': Free demo lecture registration page, automated brochure download funnel, and student inquiry CRM.",High Priority,Uncontacted / Ready for Pitch
SST-ROH-1372,Bright Future IELTS & Spoken English (Branch 2),Coaching Institutes & EdTech,Sector 14 Prashant Vihar,Near Fun Cinema / Outer Ring Road,"Rohini, Delhi - 110085",Rs. 12.0 - 15.0 Lakhs/mo,"Rs. 15,000 - Rs. 85,000",4.6 Stars (266 Reviews),No Website (Only Instagram Profile & WhatsApp link),Directors / Academic Heads,+91 9814 545 875,"No dedicated landing page for seasonal crash courses (CUET, NEET, CA Foundation, IELTS intake).","Pitch 'SahayShakti EduGrowth Portal': Free demo lecture registration page, automated brochure download funnel, and student inquiry CRM.",High Priority,Uncontacted / Ready for Pitch
SST-ROH-1373,Focus Point Science Academy (CBSE/JEE) (Branch 2),Coaching Institutes & EdTech,Sector 15 Main Commercial Market,Near KN Katju Marg,"Rohini, Delhi - 110089",Rs. 25.0 - 30.0 Lakhs/mo,"Rs. 15,000 - Rs. 85,000",4.5 Stars (514 Reviews),Broken / Inactive Free Subdomain (.business.site discontinued),Directors / Academic Heads,+91 9864 684 278,Lacks parent-student inquiry portal and online fee payment / brochure download page.,"Pitch 'SahayShakti EduGrowth Portal': Free demo lecture registration page, automated brochure download funnel, and student inquiry CRM.",Hot (High Revenue / Zero Web Presence),Uncontacted / Ready for Pitch
SST-ROH-1374,Success Mantra CLAT & Law Entrance Hub (Branch 2),Coaching Institutes & EdTech,Sector 16 Market,Opposite DTU Hub,"Rohini, Delhi - 110089",Rs. 26.0 - 28.0 Lakhs/mo,"Rs. 15,000 - Rs. 85,000",4.3 Stars (568 Reviews),Broken / Inactive Free Subdomain (.business.site discontinued),Directors / Academic Heads,+91 9878 565 751,"No dedicated landing page for seasonal crash courses (CUET, NEET, CA Foundation, IELTS intake).","Pitch 'SahayShakti EduGrowth Portal': Free demo lecture registration page, automated brochure download funnel, and student inquiry CRM.",Hot (High Revenue / Zero Web Presence),Uncontacted / Ready for Pitch
SST-ROH-1375,Pinnacle Commerce Classes & CA Inter (Branch 2),Coaching Institutes & EdTech,Sector 17 Commercial Hub,Near City Centre,"Rohini, Delhi - 110089",Rs. 9.0 - 15.0 Lakhs/mo,"Rs. 15,000 - Rs. 85,000",4.6 Stars (327 Reviews),No Website (Only Justdial & Google Map listing),Directors / Academic Heads,+91 9819 198 249,Relies only on offline pamphlets and banners; zero Google search presence for competitive courses in Rohini.,"Pitch 'SahayShakti EduGrowth Portal': Free demo lecture registration page, automated brochure download funnel, and student inquiry CRM.",High Priority,Uncontacted / Ready for Pitch
SST-ROH-1376,Imperial Overseas Education & IELTS Centre (Branch 2),Coaching Institutes & EdTech,Sector 24 Commercial Centre,Near Rithala Metro Link,"Rohini, Delhi - 110085",Rs. 20.0 - 26.0 Lakhs/mo,"Rs. 15,000 - Rs. 85,000",4.5 Stars (473 Reviews),Broken / Inactive Free Subdomain (.business.site discontinued),Directors / Academic Heads,+91 9890 820 941,"No dedicated landing page for seasonal crash courses (CUET, NEET, CA Foundation, IELTS intake).","Pitch 'SahayShakti EduGrowth Portal': Free demo lecture registration page, automated brochure download funnel, and student inquiry CRM.",Hot (High Revenue / Zero Web Presence),Uncontacted / Ready for Pitch
SST-ROH-1377,Vedic Maths & Abacus Brain Academy (Branch 2),Coaching Institutes & EdTech,Sector 3 Rohini Market,Near Jaipur Golden Hospital,"Rohini, Delhi - 110085",Rs. 16.0 - 22.0 Lakhs/mo,"Rs. 15,000 - Rs. 85,000",4.5 Stars (387 Reviews),No Website (Only IndiaMART / Sulekha listing),Directors / Academic Heads,+91 9860 416 343,Lacks parent-student inquiry portal and online fee payment / brochure download page.,"Pitch 'SahayShakti EduGrowth Portal': Free demo lecture registration page, automated brochure download funnel, and student inquiry CRM.",High Priority,Uncontacted / Ready for Pitch
SST-ROH-1378,Gupta Chemistry Classes For JEE/NEET (Branch 2),Coaching Institutes & EdTech,Sector 5 CSC Market,Near Rajiv Gandhi Cancer Institute,"Rohini, Delhi - 110085",Rs. 19.0 - 23.0 Lakhs/mo,"Rs. 15,000 - Rs. 85,000",4.3 Stars (431 Reviews),Broken / Inactive Free Subdomain (.business.site discontinued),Directors / Academic Heads,+91 9873 244 379,No online demo lecture registration or test series lead-capture funnel; loses students to branded test prep portals.,"Pitch 'SahayShakti EduGrowth Portal': Free demo lecture registration page, automated brochure download funnel, and student inquiry CRM.",Hot (High Revenue / Zero Web Presence),Uncontacted / Ready for Pitch
SST-ROH-1379,Kumar Physics Classes For IIT Aspirants (Branch 2),Coaching Institutes & EdTech,Sector 6 Commercial Complex,Near Ayodhya Chowk,"Rohini, Delhi - 110085",Rs. 10.0 - 15.0 Lakhs/mo,"Rs. 15,000 - Rs. 85,000",4.3 Stars (641 Reviews),No Website (Only Instagram Profile & WhatsApp link),Directors / Academic Heads,+91 9859 249 554,No online demo lecture registration or test series lead-capture funnel; loses students to branded test prep portals.,"Pitch 'SahayShakti EduGrowth Portal': Free demo lecture registration page, automated brochure download funnel, and student inquiry CRM.",High Priority,Uncontacted / Ready for Pitch
SST-ROH-1380,Genius Mind Tuition Bureau & Home Tutors (Branch 2),Coaching Institutes & EdTech,Sector 18 Commercial Hub,Badli Road / Samaypur link,"Rohini, Delhi - 110089",Rs. 8.0 - 10.0 Lakhs/mo,"Rs. 15,000 - Rs. 85,000",4.3 Stars (661 Reviews),No Website (Only Justdial & Google Map listing),Directors / Academic Heads,+91 9841 780 856,No online demo lecture registration or test series lead-capture funnel; loses students to branded test prep portals.,"Pitch 'SahayShakti EduGrowth Portal': Free demo lecture registration page, automated brochure download funnel, and student inquiry CRM.",High Priority,Uncontacted / Ready for Pitch
SST-ROH-1381,Royal Orchid Banquet & Party Lawns,"Banquets, Party Lawns & Caterers",Sector 7 Market,Near Rohini West Metro Station,"Rohini, Delhi - 110085",Rs. 22.0 - 25.0 Lakhs/mo,"Rs. 100,000 - Rs. 800,000",4.6 Stars (589 Reviews),No Website (Only Justdial & Google Map listing),Managing Directors / Event Leads,+91 9874 353 987,Poor mobile presence when NRI / outstation families search for 'Best Banquets in Rohini / GT Karnal Road'.,"Pitch 'SahayShakti GrandEvent Portal': 360-degree virtual venue tour, interactive menu builder, and direct wedding consultation booking to eliminate middleman commissions.",High Priority,Uncontacted / Ready for Pitch
SST-ROH-1382,The Grand Heritage Banquet Hall,"Banquets, Party Lawns & Caterers",Sector 8 Main Market,Near Rohini East Metro Station,"Rohini, Delhi - 110085",Rs. 39.0 - 44.0 Lakhs/mo,"Rs. 100,000 - Rs. 800,000",4.6 Stars (344 Reviews),No Website (Only Instagram Profile & WhatsApp link),Managing Directors / Event Leads,+91 9862 490 196,High dependency on offline wedding brokers taking heavy 10-15% commission instead of direct website bookings.,"Pitch 'SahayShakti GrandEvent Portal': 360-degree virtual venue tour, interactive menu builder, and direct wedding consultation booking to eliminate middleman commissions.",Hot (High Revenue / Zero Web Presence),Uncontacted / Ready for Pitch
SST-ROH-1383,Celebration Paradise Luxury Banquets,"Banquets, Party Lawns & Caterers",Sector 9 Commercial Complex,Near DC Chowk,"Rohini, Delhi - 110085",Rs. 40.0 - 43.0 Lakhs/mo,"Rs. 100,000 - Rs. 800,000",4.7 Stars (296 Reviews),No Website (Only IndiaMART / Sulekha listing),Managing Directors / Event Leads,+91 9879 464 113,Lacks an interactive catering menu customizer and wedding package pricing estimator online.,"Pitch 'SahayShakti GrandEvent Portal': 360-degree virtual venue tour, interactive menu builder, and direct wedding consultation booking to eliminate middleman commissions.",Hot (High Revenue / Zero Web Presence),Uncontacted / Ready for Pitch
SST-ROH-1384,Golden Crown Banquet & Party Hall,"Banquets, Party Lawns & Caterers",Sector 11 Market,Near G3S Mall & Garg Trade Centre,"Rohini, Delhi - 110085",Rs. 23.0 - 26.0 Lakhs/mo,"Rs. 100,000 - Rs. 800,000",4.3 Stars (135 Reviews),Extremely Outdated Static Page (Not Mobile Responsive),Managing Directors / Event Leads,+91 9847 771 544,High dependency on offline wedding brokers taking heavy 10-15% commission instead of direct website bookings.,"Pitch 'SahayShakti GrandEvent Portal': 360-degree virtual venue tour, interactive menu builder, and direct wedding consultation booking to eliminate middleman commissions.",High Priority,Uncontacted / Ready for Pitch
SST-ROH-1385,Shree Radhey Party Lawn & Caterers,"Banquets, Party Lawns & Caterers",Sector 13 Central Market,Ring Road / Bhagwan Mahavir Hospital Road,"Rohini, Delhi - 110085",Rs. 16.0 - 21.0 Lakhs/mo,"Rs. 100,000 - Rs. 800,000",4.6 Stars (421 Reviews),No Website (Only IndiaMART / Sulekha listing),Managing Directors / Event Leads,+91 9825 619 994,No 360-degree virtual hall tour or real-time event date availability checker for wedding planners.,"Pitch 'SahayShakti GrandEvent Portal': 360-degree virtual venue tour, interactive menu builder, and direct wedding consultation booking to eliminate middleman commissions.",High Priority,Uncontacted / Ready for Pitch
SST-ROH-1386,The Venetian Luxury Banquet Hall,"Banquets, Party Lawns & Caterers",Sector 14 Prashant Vihar,Near Fun Cinema / Outer Ring Road,"Rohini, Delhi - 110085",Rs. 43.0 - 47.0 Lakhs/mo,"Rs. 100,000 - Rs. 800,000",4.4 Stars (462 Reviews),Broken / Inactive Free Subdomain (.business.site discontinued),Managing Directors / Event Leads,+91 9874 503 985,No 360-degree virtual hall tour or real-time event date availability checker for wedding planners.,"Pitch 'SahayShakti GrandEvent Portal': 360-degree virtual venue tour, interactive menu builder, and direct wedding consultation booking to eliminate middleman commissions.",Hot (High Revenue / Zero Web Presence),Uncontacted / Ready for Pitch
SST-ROH-1387,Seven Seas Banquet & Catering Rohini,"Banquets, Party Lawns & Caterers",Sector 15 Main Commercial Market,Near KN Katju Marg,"Rohini, Delhi - 110089",Rs. 38.0 - 43.0 Lakhs/mo,"Rs. 100,000 - Rs. 800,000",4.8 Stars (433 Reviews),Extremely Outdated Static Page (Not Mobile Responsive),Managing Directors / Event Leads,+91 9877 115 360,Poor mobile presence when NRI / outstation families search for 'Best Banquets in Rohini / GT Karnal Road'.,"Pitch 'SahayShakti GrandEvent Portal': 360-degree virtual venue tour, interactive menu builder, and direct wedding consultation booking to eliminate middleman commissions.",Hot (High Revenue / Zero Web Presence),Uncontacted / Ready for Pitch
SST-ROH-1388,The Rajwada Palace Banquet Lawns,"Banquets, Party Lawns & Caterers",Sector 16 Market,Opposite DTU Hub,"Rohini, Delhi - 110089",Rs. 44.0 - 50.0 Lakhs/mo,"Rs. 100,000 - Rs. 800,000",4.7 Stars (76 Reviews),Extremely Outdated Static Page (Not Mobile Responsive),Managing Directors / Event Leads,+91 9869 826 794,High dependency on offline wedding brokers taking heavy 10-15% commission instead of direct website bookings.,"Pitch 'SahayShakti GrandEvent Portal': 360-degree virtual venue tour, interactive menu builder, and direct wedding consultation booking to eliminate middleman commissions.",Hot (High Revenue / Zero Web Presence),Uncontacted / Ready for Pitch
SST-ROH-1389,Surya Grand Banquet & Event Suites,"Banquets, Party Lawns & Caterers",Sector 17 Commercial Hub,Near City Centre,"Rohini, Delhi - 110089",Rs. 33.0 - 39.0 Lakhs/mo,"Rs. 100,000 - Rs. 800,000",4.8 Stars (534 Reviews),Extremely Outdated Static Page (Not Mobile Responsive),Managing Directors / Event Leads,+91 9819 115 637,Lacks an interactive catering menu customizer and wedding package pricing estimator online.,"Pitch 'SahayShakti GrandEvent Portal': 360-degree virtual venue tour, interactive menu builder, and direct wedding consultation booking to eliminate middleman commissions.",Hot (High Revenue / Zero Web Presence),Uncontacted / Ready for Pitch
SST-ROH-1390,Vaishnav Banquet & Pure Veg Caterers,"Banquets, Party Lawns & Caterers",Sector 24 Commercial Centre,Near Rithala Metro Link,"Rohini, Delhi - 110085",Rs. 30.0 - 35.0 Lakhs/mo,"Rs. 100,000 - Rs. 800,000",4.5 Stars (362 Reviews),Broken / Inactive Free Subdomain (.business.site discontinued),Managing Directors / Event Leads,+91 9895 659 489,No 360-degree virtual hall tour or real-time event date availability checker for wedding planners.,"Pitch 'SahayShakti GrandEvent Portal': 360-degree virtual venue tour, interactive menu builder, and direct wedding consultation booking to eliminate middleman commissions.",High Priority,Uncontacted / Ready for Pitch
SST-ROH-1391,Shree Balaji Banquet & Marriage Lawn,"Banquets, Party Lawns & Caterers",Sector 3 Rohini Market,Near Jaipur Golden Hospital,"Rohini, Delhi - 110085",Rs. 38.0 - 43.0 Lakhs/mo,"Rs. 100,000 - Rs. 800,000",4.4 Stars (678 Reviews),No Website (Only Instagram Profile & WhatsApp link),Managing Directors / Event Leads,+91 9878 635 255,Poor mobile presence when NRI / outstation families search for 'Best Banquets in Rohini / GT Karnal Road'.,"Pitch 'SahayShakti GrandEvent Portal': 360-degree virtual venue tour, interactive menu builder, and direct wedding consultation booking to eliminate middleman commissions.",Hot (High Revenue / Zero Web Presence),Uncontacted / Ready for Pitch
SST-ROH-1392,The Emerald Banquet Hall Rohini,"Banquets, Party Lawns & Caterers",Sector 5 CSC Market,Near Rajiv Gandhi Cancer Institute,"Rohini, Delhi - 110085",Rs. 35.0 - 39.0 Lakhs/mo,"Rs. 100,000 - Rs. 800,000",4.7 Stars (297 Reviews),No Website (Only Instagram Profile & WhatsApp link),Managing Directors / Event Leads,+91 9822 809 245,No 360-degree virtual hall tour or real-time event date availability checker for wedding planners.,"Pitch 'SahayShakti GrandEvent Portal': 360-degree virtual venue tour, interactive menu builder, and direct wedding consultation booking to eliminate middleman commissions.",Hot (High Revenue / Zero Web Presence),Uncontacted / Ready for Pitch
SST-ROH-1393,Golden Tulip Party Lawns & Events,"Banquets, Party Lawns & Caterers",Sector 6 Commercial Complex,Near Ayodhya Chowk,"Rohini, Delhi - 110085",Rs. 36.0 - 38.0 Lakhs/mo,"Rs. 100,000 - Rs. 800,000",4.7 Stars (390 Reviews),No Website (Only IndiaMART / Sulekha listing),Managing Directors / Event Leads,+91 9840 497 168,High dependency on offline wedding brokers taking heavy 10-15% commission instead of direct website bookings.,"Pitch 'SahayShakti GrandEvent Portal': 360-degree virtual venue tour, interactive menu builder, and direct wedding consultation booking to eliminate middleman commissions.",Hot (High Revenue / Zero Web Presence),Uncontacted / Ready for Pitch
SST-ROH-1394,Orchid Palace Luxury Banquet Hall,"Banquets, Party Lawns & Caterers",Sector 18 Commercial Hub,Badli Road / Samaypur link,"Rohini, Delhi - 110089",Rs. 22.0 - 27.0 Lakhs/mo,"Rs. 100,000 - Rs. 800,000",4.6 Stars (151 Reviews),No Website (Only Justdial & Google Map listing),Managing Directors / Event Leads,+91 9888 950 722,No 360-degree virtual hall tour or real-time event date availability checker for wedding planners.,"Pitch 'SahayShakti GrandEvent Portal': 360-degree virtual venue tour, interactive menu builder, and direct wedding consultation booking to eliminate middleman commissions.",High Priority,Uncontacted / Ready for Pitch
SST-ROH-1395,Shree Krishna Caterers & Event Decor,"Banquets, Party Lawns & Caterers",Sector 22 Market,Near Pocket 4 Market,"Rohini, Delhi - 110086",Rs. 37.0 - 41.0 Lakhs/mo,"Rs. 100,000 - Rs. 800,000",4.4 Stars (654 Reviews),No Website (Only Instagram Profile & WhatsApp link),Managing Directors / Event Leads,+91 9884 299 571,Poor mobile presence when NRI / outstation families search for 'Best Banquets in Rohini / GT Karnal Road'.,"Pitch 'SahayShakti GrandEvent Portal': 360-degree virtual venue tour, interactive menu builder, and direct wedding consultation booking to eliminate middleman commissions.",Hot (High Revenue / Zero Web Presence),Uncontacted / Ready for Pitch
SST-ROH-1396,Grand Imperial Luxury Banquet Suites,"Banquets, Party Lawns & Caterers",Sector 25 Marble & Commercial Hub,Near Rithala Industrial Area,"Rohini, Delhi - 110085",Rs. 37.0 - 40.0 Lakhs/mo,"Rs. 100,000 - Rs. 800,000",4.7 Stars (320 Reviews),Extremely Outdated Static Page (Not Mobile Responsive),Managing Directors / Event Leads,+91 9866 384 104,Lacks an interactive catering menu customizer and wedding package pricing estimator online.,"Pitch 'SahayShakti GrandEvent Portal': 360-degree virtual venue tour, interactive menu builder, and direct wedding consultation booking to eliminate middleman commissions.",Hot (High Revenue / Zero Web Presence),Uncontacted / Ready for Pitch
SST-ROH-1397,The Palms Banquet & Open Lawns,"Banquets, Party Lawns & Caterers",Mangolpuri Marble Market Hub (Rohini Border),Main Outer Ring Road,"Rohini, Delhi - 110083",Rs. 37.0 - 39.0 Lakhs/mo,"Rs. 100,000 - Rs. 800,000",4.5 Stars (265 Reviews),Broken / Inactive Free Subdomain (.business.site discontinued),Managing Directors / Event Leads,+91 9828 149 743,Poor mobile presence when NRI / outstation families search for 'Best Banquets in Rohini / GT Karnal Road'.,"Pitch 'SahayShakti GrandEvent Portal': 360-degree virtual venue tour, interactive menu builder, and direct wedding consultation booking to eliminate middleman commissions.",Hot (High Revenue / Zero Web Presence),Uncontacted / Ready for Pitch
SST-ROH-1398,Maharaja Caterers & Wedding Decorators,"Banquets, Party Lawns & Caterers",GT Karnal Road Banquet Belt,Alipur / Rohini Extn,"Rohini, Delhi - 110036",Rs. 29.0 - 31.0 Lakhs/mo,"Rs. 100,000 - Rs. 800,000",4.5 Stars (53 Reviews),No Website (Only Justdial & Google Map listing),Managing Directors / Event Leads,+91 9895 826 136,High dependency on offline wedding brokers taking heavy 10-15% commission instead of direct website bookings.,"Pitch 'SahayShakti GrandEvent Portal': 360-degree virtual venue tour, interactive menu builder, and direct wedding consultation booking to eliminate middleman commissions.",High Priority,Uncontacted / Ready for Pitch
SST-ROH-1399,City Palace Banquet Hall Sector 10,"Banquets, Party Lawns & Caterers",Pitampura Commercial Hub,Near Netaji Subhash Place / Rani Bagh,"Rohini, Delhi - 110034",Rs. 40.0 - 42.0 Lakhs/mo,"Rs. 100,000 - Rs. 800,000",4.4 Stars (638 Reviews),Extremely Outdated Static Page (Not Mobile Responsive),Managing Directors / Event Leads,+91 9879 619 720,Poor mobile presence when NRI / outstation families search for 'Best Banquets in Rohini / GT Karnal Road'.,"Pitch 'SahayShakti GrandEvent Portal': 360-degree virtual venue tour, interactive menu builder, and direct wedding consultation booking to eliminate middleman commissions.",Hot (High Revenue / Zero Web Presence),Uncontacted / Ready for Pitch
SST-ROH-1400,Paradise Garden Party Lawn & Banquets,"Banquets, Party Lawns & Caterers",Sector 7 Market,Near Rohini West Metro Station,"Rohini, Delhi - 110085",Rs. 43.0 - 47.0 Lakhs/mo,"Rs. 100,000 - Rs. 800,000",4.8 Stars (495 Reviews),No Website (Only Instagram Profile & WhatsApp link),Managing Directors / Event Leads,+91 9897 595 121,No 360-degree virtual hall tour or real-time event date availability checker for wedding planners.,"Pitch 'SahayShakti GrandEvent Portal': 360-degree virtual venue tour, interactive menu builder, and direct wedding consultation booking to eliminate middleman commissions.",Hot (High Revenue / Zero Web Presence),Uncontacted / Ready for Pitch
SST-ROH-1401,Crown Plaza Banquet & Rooftop Lounge,"Banquets, Party Lawns & Caterers",Sector 8 Main Market,Near Rohini East Metro Station,"Rohini, Delhi - 110085",Rs. 17.0 - 23.0 Lakhs/mo,"Rs. 100,000 - Rs. 800,000",4.4 Stars (88 Reviews),No Website (Only Justdial & Google Map listing),Managing Directors / Event Leads,+91 9828 422 969,High dependency on offline wedding brokers taking heavy 10-15% commission instead of direct website bookings.,"Pitch 'SahayShakti GrandEvent Portal': 360-degree virtual venue tour, interactive menu builder, and direct wedding consultation booking to eliminate middleman commissions.",High Priority,Uncontacted / Ready for Pitch
SST-ROH-1402,Shahi Rasoi Pure Veg Outdoor Caterers,"Banquets, Party Lawns & Caterers",Sector 9 Commercial Complex,Near DC Chowk,"Rohini, Delhi - 110085",Rs. 40.0 - 42.0 Lakhs/mo,"Rs. 100,000 - Rs. 800,000",4.8 Stars (46 Reviews),No Website (Only Justdial & Google Map listing),Managing Directors / Event Leads,+91 9869 797 915,High dependency on offline wedding brokers taking heavy 10-15% commission instead of direct website bookings.,"Pitch 'SahayShakti GrandEvent Portal': 360-degree virtual venue tour, interactive menu builder, and direct wedding consultation booking to eliminate middleman commissions.",Hot (High Revenue / Zero Web Presence),Uncontacted / Ready for Pitch
SST-ROH-1403,Viceroy Luxury Banquets & Lawn,"Banquets, Party Lawns & Caterers",Sector 11 Market,Near G3S Mall & Garg Trade Centre,"Rohini, Delhi - 110085",Rs. 36.0 - 42.0 Lakhs/mo,"Rs. 100,000 - Rs. 800,000",4.4 Stars (193 Reviews),No Website (Only Justdial & Google Map listing),Managing Directors / Event Leads,+91 9899 101 915,Poor mobile presence when NRI / outstation families search for 'Best Banquets in Rohini / GT Karnal Road'.,"Pitch 'SahayShakti GrandEvent Portal': 360-degree virtual venue tour, interactive menu builder, and direct wedding consultation booking to eliminate middleman commissions.",Hot (High Revenue / Zero Web Presence),Uncontacted / Ready for Pitch
SST-ROH-1404,The Sapphire Event & Banquet Hub,"Banquets, Party Lawns & Caterers",Sector 13 Central Market,Ring Road / Bhagwan Mahavir Hospital Road,"Rohini, Delhi - 110085",Rs. 24.0 - 26.0 Lakhs/mo,"Rs. 100,000 - Rs. 800,000",4.6 Stars (637 Reviews),No Website (Only Justdial & Google Map listing),Managing Directors / Event Leads,+91 9876 513 887,High dependency on offline wedding brokers taking heavy 10-15% commission instead of direct website bookings.,"Pitch 'SahayShakti GrandEvent Portal': 360-degree virtual venue tour, interactive menu builder, and direct wedding consultation booking to eliminate middleman commissions.",High Priority,Uncontacted / Ready for Pitch
SST-ROH-1405,Royal Feast Catering & Wedding Planners,"Banquets, Party Lawns & Caterers",Sector 14 Prashant Vihar,Near Fun Cinema / Outer Ring Road,"Rohini, Delhi - 110085",Rs. 16.0 - 22.0 Lakhs/mo,"Rs. 100,000 - Rs. 800,000",4.9 Stars (76 Reviews),No Website (Only Justdial & Google Map listing),Managing Directors / Event Leads,+91 9826 981 813,No 360-degree virtual hall tour or real-time event date availability checker for wedding planners.,"Pitch 'SahayShakti GrandEvent Portal': 360-degree virtual venue tour, interactive menu builder, and direct wedding consultation booking to eliminate middleman commissions.",High Priority,Uncontacted / Ready for Pitch
SST-ROH-1406,Golden Moments Banquet & Lawn Rohini,"Banquets, Party Lawns & Caterers",Sector 15 Main Commercial Market,Near KN Katju Marg,"Rohini, Delhi - 110089",Rs. 37.0 - 40.0 Lakhs/mo,"Rs. 100,000 - Rs. 800,000",4.8 Stars (182 Reviews),No Website (Only Justdial & Google Map listing),Managing Directors / Event Leads,+91 9811 151 717,No 360-degree virtual hall tour or real-time event date availability checker for wedding planners.,"Pitch 'SahayShakti GrandEvent Portal': 360-degree virtual venue tour, interactive menu builder, and direct wedding consultation booking to eliminate middleman commissions.",Hot (High Revenue / Zero Web Presence),Uncontacted / Ready for Pitch
SST-ROH-1407,Shiv Shakti Banquets & Kitty Party Hall,"Banquets, Party Lawns & Caterers",Sector 16 Market,Opposite DTU Hub,"Rohini, Delhi - 110089",Rs. 50.0 - 56.0 Lakhs/mo,"Rs. 100,000 - Rs. 800,000",4.3 Stars (449 Reviews),No Website (Only IndiaMART / Sulekha listing),Managing Directors / Event Leads,+91 9829 844 666,High dependency on offline wedding brokers taking heavy 10-15% commission instead of direct website bookings.,"Pitch 'SahayShakti GrandEvent Portal': 360-degree virtual venue tour, interactive menu builder, and direct wedding consultation booking to eliminate middleman commissions.",Hot (High Revenue / Zero Web Presence),Uncontacted / Ready for Pitch
SST-ROH-1408,The Grand Celebrations Event Hall,"Banquets, Party Lawns & Caterers",Sector 17 Commercial Hub,Near City Centre,"Rohini, Delhi - 110089",Rs. 40.0 - 43.0 Lakhs/mo,"Rs. 100,000 - Rs. 800,000",4.7 Stars (597 Reviews),Broken / Inactive Free Subdomain (.business.site discontinued),Managing Directors / Event Leads,+91 9895 386 801,Poor mobile presence when NRI / outstation families search for 'Best Banquets in Rohini / GT Karnal Road'.,"Pitch 'SahayShakti GrandEvent Portal': 360-degree virtual venue tour, interactive menu builder, and direct wedding consultation booking to eliminate middleman commissions.",Hot (High Revenue / Zero Web Presence),Uncontacted / Ready for Pitch
SST-ROH-1409,Ambience Banquets & Poolside Lawn,"Banquets, Party Lawns & Caterers",Sector 24 Commercial Centre,Near Rithala Metro Link,"Rohini, Delhi - 110085",Rs. 23.0 - 28.0 Lakhs/mo,"Rs. 100,000 - Rs. 800,000",4.6 Stars (552 Reviews),No Website (Only Instagram Profile & WhatsApp link),Managing Directors / Event Leads,+91 9854 885 848,High dependency on offline wedding brokers taking heavy 10-15% commission instead of direct website bookings.,"Pitch 'SahayShakti GrandEvent Portal': 360-degree virtual venue tour, interactive menu builder, and direct wedding consultation booking to eliminate middleman commissions.",High Priority,Uncontacted / Ready for Pitch
SST-ROH-1410,Utsav Party Lawn & Tent Decorators,"Banquets, Party Lawns & Caterers",Sector 3 Rohini Market,Near Jaipur Golden Hospital,"Rohini, Delhi - 110085",Rs. 39.0 - 41.0 Lakhs/mo,"Rs. 100,000 - Rs. 800,000",4.4 Stars (640 Reviews),Broken / Inactive Free Subdomain (.business.site discontinued),Managing Directors / Event Leads,+91 9858 835 624,No 360-degree virtual hall tour or real-time event date availability checker for wedding planners.,"Pitch 'SahayShakti GrandEvent Portal': 360-degree virtual venue tour, interactive menu builder, and direct wedding consultation booking to eliminate middleman commissions.",Hot (High Revenue / Zero Web Presence),Uncontacted / Ready for Pitch
SST-ROH-1411,Annapurna Royal Caterers & Halwai,"Banquets, Party Lawns & Caterers",Sector 5 CSC Market,Near Rajiv Gandhi Cancer Institute,"Rohini, Delhi - 110085",Rs. 48.0 - 50.0 Lakhs/mo,"Rs. 100,000 - Rs. 800,000",4.7 Stars (56 Reviews),No Website (Only IndiaMART / Sulekha listing),Managing Directors / Event Leads,+91 9844 923 276,High dependency on offline wedding brokers taking heavy 10-15% commission instead of direct website bookings.,"Pitch 'SahayShakti GrandEvent Portal': 360-degree virtual venue tour, interactive menu builder, and direct wedding consultation booking to eliminate middleman commissions.",Hot (High Revenue / Zero Web Presence),Uncontacted / Ready for Pitch
SST-ROH-1412,Imperial Grandeur Luxury Banquet Suites,"Banquets, Party Lawns & Caterers",Sector 6 Commercial Complex,Near Ayodhya Chowk,"Rohini, Delhi - 110085",Rs. 39.0 - 41.0 Lakhs/mo,"Rs. 100,000 - Rs. 800,000",4.5 Stars (267 Reviews),No Website (Only Justdial & Google Map listing),Managing Directors / Event Leads,+91 9867 396 900,Lacks an interactive catering menu customizer and wedding package pricing estimator online.,"Pitch 'SahayShakti GrandEvent Portal': 360-degree virtual venue tour, interactive menu builder, and direct wedding consultation booking to eliminate middleman commissions.",Hot (High Revenue / Zero Web Presence),Uncontacted / Ready for Pitch
SST-ROH-1413,Green Meadows Wedding Lawn & Banquets,"Banquets, Party Lawns & Caterers",Sector 18 Commercial Hub,Badli Road / Samaypur link,"Rohini, Delhi - 110089",Rs. 15.0 - 17.0 Lakhs/mo,"Rs. 100,000 - Rs. 800,000",4.6 Stars (107 Reviews),No Website (Only IndiaMART / Sulekha listing),Managing Directors / Event Leads,+91 9828 929 936,No 360-degree virtual hall tour or real-time event date availability checker for wedding planners.,"Pitch 'SahayShakti GrandEvent Portal': 360-degree virtual venue tour, interactive menu builder, and direct wedding consultation booking to eliminate middleman commissions.",High Priority,Uncontacted / Ready for Pitch
SST-ROH-1414,The Regal Star Banquet Hall Rohini,"Banquets, Party Lawns & Caterers",Sector 22 Market,Near Pocket 4 Market,"Rohini, Delhi - 110086",Rs. 15.0 - 20.0 Lakhs/mo,"Rs. 100,000 - Rs. 800,000",4.6 Stars (495 Reviews),No Website (Only Instagram Profile & WhatsApp link),Managing Directors / Event Leads,+91 9850 127 537,Lacks an interactive catering menu customizer and wedding package pricing estimator online.,"Pitch 'SahayShakti GrandEvent Portal': 360-degree virtual venue tour, interactive menu builder, and direct wedding consultation booking to eliminate middleman commissions.",High Priority,Uncontacted / Ready for Pitch
SST-ROH-1415,Classic Party Hall & Social Events,"Banquets, Party Lawns & Caterers",Sector 25 Marble & Commercial Hub,Near Rithala Industrial Area,"Rohini, Delhi - 110085",Rs. 27.0 - 30.0 Lakhs/mo,"Rs. 100,000 - Rs. 800,000",4.3 Stars (612 Reviews),Extremely Outdated Static Page (Not Mobile Responsive),Managing Directors / Event Leads,+91 9856 907 140,Poor mobile presence when NRI / outstation families search for 'Best Banquets in Rohini / GT Karnal Road'.,"Pitch 'SahayShakti GrandEvent Portal': 360-degree virtual venue tour, interactive menu builder, and direct wedding consultation booking to eliminate middleman commissions.",High Priority,Uncontacted / Ready for Pitch
SST-ROH-1416,Shree Shyam Banquet & Pure Veg Kitchen,"Banquets, Party Lawns & Caterers",Mangolpuri Marble Market Hub (Rohini Border),Main Outer Ring Road,"Rohini, Delhi - 110083",Rs. 33.0 - 35.0 Lakhs/mo,"Rs. 100,000 - Rs. 800,000",4.7 Stars (504 Reviews),No Website (Only IndiaMART / Sulekha listing),Managing Directors / Event Leads,+91 9883 703 991,High dependency on offline wedding brokers taking heavy 10-15% commission instead of direct website bookings.,"Pitch 'SahayShakti GrandEvent Portal': 360-degree virtual venue tour, interactive menu builder, and direct wedding consultation booking to eliminate middleman commissions.",Hot (High Revenue / Zero Web Presence),Uncontacted / Ready for Pitch
SST-ROH-1417,Royal Orchid Banquet & Party Lawns (Branch 2),"Banquets, Party Lawns & Caterers",GT Karnal Road Banquet Belt,Alipur / Rohini Extn,"Rohini, Delhi - 110036",Rs. 49.0 - 52.0 Lakhs/mo,"Rs. 100,000 - Rs. 800,000",4.8 Stars (169 Reviews),No Website (Only Instagram Profile & WhatsApp link),Managing Directors / Event Leads,+91 9897 780 763,Poor mobile presence when NRI / outstation families search for 'Best Banquets in Rohini / GT Karnal Road'.,"Pitch 'SahayShakti GrandEvent Portal': 360-degree virtual venue tour, interactive menu builder, and direct wedding consultation booking to eliminate middleman commissions.",Hot (High Revenue / Zero Web Presence),Uncontacted / Ready for Pitch
SST-ROH-1418,The Grand Heritage Banquet Hall (Branch 2),"Banquets, Party Lawns & Caterers",Pitampura Commercial Hub,Near Netaji Subhash Place / Rani Bagh,"Rohini, Delhi - 110034",Rs. 40.0 - 42.0 Lakhs/mo,"Rs. 100,000 - Rs. 800,000",4.4 Stars (657 Reviews),No Website (Only IndiaMART / Sulekha listing),Managing Directors / Event Leads,+91 9826 460 458,High dependency on offline wedding brokers taking heavy 10-15% commission instead of direct website bookings.,"Pitch 'SahayShakti GrandEvent Portal': 360-degree virtual venue tour, interactive menu builder, and direct wedding consultation booking to eliminate middleman commissions.",Hot (High Revenue / Zero Web Presence),Uncontacted / Ready for Pitch
SST-ROH-1419,Celebration Paradise Luxury Banquets (Branch 2),"Banquets, Party Lawns & Caterers",Sector 7 Market,Near Rohini West Metro Station,"Rohini, Delhi - 110085",Rs. 37.0 - 42.0 Lakhs/mo,"Rs. 100,000 - Rs. 800,000",4.9 Stars (619 Reviews),No Website (Only IndiaMART / Sulekha listing),Managing Directors / Event Leads,+91 9886 160 840,High dependency on offline wedding brokers taking heavy 10-15% commission instead of direct website bookings.,"Pitch 'SahayShakti GrandEvent Portal': 360-degree virtual venue tour, interactive menu builder, and direct wedding consultation booking to eliminate middleman commissions.",Hot (High Revenue / Zero Web Presence),Uncontacted / Ready for Pitch
SST-ROH-1420,Golden Crown Banquet & Party Hall (Branch 2),"Banquets, Party Lawns & Caterers",Sector 8 Main Market,Near Rohini East Metro Station,"Rohini, Delhi - 110085",Rs. 17.0 - 22.0 Lakhs/mo,"Rs. 100,000 - Rs. 800,000",4.8 Stars (496 Reviews),Extremely Outdated Static Page (Not Mobile Responsive),Managing Directors / Event Leads,+91 9874 978 363,Lacks an interactive catering menu customizer and wedding package pricing estimator online.,"Pitch 'SahayShakti GrandEvent Portal': 360-degree virtual venue tour, interactive menu builder, and direct wedding consultation booking to eliminate middleman commissions.",High Priority,Uncontacted / Ready for Pitch
SST-ROH-1421,Shree Radhey Party Lawn & Caterers (Branch 2),"Banquets, Party Lawns & Caterers",Sector 9 Commercial Complex,Near DC Chowk,"Rohini, Delhi - 110085",Rs. 39.0 - 45.0 Lakhs/mo,"Rs. 100,000 - Rs. 800,000",4.9 Stars (605 Reviews),No Website (Only Instagram Profile & WhatsApp link),Managing Directors / Event Leads,+91 9864 331 850,High dependency on offline wedding brokers taking heavy 10-15% commission instead of direct website bookings.,"Pitch 'SahayShakti GrandEvent Portal': 360-degree virtual venue tour, interactive menu builder, and direct wedding consultation booking to eliminate middleman commissions.",Hot (High Revenue / Zero Web Presence),Uncontacted / Ready for Pitch
SST-ROH-1422,The Venetian Luxury Banquet Hall (Branch 2),"Banquets, Party Lawns & Caterers",Sector 11 Market,Near G3S Mall & Garg Trade Centre,"Rohini, Delhi - 110085",Rs. 29.0 - 34.0 Lakhs/mo,"Rs. 100,000 - Rs. 800,000",4.3 Stars (83 Reviews),Broken / Inactive Free Subdomain (.business.site discontinued),Managing Directors / Event Leads,+91 9845 641 342,High dependency on offline wedding brokers taking heavy 10-15% commission instead of direct website bookings.,"Pitch 'SahayShakti GrandEvent Portal': 360-degree virtual venue tour, interactive menu builder, and direct wedding consultation booking to eliminate middleman commissions.",High Priority,Uncontacted / Ready for Pitch
SST-ROH-1423,Seven Seas Banquet & Catering Rohini (Branch 2),"Banquets, Party Lawns & Caterers",Sector 13 Central Market,Ring Road / Bhagwan Mahavir Hospital Road,"Rohini, Delhi - 110085",Rs. 32.0 - 38.0 Lakhs/mo,"Rs. 100,000 - Rs. 800,000",4.4 Stars (155 Reviews),Broken / Inactive Free Subdomain (.business.site discontinued),Managing Directors / Event Leads,+91 9838 713 302,Lacks an interactive catering menu customizer and wedding package pricing estimator online.,"Pitch 'SahayShakti GrandEvent Portal': 360-degree virtual venue tour, interactive menu builder, and direct wedding consultation booking to eliminate middleman commissions.",Hot (High Revenue / Zero Web Presence),Uncontacted / Ready for Pitch
SST-ROH-1424,The Rajwada Palace Banquet Lawns (Branch 2),"Banquets, Party Lawns & Caterers",Sector 14 Prashant Vihar,Near Fun Cinema / Outer Ring Road,"Rohini, Delhi - 110085",Rs. 24.0 - 29.0 Lakhs/mo,"Rs. 100,000 - Rs. 800,000",4.5 Stars (526 Reviews),No Website (Only Justdial & Google Map listing),Managing Directors / Event Leads,+91 9842 417 225,Lacks an interactive catering menu customizer and wedding package pricing estimator online.,"Pitch 'SahayShakti GrandEvent Portal': 360-degree virtual venue tour, interactive menu builder, and direct wedding consultation booking to eliminate middleman commissions.",High Priority,Uncontacted / Ready for Pitch
SST-ROH-1425,Surya Grand Banquet & Event Suites (Branch 2),"Banquets, Party Lawns & Caterers",Sector 15 Main Commercial Market,Near KN Katju Marg,"Rohini, Delhi - 110089",Rs. 40.0 - 42.0 Lakhs/mo,"Rs. 100,000 - Rs. 800,000",4.5 Stars (428 Reviews),Extremely Outdated Static Page (Not Mobile Responsive),Managing Directors / Event Leads,+91 9892 683 130,Poor mobile presence when NRI / outstation families search for 'Best Banquets in Rohini / GT Karnal Road'.,"Pitch 'SahayShakti GrandEvent Portal': 360-degree virtual venue tour, interactive menu builder, and direct wedding consultation booking to eliminate middleman commissions.",Hot (High Revenue / Zero Web Presence),Uncontacted / Ready for Pitch
SST-ROH-1426,Vaishnav Banquet & Pure Veg Caterers (Branch 2),"Banquets, Party Lawns & Caterers",Sector 16 Market,Opposite DTU Hub,"Rohini, Delhi - 110089",Rs. 18.0 - 24.0 Lakhs/mo,"Rs. 100,000 - Rs. 800,000",4.3 Stars (389 Reviews),No Website (Only IndiaMART / Sulekha listing),Managing Directors / Event Leads,+91 9836 922 374,Lacks an interactive catering menu customizer and wedding package pricing estimator online.,"Pitch 'SahayShakti GrandEvent Portal': 360-degree virtual venue tour, interactive menu builder, and direct wedding consultation booking to eliminate middleman commissions.",High Priority,Uncontacted / Ready for Pitch
SST-ROH-1427,Shree Balaji Banquet & Marriage Lawn (Branch 2),"Banquets, Party Lawns & Caterers",Sector 17 Commercial Hub,Near City Centre,"Rohini, Delhi - 110089",Rs. 20.0 - 22.0 Lakhs/mo,"Rs. 100,000 - Rs. 800,000",4.5 Stars (632 Reviews),No Website (Only IndiaMART / Sulekha listing),Managing Directors / Event Leads,+91 9894 173 566,Lacks an interactive catering menu customizer and wedding package pricing estimator online.,"Pitch 'SahayShakti GrandEvent Portal': 360-degree virtual venue tour, interactive menu builder, and direct wedding consultation booking to eliminate middleman commissions.",High Priority,Uncontacted / Ready for Pitch
SST-ROH-1428,The Emerald Banquet Hall Rohini (Branch 2),"Banquets, Party Lawns & Caterers",Sector 24 Commercial Centre,Near Rithala Metro Link,"Rohini, Delhi - 110085",Rs. 30.0 - 34.0 Lakhs/mo,"Rs. 100,000 - Rs. 800,000",4.4 Stars (205 Reviews),Broken / Inactive Free Subdomain (.business.site discontinued),Managing Directors / Event Leads,+91 9879 274 956,No 360-degree virtual hall tour or real-time event date availability checker for wedding planners.,"Pitch 'SahayShakti GrandEvent Portal': 360-degree virtual venue tour, interactive menu builder, and direct wedding consultation booking to eliminate middleman commissions.",High Priority,Uncontacted / Ready for Pitch
SST-ROH-1429,Golden Tulip Party Lawns & Events (Branch 2),"Banquets, Party Lawns & Caterers",Sector 3 Rohini Market,Near Jaipur Golden Hospital,"Rohini, Delhi - 110085",Rs. 26.0 - 30.0 Lakhs/mo,"Rs. 100,000 - Rs. 800,000",4.6 Stars (518 Reviews),Extremely Outdated Static Page (Not Mobile Responsive),Managing Directors / Event Leads,+91 9825 368 792,High dependency on offline wedding brokers taking heavy 10-15% commission instead of direct website bookings.,"Pitch 'SahayShakti GrandEvent Portal': 360-degree virtual venue tour, interactive menu builder, and direct wedding consultation booking to eliminate middleman commissions.",High Priority,Uncontacted / Ready for Pitch
SST-ROH-1430,Orchid Palace Luxury Banquet Hall (Branch 2),"Banquets, Party Lawns & Caterers",Sector 5 CSC Market,Near Rajiv Gandhi Cancer Institute,"Rohini, Delhi - 110085",Rs. 42.0 - 45.0 Lakhs/mo,"Rs. 100,000 - Rs. 800,000",4.8 Stars (611 Reviews),Extremely Outdated Static Page (Not Mobile Responsive),Managing Directors / Event Leads,+91 9831 297 983,High dependency on offline wedding brokers taking heavy 10-15% commission instead of direct website bookings.,"Pitch 'SahayShakti GrandEvent Portal': 360-degree virtual venue tour, interactive menu builder, and direct wedding consultation booking to eliminate middleman commissions.",Hot (High Revenue / Zero Web Presence),Uncontacted / Ready for Pitch
SST-ROH-1431,Shree Krishna Caterers & Event Decor (Branch 2),"Banquets, Party Lawns & Caterers",Sector 6 Commercial Complex,Near Ayodhya Chowk,"Rohini, Delhi - 110085",Rs. 34.0 - 38.0 Lakhs/mo,"Rs. 100,000 - Rs. 800,000",4.9 Stars (242 Reviews),No Website (Only Justdial & Google Map listing),Managing Directors / Event Leads,+91 9829 484 469,Poor mobile presence when NRI / outstation families search for 'Best Banquets in Rohini / GT Karnal Road'.,"Pitch 'SahayShakti GrandEvent Portal': 360-degree virtual venue tour, interactive menu builder, and direct wedding consultation booking to eliminate middleman commissions.",Hot (High Revenue / Zero Web Presence),Uncontacted / Ready for Pitch
SST-ROH-1432,Grand Imperial Luxury Banquet Suites (Branch 2),"Banquets, Party Lawns & Caterers",Sector 18 Commercial Hub,Badli Road / Samaypur link,"Rohini, Delhi - 110089",Rs. 30.0 - 34.0 Lakhs/mo,"Rs. 100,000 - Rs. 800,000",4.7 Stars (301 Reviews),Extremely Outdated Static Page (Not Mobile Responsive),Managing Directors / Event Leads,+91 9887 782 126,High dependency on offline wedding brokers taking heavy 10-15% commission instead of direct website bookings.,"Pitch 'SahayShakti GrandEvent Portal': 360-degree virtual venue tour, interactive menu builder, and direct wedding consultation booking to eliminate middleman commissions.",High Priority,Uncontacted / Ready for Pitch
SST-ROH-1433,The Palms Banquet & Open Lawns (Branch 2),"Banquets, Party Lawns & Caterers",Sector 22 Market,Near Pocket 4 Market,"Rohini, Delhi - 110086",Rs. 39.0 - 44.0 Lakhs/mo,"Rs. 100,000 - Rs. 800,000",4.8 Stars (434 Reviews),No Website (Only Justdial & Google Map listing),Managing Directors / Event Leads,+91 9867 479 448,High dependency on offline wedding brokers taking heavy 10-15% commission instead of direct website bookings.,"Pitch 'SahayShakti GrandEvent Portal': 360-degree virtual venue tour, interactive menu builder, and direct wedding consultation booking to eliminate middleman commissions.",Hot (High Revenue / Zero Web Presence),Uncontacted / Ready for Pitch
SST-ROH-1434,Maharaja Caterers & Wedding Decorators (Branch 2),"Banquets, Party Lawns & Caterers",Sector 25 Marble & Commercial Hub,Near Rithala Industrial Area,"Rohini, Delhi - 110085",Rs. 47.0 - 52.0 Lakhs/mo,"Rs. 100,000 - Rs. 800,000",4.8 Stars (434 Reviews),No Website (Only Justdial & Google Map listing),Managing Directors / Event Leads,+91 9887 244 621,No 360-degree virtual hall tour or real-time event date availability checker for wedding planners.,"Pitch 'SahayShakti GrandEvent Portal': 360-degree virtual venue tour, interactive menu builder, and direct wedding consultation booking to eliminate middleman commissions.",Hot (High Revenue / Zero Web Presence),Uncontacted / Ready for Pitch
SST-ROH-1435,City Palace Banquet Hall Sector 10 (Branch 2),"Banquets, Party Lawns & Caterers",Mangolpuri Marble Market Hub (Rohini Border),Main Outer Ring Road,"Rohini, Delhi - 110083",Rs. 39.0 - 42.0 Lakhs/mo,"Rs. 100,000 - Rs. 800,000",4.7 Stars (567 Reviews),No Website (Only Instagram Profile & WhatsApp link),Managing Directors / Event Leads,+91 9827 651 432,High dependency on offline wedding brokers taking heavy 10-15% commission instead of direct website bookings.,"Pitch 'SahayShakti GrandEvent Portal': 360-degree virtual venue tour, interactive menu builder, and direct wedding consultation booking to eliminate middleman commissions.",Hot (High Revenue / Zero Web Presence),Uncontacted / Ready for Pitch
SST-ROH-1436,Paradise Garden Party Lawn & Banquets (Branch 2),"Banquets, Party Lawns & Caterers",GT Karnal Road Banquet Belt,Alipur / Rohini Extn,"Rohini, Delhi - 110036",Rs. 46.0 - 50.0 Lakhs/mo,"Rs. 100,000 - Rs. 800,000",4.4 Stars (146 Reviews),Extremely Outdated Static Page (Not Mobile Responsive),Managing Directors / Event Leads,+91 9843 404 128,Lacks an interactive catering menu customizer and wedding package pricing estimator online.,"Pitch 'SahayShakti GrandEvent Portal': 360-degree virtual venue tour, interactive menu builder, and direct wedding consultation booking to eliminate middleman commissions.",Hot (High Revenue / Zero Web Presence),Uncontacted / Ready for Pitch
SST-ROH-1437,Crown Plaza Banquet & Rooftop Lounge (Branch 2),"Banquets, Party Lawns & Caterers",Pitampura Commercial Hub,Near Netaji Subhash Place / Rani Bagh,"Rohini, Delhi - 110034",Rs. 39.0 - 42.0 Lakhs/mo,"Rs. 100,000 - Rs. 800,000",4.7 Stars (364 Reviews),Broken / Inactive Free Subdomain (.business.site discontinued),Managing Directors / Event Leads,+91 9827 249 919,Lacks an interactive catering menu customizer and wedding package pricing estimator online.,"Pitch 'SahayShakti GrandEvent Portal': 360-degree virtual venue tour, interactive menu builder, and direct wedding consultation booking to eliminate middleman commissions.",Hot (High Revenue / Zero Web Presence),Uncontacted / Ready for Pitch
SST-ROH-1438,Shahi Rasoi Pure Veg Outdoor Caterers (Branch 2),"Banquets, Party Lawns & Caterers",Sector 7 Market,Near Rohini West Metro Station,"Rohini, Delhi - 110085",Rs. 27.0 - 33.0 Lakhs/mo,"Rs. 100,000 - Rs. 800,000",4.6 Stars (99 Reviews),No Website (Only Justdial & Google Map listing),Managing Directors / Event Leads,+91 9838 601 311,Lacks an interactive catering menu customizer and wedding package pricing estimator online.,"Pitch 'SahayShakti GrandEvent Portal': 360-degree virtual venue tour, interactive menu builder, and direct wedding consultation booking to eliminate middleman commissions.",High Priority,Uncontacted / Ready for Pitch
SST-ROH-1439,Viceroy Luxury Banquets & Lawn (Branch 2),"Banquets, Party Lawns & Caterers",Sector 8 Main Market,Near Rohini East Metro Station,"Rohini, Delhi - 110085",Rs. 23.0 - 27.0 Lakhs/mo,"Rs. 100,000 - Rs. 800,000",4.4 Stars (318 Reviews),No Website (Only Justdial & Google Map listing),Managing Directors / Event Leads,+91 9838 230 868,Poor mobile presence when NRI / outstation families search for 'Best Banquets in Rohini / GT Karnal Road'.,"Pitch 'SahayShakti GrandEvent Portal': 360-degree virtual venue tour, interactive menu builder, and direct wedding consultation booking to eliminate middleman commissions.",High Priority,Uncontacted / Ready for Pitch
SST-ROH-1440,The Sapphire Event & Banquet Hub (Branch 2),"Banquets, Party Lawns & Caterers",Sector 9 Commercial Complex,Near DC Chowk,"Rohini, Delhi - 110085",Rs. 19.0 - 24.0 Lakhs/mo,"Rs. 100,000 - Rs. 800,000",4.3 Stars (408 Reviews),Broken / Inactive Free Subdomain (.business.site discontinued),Managing Directors / Event Leads,+91 9824 226 128,No 360-degree virtual hall tour or real-time event date availability checker for wedding planners.,"Pitch 'SahayShakti GrandEvent Portal': 360-degree virtual venue tour, interactive menu builder, and direct wedding consultation booking to eliminate middleman commissions.",High Priority,Uncontacted / Ready for Pitch
SST-ROH-1441,Royal Feast Catering & Wedding Planners (Branch 2),"Banquets, Party Lawns & Caterers",Sector 11 Market,Near G3S Mall & Garg Trade Centre,"Rohini, Delhi - 110085",Rs. 26.0 - 30.0 Lakhs/mo,"Rs. 100,000 - Rs. 800,000",4.5 Stars (314 Reviews),No Website (Only IndiaMART / Sulekha listing),Managing Directors / Event Leads,+91 9840 857 931,High dependency on offline wedding brokers taking heavy 10-15% commission instead of direct website bookings.,"Pitch 'SahayShakti GrandEvent Portal': 360-degree virtual venue tour, interactive menu builder, and direct wedding consultation booking to eliminate middleman commissions.",High Priority,Uncontacted / Ready for Pitch
SST-ROH-1442,Golden Moments Banquet & Lawn Rohini (Branch 2),"Banquets, Party Lawns & Caterers",Sector 13 Central Market,Ring Road / Bhagwan Mahavir Hospital Road,"Rohini, Delhi - 110085",Rs. 36.0 - 38.0 Lakhs/mo,"Rs. 100,000 - Rs. 800,000",4.7 Stars (105 Reviews),No Website (Only IndiaMART / Sulekha listing),Managing Directors / Event Leads,+91 9899 934 440,Poor mobile presence when NRI / outstation families search for 'Best Banquets in Rohini / GT Karnal Road'.,"Pitch 'SahayShakti GrandEvent Portal': 360-degree virtual venue tour, interactive menu builder, and direct wedding consultation booking to eliminate middleman commissions.",Hot (High Revenue / Zero Web Presence),Uncontacted / Ready for Pitch
SST-ROH-1443,Shiv Shakti Banquets & Kitty Party Hall (Branch 2),"Banquets, Party Lawns & Caterers",Sector 14 Prashant Vihar,Near Fun Cinema / Outer Ring Road,"Rohini, Delhi - 110085",Rs. 46.0 - 51.0 Lakhs/mo,"Rs. 100,000 - Rs. 800,000",4.7 Stars (526 Reviews),No Website (Only Justdial & Google Map listing),Managing Directors / Event Leads,+91 9849 637 256,No 360-degree virtual hall tour or real-time event date availability checker for wedding planners.,"Pitch 'SahayShakti GrandEvent Portal': 360-degree virtual venue tour, interactive menu builder, and direct wedding consultation booking to eliminate middleman commissions.",Hot (High Revenue / Zero Web Presence),Uncontacted / Ready for Pitch
SST-ROH-1444,The Grand Celebrations Event Hall (Branch 2),"Banquets, Party Lawns & Caterers",Sector 15 Main Commercial Market,Near KN Katju Marg,"Rohini, Delhi - 110089",Rs. 41.0 - 46.0 Lakhs/mo,"Rs. 100,000 - Rs. 800,000",4.6 Stars (74 Reviews),No Website (Only Instagram Profile & WhatsApp link),Managing Directors / Event Leads,+91 9869 317 221,High dependency on offline wedding brokers taking heavy 10-15% commission instead of direct website bookings.,"Pitch 'SahayShakti GrandEvent Portal': 360-degree virtual venue tour, interactive menu builder, and direct wedding consultation booking to eliminate middleman commissions.",Hot (High Revenue / Zero Web Presence),Uncontacted / Ready for Pitch
SST-ROH-1445,Ambience Banquets & Poolside Lawn (Branch 2),"Banquets, Party Lawns & Caterers",Sector 16 Market,Opposite DTU Hub,"Rohini, Delhi - 110089",Rs. 40.0 - 46.0 Lakhs/mo,"Rs. 100,000 - Rs. 800,000",4.4 Stars (220 Reviews),No Website (Only Justdial & Google Map listing),Managing Directors / Event Leads,+91 9821 407 895,High dependency on offline wedding brokers taking heavy 10-15% commission instead of direct website bookings.,"Pitch 'SahayShakti GrandEvent Portal': 360-degree virtual venue tour, interactive menu builder, and direct wedding consultation booking to eliminate middleman commissions.",Hot (High Revenue / Zero Web Presence),Uncontacted / Ready for Pitch
SST-ROH-1446,Utsav Party Lawn & Tent Decorators (Branch 2),"Banquets, Party Lawns & Caterers",Sector 17 Commercial Hub,Near City Centre,"Rohini, Delhi - 110089",Rs. 15.0 - 17.0 Lakhs/mo,"Rs. 100,000 - Rs. 800,000",4.6 Stars (646 Reviews),No Website (Only Instagram Profile & WhatsApp link),Managing Directors / Event Leads,+91 9860 902 710,High dependency on offline wedding brokers taking heavy 10-15% commission instead of direct website bookings.,"Pitch 'SahayShakti GrandEvent Portal': 360-degree virtual venue tour, interactive menu builder, and direct wedding consultation booking to eliminate middleman commissions.",High Priority,Uncontacted / Ready for Pitch
SST-ROH-1447,Annapurna Royal Caterers & Halwai (Branch 2),"Banquets, Party Lawns & Caterers",Sector 24 Commercial Centre,Near Rithala Metro Link,"Rohini, Delhi - 110085",Rs. 36.0 - 40.0 Lakhs/mo,"Rs. 100,000 - Rs. 800,000",4.3 Stars (135 Reviews),Extremely Outdated Static Page (Not Mobile Responsive),Managing Directors / Event Leads,+91 9896 393 540,Lacks an interactive catering menu customizer and wedding package pricing estimator online.,"Pitch 'SahayShakti GrandEvent Portal': 360-degree virtual venue tour, interactive menu builder, and direct wedding consultation booking to eliminate middleman commissions.",Hot (High Revenue / Zero Web Presence),Uncontacted / Ready for Pitch
SST-ROH-1448,Imperial Grandeur Luxury Banquet Suites (Branch 2),"Banquets, Party Lawns & Caterers",Sector 3 Rohini Market,Near Jaipur Golden Hospital,"Rohini, Delhi - 110085",Rs. 31.0 - 34.0 Lakhs/mo,"Rs. 100,000 - Rs. 800,000",4.4 Stars (152 Reviews),No Website (Only Justdial & Google Map listing),Managing Directors / Event Leads,+91 9899 851 780,Lacks an interactive catering menu customizer and wedding package pricing estimator online.,"Pitch 'SahayShakti GrandEvent Portal': 360-degree virtual venue tour, interactive menu builder, and direct wedding consultation booking to eliminate middleman commissions.",High Priority,Uncontacted / Ready for Pitch
SST-ROH-1449,Green Meadows Wedding Lawn & Banquets (Branch 2),"Banquets, Party Lawns & Caterers",Sector 5 CSC Market,Near Rajiv Gandhi Cancer Institute,"Rohini, Delhi - 110085",Rs. 32.0 - 37.0 Lakhs/mo,"Rs. 100,000 - Rs. 800,000",4.3 Stars (123 Reviews),Extremely Outdated Static Page (Not Mobile Responsive),Managing Directors / Event Leads,+91 9892 347 127,Poor mobile presence when NRI / outstation families search for 'Best Banquets in Rohini / GT Karnal Road'.,"Pitch 'SahayShakti GrandEvent Portal': 360-degree virtual venue tour, interactive menu builder, and direct wedding consultation booking to eliminate middleman commissions.",Hot (High Revenue / Zero Web Presence),Uncontacted / Ready for Pitch
SST-ROH-1450,The Regal Star Banquet Hall Rohini (Branch 2),"Banquets, Party Lawns & Caterers",Sector 6 Commercial Complex,Near Ayodhya Chowk,"Rohini, Delhi - 110085",Rs. 16.0 - 22.0 Lakhs/mo,"Rs. 100,000 - Rs. 800,000",4.7 Stars (517 Reviews),Extremely Outdated Static Page (Not Mobile Responsive),Managing Directors / Event Leads,+91 9894 510 813,Poor mobile presence when NRI / outstation families search for 'Best Banquets in Rohini / GT Karnal Road'.,"Pitch 'SahayShakti GrandEvent Portal': 360-degree virtual venue tour, interactive menu builder, and direct wedding consultation booking to eliminate middleman commissions.",High Priority,Uncontacted / Ready for Pitch
SST-ROH-1451,Classic Party Hall & Social Events (Branch 2),"Banquets, Party Lawns & Caterers",Sector 18 Commercial Hub,Badli Road / Samaypur link,"Rohini, Delhi - 110089",Rs. 28.0 - 30.0 Lakhs/mo,"Rs. 100,000 - Rs. 800,000",4.6 Stars (596 Reviews),No Website (Only Instagram Profile & WhatsApp link),Managing Directors / Event Leads,+91 9894 122 821,Lacks an interactive catering menu customizer and wedding package pricing estimator online.,"Pitch 'SahayShakti GrandEvent Portal': 360-degree virtual venue tour, interactive menu builder, and direct wedding consultation booking to eliminate middleman commissions.",High Priority,Uncontacted / Ready for Pitch
SST-ROH-1452,Shree Shyam Banquet & Pure Veg Kitchen (Branch 2),"Banquets, Party Lawns & Caterers",Sector 22 Market,Near Pocket 4 Market,"Rohini, Delhi - 110086",Rs. 25.0 - 29.0 Lakhs/mo,"Rs. 100,000 - Rs. 800,000",4.6 Stars (462 Reviews),Extremely Outdated Static Page (Not Mobile Responsive),Managing Directors / Event Leads,+91 9899 393 338,High dependency on offline wedding brokers taking heavy 10-15% commission instead of direct website bookings.,"Pitch 'SahayShakti GrandEvent Portal': 360-degree virtual venue tour, interactive menu builder, and direct wedding consultation booking to eliminate middleman commissions.",High Priority,Uncontacted / Ready for Pitch
SST-ROH-1453,Royal Orchid Banquet & Party Lawns (Branch 3),"Banquets, Party Lawns & Caterers",Sector 25 Marble & Commercial Hub,Near Rithala Industrial Area,"Rohini, Delhi - 110085",Rs. 40.0 - 46.0 Lakhs/mo,"Rs. 100,000 - Rs. 800,000",4.8 Stars (350 Reviews),Broken / Inactive Free Subdomain (.business.site discontinued),Managing Directors / Event Leads,+91 9883 336 340,High dependency on offline wedding brokers taking heavy 10-15% commission instead of direct website bookings.,"Pitch 'SahayShakti GrandEvent Portal': 360-degree virtual venue tour, interactive menu builder, and direct wedding consultation booking to eliminate middleman commissions.",Hot (High Revenue / Zero Web Presence),Uncontacted / Ready for Pitch
SST-ROH-1454,The Grand Heritage Banquet Hall (Branch 3),"Banquets, Party Lawns & Caterers",Mangolpuri Marble Market Hub (Rohini Border),Main Outer Ring Road,"Rohini, Delhi - 110083",Rs. 38.0 - 42.0 Lakhs/mo,"Rs. 100,000 - Rs. 800,000",4.5 Stars (221 Reviews),Extremely Outdated Static Page (Not Mobile Responsive),Managing Directors / Event Leads,+91 9879 268 843,Poor mobile presence when NRI / outstation families search for 'Best Banquets in Rohini / GT Karnal Road'.,"Pitch 'SahayShakti GrandEvent Portal': 360-degree virtual venue tour, interactive menu builder, and direct wedding consultation booking to eliminate middleman commissions.",Hot (High Revenue / Zero Web Presence),Uncontacted / Ready for Pitch
SST-ROH-1455,Celebration Paradise Luxury Banquets (Branch 3),"Banquets, Party Lawns & Caterers",GT Karnal Road Banquet Belt,Alipur / Rohini Extn,"Rohini, Delhi - 110036",Rs. 31.0 - 34.0 Lakhs/mo,"Rs. 100,000 - Rs. 800,000",4.8 Stars (436 Reviews),Extremely Outdated Static Page (Not Mobile Responsive),Managing Directors / Event Leads,+91 9875 849 570,Poor mobile presence when NRI / outstation families search for 'Best Banquets in Rohini / GT Karnal Road'.,"Pitch 'SahayShakti GrandEvent Portal': 360-degree virtual venue tour, interactive menu builder, and direct wedding consultation booking to eliminate middleman commissions.",High Priority,Uncontacted / Ready for Pitch
SST-ROH-1456,The Detailing Gang Ceramic Coating & PPF,Automotive Detailing & Luxury Customs,Sector 7 Market,Near Rohini West Metro Station,"Rohini, Delhi - 110085",Rs. 13.0 - 19.0 Lakhs/mo,"Rs. 8,000 - Rs. 75,000",4.4 Stars (437 Reviews),No Website (Only Justdial & Google Map listing),Founders / Studio Heads,+91 9869 597 805,Competitors with Google Ads and slick dark-mode websites capture the premium Audi/BMW/Mercedes owners in Rohini.,"Pitch 'SahayShakti AutoLuxe Dark-Mode Portal': Glossy ceramic/PPF package visualizer, before/after slider showcase, and instant weekend slot booking.",Hot (High Revenue / Zero Web Presence),Uncontacted / Ready for Pitch
SST-ROH-1457,Auto Shine Luxury Car Spa & Detailing,Automotive Detailing & Luxury Customs,Sector 8 Main Market,Near Rohini East Metro Station,"Rohini, Delhi - 110085",Rs. 7.0 - 11.0 Lakhs/mo,"Rs. 8,000 - Rs. 75,000",4.8 Stars (586 Reviews),No Website (Only IndiaMART / Sulekha listing),Founders / Studio Heads,+91 9840 878 332,Relies on temporary Instagram stories without a persistent Google indexed warranty & certification portal.,"Pitch 'SahayShakti AutoLuxe Dark-Mode Portal': Glossy ceramic/PPF package visualizer, before/after slider showcase, and instant weekend slot booking.",High Priority,Uncontacted / Ready for Pitch
SST-ROH-1458,Rohini Customs Car Audio & Modifiers,Automotive Detailing & Luxury Customs,Sector 9 Commercial Complex,Near DC Chowk,"Rohini, Delhi - 110085",Rs. 12.0 - 16.0 Lakhs/mo,"Rs. 8,000 - Rs. 75,000",4.7 Stars (666 Reviews),Extremely Outdated Static Page (Not Mobile Responsive),Founders / Studio Heads,+91 9860 651 194,Competitors with Google Ads and slick dark-mode websites capture the premium Audi/BMW/Mercedes owners in Rohini.,"Pitch 'SahayShakti AutoLuxe Dark-Mode Portal': Glossy ceramic/PPF package visualizer, before/after slider showcase, and instant weekend slot booking.",Hot (High Revenue / Zero Web Presence),Uncontacted / Ready for Pitch
SST-ROH-1459,Torque Auto Craft Ceramic & Paint Protection,Automotive Detailing & Luxury Customs,Sector 11 Market,Near G3S Mall & Garg Trade Centre,"Rohini, Delhi - 110085",Rs. 13.0 - 16.0 Lakhs/mo,"Rs. 8,000 - Rs. 75,000",4.6 Stars (400 Reviews),Extremely Outdated Static Page (Not Mobile Responsive),Founders / Studio Heads,+91 9831 593 128,Lacks online slot booking for weekend car detailing and customized package pricing calculators.,"Pitch 'SahayShakti AutoLuxe Dark-Mode Portal': Glossy ceramic/PPF package visualizer, before/after slider showcase, and instant weekend slot booking.",Hot (High Revenue / Zero Web Presence),Uncontacted / Ready for Pitch
SST-ROH-1460,Speed Car Spa & Steam Wash Hub,Automotive Detailing & Luxury Customs,Sector 13 Central Market,Ring Road / Bhagwan Mahavir Hospital Road,"Rohini, Delhi - 110085",Rs. 6.0 - 10.0 Lakhs/mo,"Rs. 8,000 - Rs. 75,000",4.8 Stars (339 Reviews),No Website (Only IndiaMART / Sulekha listing),Founders / Studio Heads,+91 9828 446 728,Car enthusiasts and luxury vehicle owners cannot view high-definition PPF/Ceramic coating video case studies.,"Pitch 'SahayShakti AutoLuxe Dark-Mode Portal': Glossy ceramic/PPF package visualizer, before/after slider showcase, and instant weekend slot booking.",High Priority,Uncontacted / Ready for Pitch
SST-ROH-1461,Elite Car Detailing & Teflon Coating,Automotive Detailing & Luxury Customs,Sector 14 Prashant Vihar,Near Fun Cinema / Outer Ring Road,"Rohini, Delhi - 110085",Rs. 11.0 - 16.0 Lakhs/mo,"Rs. 8,000 - Rs. 75,000",4.8 Stars (239 Reviews),No Website (Only IndiaMART / Sulekha listing),Founders / Studio Heads,+91 9864 968 945,Competitors with Google Ads and slick dark-mode websites capture the premium Audi/BMW/Mercedes owners in Rohini.,"Pitch 'SahayShakti AutoLuxe Dark-Mode Portal': Glossy ceramic/PPF package visualizer, before/after slider showcase, and instant weekend slot booking.",Hot (High Revenue / Zero Web Presence),Uncontacted / Ready for Pitch
SST-ROH-1462,Motorheads Studio PPF & Custom Wraps,Automotive Detailing & Luxury Customs,Sector 15 Main Commercial Market,Near KN Katju Marg,"Rohini, Delhi - 110089",Rs. 10.0 - 13.0 Lakhs/mo,"Rs. 8,000 - Rs. 75,000",4.3 Stars (224 Reviews),No Website (Only IndiaMART / Sulekha listing),Founders / Studio Heads,+91 9827 392 619,Lacks online slot booking for weekend car detailing and customized package pricing calculators.,"Pitch 'SahayShakti AutoLuxe Dark-Mode Portal': Glossy ceramic/PPF package visualizer, before/after slider showcase, and instant weekend slot booking.",High Priority,Uncontacted / Ready for Pitch
SST-ROH-1463,Shree Ganesh Auto Accessories & Audio,Automotive Detailing & Luxury Customs,Sector 16 Market,Opposite DTU Hub,"Rohini, Delhi - 110089",Rs. 15.0 - 18.0 Lakhs/mo,"Rs. 8,000 - Rs. 75,000",4.7 Stars (157 Reviews),No Website (Only IndiaMART / Sulekha listing),Founders / Studio Heads,+91 9819 491 854,Lacks online slot booking for weekend car detailing and customized package pricing calculators.,"Pitch 'SahayShakti AutoLuxe Dark-Mode Portal': Glossy ceramic/PPF package visualizer, before/after slider showcase, and instant weekend slot booking.",Hot (High Revenue / Zero Web Presence),Uncontacted / Ready for Pitch
SST-ROH-1464,Precision Car Detailing & Dry Clean Lounge,Automotive Detailing & Luxury Customs,Sector 17 Commercial Hub,Near City Centre,"Rohini, Delhi - 110089",Rs. 16.0 - 21.0 Lakhs/mo,"Rs. 8,000 - Rs. 75,000",4.7 Stars (423 Reviews),No Website (Only IndiaMART / Sulekha listing),Founders / Studio Heads,+91 9894 263 638,Relies on temporary Instagram stories without a persistent Google indexed warranty & certification portal.,"Pitch 'SahayShakti AutoLuxe Dark-Mode Portal': Glossy ceramic/PPF package visualizer, before/after slider showcase, and instant weekend slot booking.",Hot (High Revenue / Zero Web Presence),Uncontacted / Ready for Pitch
SST-ROH-1465,The Car Lounge Paint Protection Film Studio,Automotive Detailing & Luxury Customs,Sector 24 Commercial Centre,Near Rithala Metro Link,"Rohini, Delhi - 110085",Rs. 7.0 - 11.0 Lakhs/mo,"Rs. 8,000 - Rs. 75,000",4.3 Stars (535 Reviews),No Website (Only Justdial & Google Map listing),Founders / Studio Heads,+91 9868 260 754,Car enthusiasts and luxury vehicle owners cannot view high-definition PPF/Ceramic coating video case studies.,"Pitch 'SahayShakti AutoLuxe Dark-Mode Portal': Glossy ceramic/PPF package visualizer, before/after slider showcase, and instant weekend slot booking.",High Priority,Uncontacted / Ready for Pitch
SST-ROH-1466,German Auto Care Luxury Car Workshop,Automotive Detailing & Luxury Customs,Sector 3 Rohini Market,Near Jaipur Golden Hospital,"Rohini, Delhi - 110085",Rs. 12.0 - 15.0 Lakhs/mo,"Rs. 8,000 - Rs. 75,000",4.3 Stars (411 Reviews),No Website (Only IndiaMART / Sulekha listing),Founders / Studio Heads,+91 9841 982 719,Lacks online slot booking for weekend car detailing and customized package pricing calculators.,"Pitch 'SahayShakti AutoLuxe Dark-Mode Portal': Glossy ceramic/PPF package visualizer, before/after slider showcase, and instant weekend slot booking.",Hot (High Revenue / Zero Web Presence),Uncontacted / Ready for Pitch
SST-ROH-1467,Glaze & Gloss Ceramic Coating Studio,Automotive Detailing & Luxury Customs,Sector 5 CSC Market,Near Rajiv Gandhi Cancer Institute,"Rohini, Delhi - 110085",Rs. 9.0 - 12.0 Lakhs/mo,"Rs. 8,000 - Rs. 75,000",4.5 Stars (95 Reviews),Broken / Inactive Free Subdomain (.business.site discontinued),Founders / Studio Heads,+91 9859 288 875,Relies on temporary Instagram stories without a persistent Google indexed warranty & certification portal.,"Pitch 'SahayShakti AutoLuxe Dark-Mode Portal': Glossy ceramic/PPF package visualizer, before/after slider showcase, and instant weekend slot booking.",High Priority,Uncontacted / Ready for Pitch
SST-ROH-1468,Auto Aesthetics PPF & Car Wrapping Hub,Automotive Detailing & Luxury Customs,Sector 6 Commercial Complex,Near Ayodhya Chowk,"Rohini, Delhi - 110085",Rs. 6.0 - 11.0 Lakhs/mo,"Rs. 8,000 - Rs. 75,000",4.4 Stars (107 Reviews),No Website (Only Justdial & Google Map listing),Founders / Studio Heads,+91 9885 126 998,Car enthusiasts and luxury vehicle owners cannot view high-definition PPF/Ceramic coating video case studies.,"Pitch 'SahayShakti AutoLuxe Dark-Mode Portal': Glossy ceramic/PPF package visualizer, before/after slider showcase, and instant weekend slot booking.",High Priority,Uncontacted / Ready for Pitch
SST-ROH-1469,Pitampura Auto Modifiers & Custom Lights,Automotive Detailing & Luxury Customs,Sector 18 Commercial Hub,Badli Road / Samaypur link,"Rohini, Delhi - 110089",Rs. 9.0 - 14.0 Lakhs/mo,"Rs. 8,000 - Rs. 75,000",4.6 Stars (325 Reviews),Extremely Outdated Static Page (Not Mobile Responsive),Founders / Studio Heads,+91 9815 875 254,Car enthusiasts and luxury vehicle owners cannot view high-definition PPF/Ceramic coating video case studies.,"Pitch 'SahayShakti AutoLuxe Dark-Mode Portal': Glossy ceramic/PPF package visualizer, before/after slider showcase, and instant weekend slot booking.",High Priority,Uncontacted / Ready for Pitch
SST-ROH-1470,Prime Wheel Alignment & Tyre Lounge,Automotive Detailing & Luxury Customs,Sector 22 Market,Near Pocket 4 Market,"Rohini, Delhi - 110086",Rs. 12.0 - 18.0 Lakhs/mo,"Rs. 8,000 - Rs. 75,000",4.4 Stars (475 Reviews),No Website (Only Justdial & Google Map listing),Founders / Studio Heads,+91 9850 176 826,Car enthusiasts and luxury vehicle owners cannot view high-definition PPF/Ceramic coating video case studies.,"Pitch 'SahayShakti AutoLuxe Dark-Mode Portal': Glossy ceramic/PPF package visualizer, before/after slider showcase, and instant weekend slot booking.",Hot (High Revenue / Zero Web Presence),Uncontacted / Ready for Pitch
SST-ROH-1471,Car Care Point Multi-Brand Service & AC,Automotive Detailing & Luxury Customs,Sector 25 Marble & Commercial Hub,Near Rithala Industrial Area,"Rohini, Delhi - 110085",Rs. 15.0 - 20.0 Lakhs/mo,"Rs. 8,000 - Rs. 75,000",4.8 Stars (234 Reviews),No Website (Only Instagram Profile & WhatsApp link),Founders / Studio Heads,+91 9884 457 183,Lacks online slot booking for weekend car detailing and customized package pricing calculators.,"Pitch 'SahayShakti AutoLuxe Dark-Mode Portal': Glossy ceramic/PPF package visualizer, before/after slider showcase, and instant weekend slot booking.",Hot (High Revenue / Zero Web Presence),Uncontacted / Ready for Pitch
SST-ROH-1472,Apex Car Detailing & Graphene Coating,Automotive Detailing & Luxury Customs,Mangolpuri Marble Market Hub (Rohini Border),Main Outer Ring Road,"Rohini, Delhi - 110083",Rs. 13.0 - 18.0 Lakhs/mo,"Rs. 8,000 - Rs. 75,000",4.4 Stars (55 Reviews),Broken / Inactive Free Subdomain (.business.site discontinued),Founders / Studio Heads,+91 9880 508 611,Car enthusiasts and luxury vehicle owners cannot view high-definition PPF/Ceramic coating video case studies.,"Pitch 'SahayShakti AutoLuxe Dark-Mode Portal': Glossy ceramic/PPF package visualizer, before/after slider showcase, and instant weekend slot booking.",Hot (High Revenue / Zero Web Presence),Uncontacted / Ready for Pitch
SST-ROH-1473,Rohini Auto Garage & ECU Remapping,Automotive Detailing & Luxury Customs,GT Karnal Road Banquet Belt,Alipur / Rohini Extn,"Rohini, Delhi - 110036",Rs. 12.0 - 14.0 Lakhs/mo,"Rs. 8,000 - Rs. 75,000",4.8 Stars (304 Reviews),No Website (Only IndiaMART / Sulekha listing),Founders / Studio Heads,+91 9849 275 664,Competitors with Google Ads and slick dark-mode websites capture the premium Audi/BMW/Mercedes owners in Rohini.,"Pitch 'SahayShakti AutoLuxe Dark-Mode Portal': Glossy ceramic/PPF package visualizer, before/after slider showcase, and instant weekend slot booking.",Hot (High Revenue / Zero Web Presence),Uncontacted / Ready for Pitch
SST-ROH-1474,Super Shine Car Spa & Interior Sanitization,Automotive Detailing & Luxury Customs,Pitampura Commercial Hub,Near Netaji Subhash Place / Rani Bagh,"Rohini, Delhi - 110034",Rs. 16.0 - 20.0 Lakhs/mo,"Rs. 8,000 - Rs. 75,000",4.6 Stars (496 Reviews),No Website (Only IndiaMART / Sulekha listing),Founders / Studio Heads,+91 9870 731 252,Car enthusiasts and luxury vehicle owners cannot view high-definition PPF/Ceramic coating video case studies.,"Pitch 'SahayShakti AutoLuxe Dark-Mode Portal': Glossy ceramic/PPF package visualizer, before/after slider showcase, and instant weekend slot booking.",Hot (High Revenue / Zero Web Presence),Uncontacted / Ready for Pitch
SST-ROH-1475,Auto Trendz Luxury Accessories & Sound Hub,Automotive Detailing & Luxury Customs,Sector 7 Market,Near Rohini West Metro Station,"Rohini, Delhi - 110085",Rs. 10.0 - 12.0 Lakhs/mo,"Rs. 8,000 - Rs. 75,000",4.8 Stars (276 Reviews),No Website (Only Instagram Profile & WhatsApp link),Founders / Studio Heads,+91 9827 196 235,Car enthusiasts and luxury vehicle owners cannot view high-definition PPF/Ceramic coating video case studies.,"Pitch 'SahayShakti AutoLuxe Dark-Mode Portal': Glossy ceramic/PPF package visualizer, before/after slider showcase, and instant weekend slot booking.",High Priority,Uncontacted / Ready for Pitch
SST-ROH-1476,Dynamic Detailing Studio & Scratch Removal,Automotive Detailing & Luxury Customs,Sector 8 Main Market,Near Rohini East Metro Station,"Rohini, Delhi - 110085",Rs. 13.0 - 19.0 Lakhs/mo,"Rs. 8,000 - Rs. 75,000",4.6 Stars (396 Reviews),No Website (Only Instagram Profile & WhatsApp link),Founders / Studio Heads,+91 9858 662 408,Lacks online slot booking for weekend car detailing and customized package pricing calculators.,"Pitch 'SahayShakti AutoLuxe Dark-Mode Portal': Glossy ceramic/PPF package visualizer, before/after slider showcase, and instant weekend slot booking.",Hot (High Revenue / Zero Web Presence),Uncontacted / Ready for Pitch
SST-ROH-1477,The Auto Studio PPF & Premium Wash,Automotive Detailing & Luxury Customs,Sector 9 Commercial Complex,Near DC Chowk,"Rohini, Delhi - 110085",Rs. 11.0 - 13.0 Lakhs/mo,"Rs. 8,000 - Rs. 75,000",4.6 Stars (552 Reviews),No Website (Only IndiaMART / Sulekha listing),Founders / Studio Heads,+91 9871 748 814,Competitors with Google Ads and slick dark-mode websites capture the premium Audi/BMW/Mercedes owners in Rohini.,"Pitch 'SahayShakti AutoLuxe Dark-Mode Portal': Glossy ceramic/PPF package visualizer, before/after slider showcase, and instant weekend slot booking.",Hot (High Revenue / Zero Web Presence),Uncontacted / Ready for Pitch
SST-ROH-1478,Supreme Car Modification & Seat Covers,Automotive Detailing & Luxury Customs,Sector 11 Market,Near G3S Mall & Garg Trade Centre,"Rohini, Delhi - 110085",Rs. 15.0 - 20.0 Lakhs/mo,"Rs. 8,000 - Rs. 75,000",4.9 Stars (588 Reviews),No Website (Only Justdial & Google Map listing),Founders / Studio Heads,+91 9848 770 328,Relies on temporary Instagram stories without a persistent Google indexed warranty & certification portal.,"Pitch 'SahayShakti AutoLuxe Dark-Mode Portal': Glossy ceramic/PPF package visualizer, before/after slider showcase, and instant weekend slot booking.",Hot (High Revenue / Zero Web Presence),Uncontacted / Ready for Pitch
SST-ROH-1479,Drive In Car Spa & Mechanical Care,Automotive Detailing & Luxury Customs,Sector 13 Central Market,Ring Road / Bhagwan Mahavir Hospital Road,"Rohini, Delhi - 110085",Rs. 16.0 - 22.0 Lakhs/mo,"Rs. 8,000 - Rs. 75,000",4.5 Stars (600 Reviews),No Website (Only Instagram Profile & WhatsApp link),Founders / Studio Heads,+91 9841 120 587,Competitors with Google Ads and slick dark-mode websites capture the premium Audi/BMW/Mercedes owners in Rohini.,"Pitch 'SahayShakti AutoLuxe Dark-Mode Portal': Glossy ceramic/PPF package visualizer, before/after slider showcase, and instant weekend slot booking.",Hot (High Revenue / Zero Web Presence),Uncontacted / Ready for Pitch
SST-ROH-1480,Wrap Craft Vehicle Vinyl & PPF Studio,Automotive Detailing & Luxury Customs,Sector 14 Prashant Vihar,Near Fun Cinema / Outer Ring Road,"Rohini, Delhi - 110085",Rs. 7.0 - 9.0 Lakhs/mo,"Rs. 8,000 - Rs. 75,000",4.8 Stars (46 Reviews),No Website (Only IndiaMART / Sulekha listing),Founders / Studio Heads,+91 9857 605 990,Lacks online slot booking for weekend car detailing and customized package pricing calculators.,"Pitch 'SahayShakti AutoLuxe Dark-Mode Portal': Glossy ceramic/PPF package visualizer, before/after slider showcase, and instant weekend slot booking.",High Priority,Uncontacted / Ready for Pitch
SST-ROH-1481,Classic Auto Electrical & Scanning Hub,Automotive Detailing & Luxury Customs,Sector 15 Main Commercial Market,Near KN Katju Marg,"Rohini, Delhi - 110089",Rs. 10.0 - 16.0 Lakhs/mo,"Rs. 8,000 - Rs. 75,000",4.5 Stars (580 Reviews),No Website (Only Instagram Profile & WhatsApp link),Founders / Studio Heads,+91 9824 793 368,Relies on temporary Instagram stories without a persistent Google indexed warranty & certification portal.,"Pitch 'SahayShakti AutoLuxe Dark-Mode Portal': Glossy ceramic/PPF package visualizer, before/after slider showcase, and instant weekend slot booking.",High Priority,Uncontacted / Ready for Pitch
SST-ROH-1482,Velocity Car Care & Detailing Garage,Automotive Detailing & Luxury Customs,Sector 16 Market,Opposite DTU Hub,"Rohini, Delhi - 110089",Rs. 9.0 - 15.0 Lakhs/mo,"Rs. 8,000 - Rs. 75,000",4.3 Stars (303 Reviews),No Website (Only IndiaMART / Sulekha listing),Founders / Studio Heads,+91 9889 569 810,Car enthusiasts and luxury vehicle owners cannot view high-definition PPF/Ceramic coating video case studies.,"Pitch 'SahayShakti AutoLuxe Dark-Mode Portal': Glossy ceramic/PPF package visualizer, before/after slider showcase, and instant weekend slot booking.",High Priority,Uncontacted / Ready for Pitch
SST-ROH-1483,Royal Wheels & Luxury Detailing Hub,Automotive Detailing & Luxury Customs,Sector 17 Commercial Hub,Near City Centre,"Rohini, Delhi - 110089",Rs. 14.0 - 19.0 Lakhs/mo,"Rs. 8,000 - Rs. 75,000",4.3 Stars (78 Reviews),Broken / Inactive Free Subdomain (.business.site discontinued),Founders / Studio Heads,+91 9828 493 618,Car enthusiasts and luxury vehicle owners cannot view high-definition PPF/Ceramic coating video case studies.,"Pitch 'SahayShakti AutoLuxe Dark-Mode Portal': Glossy ceramic/PPF package visualizer, before/after slider showcase, and instant weekend slot booking.",Hot (High Revenue / Zero Web Presence),Uncontacted / Ready for Pitch
SST-ROH-1484,Speedway Multi-Brand Car Service Centre,Automotive Detailing & Luxury Customs,Sector 24 Commercial Centre,Near Rithala Metro Link,"Rohini, Delhi - 110085",Rs. 15.0 - 20.0 Lakhs/mo,"Rs. 8,000 - Rs. 75,000",4.7 Stars (259 Reviews),No Website (Only IndiaMART / Sulekha listing),Founders / Studio Heads,+91 9872 650 585,Car enthusiasts and luxury vehicle owners cannot view high-definition PPF/Ceramic coating video case studies.,"Pitch 'SahayShakti AutoLuxe Dark-Mode Portal': Glossy ceramic/PPF package visualizer, before/after slider showcase, and instant weekend slot booking.",Hot (High Revenue / Zero Web Presence),Uncontacted / Ready for Pitch
SST-ROH-1485,Urban Auto Spa & Ceramic Coating,Automotive Detailing & Luxury Customs,Sector 3 Rohini Market,Near Jaipur Golden Hospital,"Rohini, Delhi - 110085",Rs. 8.0 - 12.0 Lakhs/mo,"Rs. 8,000 - Rs. 75,000",4.4 Stars (323 Reviews),No Website (Only Justdial & Google Map listing),Founders / Studio Heads,+91 9838 565 773,Competitors with Google Ads and slick dark-mode websites capture the premium Audi/BMW/Mercedes owners in Rohini.,"Pitch 'SahayShakti AutoLuxe Dark-Mode Portal': Glossy ceramic/PPF package visualizer, before/after slider showcase, and instant weekend slot booking.",High Priority,Uncontacted / Ready for Pitch
SST-ROH-1486,The Detailing Gang Ceramic Coating & PPF (Branch 2),Automotive Detailing & Luxury Customs,Sector 5 CSC Market,Near Rajiv Gandhi Cancer Institute,"Rohini, Delhi - 110085",Rs. 13.0 - 19.0 Lakhs/mo,"Rs. 8,000 - Rs. 75,000",4.6 Stars (122 Reviews),No Website (Only Instagram Profile & WhatsApp link),Founders / Studio Heads,+91 9810 158 854,Lacks online slot booking for weekend car detailing and customized package pricing calculators.,"Pitch 'SahayShakti AutoLuxe Dark-Mode Portal': Glossy ceramic/PPF package visualizer, before/after slider showcase, and instant weekend slot booking.",Hot (High Revenue / Zero Web Presence),Uncontacted / Ready for Pitch
SST-ROH-1487,Auto Shine Luxury Car Spa & Detailing (Branch 2),Automotive Detailing & Luxury Customs,Sector 6 Commercial Complex,Near Ayodhya Chowk,"Rohini, Delhi - 110085",Rs. 8.0 - 12.0 Lakhs/mo,"Rs. 8,000 - Rs. 75,000",4.9 Stars (239 Reviews),Extremely Outdated Static Page (Not Mobile Responsive),Founders / Studio Heads,+91 9814 740 672,Relies on temporary Instagram stories without a persistent Google indexed warranty & certification portal.,"Pitch 'SahayShakti AutoLuxe Dark-Mode Portal': Glossy ceramic/PPF package visualizer, before/after slider showcase, and instant weekend slot booking.",High Priority,Uncontacted / Ready for Pitch
SST-ROH-1488,Rohini Customs Car Audio & Modifiers (Branch 2),Automotive Detailing & Luxury Customs,Sector 18 Commercial Hub,Badli Road / Samaypur link,"Rohini, Delhi - 110089",Rs. 12.0 - 18.0 Lakhs/mo,"Rs. 8,000 - Rs. 75,000",4.3 Stars (444 Reviews),No Website (Only Justdial & Google Map listing),Founders / Studio Heads,+91 9874 929 360,Competitors with Google Ads and slick dark-mode websites capture the premium Audi/BMW/Mercedes owners in Rohini.,"Pitch 'SahayShakti AutoLuxe Dark-Mode Portal': Glossy ceramic/PPF package visualizer, before/after slider showcase, and instant weekend slot booking.",Hot (High Revenue / Zero Web Presence),Uncontacted / Ready for Pitch
SST-ROH-1489,Torque Auto Craft Ceramic & Paint Protection (Branch 2),Automotive Detailing & Luxury Customs,Sector 22 Market,Near Pocket 4 Market,"Rohini, Delhi - 110086",Rs. 7.0 - 11.0 Lakhs/mo,"Rs. 8,000 - Rs. 75,000",4.7 Stars (200 Reviews),Broken / Inactive Free Subdomain (.business.site discontinued),Founders / Studio Heads,+91 9856 808 462,Lacks online slot booking for weekend car detailing and customized package pricing calculators.,"Pitch 'SahayShakti AutoLuxe Dark-Mode Portal': Glossy ceramic/PPF package visualizer, before/after slider showcase, and instant weekend slot booking.",High Priority,Uncontacted / Ready for Pitch
SST-ROH-1490,Speed Car Spa & Steam Wash Hub (Branch 2),Automotive Detailing & Luxury Customs,Sector 25 Marble & Commercial Hub,Near Rithala Industrial Area,"Rohini, Delhi - 110085",Rs. 7.0 - 12.0 Lakhs/mo,"Rs. 8,000 - Rs. 75,000",4.3 Stars (457 Reviews),No Website (Only IndiaMART / Sulekha listing),Founders / Studio Heads,+91 9887 570 526,Competitors with Google Ads and slick dark-mode websites capture the premium Audi/BMW/Mercedes owners in Rohini.,"Pitch 'SahayShakti AutoLuxe Dark-Mode Portal': Glossy ceramic/PPF package visualizer, before/after slider showcase, and instant weekend slot booking.",High Priority,Uncontacted / Ready for Pitch
SST-ROH-1491,Elite Car Detailing & Teflon Coating (Branch 2),Automotive Detailing & Luxury Customs,Mangolpuri Marble Market Hub (Rohini Border),Main Outer Ring Road,"Rohini, Delhi - 110083",Rs. 16.0 - 18.0 Lakhs/mo,"Rs. 8,000 - Rs. 75,000",4.5 Stars (455 Reviews),Broken / Inactive Free Subdomain (.business.site discontinued),Founders / Studio Heads,+91 9894 453 839,Lacks online slot booking for weekend car detailing and customized package pricing calculators.,"Pitch 'SahayShakti AutoLuxe Dark-Mode Portal': Glossy ceramic/PPF package visualizer, before/after slider showcase, and instant weekend slot booking.",Hot (High Revenue / Zero Web Presence),Uncontacted / Ready for Pitch
SST-ROH-1492,Motorheads Studio PPF & Custom Wraps (Branch 2),Automotive Detailing & Luxury Customs,GT Karnal Road Banquet Belt,Alipur / Rohini Extn,"Rohini, Delhi - 110036",Rs. 14.0 - 20.0 Lakhs/mo,"Rs. 8,000 - Rs. 75,000",4.5 Stars (488 Reviews),No Website (Only Justdial & Google Map listing),Founders / Studio Heads,+91 9823 822 465,Competitors with Google Ads and slick dark-mode websites capture the premium Audi/BMW/Mercedes owners in Rohini.,"Pitch 'SahayShakti AutoLuxe Dark-Mode Portal': Glossy ceramic/PPF package visualizer, before/after slider showcase, and instant weekend slot booking.",Hot (High Revenue / Zero Web Presence),Uncontacted / Ready for Pitch
SST-ROH-1493,Shree Ganesh Auto Accessories & Audio (Branch 2),Automotive Detailing & Luxury Customs,Pitampura Commercial Hub,Near Netaji Subhash Place / Rani Bagh,"Rohini, Delhi - 110034",Rs. 9.0 - 12.0 Lakhs/mo,"Rs. 8,000 - Rs. 75,000",4.3 Stars (619 Reviews),Extremely Outdated Static Page (Not Mobile Responsive),Founders / Studio Heads,+91 9858 233 380,Relies on temporary Instagram stories without a persistent Google indexed warranty & certification portal.,"Pitch 'SahayShakti AutoLuxe Dark-Mode Portal': Glossy ceramic/PPF package visualizer, before/after slider showcase, and instant weekend slot booking.",High Priority,Uncontacted / Ready for Pitch
SST-ROH-1494,Precision Car Detailing & Dry Clean Lounge (Branch 2),Automotive Detailing & Luxury Customs,Sector 7 Market,Near Rohini West Metro Station,"Rohini, Delhi - 110085",Rs. 6.0 - 11.0 Lakhs/mo,"Rs. 8,000 - Rs. 75,000",4.8 Stars (590 Reviews),No Website (Only Justdial & Google Map listing),Founders / Studio Heads,+91 9898 797 873,Car enthusiasts and luxury vehicle owners cannot view high-definition PPF/Ceramic coating video case studies.,"Pitch 'SahayShakti AutoLuxe Dark-Mode Portal': Glossy ceramic/PPF package visualizer, before/after slider showcase, and instant weekend slot booking.",High Priority,Uncontacted / Ready for Pitch
SST-ROH-1495,The Car Lounge Paint Protection Film Studio (Branch 2),Automotive Detailing & Luxury Customs,Sector 8 Main Market,Near Rohini East Metro Station,"Rohini, Delhi - 110085",Rs. 14.0 - 19.0 Lakhs/mo,"Rs. 8,000 - Rs. 75,000",4.4 Stars (643 Reviews),Broken / Inactive Free Subdomain (.business.site discontinued),Founders / Studio Heads,+91 9839 733 545,Lacks online slot booking for weekend car detailing and customized package pricing calculators.,"Pitch 'SahayShakti AutoLuxe Dark-Mode Portal': Glossy ceramic/PPF package visualizer, before/after slider showcase, and instant weekend slot booking.",Hot (High Revenue / Zero Web Presence),Uncontacted / Ready for Pitch
SST-ROH-1496,German Auto Care Luxury Car Workshop (Branch 2),Automotive Detailing & Luxury Customs,Sector 9 Commercial Complex,Near DC Chowk,"Rohini, Delhi - 110085",Rs. 14.0 - 16.0 Lakhs/mo,"Rs. 8,000 - Rs. 75,000",4.7 Stars (190 Reviews),No Website (Only Justdial & Google Map listing),Founders / Studio Heads,+91 9854 687 606,Competitors with Google Ads and slick dark-mode websites capture the premium Audi/BMW/Mercedes owners in Rohini.,"Pitch 'SahayShakti AutoLuxe Dark-Mode Portal': Glossy ceramic/PPF package visualizer, before/after slider showcase, and instant weekend slot booking.",Hot (High Revenue / Zero Web Presence),Uncontacted / Ready for Pitch
SST-ROH-1497,Glaze & Gloss Ceramic Coating Studio (Branch 2),Automotive Detailing & Luxury Customs,Sector 11 Market,Near G3S Mall & Garg Trade Centre,"Rohini, Delhi - 110085",Rs. 10.0 - 12.0 Lakhs/mo,"Rs. 8,000 - Rs. 75,000",4.7 Stars (190 Reviews),No Website (Only IndiaMART / Sulekha listing),Founders / Studio Heads,+91 9871 633 227,Competitors with Google Ads and slick dark-mode websites capture the premium Audi/BMW/Mercedes owners in Rohini.,"Pitch 'SahayShakti AutoLuxe Dark-Mode Portal': Glossy ceramic/PPF package visualizer, before/after slider showcase, and instant weekend slot booking.",High Priority,Uncontacted / Ready for Pitch
SST-ROH-1498,Auto Aesthetics PPF & Car Wrapping Hub (Branch 2),Automotive Detailing & Luxury Customs,Sector 13 Central Market,Ring Road / Bhagwan Mahavir Hospital Road,"Rohini, Delhi - 110085",Rs. 8.0 - 11.0 Lakhs/mo,"Rs. 8,000 - Rs. 75,000",4.4 Stars (95 Reviews),No Website (Only Instagram Profile & WhatsApp link),Founders / Studio Heads,+91 9841 830 223,Car enthusiasts and luxury vehicle owners cannot view high-definition PPF/Ceramic coating video case studies.,"Pitch 'SahayShakti AutoLuxe Dark-Mode Portal': Glossy ceramic/PPF package visualizer, before/after slider showcase, and instant weekend slot booking.",High Priority,Uncontacted / Ready for Pitch
SST-ROH-1499,Pitampura Auto Modifiers & Custom Lights (Branch 2),Automotive Detailing & Luxury Customs,Sector 14 Prashant Vihar,Near Fun Cinema / Outer Ring Road,"Rohini, Delhi - 110085",Rs. 11.0 - 16.0 Lakhs/mo,"Rs. 8,000 - Rs. 75,000",4.9 Stars (632 Reviews),No Website (Only Justdial & Google Map listing),Founders / Studio Heads,+91 9886 183 448,Relies on temporary Instagram stories without a persistent Google indexed warranty & certification portal.,"Pitch 'SahayShakti AutoLuxe Dark-Mode Portal': Glossy ceramic/PPF package visualizer, before/after slider showcase, and instant weekend slot booking.",Hot (High Revenue / Zero Web Presence),Uncontacted / Ready for Pitch
SST-ROH-1500,Prime Wheel Alignment & Tyre Lounge (Branch 2),Automotive Detailing & Luxury Customs,Sector 15 Main Commercial Market,Near KN Katju Marg,"Rohini, Delhi - 110089",Rs. 13.0 - 18.0 Lakhs/mo,"Rs. 8,000 - Rs. 75,000",4.4 Stars (665 Reviews),Extremely Outdated Static Page (Not Mobile Responsive),Founders / Studio Heads,+91 9877 968 519,Relies on temporary Instagram stories without a persistent Google indexed warranty & certification portal.,"Pitch 'SahayShakti AutoLuxe Dark-Mode Portal': Glossy ceramic/PPF package visualizer, before/after slider showcase, and instant weekend slot booking.",Hot (High Revenue / Zero Web Presence),Uncontacted / Ready for Pitch
SST-ROH-1501,Car Care Point Multi-Brand Service & AC (Branch 2),Automotive Detailing & Luxury Customs,Sector 16 Market,Opposite DTU Hub,"Rohini, Delhi - 110089",Rs. 7.0 - 11.0 Lakhs/mo,"Rs. 8,000 - Rs. 75,000",4.5 Stars (313 Reviews),No Website (Only Instagram Profile & WhatsApp link),Founders / Studio Heads,+91 9895 354 566,Lacks online slot booking for weekend car detailing and customized package pricing calculators.,"Pitch 'SahayShakti AutoLuxe Dark-Mode Portal': Glossy ceramic/PPF package visualizer, before/after slider showcase, and instant weekend slot booking.",High Priority,Uncontacted / Ready for Pitch
SST-ROH-1502,Apex Car Detailing & Graphene Coating (Branch 2),Automotive Detailing & Luxury Customs,Sector 17 Commercial Hub,Near City Centre,"Rohini, Delhi - 110089",Rs. 15.0 - 18.0 Lakhs/mo,"Rs. 8,000 - Rs. 75,000",4.5 Stars (492 Reviews),No Website (Only Instagram Profile & WhatsApp link),Founders / Studio Heads,+91 9855 898 388,Competitors with Google Ads and slick dark-mode websites capture the premium Audi/BMW/Mercedes owners in Rohini.,"Pitch 'SahayShakti AutoLuxe Dark-Mode Portal': Glossy ceramic/PPF package visualizer, before/after slider showcase, and instant weekend slot booking.",Hot (High Revenue / Zero Web Presence),Uncontacted / Ready for Pitch
SST-ROH-1503,Rohini Auto Garage & ECU Remapping (Branch 2),Automotive Detailing & Luxury Customs,Sector 24 Commercial Centre,Near Rithala Metro Link,"Rohini, Delhi - 110085",Rs. 7.0 - 10.0 Lakhs/mo,"Rs. 8,000 - Rs. 75,000",4.8 Stars (115 Reviews),Broken / Inactive Free Subdomain (.business.site discontinued),Founders / Studio Heads,+91 9878 745 526,Car enthusiasts and luxury vehicle owners cannot view high-definition PPF/Ceramic coating video case studies.,"Pitch 'SahayShakti AutoLuxe Dark-Mode Portal': Glossy ceramic/PPF package visualizer, before/after slider showcase, and instant weekend slot booking.",High Priority,Uncontacted / Ready for Pitch
SST-ROH-1504,Super Shine Car Spa & Interior Sanitization (Branch 2),Automotive Detailing & Luxury Customs,Sector 3 Rohini Market,Near Jaipur Golden Hospital,"Rohini, Delhi - 110085",Rs. 10.0 - 13.0 Lakhs/mo,"Rs. 8,000 - Rs. 75,000",4.4 Stars (410 Reviews),Extremely Outdated Static Page (Not Mobile Responsive),Founders / Studio Heads,+91 9839 934 887,Competitors with Google Ads and slick dark-mode websites capture the premium Audi/BMW/Mercedes owners in Rohini.,"Pitch 'SahayShakti AutoLuxe Dark-Mode Portal': Glossy ceramic/PPF package visualizer, before/after slider showcase, and instant weekend slot booking.",High Priority,Uncontacted / Ready for Pitch
SST-ROH-1505,Auto Trendz Luxury Accessories & Sound Hub (Branch 2),Automotive Detailing & Luxury Customs,Sector 5 CSC Market,Near Rajiv Gandhi Cancer Institute,"Rohini, Delhi - 110085",Rs. 12.0 - 18.0 Lakhs/mo,"Rs. 8,000 - Rs. 75,000",4.4 Stars (578 Reviews),No Website (Only Instagram Profile & WhatsApp link),Founders / Studio Heads,+91 9845 994 813,Competitors with Google Ads and slick dark-mode websites capture the premium Audi/BMW/Mercedes owners in Rohini.,"Pitch 'SahayShakti AutoLuxe Dark-Mode Portal': Glossy ceramic/PPF package visualizer, before/after slider showcase, and instant weekend slot booking.",Hot (High Revenue / Zero Web Presence),Uncontacted / Ready for Pitch
SST-ROH-1506,Dynamic Detailing Studio & Scratch Removal (Branch 2),Automotive Detailing & Luxury Customs,Sector 6 Commercial Complex,Near Ayodhya Chowk,"Rohini, Delhi - 110085",Rs. 15.0 - 21.0 Lakhs/mo,"Rs. 8,000 - Rs. 75,000",4.9 Stars (526 Reviews),No Website (Only IndiaMART / Sulekha listing),Founders / Studio Heads,+91 9816 485 747,Relies on temporary Instagram stories without a persistent Google indexed warranty & certification portal.,"Pitch 'SahayShakti AutoLuxe Dark-Mode Portal': Glossy ceramic/PPF package visualizer, before/after slider showcase, and instant weekend slot booking.",Hot (High Revenue / Zero Web Presence),Uncontacted / Ready for Pitch
SST-ROH-1507,The Auto Studio PPF & Premium Wash (Branch 2),Automotive Detailing & Luxury Customs,Sector 18 Commercial Hub,Badli Road / Samaypur link,"Rohini, Delhi - 110089",Rs. 13.0 - 16.0 Lakhs/mo,"Rs. 8,000 - Rs. 75,000",4.6 Stars (458 Reviews),No Website (Only IndiaMART / Sulekha listing),Founders / Studio Heads,+91 9898 999 764,Car enthusiasts and luxury vehicle owners cannot view high-definition PPF/Ceramic coating video case studies.,"Pitch 'SahayShakti AutoLuxe Dark-Mode Portal': Glossy ceramic/PPF package visualizer, before/after slider showcase, and instant weekend slot booking.",Hot (High Revenue / Zero Web Presence),Uncontacted / Ready for Pitch
SST-ROH-1508,Supreme Car Modification & Seat Covers (Branch 2),Automotive Detailing & Luxury Customs,Sector 22 Market,Near Pocket 4 Market,"Rohini, Delhi - 110086",Rs. 11.0 - 14.0 Lakhs/mo,"Rs. 8,000 - Rs. 75,000",4.7 Stars (451 Reviews),No Website (Only Justdial & Google Map listing),Founders / Studio Heads,+91 9888 113 948,Relies on temporary Instagram stories without a persistent Google indexed warranty & certification portal.,"Pitch 'SahayShakti AutoLuxe Dark-Mode Portal': Glossy ceramic/PPF package visualizer, before/after slider showcase, and instant weekend slot booking.",Hot (High Revenue / Zero Web Presence),Uncontacted / Ready for Pitch
SST-ROH-1509,Drive In Car Spa & Mechanical Care (Branch 2),Automotive Detailing & Luxury Customs,Sector 25 Marble & Commercial Hub,Near Rithala Industrial Area,"Rohini, Delhi - 110085",Rs. 6.0 - 11.0 Lakhs/mo,"Rs. 8,000 - Rs. 75,000",4.9 Stars (126 Reviews),No Website (Only Justdial & Google Map listing),Founders / Studio Heads,+91 9851 930 908,Relies on temporary Instagram stories without a persistent Google indexed warranty & certification portal.,"Pitch 'SahayShakti AutoLuxe Dark-Mode Portal': Glossy ceramic/PPF package visualizer, before/after slider showcase, and instant weekend slot booking.",High Priority,Uncontacted / Ready for Pitch
SST-ROH-1510,Wrap Craft Vehicle Vinyl & PPF Studio (Branch 2),Automotive Detailing & Luxury Customs,Mangolpuri Marble Market Hub (Rohini Border),Main Outer Ring Road,"Rohini, Delhi - 110083",Rs. 7.0 - 10.0 Lakhs/mo,"Rs. 8,000 - Rs. 75,000",4.6 Stars (387 Reviews),Broken / Inactive Free Subdomain (.business.site discontinued),Founders / Studio Heads,+91 9855 177 711,Competitors with Google Ads and slick dark-mode websites capture the premium Audi/BMW/Mercedes owners in Rohini.,"Pitch 'SahayShakti AutoLuxe Dark-Mode Portal': Glossy ceramic/PPF package visualizer, before/after slider showcase, and instant weekend slot booking.",High Priority,Uncontacted / Ready for Pitch
SST-ROH-1511,Classic Auto Electrical & Scanning Hub (Branch 2),Automotive Detailing & Luxury Customs,GT Karnal Road Banquet Belt,Alipur / Rohini Extn,"Rohini, Delhi - 110036",Rs. 11.0 - 17.0 Lakhs/mo,"Rs. 8,000 - Rs. 75,000",4.7 Stars (361 Reviews),No Website (Only IndiaMART / Sulekha listing),Founders / Studio Heads,+91 9895 563 844,Car enthusiasts and luxury vehicle owners cannot view high-definition PPF/Ceramic coating video case studies.,"Pitch 'SahayShakti AutoLuxe Dark-Mode Portal': Glossy ceramic/PPF package visualizer, before/after slider showcase, and instant weekend slot booking.",Hot (High Revenue / Zero Web Presence),Uncontacted / Ready for Pitch
SST-ROH-1512,Velocity Car Care & Detailing Garage (Branch 2),Automotive Detailing & Luxury Customs,Pitampura Commercial Hub,Near Netaji Subhash Place / Rani Bagh,"Rohini, Delhi - 110034",Rs. 11.0 - 15.0 Lakhs/mo,"Rs. 8,000 - Rs. 75,000",4.4 Stars (242 Reviews),Broken / Inactive Free Subdomain (.business.site discontinued),Founders / Studio Heads,+91 9846 725 556,Relies on temporary Instagram stories without a persistent Google indexed warranty & certification portal.,"Pitch 'SahayShakti AutoLuxe Dark-Mode Portal': Glossy ceramic/PPF package visualizer, before/after slider showcase, and instant weekend slot booking.",Hot (High Revenue / Zero Web Presence),Uncontacted / Ready for Pitch
SST-ROH-1513,Royal Wheels & Luxury Detailing Hub (Branch 2),Automotive Detailing & Luxury Customs,Sector 7 Market,Near Rohini West Metro Station,"Rohini, Delhi - 110085",Rs. 10.0 - 15.0 Lakhs/mo,"Rs. 8,000 - Rs. 75,000",4.7 Stars (428 Reviews),Broken / Inactive Free Subdomain (.business.site discontinued),Founders / Studio Heads,+91 9824 634 832,Lacks online slot booking for weekend car detailing and customized package pricing calculators.,"Pitch 'SahayShakti AutoLuxe Dark-Mode Portal': Glossy ceramic/PPF package visualizer, before/after slider showcase, and instant weekend slot booking.",High Priority,Uncontacted / Ready for Pitch
SST-ROH-1514,Speedway Multi-Brand Car Service Centre (Branch 2),Automotive Detailing & Luxury Customs,Sector 8 Main Market,Near Rohini East Metro Station,"Rohini, Delhi - 110085",Rs. 14.0 - 20.0 Lakhs/mo,"Rs. 8,000 - Rs. 75,000",4.8 Stars (499 Reviews),No Website (Only IndiaMART / Sulekha listing),Founders / Studio Heads,+91 9876 157 734,Competitors with Google Ads and slick dark-mode websites capture the premium Audi/BMW/Mercedes owners in Rohini.,"Pitch 'SahayShakti AutoLuxe Dark-Mode Portal': Glossy ceramic/PPF package visualizer, before/after slider showcase, and instant weekend slot booking.",Hot (High Revenue / Zero Web Presence),Uncontacted / Ready for Pitch
SST-ROH-1515,Urban Auto Spa & Ceramic Coating (Branch 2),Automotive Detailing & Luxury Customs,Sector 9 Commercial Complex,Near DC Chowk,"Rohini, Delhi - 110085",Rs. 16.0 - 22.0 Lakhs/mo,"Rs. 8,000 - Rs. 75,000",4.6 Stars (381 Reviews),No Website (Only Instagram Profile & WhatsApp link),Founders / Studio Heads,+91 9880 780 702,Car enthusiasts and luxury vehicle owners cannot view high-definition PPF/Ceramic coating video case studies.,"Pitch 'SahayShakti AutoLuxe Dark-Mode Portal': Glossy ceramic/PPF package visualizer, before/after slider showcase, and instant weekend slot booking.",Hot (High Revenue / Zero Web Presence),Uncontacted / Ready for Pitch
SST-ROH-1516,The Detailing Gang Ceramic Coating & PPF (Branch 3),Automotive Detailing & Luxury Customs,Sector 11 Market,Near G3S Mall & Garg Trade Centre,"Rohini, Delhi - 110085",Rs. 11.0 - 13.0 Lakhs/mo,"Rs. 8,000 - Rs. 75,000",4.4 Stars (473 Reviews),Broken / Inactive Free Subdomain (.business.site discontinued),Founders / Studio Heads,+91 9816 119 841,Lacks online slot booking for weekend car detailing and customized package pricing calculators.,"Pitch 'SahayShakti AutoLuxe Dark-Mode Portal': Glossy ceramic/PPF package visualizer, before/after slider showcase, and instant weekend slot booking.",Hot (High Revenue / Zero Web Presence),Uncontacted / Ready for Pitch
SST-ROH-1517,Auto Shine Luxury Car Spa & Detailing (Branch 3),Automotive Detailing & Luxury Customs,Sector 13 Central Market,Ring Road / Bhagwan Mahavir Hospital Road,"Rohini, Delhi - 110085",Rs. 9.0 - 11.0 Lakhs/mo,"Rs. 8,000 - Rs. 75,000",4.7 Stars (140 Reviews),No Website (Only Justdial & Google Map listing),Founders / Studio Heads,+91 9879 874 475,Car enthusiasts and luxury vehicle owners cannot view high-definition PPF/Ceramic coating video case studies.,"Pitch 'SahayShakti AutoLuxe Dark-Mode Portal': Glossy ceramic/PPF package visualizer, before/after slider showcase, and instant weekend slot booking.",High Priority,Uncontacted / Ready for Pitch
SST-ROH-1518,Rohini Customs Car Audio & Modifiers (Branch 3),Automotive Detailing & Luxury Customs,Sector 14 Prashant Vihar,Near Fun Cinema / Outer Ring Road,"Rohini, Delhi - 110085",Rs. 6.0 - 10.0 Lakhs/mo,"Rs. 8,000 - Rs. 75,000",4.9 Stars (58 Reviews),No Website (Only Justdial & Google Map listing),Founders / Studio Heads,+91 9889 598 305,Lacks online slot booking for weekend car detailing and customized package pricing calculators.,"Pitch 'SahayShakti AutoLuxe Dark-Mode Portal': Glossy ceramic/PPF package visualizer, before/after slider showcase, and instant weekend slot booking.",High Priority,Uncontacted / Ready for Pitch
SST-ROH-1519,Torque Auto Craft Ceramic & Paint Protection (Branch 3),Automotive Detailing & Luxury Customs,Sector 15 Main Commercial Market,Near KN Katju Marg,"Rohini, Delhi - 110089",Rs. 6.0 - 8.0 Lakhs/mo,"Rs. 8,000 - Rs. 75,000",4.6 Stars (368 Reviews),Extremely Outdated Static Page (Not Mobile Responsive),Founders / Studio Heads,+91 9830 197 984,Lacks online slot booking for weekend car detailing and customized package pricing calculators.,"Pitch 'SahayShakti AutoLuxe Dark-Mode Portal': Glossy ceramic/PPF package visualizer, before/after slider showcase, and instant weekend slot booking.",High Priority,Uncontacted / Ready for Pitch
SST-ROH-1520,Speed Car Spa & Steam Wash Hub (Branch 3),Automotive Detailing & Luxury Customs,Sector 16 Market,Opposite DTU Hub,"Rohini, Delhi - 110089",Rs. 6.0 - 12.0 Lakhs/mo,"Rs. 8,000 - Rs. 75,000",4.9 Stars (605 Reviews),Broken / Inactive Free Subdomain (.business.site discontinued),Founders / Studio Heads,+91 9887 957 333,Lacks online slot booking for weekend car detailing and customized package pricing calculators.,"Pitch 'SahayShakti AutoLuxe Dark-Mode Portal': Glossy ceramic/PPF package visualizer, before/after slider showcase, and instant weekend slot booking.",High Priority,Uncontacted / Ready for Pitch
SST-ROH-1521,Elite Car Detailing & Teflon Coating (Branch 3),Automotive Detailing & Luxury Customs,Sector 17 Commercial Hub,Near City Centre,"Rohini, Delhi - 110089",Rs. 7.0 - 11.0 Lakhs/mo,"Rs. 8,000 - Rs. 75,000",4.6 Stars (192 Reviews),Broken / Inactive Free Subdomain (.business.site discontinued),Founders / Studio Heads,+91 9899 191 456,Competitors with Google Ads and slick dark-mode websites capture the premium Audi/BMW/Mercedes owners in Rohini.,"Pitch 'SahayShakti AutoLuxe Dark-Mode Portal': Glossy ceramic/PPF package visualizer, before/after slider showcase, and instant weekend slot booking.",High Priority,Uncontacted / Ready for Pitch
SST-ROH-1522,Motorheads Studio PPF & Custom Wraps (Branch 3),Automotive Detailing & Luxury Customs,Sector 24 Commercial Centre,Near Rithala Metro Link,"Rohini, Delhi - 110085",Rs. 10.0 - 14.0 Lakhs/mo,"Rs. 8,000 - Rs. 75,000",4.5 Stars (58 Reviews),No Website (Only Justdial & Google Map listing),Founders / Studio Heads,+91 9882 495 767,Car enthusiasts and luxury vehicle owners cannot view high-definition PPF/Ceramic coating video case studies.,"Pitch 'SahayShakti AutoLuxe Dark-Mode Portal': Glossy ceramic/PPF package visualizer, before/after slider showcase, and instant weekend slot booking.",High Priority,Uncontacted / Ready for Pitch
SST-ROH-1523,Shree Ganesh Auto Accessories & Audio (Branch 3),Automotive Detailing & Luxury Customs,Sector 3 Rohini Market,Near Jaipur Golden Hospital,"Rohini, Delhi - 110085",Rs. 11.0 - 14.0 Lakhs/mo,"Rs. 8,000 - Rs. 75,000",4.9 Stars (508 Reviews),Extremely Outdated Static Page (Not Mobile Responsive),Founders / Studio Heads,+91 9848 924 654,Relies on temporary Instagram stories without a persistent Google indexed warranty & certification portal.,"Pitch 'SahayShakti AutoLuxe Dark-Mode Portal': Glossy ceramic/PPF package visualizer, before/after slider showcase, and instant weekend slot booking.",Hot (High Revenue / Zero Web Presence),Uncontacted / Ready for Pitch
SST-ROH-1524,Precision Car Detailing & Dry Clean Lounge (Branch 3),Automotive Detailing & Luxury Customs,Sector 5 CSC Market,Near Rajiv Gandhi Cancer Institute,"Rohini, Delhi - 110085",Rs. 12.0 - 17.0 Lakhs/mo,"Rs. 8,000 - Rs. 75,000",4.7 Stars (497 Reviews),No Website (Only Justdial & Google Map listing),Founders / Studio Heads,+91 9844 282 743,Relies on temporary Instagram stories without a persistent Google indexed warranty & certification portal.,"Pitch 'SahayShakti AutoLuxe Dark-Mode Portal': Glossy ceramic/PPF package visualizer, before/after slider showcase, and instant weekend slot booking.",Hot (High Revenue / Zero Web Presence),Uncontacted / Ready for Pitch
SST-ROH-1525,The Car Lounge Paint Protection Film Studio (Branch 3),Automotive Detailing & Luxury Customs,Sector 6 Commercial Complex,Near Ayodhya Chowk,"Rohini, Delhi - 110085",Rs. 13.0 - 18.0 Lakhs/mo,"Rs. 8,000 - Rs. 75,000",4.6 Stars (147 Reviews),No Website (Only IndiaMART / Sulekha listing),Founders / Studio Heads,+91 9825 307 393,Relies on temporary Instagram stories without a persistent Google indexed warranty & certification portal.,"Pitch 'SahayShakti AutoLuxe Dark-Mode Portal': Glossy ceramic/PPF package visualizer, before/after slider showcase, and instant weekend slot booking.",Hot (High Revenue / Zero Web Presence),Uncontacted / Ready for Pitch
SST-ROH-1526,German Auto Care Luxury Car Workshop (Branch 3),Automotive Detailing & Luxury Customs,Sector 18 Commercial Hub,Badli Road / Samaypur link,"Rohini, Delhi - 110089",Rs. 15.0 - 21.0 Lakhs/mo,"Rs. 8,000 - Rs. 75,000",4.7 Stars (457 Reviews),Extremely Outdated Static Page (Not Mobile Responsive),Founders / Studio Heads,+91 9836 914 934,Lacks online slot booking for weekend car detailing and customized package pricing calculators.,"Pitch 'SahayShakti AutoLuxe Dark-Mode Portal': Glossy ceramic/PPF package visualizer, before/after slider showcase, and instant weekend slot booking.",Hot (High Revenue / Zero Web Presence),Uncontacted / Ready for Pitch
SST-ROH-1527,Glaze & Gloss Ceramic Coating Studio (Branch 3),Automotive Detailing & Luxury Customs,Sector 22 Market,Near Pocket 4 Market,"Rohini, Delhi - 110086",Rs. 8.0 - 10.0 Lakhs/mo,"Rs. 8,000 - Rs. 75,000",4.3 Stars (550 Reviews),Extremely Outdated Static Page (Not Mobile Responsive),Founders / Studio Heads,+91 9839 132 170,Car enthusiasts and luxury vehicle owners cannot view high-definition PPF/Ceramic coating video case studies.,"Pitch 'SahayShakti AutoLuxe Dark-Mode Portal': Glossy ceramic/PPF package visualizer, before/after slider showcase, and instant weekend slot booking.",High Priority,Uncontacted / Ready for Pitch
SST-ROH-1528,Auto Aesthetics PPF & Car Wrapping Hub (Branch 3),Automotive Detailing & Luxury Customs,Sector 25 Marble & Commercial Hub,Near Rithala Industrial Area,"Rohini, Delhi - 110085",Rs. 15.0 - 18.0 Lakhs/mo,"Rs. 8,000 - Rs. 75,000",4.7 Stars (237 Reviews),No Website (Only IndiaMART / Sulekha listing),Founders / Studio Heads,+91 9816 940 368,Lacks online slot booking for weekend car detailing and customized package pricing calculators.,"Pitch 'SahayShakti AutoLuxe Dark-Mode Portal': Glossy ceramic/PPF package visualizer, before/after slider showcase, and instant weekend slot booking.",Hot (High Revenue / Zero Web Presence),Uncontacted / Ready for Pitch
SST-ROH-1529,Pitampura Auto Modifiers & Custom Lights (Branch 3),Automotive Detailing & Luxury Customs,Mangolpuri Marble Market Hub (Rohini Border),Main Outer Ring Road,"Rohini, Delhi - 110083",Rs. 16.0 - 22.0 Lakhs/mo,"Rs. 8,000 - Rs. 75,000",4.4 Stars (249 Reviews),Extremely Outdated Static Page (Not Mobile Responsive),Founders / Studio Heads,+91 9827 947 177,Competitors with Google Ads and slick dark-mode websites capture the premium Audi/BMW/Mercedes owners in Rohini.,"Pitch 'SahayShakti AutoLuxe Dark-Mode Portal': Glossy ceramic/PPF package visualizer, before/after slider showcase, and instant weekend slot booking.",Hot (High Revenue / Zero Web Presence),Uncontacted / Ready for Pitch
SST-ROH-1530,Prime Wheel Alignment & Tyre Lounge (Branch 3),Automotive Detailing & Luxury Customs,GT Karnal Road Banquet Belt,Alipur / Rohini Extn,"Rohini, Delhi - 110036",Rs. 15.0 - 21.0 Lakhs/mo,"Rs. 8,000 - Rs. 75,000",4.5 Stars (481 Reviews),No Website (Only Justdial & Google Map listing),Founders / Studio Heads,+91 9810 142 957,Competitors with Google Ads and slick dark-mode websites capture the premium Audi/BMW/Mercedes owners in Rohini.,"Pitch 'SahayShakti AutoLuxe Dark-Mode Portal': Glossy ceramic/PPF package visualizer, before/after slider showcase, and instant weekend slot booking.",Hot (High Revenue / Zero Web Presence),Uncontacted / Ready for Pitch
SST-ROH-1531,Rohini Property Hub & Luxury Floor Builders,Real Estate Consultants & Builders,Sector 7 Market,Near Rohini West Metro Station,"Rohini, Delhi - 110085",Rs. 15.0 - 17.0 Lakhs/mo,"Rs. 50,000 - Rs. 500,000",4.3 Stars (46 Reviews),Broken / Inactive Free Subdomain (.business.site discontinued),Senior Partners / Developers,+91 9815 336 357,Lacks automated property inquiry capture forms and EMI / Stamp Duty calculator tools for buyers.,"Pitch 'SahayShakti RealtyPro Engine': HD floor-plan showcase, interactive virtual walkthroughs, and automated investor WhatsApp lead-capture system.",High Priority,Uncontacted / Ready for Pitch
SST-ROH-1532,Aggarwal Real Estate & Financial Consultants,Real Estate Consultants & Builders,Sector 8 Main Market,Near Rohini East Metro Station,"Rohini, Delhi - 110085",Rs. 19.0 - 23.0 Lakhs/mo,"Rs. 50,000 - Rs. 500,000",4.5 Stars (269 Reviews),Broken / Inactive Free Subdomain (.business.site discontinued),Senior Partners / Developers,+91 9819 236 944,Lacks automated property inquiry capture forms and EMI / Stamp Duty calculator tools for buyers.,"Pitch 'SahayShakti RealtyPro Engine': HD floor-plan showcase, interactive virtual walkthroughs, and automated investor WhatsApp lead-capture system.",High Priority,Uncontacted / Ready for Pitch
SST-ROH-1533,Shree Shyam Builders & Collaborators,Real Estate Consultants & Builders,Sector 9 Commercial Complex,Near DC Chowk,"Rohini, Delhi - 110085",Rs. 15.0 - 18.0 Lakhs/mo,"Rs. 50,000 - Rs. 500,000",4.9 Stars (632 Reviews),No Website (Only IndiaMART / Sulekha listing),Senior Partners / Developers,+91 9870 490 706,No branded web authority making them look like a small broker rather than a premier developer.,"Pitch 'SahayShakti RealtyPro Engine': HD floor-plan showcase, interactive virtual walkthroughs, and automated investor WhatsApp lead-capture system.",High Priority,Uncontacted / Ready for Pitch
SST-ROH-1534,Gupta Associates Rohini Floor Developers,Real Estate Consultants & Builders,Sector 11 Market,Near G3S Mall & Garg Trade Centre,"Rohini, Delhi - 110085",Rs. 36.0 - 40.0 Lakhs/mo,"Rs. 50,000 - Rs. 500,000",4.7 Stars (618 Reviews),No Website (Only Justdial & Google Map listing),Senior Partners / Developers,+91 9842 804 479,Lacks automated property inquiry capture forms and EMI / Stamp Duty calculator tools for buyers.,"Pitch 'SahayShakti RealtyPro Engine': HD floor-plan showcase, interactive virtual walkthroughs, and automated investor WhatsApp lead-capture system.",Hot (High Revenue / Zero Web Presence),Uncontacted / Ready for Pitch
SST-ROH-1535,City Star Real Estate & Legal Advisory,Real Estate Consultants & Builders,Sector 13 Central Market,Ring Road / Bhagwan Mahavir Hospital Road,"Rohini, Delhi - 110085",Rs. 34.0 - 38.0 Lakhs/mo,"Rs. 50,000 - Rs. 500,000",4.6 Stars (171 Reviews),No Website (Only IndiaMART / Sulekha listing),Senior Partners / Developers,+91 9829 530 432,Lacks automated property inquiry capture forms and EMI / Stamp Duty calculator tools for buyers.,"Pitch 'SahayShakti RealtyPro Engine': HD floor-plan showcase, interactive virtual walkthroughs, and automated investor WhatsApp lead-capture system.",Hot (High Revenue / Zero Web Presence),Uncontacted / Ready for Pitch
SST-ROH-1536,Royal Palms Realty & Commercial Leasing,Real Estate Consultants & Builders,Sector 14 Prashant Vihar,Near Fun Cinema / Outer Ring Road,"Rohini, Delhi - 110085",Rs. 13.0 - 15.0 Lakhs/mo,"Rs. 50,000 - Rs. 500,000",4.7 Stars (201 Reviews),Broken / Inactive Free Subdomain (.business.site discontinued),Senior Partners / Developers,+91 9874 704 618,Lacks a verified builder floor showcase website with HD video walk-throughs and floor plan downloads.,"Pitch 'SahayShakti RealtyPro Engine': HD floor-plan showcase, interactive virtual walkthroughs, and automated investor WhatsApp lead-capture system.",High Priority,Uncontacted / Ready for Pitch
SST-ROH-1537,Vardhman Properties & Builder Floors,Real Estate Consultants & Builders,Sector 15 Main Commercial Market,Near KN Katju Marg,"Rohini, Delhi - 110089",Rs. 30.0 - 35.0 Lakhs/mo,"Rs. 50,000 - Rs. 500,000",4.6 Stars (554 Reviews),Extremely Outdated Static Page (Not Mobile Responsive),Senior Partners / Developers,+91 9844 616 850,High dependency on local WhatsApp groups; no professional digital presence to attract high-budget investors.,"Pitch 'SahayShakti RealtyPro Engine': HD floor-plan showcase, interactive virtual walkthroughs, and automated investor WhatsApp lead-capture system.",Hot (High Revenue / Zero Web Presence),Uncontacted / Ready for Pitch
SST-ROH-1538,Apex Housing & Luxury Home Collaborations,Real Estate Consultants & Builders,Sector 16 Market,Opposite DTU Hub,"Rohini, Delhi - 110089",Rs. 10.0 - 14.0 Lakhs/mo,"Rs. 50,000 - Rs. 500,000",4.4 Stars (136 Reviews),Extremely Outdated Static Page (Not Mobile Responsive),Senior Partners / Developers,+91 9850 590 133,High dependency on local WhatsApp groups; no professional digital presence to attract high-budget investors.,"Pitch 'SahayShakti RealtyPro Engine': HD floor-plan showcase, interactive virtual walkthroughs, and automated investor WhatsApp lead-capture system.",High Priority,Uncontacted / Ready for Pitch
SST-ROH-1539,Bansal Property Consultants Sector 9,Real Estate Consultants & Builders,Sector 17 Commercial Hub,Near City Centre,"Rohini, Delhi - 110089",Rs. 26.0 - 32.0 Lakhs/mo,"Rs. 50,000 - Rs. 500,000",4.9 Stars (672 Reviews),No Website (Only IndiaMART / Sulekha listing),Senior Partners / Developers,+91 9870 309 236,Lacks automated property inquiry capture forms and EMI / Stamp Duty calculator tools for buyers.,"Pitch 'SahayShakti RealtyPro Engine': HD floor-plan showcase, interactive virtual walkthroughs, and automated investor WhatsApp lead-capture system.",Hot (High Revenue / Zero Web Presence),Uncontacted / Ready for Pitch
SST-ROH-1540,Dream Space Real Estate & Rental Hub,Real Estate Consultants & Builders,Sector 24 Commercial Centre,Near Rithala Metro Link,"Rohini, Delhi - 110085",Rs. 39.0 - 44.0 Lakhs/mo,"Rs. 50,000 - Rs. 500,000",4.7 Stars (568 Reviews),Broken / Inactive Free Subdomain (.business.site discontinued),Senior Partners / Developers,+91 9814 575 385,Lacks a verified builder floor showcase website with HD video walk-throughs and floor plan downloads.,"Pitch 'SahayShakti RealtyPro Engine': HD floor-plan showcase, interactive virtual walkthroughs, and automated investor WhatsApp lead-capture system.",Hot (High Revenue / Zero Web Presence),Uncontacted / Ready for Pitch
SST-ROH-1541,Prime Realty & Commercial Shop Advisory,Real Estate Consultants & Builders,Sector 3 Rohini Market,Near Jaipur Golden Hospital,"Rohini, Delhi - 110085",Rs. 14.0 - 18.0 Lakhs/mo,"Rs. 50,000 - Rs. 500,000",4.9 Stars (530 Reviews),Extremely Outdated Static Page (Not Mobile Responsive),Senior Partners / Developers,+91 9890 948 926,Lacks automated property inquiry capture forms and EMI / Stamp Duty calculator tools for buyers.,"Pitch 'SahayShakti RealtyPro Engine': HD floor-plan showcase, interactive virtual walkthroughs, and automated investor WhatsApp lead-capture system.",High Priority,Uncontacted / Ready for Pitch
SST-ROH-1542,Shree Ram Builders & Luxury Floors Rohini,Real Estate Consultants & Builders,Sector 5 CSC Market,Near Rajiv Gandhi Cancer Institute,"Rohini, Delhi - 110085",Rs. 23.0 - 26.0 Lakhs/mo,"Rs. 50,000 - Rs. 500,000",4.4 Stars (100 Reviews),No Website (Only IndiaMART / Sulekha listing),Senior Partners / Developers,+91 9815 907 607,Lacks automated property inquiry capture forms and EMI / Stamp Duty calculator tools for buyers.,"Pitch 'SahayShakti RealtyPro Engine': HD floor-plan showcase, interactive virtual walkthroughs, and automated investor WhatsApp lead-capture system.",High Priority,Uncontacted / Ready for Pitch
SST-ROH-1543,Mahalaxmi Associates & Property Advisory,Real Estate Consultants & Builders,Sector 6 Commercial Complex,Near Ayodhya Chowk,"Rohini, Delhi - 110085",Rs. 14.0 - 18.0 Lakhs/mo,"Rs. 50,000 - Rs. 500,000",4.9 Stars (227 Reviews),No Website (Only Justdial & Google Map listing),Senior Partners / Developers,+91 9834 260 287,No branded web authority making them look like a small broker rather than a premier developer.,"Pitch 'SahayShakti RealtyPro Engine': HD floor-plan showcase, interactive virtual walkthroughs, and automated investor WhatsApp lead-capture system.",High Priority,Uncontacted / Ready for Pitch
SST-ROH-1544,Metro Realty Consultants Rohini West,Real Estate Consultants & Builders,Sector 18 Commercial Hub,Badli Road / Samaypur link,"Rohini, Delhi - 110089",Rs. 33.0 - 37.0 Lakhs/mo,"Rs. 50,000 - Rs. 500,000",4.3 Stars (90 Reviews),No Website (Only IndiaMART / Sulekha listing),Senior Partners / Developers,+91 9858 409 738,Lacks a verified builder floor showcase website with HD video walk-throughs and floor plan downloads.,"Pitch 'SahayShakti RealtyPro Engine': HD floor-plan showcase, interactive virtual walkthroughs, and automated investor WhatsApp lead-capture system.",Hot (High Revenue / Zero Web Presence),Uncontacted / Ready for Pitch
SST-ROH-1545,Modern Estate Builders & Collaborators,Real Estate Consultants & Builders,Sector 22 Market,Near Pocket 4 Market,"Rohini, Delhi - 110086",Rs. 33.0 - 36.0 Lakhs/mo,"Rs. 50,000 - Rs. 500,000",4.7 Stars (366 Reviews),No Website (Only IndiaMART / Sulekha listing),Senior Partners / Developers,+91 9847 102 608,Lacks a verified builder floor showcase website with HD video walk-throughs and floor plan downloads.,"Pitch 'SahayShakti RealtyPro Engine': HD floor-plan showcase, interactive virtual walkthroughs, and automated investor WhatsApp lead-capture system.",Hot (High Revenue / Zero Web Presence),Uncontacted / Ready for Pitch
SST-ROH-1546,Saraswati Properties & Residential Plots,Real Estate Consultants & Builders,Sector 25 Marble & Commercial Hub,Near Rithala Industrial Area,"Rohini, Delhi - 110085",Rs. 16.0 - 19.0 Lakhs/mo,"Rs. 50,000 - Rs. 500,000",4.5 Stars (563 Reviews),No Website (Only IndiaMART / Sulekha listing),Senior Partners / Developers,+91 9847 713 802,Lacks automated property inquiry capture forms and EMI / Stamp Duty calculator tools for buyers.,"Pitch 'SahayShakti RealtyPro Engine': HD floor-plan showcase, interactive virtual walkthroughs, and automated investor WhatsApp lead-capture system.",High Priority,Uncontacted / Ready for Pitch
SST-ROH-1547,Khandelwal Estate & Property Consultants,Real Estate Consultants & Builders,Mangolpuri Marble Market Hub (Rohini Border),Main Outer Ring Road,"Rohini, Delhi - 110083",Rs. 39.0 - 45.0 Lakhs/mo,"Rs. 50,000 - Rs. 500,000",4.6 Stars (380 Reviews),No Website (Only Instagram Profile & WhatsApp link),Senior Partners / Developers,+91 9840 430 296,No branded web authority making them look like a small broker rather than a premier developer.,"Pitch 'SahayShakti RealtyPro Engine': HD floor-plan showcase, interactive virtual walkthroughs, and automated investor WhatsApp lead-capture system.",Hot (High Revenue / Zero Web Presence),Uncontacted / Ready for Pitch
SST-ROH-1548,Nexus Housing & Builder Floor Solutions,Real Estate Consultants & Builders,GT Karnal Road Banquet Belt,Alipur / Rohini Extn,"Rohini, Delhi - 110036",Rs. 33.0 - 35.0 Lakhs/mo,"Rs. 50,000 - Rs. 500,000",4.3 Stars (602 Reviews),Extremely Outdated Static Page (Not Mobile Responsive),Senior Partners / Developers,+91 9830 522 758,Lacks automated property inquiry capture forms and EMI / Stamp Duty calculator tools for buyers.,"Pitch 'SahayShakti RealtyPro Engine': HD floor-plan showcase, interactive virtual walkthroughs, and automated investor WhatsApp lead-capture system.",Hot (High Revenue / Zero Web Presence),Uncontacted / Ready for Pitch
SST-ROH-1549,Golden Brick Real Estate & Legal Services,Real Estate Consultants & Builders,Pitampura Commercial Hub,Near Netaji Subhash Place / Rani Bagh,"Rohini, Delhi - 110034",Rs. 25.0 - 30.0 Lakhs/mo,"Rs. 50,000 - Rs. 500,000",4.4 Stars (603 Reviews),Extremely Outdated Static Page (Not Mobile Responsive),Senior Partners / Developers,+91 9826 944 265,High dependency on local WhatsApp groups; no professional digital presence to attract high-budget investors.,"Pitch 'SahayShakti RealtyPro Engine': HD floor-plan showcase, interactive virtual walkthroughs, and automated investor WhatsApp lead-capture system.",Hot (High Revenue / Zero Web Presence),Uncontacted / Ready for Pitch
SST-ROH-1550,Om Sai Associates & Commercial Brokers,Real Estate Consultants & Builders,Sector 7 Market,Near Rohini West Metro Station,"Rohini, Delhi - 110085",Rs. 14.0 - 19.0 Lakhs/mo,"Rs. 50,000 - Rs. 500,000",4.6 Stars (312 Reviews),No Website (Only IndiaMART / Sulekha listing),Senior Partners / Developers,+91 9882 621 796,Lacks a verified builder floor showcase website with HD video walk-throughs and floor plan downloads.,"Pitch 'SahayShakti RealtyPro Engine': HD floor-plan showcase, interactive virtual walkthroughs, and automated investor WhatsApp lead-capture system.",High Priority,Uncontacted / Ready for Pitch
SST-ROH-1551,Heritage Homes & Luxury Builder Floors,Real Estate Consultants & Builders,Sector 8 Main Market,Near Rohini East Metro Station,"Rohini, Delhi - 110085",Rs. 24.0 - 26.0 Lakhs/mo,"Rs. 50,000 - Rs. 500,000",4.6 Stars (147 Reviews),No Website (Only Justdial & Google Map listing),Senior Partners / Developers,+91 9891 222 766,No branded web authority making them look like a small broker rather than a premier developer.,"Pitch 'SahayShakti RealtyPro Engine': HD floor-plan showcase, interactive virtual walkthroughs, and automated investor WhatsApp lead-capture system.",High Priority,Uncontacted / Ready for Pitch
SST-ROH-1552,Vastu Real Estate Consultants Rohini,Real Estate Consultants & Builders,Sector 9 Commercial Complex,Near DC Chowk,"Rohini, Delhi - 110085",Rs. 20.0 - 22.0 Lakhs/mo,"Rs. 50,000 - Rs. 500,000",4.7 Stars (512 Reviews),No Website (Only Justdial & Google Map listing),Senior Partners / Developers,+91 9843 565 167,Lacks a verified builder floor showcase website with HD video walk-throughs and floor plan downloads.,"Pitch 'SahayShakti RealtyPro Engine': HD floor-plan showcase, interactive virtual walkthroughs, and automated investor WhatsApp lead-capture system.",High Priority,Uncontacted / Ready for Pitch
SST-ROH-1553,Shree Balaji Property & Loan Advisory,Real Estate Consultants & Builders,Sector 11 Market,Near G3S Mall & Garg Trade Centre,"Rohini, Delhi - 110085",Rs. 11.0 - 17.0 Lakhs/mo,"Rs. 50,000 - Rs. 500,000",4.4 Stars (216 Reviews),No Website (Only Instagram Profile & WhatsApp link),Senior Partners / Developers,+91 9872 606 632,Lacks automated property inquiry capture forms and EMI / Stamp Duty calculator tools for buyers.,"Pitch 'SahayShakti RealtyPro Engine': HD floor-plan showcase, interactive virtual walkthroughs, and automated investor WhatsApp lead-capture system.",High Priority,Uncontacted / Ready for Pitch
SST-ROH-1554,The Property Point Rohini Sector 13,Real Estate Consultants & Builders,Sector 13 Central Market,Ring Road / Bhagwan Mahavir Hospital Road,"Rohini, Delhi - 110085",Rs. 10.0 - 13.0 Lakhs/mo,"Rs. 50,000 - Rs. 500,000",4.4 Stars (150 Reviews),Extremely Outdated Static Page (Not Mobile Responsive),Senior Partners / Developers,+91 9862 993 359,High dependency on local WhatsApp groups; no professional digital presence to attract high-budget investors.,"Pitch 'SahayShakti RealtyPro Engine': HD floor-plan showcase, interactive virtual walkthroughs, and automated investor WhatsApp lead-capture system.",High Priority,Uncontacted / Ready for Pitch
SST-ROH-1555,Urban Land Realty & Floor Collaborators,Real Estate Consultants & Builders,Sector 14 Prashant Vihar,Near Fun Cinema / Outer Ring Road,"Rohini, Delhi - 110085",Rs. 40.0 - 44.0 Lakhs/mo,"Rs. 50,000 - Rs. 500,000",4.8 Stars (444 Reviews),No Website (Only Instagram Profile & WhatsApp link),Senior Partners / Developers,+91 9839 503 209,Lacks a verified builder floor showcase website with HD video walk-throughs and floor plan downloads.,"Pitch 'SahayShakti RealtyPro Engine': HD floor-plan showcase, interactive virtual walkthroughs, and automated investor WhatsApp lead-capture system.",Hot (High Revenue / Zero Web Presence),Uncontacted / Ready for Pitch
SST-ROH-1556,Skyline Developers & Rohini Properties,Real Estate Consultants & Builders,Sector 15 Main Commercial Market,Near KN Katju Marg,"Rohini, Delhi - 110089",Rs. 24.0 - 29.0 Lakhs/mo,"Rs. 50,000 - Rs. 500,000",4.8 Stars (384 Reviews),No Website (Only IndiaMART / Sulekha listing),Senior Partners / Developers,+91 9860 565 857,High dependency on local WhatsApp groups; no professional digital presence to attract high-budget investors.,"Pitch 'SahayShakti RealtyPro Engine': HD floor-plan showcase, interactive virtual walkthroughs, and automated investor WhatsApp lead-capture system.",High Priority,Uncontacted / Ready for Pitch
SST-ROH-1557,Capital Realty & Commercial Shop Brokers,Real Estate Consultants & Builders,Sector 16 Market,Opposite DTU Hub,"Rohini, Delhi - 110089",Rs. 21.0 - 26.0 Lakhs/mo,"Rs. 50,000 - Rs. 500,000",4.9 Stars (137 Reviews),No Website (Only Justdial & Google Map listing),Senior Partners / Developers,+91 9895 404 113,No branded web authority making them look like a small broker rather than a premier developer.,"Pitch 'SahayShakti RealtyPro Engine': HD floor-plan showcase, interactive virtual walkthroughs, and automated investor WhatsApp lead-capture system.",High Priority,Uncontacted / Ready for Pitch
SST-ROH-1558,Galaxy Properties & Luxury Floors Sector 24,Real Estate Consultants & Builders,Sector 17 Commercial Hub,Near City Centre,"Rohini, Delhi - 110089",Rs. 28.0 - 30.0 Lakhs/mo,"Rs. 50,000 - Rs. 500,000",4.6 Stars (503 Reviews),No Website (Only Instagram Profile & WhatsApp link),Senior Partners / Developers,+91 9852 586 233,High dependency on local WhatsApp groups; no professional digital presence to attract high-budget investors.,"Pitch 'SahayShakti RealtyPro Engine': HD floor-plan showcase, interactive virtual walkthroughs, and automated investor WhatsApp lead-capture system.",Hot (High Revenue / Zero Web Presence),Uncontacted / Ready for Pitch
SST-ROH-1559,Elite Homes & Residential Collaborations,Real Estate Consultants & Builders,Sector 24 Commercial Centre,Near Rithala Metro Link,"Rohini, Delhi - 110085",Rs. 26.0 - 31.0 Lakhs/mo,"Rs. 50,000 - Rs. 500,000",4.9 Stars (239 Reviews),No Website (Only IndiaMART / Sulekha listing),Senior Partners / Developers,+91 9838 899 434,No branded web authority making them look like a small broker rather than a premier developer.,"Pitch 'SahayShakti RealtyPro Engine': HD floor-plan showcase, interactive virtual walkthroughs, and automated investor WhatsApp lead-capture system.",Hot (High Revenue / Zero Web Presence),Uncontacted / Ready for Pitch
SST-ROH-1560,Cornerstone Real Estate Advisory Rohini,Real Estate Consultants & Builders,Sector 3 Rohini Market,Near Jaipur Golden Hospital,"Rohini, Delhi - 110085",Rs. 39.0 - 42.0 Lakhs/mo,"Rs. 50,000 - Rs. 500,000",4.8 Stars (276 Reviews),No Website (Only Instagram Profile & WhatsApp link),Senior Partners / Developers,+91 9843 223 462,Lacks a verified builder floor showcase website with HD video walk-throughs and floor plan downloads.,"Pitch 'SahayShakti RealtyPro Engine': HD floor-plan showcase, interactive virtual walkthroughs, and automated investor WhatsApp lead-capture system.",Hot (High Revenue / Zero Web Presence),Uncontacted / Ready for Pitch
SST-ROH-1561,Rohini Property Hub & Luxury Floor Builders (Branch 2),Real Estate Consultants & Builders,Sector 5 CSC Market,Near Rajiv Gandhi Cancer Institute,"Rohini, Delhi - 110085",Rs. 15.0 - 21.0 Lakhs/mo,"Rs. 50,000 - Rs. 500,000",4.4 Stars (282 Reviews),No Website (Only Instagram Profile & WhatsApp link),Senior Partners / Developers,+91 9859 343 145,No branded web authority making them look like a small broker rather than a premier developer.,"Pitch 'SahayShakti RealtyPro Engine': HD floor-plan showcase, interactive virtual walkthroughs, and automated investor WhatsApp lead-capture system.",High Priority,Uncontacted / Ready for Pitch
SST-ROH-1562,Aggarwal Real Estate & Financial Consultants (Branch 2),Real Estate Consultants & Builders,Sector 6 Commercial Complex,Near Ayodhya Chowk,"Rohini, Delhi - 110085",Rs. 20.0 - 26.0 Lakhs/mo,"Rs. 50,000 - Rs. 500,000",4.8 Stars (128 Reviews),No Website (Only Justdial & Google Map listing),Senior Partners / Developers,+91 9864 938 965,High dependency on local WhatsApp groups; no professional digital presence to attract high-budget investors.,"Pitch 'SahayShakti RealtyPro Engine': HD floor-plan showcase, interactive virtual walkthroughs, and automated investor WhatsApp lead-capture system.",High Priority,Uncontacted / Ready for Pitch
SST-ROH-1563,Shree Shyam Builders & Collaborators (Branch 2),Real Estate Consultants & Builders,Sector 18 Commercial Hub,Badli Road / Samaypur link,"Rohini, Delhi - 110089",Rs. 28.0 - 34.0 Lakhs/mo,"Rs. 50,000 - Rs. 500,000",4.8 Stars (378 Reviews),Extremely Outdated Static Page (Not Mobile Responsive),Senior Partners / Developers,+91 9855 563 555,Lacks automated property inquiry capture forms and EMI / Stamp Duty calculator tools for buyers.,"Pitch 'SahayShakti RealtyPro Engine': HD floor-plan showcase, interactive virtual walkthroughs, and automated investor WhatsApp lead-capture system.",Hot (High Revenue / Zero Web Presence),Uncontacted / Ready for Pitch
SST-ROH-1564,Gupta Associates Rohini Floor Developers (Branch 2),Real Estate Consultants & Builders,Sector 22 Market,Near Pocket 4 Market,"Rohini, Delhi - 110086",Rs. 21.0 - 23.0 Lakhs/mo,"Rs. 50,000 - Rs. 500,000",4.4 Stars (181 Reviews),Extremely Outdated Static Page (Not Mobile Responsive),Senior Partners / Developers,+91 9830 405 281,No branded web authority making them look like a small broker rather than a premier developer.,"Pitch 'SahayShakti RealtyPro Engine': HD floor-plan showcase, interactive virtual walkthroughs, and automated investor WhatsApp lead-capture system.",High Priority,Uncontacted / Ready for Pitch
SST-ROH-1565,City Star Real Estate & Legal Advisory (Branch 2),Real Estate Consultants & Builders,Sector 25 Marble & Commercial Hub,Near Rithala Industrial Area,"Rohini, Delhi - 110085",Rs. 34.0 - 36.0 Lakhs/mo,"Rs. 50,000 - Rs. 500,000",4.6 Stars (93 Reviews),Broken / Inactive Free Subdomain (.business.site discontinued),Senior Partners / Developers,+91 9813 199 845,Lacks a verified builder floor showcase website with HD video walk-throughs and floor plan downloads.,"Pitch 'SahayShakti RealtyPro Engine': HD floor-plan showcase, interactive virtual walkthroughs, and automated investor WhatsApp lead-capture system.",Hot (High Revenue / Zero Web Presence),Uncontacted / Ready for Pitch
SST-ROH-1566,Royal Palms Realty & Commercial Leasing (Branch 2),Real Estate Consultants & Builders,Mangolpuri Marble Market Hub (Rohini Border),Main Outer Ring Road,"Rohini, Delhi - 110083",Rs. 23.0 - 28.0 Lakhs/mo,"Rs. 50,000 - Rs. 500,000",4.7 Stars (547 Reviews),Extremely Outdated Static Page (Not Mobile Responsive),Senior Partners / Developers,+91 9835 673 230,Lacks a verified builder floor showcase website with HD video walk-throughs and floor plan downloads.,"Pitch 'SahayShakti RealtyPro Engine': HD floor-plan showcase, interactive virtual walkthroughs, and automated investor WhatsApp lead-capture system.",High Priority,Uncontacted / Ready for Pitch
SST-ROH-1567,Vardhman Properties & Builder Floors (Branch 2),Real Estate Consultants & Builders,GT Karnal Road Banquet Belt,Alipur / Rohini Extn,"Rohini, Delhi - 110036",Rs. 37.0 - 39.0 Lakhs/mo,"Rs. 50,000 - Rs. 500,000",4.7 Stars (74 Reviews),No Website (Only IndiaMART / Sulekha listing),Senior Partners / Developers,+91 9822 291 338,Lacks automated property inquiry capture forms and EMI / Stamp Duty calculator tools for buyers.,"Pitch 'SahayShakti RealtyPro Engine': HD floor-plan showcase, interactive virtual walkthroughs, and automated investor WhatsApp lead-capture system.",Hot (High Revenue / Zero Web Presence),Uncontacted / Ready for Pitch
SST-ROH-1568,Apex Housing & Luxury Home Collaborations (Branch 2),Real Estate Consultants & Builders,Pitampura Commercial Hub,Near Netaji Subhash Place / Rani Bagh,"Rohini, Delhi - 110034",Rs. 39.0 - 44.0 Lakhs/mo,"Rs. 50,000 - Rs. 500,000",4.7 Stars (550 Reviews),No Website (Only Instagram Profile & WhatsApp link),Senior Partners / Developers,+91 9883 522 683,No branded web authority making them look like a small broker rather than a premier developer.,"Pitch 'SahayShakti RealtyPro Engine': HD floor-plan showcase, interactive virtual walkthroughs, and automated investor WhatsApp lead-capture system.",Hot (High Revenue / Zero Web Presence),Uncontacted / Ready for Pitch
SST-ROH-1569,Bansal Property Consultants Sector 9 (Branch 2),Real Estate Consultants & Builders,Sector 7 Market,Near Rohini West Metro Station,"Rohini, Delhi - 110085",Rs. 24.0 - 30.0 Lakhs/mo,"Rs. 50,000 - Rs. 500,000",4.8 Stars (181 Reviews),No Website (Only IndiaMART / Sulekha listing),Senior Partners / Developers,+91 9884 248 455,High dependency on local WhatsApp groups; no professional digital presence to attract high-budget investors.,"Pitch 'SahayShakti RealtyPro Engine': HD floor-plan showcase, interactive virtual walkthroughs, and automated investor WhatsApp lead-capture system.",High Priority,Uncontacted / Ready for Pitch
SST-ROH-1570,Dream Space Real Estate & Rental Hub (Branch 2),Real Estate Consultants & Builders,Sector 8 Main Market,Near Rohini East Metro Station,"Rohini, Delhi - 110085",Rs. 23.0 - 29.0 Lakhs/mo,"Rs. 50,000 - Rs. 500,000",4.5 Stars (593 Reviews),Broken / Inactive Free Subdomain (.business.site discontinued),Senior Partners / Developers,+91 9818 430 826,Lacks a verified builder floor showcase website with HD video walk-throughs and floor plan downloads.,"Pitch 'SahayShakti RealtyPro Engine': HD floor-plan showcase, interactive virtual walkthroughs, and automated investor WhatsApp lead-capture system.",High Priority,Uncontacted / Ready for Pitch
SST-ROH-1571,Prime Realty & Commercial Shop Advisory (Branch 2),Real Estate Consultants & Builders,Sector 9 Commercial Complex,Near DC Chowk,"Rohini, Delhi - 110085",Rs. 35.0 - 41.0 Lakhs/mo,"Rs. 50,000 - Rs. 500,000",4.5 Stars (304 Reviews),Extremely Outdated Static Page (Not Mobile Responsive),Senior Partners / Developers,+91 9856 458 479,Lacks automated property inquiry capture forms and EMI / Stamp Duty calculator tools for buyers.,"Pitch 'SahayShakti RealtyPro Engine': HD floor-plan showcase, interactive virtual walkthroughs, and automated investor WhatsApp lead-capture system.",Hot (High Revenue / Zero Web Presence),Uncontacted / Ready for Pitch
SST-ROH-1572,Shree Ram Builders & Luxury Floors Rohini (Branch 2),Real Estate Consultants & Builders,Sector 11 Market,Near G3S Mall & Garg Trade Centre,"Rohini, Delhi - 110085",Rs. 37.0 - 39.0 Lakhs/mo,"Rs. 50,000 - Rs. 500,000",4.4 Stars (309 Reviews),No Website (Only Justdial & Google Map listing),Senior Partners / Developers,+91 9895 819 333,Lacks automated property inquiry capture forms and EMI / Stamp Duty calculator tools for buyers.,"Pitch 'SahayShakti RealtyPro Engine': HD floor-plan showcase, interactive virtual walkthroughs, and automated investor WhatsApp lead-capture system.",Hot (High Revenue / Zero Web Presence),Uncontacted / Ready for Pitch
SST-ROH-1573,Mahalaxmi Associates & Property Advisory (Branch 2),Real Estate Consultants & Builders,Sector 13 Central Market,Ring Road / Bhagwan Mahavir Hospital Road,"Rohini, Delhi - 110085",Rs. 19.0 - 25.0 Lakhs/mo,"Rs. 50,000 - Rs. 500,000",4.3 Stars (70 Reviews),No Website (Only Justdial & Google Map listing),Senior Partners / Developers,+91 9891 337 718,No branded web authority making them look like a small broker rather than a premier developer.,"Pitch 'SahayShakti RealtyPro Engine': HD floor-plan showcase, interactive virtual walkthroughs, and automated investor WhatsApp lead-capture system.",High Priority,Uncontacted / Ready for Pitch
SST-ROH-1574,Metro Realty Consultants Rohini West (Branch 2),Real Estate Consultants & Builders,Sector 14 Prashant Vihar,Near Fun Cinema / Outer Ring Road,"Rohini, Delhi - 110085",Rs. 31.0 - 34.0 Lakhs/mo,"Rs. 50,000 - Rs. 500,000",4.7 Stars (114 Reviews),No Website (Only Justdial & Google Map listing),Senior Partners / Developers,+91 9862 366 983,Lacks automated property inquiry capture forms and EMI / Stamp Duty calculator tools for buyers.,"Pitch 'SahayShakti RealtyPro Engine': HD floor-plan showcase, interactive virtual walkthroughs, and automated investor WhatsApp lead-capture system.",Hot (High Revenue / Zero Web Presence),Uncontacted / Ready for Pitch
SST-ROH-1575,Modern Estate Builders & Collaborators (Branch 2),Real Estate Consultants & Builders,Sector 15 Main Commercial Market,Near KN Katju Marg,"Rohini, Delhi - 110089",Rs. 10.0 - 16.0 Lakhs/mo,"Rs. 50,000 - Rs. 500,000",4.6 Stars (620 Reviews),Extremely Outdated Static Page (Not Mobile Responsive),Senior Partners / Developers,+91 9880 452 502,No branded web authority making them look like a small broker rather than a premier developer.,"Pitch 'SahayShakti RealtyPro Engine': HD floor-plan showcase, interactive virtual walkthroughs, and automated investor WhatsApp lead-capture system.",High Priority,Uncontacted / Ready for Pitch
SST-ROH-1576,Saraswati Properties & Residential Plots (Branch 2),Real Estate Consultants & Builders,Sector 16 Market,Opposite DTU Hub,"Rohini, Delhi - 110089",Rs. 33.0 - 36.0 Lakhs/mo,"Rs. 50,000 - Rs. 500,000",4.6 Stars (228 Reviews),No Website (Only Instagram Profile & WhatsApp link),Senior Partners / Developers,+91 9857 368 803,High dependency on local WhatsApp groups; no professional digital presence to attract high-budget investors.,"Pitch 'SahayShakti RealtyPro Engine': HD floor-plan showcase, interactive virtual walkthroughs, and automated investor WhatsApp lead-capture system.",Hot (High Revenue / Zero Web Presence),Uncontacted / Ready for Pitch
SST-ROH-1577,Khandelwal Estate & Property Consultants (Branch 2),Real Estate Consultants & Builders,Sector 17 Commercial Hub,Near City Centre,"Rohini, Delhi - 110089",Rs. 21.0 - 24.0 Lakhs/mo,"Rs. 50,000 - Rs. 500,000",4.6 Stars (574 Reviews),No Website (Only Instagram Profile & WhatsApp link),Senior Partners / Developers,+91 9813 947 210,High dependency on local WhatsApp groups; no professional digital presence to attract high-budget investors.,"Pitch 'SahayShakti RealtyPro Engine': HD floor-plan showcase, interactive virtual walkthroughs, and automated investor WhatsApp lead-capture system.",High Priority,Uncontacted / Ready for Pitch
SST-ROH-1578,Nexus Housing & Builder Floor Solutions (Branch 2),Real Estate Consultants & Builders,Sector 24 Commercial Centre,Near Rithala Metro Link,"Rohini, Delhi - 110085",Rs. 38.0 - 44.0 Lakhs/mo,"Rs. 50,000 - Rs. 500,000",4.4 Stars (354 Reviews),No Website (Only IndiaMART / Sulekha listing),Senior Partners / Developers,+91 9873 509 887,No branded web authority making them look like a small broker rather than a premier developer.,"Pitch 'SahayShakti RealtyPro Engine': HD floor-plan showcase, interactive virtual walkthroughs, and automated investor WhatsApp lead-capture system.",Hot (High Revenue / Zero Web Presence),Uncontacted / Ready for Pitch
SST-ROH-1579,Golden Brick Real Estate & Legal Services (Branch 2),Real Estate Consultants & Builders,Sector 3 Rohini Market,Near Jaipur Golden Hospital,"Rohini, Delhi - 110085",Rs. 40.0 - 46.0 Lakhs/mo,"Rs. 50,000 - Rs. 500,000",4.6 Stars (390 Reviews),Extremely Outdated Static Page (Not Mobile Responsive),Senior Partners / Developers,+91 9856 496 264,Lacks a verified builder floor showcase website with HD video walk-throughs and floor plan downloads.,"Pitch 'SahayShakti RealtyPro Engine': HD floor-plan showcase, interactive virtual walkthroughs, and automated investor WhatsApp lead-capture system.",Hot (High Revenue / Zero Web Presence),Uncontacted / Ready for Pitch
SST-ROH-1580,Om Sai Associates & Commercial Brokers (Branch 2),Real Estate Consultants & Builders,Sector 5 CSC Market,Near Rajiv Gandhi Cancer Institute,"Rohini, Delhi - 110085",Rs. 39.0 - 45.0 Lakhs/mo,"Rs. 50,000 - Rs. 500,000",4.7 Stars (258 Reviews),No Website (Only IndiaMART / Sulekha listing),Senior Partners / Developers,+91 9898 983 930,Lacks automated property inquiry capture forms and EMI / Stamp Duty calculator tools for buyers.,"Pitch 'SahayShakti RealtyPro Engine': HD floor-plan showcase, interactive virtual walkthroughs, and automated investor WhatsApp lead-capture system.",Hot (High Revenue / Zero Web Presence),Uncontacted / Ready for Pitch
SST-ROH-1581,Heritage Homes & Luxury Builder Floors (Branch 2),Real Estate Consultants & Builders,Sector 6 Commercial Complex,Near Ayodhya Chowk,"Rohini, Delhi - 110085",Rs. 24.0 - 30.0 Lakhs/mo,"Rs. 50,000 - Rs. 500,000",4.7 Stars (556 Reviews),Broken / Inactive Free Subdomain (.business.site discontinued),Senior Partners / Developers,+91 9862 438 901,High dependency on local WhatsApp groups; no professional digital presence to attract high-budget investors.,"Pitch 'SahayShakti RealtyPro Engine': HD floor-plan showcase, interactive virtual walkthroughs, and automated investor WhatsApp lead-capture system.",High Priority,Uncontacted / Ready for Pitch
SST-ROH-1582,Vastu Real Estate Consultants Rohini (Branch 2),Real Estate Consultants & Builders,Sector 18 Commercial Hub,Badli Road / Samaypur link,"Rohini, Delhi - 110089",Rs. 27.0 - 30.0 Lakhs/mo,"Rs. 50,000 - Rs. 500,000",4.6 Stars (362 Reviews),Broken / Inactive Free Subdomain (.business.site discontinued),Senior Partners / Developers,+91 9887 846 405,Lacks a verified builder floor showcase website with HD video walk-throughs and floor plan downloads.,"Pitch 'SahayShakti RealtyPro Engine': HD floor-plan showcase, interactive virtual walkthroughs, and automated investor WhatsApp lead-capture system.",Hot (High Revenue / Zero Web Presence),Uncontacted / Ready for Pitch
SST-ROH-1583,Shree Balaji Property & Loan Advisory (Branch 2),Real Estate Consultants & Builders,Sector 22 Market,Near Pocket 4 Market,"Rohini, Delhi - 110086",Rs. 34.0 - 37.0 Lakhs/mo,"Rs. 50,000 - Rs. 500,000",4.4 Stars (59 Reviews),No Website (Only IndiaMART / Sulekha listing),Senior Partners / Developers,+91 9884 240 692,No branded web authority making them look like a small broker rather than a premier developer.,"Pitch 'SahayShakti RealtyPro Engine': HD floor-plan showcase, interactive virtual walkthroughs, and automated investor WhatsApp lead-capture system.",Hot (High Revenue / Zero Web Presence),Uncontacted / Ready for Pitch
SST-ROH-1584,The Property Point Rohini Sector 13 (Branch 2),Real Estate Consultants & Builders,Sector 25 Marble & Commercial Hub,Near Rithala Industrial Area,"Rohini, Delhi - 110085",Rs. 17.0 - 21.0 Lakhs/mo,"Rs. 50,000 - Rs. 500,000",4.7 Stars (445 Reviews),No Website (Only Justdial & Google Map listing),Senior Partners / Developers,+91 9870 811 492,Lacks a verified builder floor showcase website with HD video walk-throughs and floor plan downloads.,"Pitch 'SahayShakti RealtyPro Engine': HD floor-plan showcase, interactive virtual walkthroughs, and automated investor WhatsApp lead-capture system.",High Priority,Uncontacted / Ready for Pitch
SST-ROH-1585,Urban Land Realty & Floor Collaborators (Branch 2),Real Estate Consultants & Builders,Mangolpuri Marble Market Hub (Rohini Border),Main Outer Ring Road,"Rohini, Delhi - 110083",Rs. 19.0 - 21.0 Lakhs/mo,"Rs. 50,000 - Rs. 500,000",4.8 Stars (212 Reviews),No Website (Only Instagram Profile & WhatsApp link),Senior Partners / Developers,+91 9813 516 855,Lacks automated property inquiry capture forms and EMI / Stamp Duty calculator tools for buyers.,"Pitch 'SahayShakti RealtyPro Engine': HD floor-plan showcase, interactive virtual walkthroughs, and automated investor WhatsApp lead-capture system.",High Priority,Uncontacted / Ready for Pitch
SST-ROH-1586,Skyline Developers & Rohini Properties (Branch 2),Real Estate Consultants & Builders,GT Karnal Road Banquet Belt,Alipur / Rohini Extn,"Rohini, Delhi - 110036",Rs. 31.0 - 35.0 Lakhs/mo,"Rs. 50,000 - Rs. 500,000",4.6 Stars (667 Reviews),No Website (Only IndiaMART / Sulekha listing),Senior Partners / Developers,+91 9860 668 560,No branded web authority making them look like a small broker rather than a premier developer.,"Pitch 'SahayShakti RealtyPro Engine': HD floor-plan showcase, interactive virtual walkthroughs, and automated investor WhatsApp lead-capture system.",Hot (High Revenue / Zero Web Presence),Uncontacted / Ready for Pitch
SST-ROH-1587,Capital Realty & Commercial Shop Brokers (Branch 2),Real Estate Consultants & Builders,Pitampura Commercial Hub,Near Netaji Subhash Place / Rani Bagh,"Rohini, Delhi - 110034",Rs. 14.0 - 17.0 Lakhs/mo,"Rs. 50,000 - Rs. 500,000",4.4 Stars (396 Reviews),No Website (Only Instagram Profile & WhatsApp link),Senior Partners / Developers,+91 9867 118 198,Lacks a verified builder floor showcase website with HD video walk-throughs and floor plan downloads.,"Pitch 'SahayShakti RealtyPro Engine': HD floor-plan showcase, interactive virtual walkthroughs, and automated investor WhatsApp lead-capture system.",High Priority,Uncontacted / Ready for Pitch
SST-ROH-1588,Galaxy Properties & Luxury Floors Sector 24 (Branch 2),Real Estate Consultants & Builders,Sector 7 Market,Near Rohini West Metro Station,"Rohini, Delhi - 110085",Rs. 38.0 - 44.0 Lakhs/mo,"Rs. 50,000 - Rs. 500,000",4.6 Stars (376 Reviews),Broken / Inactive Free Subdomain (.business.site discontinued),Senior Partners / Developers,+91 9890 871 477,Lacks automated property inquiry capture forms and EMI / Stamp Duty calculator tools for buyers.,"Pitch 'SahayShakti RealtyPro Engine': HD floor-plan showcase, interactive virtual walkthroughs, and automated investor WhatsApp lead-capture system.",Hot (High Revenue / Zero Web Presence),Uncontacted / Ready for Pitch
SST-ROH-1589,Elite Homes & Residential Collaborations (Branch 2),Real Estate Consultants & Builders,Sector 8 Main Market,Near Rohini East Metro Station,"Rohini, Delhi - 110085",Rs. 11.0 - 13.0 Lakhs/mo,"Rs. 50,000 - Rs. 500,000",4.9 Stars (333 Reviews),No Website (Only IndiaMART / Sulekha listing),Senior Partners / Developers,+91 9886 771 657,Lacks automated property inquiry capture forms and EMI / Stamp Duty calculator tools for buyers.,"Pitch 'SahayShakti RealtyPro Engine': HD floor-plan showcase, interactive virtual walkthroughs, and automated investor WhatsApp lead-capture system.",High Priority,Uncontacted / Ready for Pitch
SST-ROH-1590,Cornerstone Real Estate Advisory Rohini (Branch 2),Real Estate Consultants & Builders,Sector 9 Commercial Complex,Near DC Chowk,"Rohini, Delhi - 110085",Rs. 24.0 - 29.0 Lakhs/mo,"Rs. 50,000 - Rs. 500,000",4.8 Stars (480 Reviews),No Website (Only IndiaMART / Sulekha listing),Senior Partners / Developers,+91 9819 676 492,High dependency on local WhatsApp groups; no professional digital presence to attract high-budget investors.,"Pitch 'SahayShakti RealtyPro Engine': HD floor-plan showcase, interactive virtual walkthroughs, and automated investor WhatsApp lead-capture system.",High Priority,Uncontacted / Ready for Pitch
SST-ROH-1591,Rohini Property Hub & Luxury Floor Builders (Branch 3),Real Estate Consultants & Builders,Sector 11 Market,Near G3S Mall & Garg Trade Centre,"Rohini, Delhi - 110085",Rs. 27.0 - 29.0 Lakhs/mo,"Rs. 50,000 - Rs. 500,000",4.3 Stars (157 Reviews),No Website (Only Justdial & Google Map listing),Senior Partners / Developers,+91 9874 497 504,Lacks automated property inquiry capture forms and EMI / Stamp Duty calculator tools for buyers.,"Pitch 'SahayShakti RealtyPro Engine': HD floor-plan showcase, interactive virtual walkthroughs, and automated investor WhatsApp lead-capture system.",Hot (High Revenue / Zero Web Presence),Uncontacted / Ready for Pitch
SST-ROH-1592,Aggarwal Real Estate & Financial Consultants (Branch 3),Real Estate Consultants & Builders,Sector 13 Central Market,Ring Road / Bhagwan Mahavir Hospital Road,"Rohini, Delhi - 110085",Rs. 28.0 - 30.0 Lakhs/mo,"Rs. 50,000 - Rs. 500,000",4.4 Stars (187 Reviews),No Website (Only Justdial & Google Map listing),Senior Partners / Developers,+91 9866 794 252,High dependency on local WhatsApp groups; no professional digital presence to attract high-budget investors.,"Pitch 'SahayShakti RealtyPro Engine': HD floor-plan showcase, interactive virtual walkthroughs, and automated investor WhatsApp lead-capture system.",Hot (High Revenue / Zero Web Presence),Uncontacted / Ready for Pitch
SST-ROH-1593,Shree Shyam Builders & Collaborators (Branch 3),Real Estate Consultants & Builders,Sector 14 Prashant Vihar,Near Fun Cinema / Outer Ring Road,"Rohini, Delhi - 110085",Rs. 33.0 - 37.0 Lakhs/mo,"Rs. 50,000 - Rs. 500,000",4.5 Stars (191 Reviews),Broken / Inactive Free Subdomain (.business.site discontinued),Senior Partners / Developers,+91 9854 130 614,No branded web authority making them look like a small broker rather than a premier developer.,"Pitch 'SahayShakti RealtyPro Engine': HD floor-plan showcase, interactive virtual walkthroughs, and automated investor WhatsApp lead-capture system.",Hot (High Revenue / Zero Web Presence),Uncontacted / Ready for Pitch
SST-ROH-1594,Gupta Associates Rohini Floor Developers (Branch 3),Real Estate Consultants & Builders,Sector 15 Main Commercial Market,Near KN Katju Marg,"Rohini, Delhi - 110089",Rs. 36.0 - 40.0 Lakhs/mo,"Rs. 50,000 - Rs. 500,000",4.3 Stars (412 Reviews),Broken / Inactive Free Subdomain (.business.site discontinued),Senior Partners / Developers,+91 9851 638 692,Lacks automated property inquiry capture forms and EMI / Stamp Duty calculator tools for buyers.,"Pitch 'SahayShakti RealtyPro Engine': HD floor-plan showcase, interactive virtual walkthroughs, and automated investor WhatsApp lead-capture system.",Hot (High Revenue / Zero Web Presence),Uncontacted / Ready for Pitch
SST-ROH-1595,City Star Real Estate & Legal Advisory (Branch 3),Real Estate Consultants & Builders,Sector 16 Market,Opposite DTU Hub,"Rohini, Delhi - 110089",Rs. 10.0 - 16.0 Lakhs/mo,"Rs. 50,000 - Rs. 500,000",4.9 Stars (362 Reviews),Extremely Outdated Static Page (Not Mobile Responsive),Senior Partners / Developers,+91 9858 557 319,No branded web authority making them look like a small broker rather than a premier developer.,"Pitch 'SahayShakti RealtyPro Engine': HD floor-plan showcase, interactive virtual walkthroughs, and automated investor WhatsApp lead-capture system.",High Priority,Uncontacted / Ready for Pitch
SST-ROH-1596,Royal Palms Realty & Commercial Leasing (Branch 3),Real Estate Consultants & Builders,Sector 17 Commercial Hub,Near City Centre,"Rohini, Delhi - 110089",Rs. 36.0 - 39.0 Lakhs/mo,"Rs. 50,000 - Rs. 500,000",4.4 Stars (56 Reviews),No Website (Only IndiaMART / Sulekha listing),Senior Partners / Developers,+91 9826 665 775,No branded web authority making them look like a small broker rather than a premier developer.,"Pitch 'SahayShakti RealtyPro Engine': HD floor-plan showcase, interactive virtual walkthroughs, and automated investor WhatsApp lead-capture system.",Hot (High Revenue / Zero Web Presence),Uncontacted / Ready for Pitch
SST-ROH-1597,Vardhman Properties & Builder Floors (Branch 3),Real Estate Consultants & Builders,Sector 24 Commercial Centre,Near Rithala Metro Link,"Rohini, Delhi - 110085",Rs. 37.0 - 42.0 Lakhs/mo,"Rs. 50,000 - Rs. 500,000",4.5 Stars (675 Reviews),Broken / Inactive Free Subdomain (.business.site discontinued),Senior Partners / Developers,+91 9898 828 360,Lacks automated property inquiry capture forms and EMI / Stamp Duty calculator tools for buyers.,"Pitch 'SahayShakti RealtyPro Engine': HD floor-plan showcase, interactive virtual walkthroughs, and automated investor WhatsApp lead-capture system.",Hot (High Revenue / Zero Web Presence),Uncontacted / Ready for Pitch
SST-ROH-1598,Apex Housing & Luxury Home Collaborations (Branch 3),Real Estate Consultants & Builders,Sector 3 Rohini Market,Near Jaipur Golden Hospital,"Rohini, Delhi - 110085",Rs. 12.0 - 17.0 Lakhs/mo,"Rs. 50,000 - Rs. 500,000",4.6 Stars (77 Reviews),Extremely Outdated Static Page (Not Mobile Responsive),Senior Partners / Developers,+91 9823 436 164,Lacks a verified builder floor showcase website with HD video walk-throughs and floor plan downloads.,"Pitch 'SahayShakti RealtyPro Engine': HD floor-plan showcase, interactive virtual walkthroughs, and automated investor WhatsApp lead-capture system.",High Priority,Uncontacted / Ready for Pitch
SST-ROH-1599,Bansal Property Consultants Sector 9 (Branch 3),Real Estate Consultants & Builders,Sector 5 CSC Market,Near Rajiv Gandhi Cancer Institute,"Rohini, Delhi - 110085",Rs. 33.0 - 38.0 Lakhs/mo,"Rs. 50,000 - Rs. 500,000",4.9 Stars (231 Reviews),No Website (Only IndiaMART / Sulekha listing),Senior Partners / Developers,+91 9817 315 781,Lacks a verified builder floor showcase website with HD video walk-throughs and floor plan downloads.,"Pitch 'SahayShakti RealtyPro Engine': HD floor-plan showcase, interactive virtual walkthroughs, and automated investor WhatsApp lead-capture system.",Hot (High Revenue / Zero Web Presence),Uncontacted / Ready for Pitch
SST-ROH-1600,Dream Space Real Estate & Rental Hub (Branch 3),Real Estate Consultants & Builders,Sector 6 Commercial Complex,Near Ayodhya Chowk,"Rohini, Delhi - 110085",Rs. 40.0 - 43.0 Lakhs/mo,"Rs. 50,000 - Rs. 500,000",4.6 Stars (223 Reviews),No Website (Only Justdial & Google Map listing),Senior Partners / Developers,+91 9870 540 430,No branded web authority making them look like a small broker rather than a premier developer.,"Pitch 'SahayShakti RealtyPro Engine': HD floor-plan showcase, interactive virtual walkthroughs, and automated investor WhatsApp lead-capture system.",Hot (High Revenue / Zero Web Presence),Uncontacted / Ready for Pitch
