Lead_ID,Business_Name,Category,Address_Locality,Pincode,City,Phone_Contact,Website_Status,Est_Monthly_Revenue,Avg_Ticket_Size,Decision_Maker,Operating_Hours,SahayShakti_Pitch_Strategy,Lead_Priority,Outreach_Status
SST-REAL-ROH-0001,IBP Limited,"Real Estate, Legal & Professional Corporate","Rohini Commercial Hub (Near Lat: 28.756, Lon: 77.148)",110085,"Rohini, Delhi",In-Person Walk-in / Listed in Local Market,NO OFFICIAL WEBSITE (High Vulnerability),Rs. 8.0 - 30.0 Lakhs/mo,"Rs. 25,000 - 2,50,000",Senior Partner / Managing Consultant,10:00 AM - 9:00 PM (Regular Business Hours),"SahayShakti Corporate Suite: High-trust portfolio, floor-plan downloads, and direct investor inquiry funnel.",HOT (Zero Web Presence / High Revenue),Uncontacted
SST-REAL-ROH-0005,DT City Center,"Real Estate, Legal & Professional Corporate","Rohini Commercial Hub (Near Lat: 28.703, Lon: 77.158)",110085,"Rohini, Delhi",In-Person Walk-in / Listed in Local Market,NO OFFICIAL WEBSITE (High Vulnerability),Rs. 8.0 - 30.0 Lakhs/mo,"Rs. 25,000 - 2,50,000",Senior Partner / Managing Consultant,10:00 AM - 9:00 PM (Regular Business Hours),"SahayShakti Corporate Suite: High-trust portfolio, floor-plan downloads, and direct investor inquiry funnel.",HOT (Zero Web Presence / High Revenue),Uncontacted
SST-REAL-ROH-0007,Big Bazaar,"Real Estate, Legal & Professional Corporate","Rohini Commercial Hub (Near Lat: 28.696, Lon: 77.153)",110085,"Rohini, Delhi",In-Person Walk-in / Listed in Local Market,NO OFFICIAL WEBSITE (High Vulnerability),Rs. 8.0 - 30.0 Lakhs/mo,"Rs. 25,000 - 2,50,000",Senior Partner / Managing Consultant,10:00 AM - 9:00 PM (Regular Business Hours),"SahayShakti Corporate Suite: High-trust portfolio, floor-plan downloads, and direct investor inquiry funnel.",HOT (Zero Web Presence / High Revenue),Uncontacted
SST-REAL-ROH-0008,Durga palace,"Real Estate, Legal & Professional Corporate","Rohini Commercial Hub (Near Lat: 28.692, Lon: 77.178)",110085,"Rohini, Delhi",In-Person Walk-in / Listed in Local Market,NO OFFICIAL WEBSITE (High Vulnerability),Rs. 8.0 - 30.0 Lakhs/mo,"Rs. 25,000 - 2,50,000",Senior Partner / Managing Consultant,10:00 AM - 9:00 PM (Regular Business Hours),"SahayShakti Corporate Suite: High-trust portfolio, floor-plan downloads, and direct investor inquiry funnel.",HOT (Zero Web Presence / High Revenue),Uncontacted
SST-REAL-ROH-0010,Electronic Gallery,"Real Estate, Legal & Professional Corporate","241 G-7 Sector-16, Rohini,Delhi",110085,"Rohini, Delhi",In-Person Walk-in / Listed in Local Market,NO OFFICIAL WEBSITE (High Vulnerability),Rs. 8.0 - 30.0 Lakhs/mo,"Rs. 25,000 - 2,50,000",Senior Partner / Managing Consultant,10:00 AM - 9:00 PM (Regular Business Hours),"SahayShakti Corporate Suite: High-trust portfolio, floor-plan downloads, and direct investor inquiry funnel.",HOT (Zero Web Presence / High Revenue),Uncontacted
SST-REAL-ROH-0011,Water Pump,"Real Estate, Legal & Professional Corporate","Rohini Commercial Hub (Near Lat: 28.704, Lon: 77.180)",110085,"Rohini, Delhi",In-Person Walk-in / Listed in Local Market,NO OFFICIAL WEBSITE (High Vulnerability),Rs. 8.0 - 30.0 Lakhs/mo,"Rs. 25,000 - 2,50,000",Senior Partner / Managing Consultant,10:00 AM - 9:00 PM (Regular Business Hours),"SahayShakti Corporate Suite: High-trust portfolio, floor-plan downloads, and direct investor inquiry funnel.",HOT (Zero Web Presence / High Revenue),Uncontacted
SST-REAL-ROH-0016,HSBC,"Real Estate, Legal & Professional Corporate","Rohini Commercial Hub (Near Lat: 28.671, Lon: 77.134)",110085,"Rohini, Delhi",In-Person Walk-in / Listed in Local Market,NO OFFICIAL WEBSITE (High Vulnerability),Rs. 8.0 - 30.0 Lakhs/mo,"Rs. 25,000 - 2,50,000",Senior Partner / Managing Consultant,10:00 AM - 9:00 PM (Regular Business Hours),"SahayShakti Corporate Suite: High-trust portfolio, floor-plan downloads, and direct investor inquiry funnel.",HOT (Zero Web Presence / High Revenue),Uncontacted
SST-REAL-ROH-0018,Punjabi Bagh Central Market,"Real Estate, Legal & Professional Corporate","Rohini Commercial Hub (Near Lat: 28.671, Lon: 77.134)",110085,"Rohini, Delhi",In-Person Walk-in / Listed in Local Market,NO OFFICIAL WEBSITE (High Vulnerability),Rs. 8.0 - 30.0 Lakhs/mo,"Rs. 25,000 - 2,50,000",Senior Partner / Managing Consultant,10:00 AM - 9:00 PM (Regular Business Hours),"SahayShakti Corporate Suite: High-trust portfolio, floor-plan downloads, and direct investor inquiry funnel.",HOT (Zero Web Presence / High Revenue),Uncontacted
SST-REAL-ROH-0019,HDFC Bank,"Real Estate, Legal & Professional Corporate","Rohini Commercial Hub (Near Lat: 28.670, Lon: 77.133)",110085,"Rohini, Delhi",In-Person Walk-in / Listed in Local Market,https://www.hdfcbank.com,Rs. 8.0 - 30.0 Lakhs/mo,"Rs. 25,000 - 2,50,000",Senior Partner / Managing Consultant,10:00 AM - 9:00 PM (Regular Business Hours),"SahayShakti Corporate Suite: High-trust portfolio, floor-plan downloads, and direct investor inquiry funnel.",Warm (Needs Modern Revamp),Uncontacted
SST-REAL-ROH-0023,State Bank of India,"Real Estate, Legal & Professional Corporate","Rohini Commercial Hub (Near Lat: 28.670, Lon: 77.134)",110085,"Rohini, Delhi",In-Person Walk-in / Listed in Local Market,NO OFFICIAL WEBSITE (High Vulnerability),Rs. 8.0 - 30.0 Lakhs/mo,"Rs. 25,000 - 2,50,000",Senior Partner / Managing Consultant,10:00 AM - 9:00 PM (Regular Business Hours),"SahayShakti Corporate Suite: High-trust portfolio, floor-plan downloads, and direct investor inquiry funnel.",HOT (Zero Web Presence / High Revenue),Uncontacted
SST-REAL-ROH-0025,Indian Overseas Bank,"Real Estate, Legal & Professional Corporate","Rohini Commercial Hub (Near Lat: 28.670, Lon: 77.129)",110085,"Rohini, Delhi",In-Person Walk-in / Listed in Local Market,https://www.iob.in,Rs. 8.0 - 30.0 Lakhs/mo,"Rs. 25,000 - 2,50,000",Senior Partner / Managing Consultant,10:00 AM - 9:00 PM (Regular Business Hours),"SahayShakti Corporate Suite: High-trust portfolio, floor-plan downloads, and direct investor inquiry funnel.",Warm (Needs Modern Revamp),Uncontacted
SST-REAL-ROH-0026,ICICI Bank,"Real Estate, Legal & Professional Corporate","Rohini Commercial Hub (Near Lat: 28.679, Lon: 77.097)",110085,"Rohini, Delhi",In-Person Walk-in / Listed in Local Market,https://www.icicibank.com,Rs. 8.0 - 30.0 Lakhs/mo,"Rs. 25,000 - 2,50,000",Senior Partner / Managing Consultant,10:00 AM - 9:00 PM (Regular Business Hours),"SahayShakti Corporate Suite: High-trust portfolio, floor-plan downloads, and direct investor inquiry funnel.",Warm (Needs Modern Revamp),Uncontacted
SST-REAL-ROH-0027,Trance Lounge,"Real Estate, Legal & Professional Corporate","Rohini Commercial Hub (Near Lat: 28.679, Lon: 77.100)",110085,"Rohini, Delhi",In-Person Walk-in / Listed in Local Market,NO OFFICIAL WEBSITE (High Vulnerability),Rs. 8.0 - 30.0 Lakhs/mo,"Rs. 25,000 - 2,50,000",Senior Partner / Managing Consultant,10:00 AM - 9:00 PM (Regular Business Hours),"SahayShakti Corporate Suite: High-trust portfolio, floor-plan downloads, and direct investor inquiry funnel.",HOT (Zero Web Presence / High Revenue),Uncontacted
SST-REAL-ROH-0029,Paschim Vihar Market,"Real Estate, Legal & Professional Corporate","Rohini Commercial Hub (Near Lat: 28.679, Lon: 77.100)",110085,"Rohini, Delhi",In-Person Walk-in / Listed in Local Market,NO OFFICIAL WEBSITE (High Vulnerability),Rs. 8.0 - 30.0 Lakhs/mo,"Rs. 25,000 - 2,50,000",Senior Partner / Managing Consultant,10:00 AM - 9:00 PM (Regular Business Hours),"SahayShakti Corporate Suite: High-trust portfolio, floor-plan downloads, and direct investor inquiry funnel.",HOT (Zero Web Presence / High Revenue),Uncontacted
SST-REAL-ROH-0031,DDA Market,"Real Estate, Legal & Professional Corporate","Rohini Commercial Hub (Near Lat: 28.677, Lon: 77.104)",110085,"Rohini, Delhi",In-Person Walk-in / Listed in Local Market,NO OFFICIAL WEBSITE (High Vulnerability),Rs. 8.0 - 30.0 Lakhs/mo,"Rs. 25,000 - 2,50,000",Senior Partner / Managing Consultant,10:00 AM - 9:00 PM (Regular Business Hours),"SahayShakti Corporate Suite: High-trust portfolio, floor-plan downloads, and direct investor inquiry funnel.",HOT (Zero Web Presence / High Revenue),Uncontacted
SST-REAL-ROH-0037,GuruDwara Tikana Sahib,"Real Estate, Legal & Professional Corporate","Rohini Commercial Hub (Near Lat: 28.670, Lon: 77.136)",110085,"Rohini, Delhi",In-Person Walk-in / Listed in Local Market,NO OFFICIAL WEBSITE (High Vulnerability),Rs. 8.0 - 30.0 Lakhs/mo,"Rs. 25,000 - 2,50,000",Senior Partner / Managing Consultant,10:00 AM - 9:00 PM (Regular Business Hours),"SahayShakti Corporate Suite: High-trust portfolio, floor-plan downloads, and direct investor inquiry funnel.",HOT (Zero Web Presence / High Revenue),Uncontacted
SST-REAL-ROH-0038,YourWebSEO,"Real Estate, Legal & Professional Corporate",HU -11 DDA Complex Pitampura,110034,"Rohini, Delhi",In-Person Walk-in / Listed in Local Market,https://www.yourwebseo.com/,Rs. 8.0 - 30.0 Lakhs/mo,"Rs. 25,000 - 2,50,000",Senior Partner / Managing Consultant,10:00 AM - 9:00 PM (Regular Business Hours),"SahayShakti Corporate Suite: High-trust portfolio, floor-plan downloads, and direct investor inquiry funnel.",Warm (Needs Modern Revamp),Uncontacted
SST-REAL-ROH-0039,Decibel Scale Models,"Real Estate, Legal & Professional Corporate","AP Market, shop no.41, Maurya Enclave",110088,"Rohini, Delhi",+91 95 40 401404,https://www.decibelscalemodels.com/,Rs. 8.0 - 30.0 Lakhs/mo,"Rs. 25,000 - 2,50,000",Senior Partner / Managing Consultant,10:00 AM - 9:00 PM (Regular Business Hours),"SahayShakti Corporate Suite: High-trust portfolio, floor-plan downloads, and direct investor inquiry funnel.",Warm (Needs Modern Revamp),Uncontacted
SST-REAL-ROH-0041,Jain Market,"Real Estate, Legal & Professional Corporate","Rohini Commercial Hub (Near Lat: 28.672, Lon: 77.155)",110085,"Rohini, Delhi",In-Person Walk-in / Listed in Local Market,NO OFFICIAL WEBSITE (High Vulnerability),Rs. 8.0 - 30.0 Lakhs/mo,"Rs. 25,000 - 2,50,000",Senior Partner / Managing Consultant,10:00 AM - 9:00 PM (Regular Business Hours),"SahayShakti Corporate Suite: High-trust portfolio, floor-plan downloads, and direct investor inquiry funnel.",HOT (Zero Web Presence / High Revenue),Uncontacted
SST-REAL-ROH-0044,Shiv Mandir,"Real Estate, Legal & Professional Corporate",Pratap Gali,110042,"Rohini, Delhi",In-Person Walk-in / Listed in Local Market,NO OFFICIAL WEBSITE (High Vulnerability),Rs. 8.0 - 30.0 Lakhs/mo,"Rs. 25,000 - 2,50,000",Senior Partner / Managing Consultant,10:00 AM - 9:00 PM (Regular Business Hours),"SahayShakti Corporate Suite: High-trust portfolio, floor-plan downloads, and direct investor inquiry funnel.",HOT (Zero Web Presence / High Revenue),Uncontacted
SST-REAL-ROH-0046,Bharat Petroleum,"Real Estate, Legal & Professional Corporate","Rohini Commercial Hub (Near Lat: 28.718, Lon: 77.110)",110085,"Rohini, Delhi",In-Person Walk-in / Listed in Local Market,NO OFFICIAL WEBSITE (High Vulnerability),Rs. 8.0 - 30.0 Lakhs/mo,"Rs. 25,000 - 2,50,000",Senior Partner / Managing Consultant,10:00 AM - 9:00 PM (Regular Business Hours),"SahayShakti Corporate Suite: High-trust portfolio, floor-plan downloads, and direct investor inquiry funnel.",HOT (Zero Web Presence / High Revenue),Uncontacted
SST-REAL-ROH-0048,DDA Market,"Real Estate, Legal & Professional Corporate","Sector-18, Rohini",110089,"Rohini, Delhi",In-Person Walk-in / Listed in Local Market,NO OFFICIAL WEBSITE (High Vulnerability),Rs. 8.0 - 30.0 Lakhs/mo,"Rs. 25,000 - 2,50,000",Senior Partner / Managing Consultant,10:00 AM - 9:00 PM (Regular Business Hours),"SahayShakti Corporate Suite: High-trust portfolio, floor-plan downloads, and direct investor inquiry funnel.",HOT (Zero Web Presence / High Revenue),Uncontacted
SST-REAL-ROH-0049,Mother Dairy,"Real Estate, Legal & Professional Corporate","Sector-18, Rohini",110089,"Rohini, Delhi",In-Person Walk-in / Listed in Local Market,NO OFFICIAL WEBSITE (High Vulnerability),Rs. 8.0 - 30.0 Lakhs/mo,"Rs. 25,000 - 2,50,000",Senior Partner / Managing Consultant,10:00 AM - 9:00 PM (Regular Business Hours),"SahayShakti Corporate Suite: High-trust portfolio, floor-plan downloads, and direct investor inquiry funnel.",HOT (Zero Web Presence / High Revenue),Uncontacted
SST-REAL-ROH-0050,Gurudwara,"Real Estate, Legal & Professional Corporate",Outer Ring Road,110085,"Rohini, Delhi",In-Person Walk-in / Listed in Local Market,NO OFFICIAL WEBSITE (High Vulnerability),Rs. 8.0 - 30.0 Lakhs/mo,"Rs. 25,000 - 2,50,000",Senior Partner / Managing Consultant,10:00 AM - 9:00 PM (Regular Business Hours),"SahayShakti Corporate Suite: High-trust portfolio, floor-plan downloads, and direct investor inquiry funnel.",HOT (Zero Web Presence / High Revenue),Uncontacted
SST-REAL-ROH-0053,Maharaja Agarsen Dharamsthal,"Real Estate, Legal & Professional Corporate",Sec-16 G-5,110089,"Rohini, Delhi",In-Person Walk-in / Listed in Local Market,NO OFFICIAL WEBSITE (High Vulnerability),Rs. 8.0 - 30.0 Lakhs/mo,"Rs. 25,000 - 2,50,000",Senior Partner / Managing Consultant,24/7,"SahayShakti Corporate Suite: High-trust portfolio, floor-plan downloads, and direct investor inquiry funnel.",HOT (Zero Web Presence / High Revenue),Uncontacted
SST-REAL-ROH-0054,Sociafluence,"Real Estate, Legal & Professional Corporate",C 2/21 Ashok Vihar phase-2,110052,"Rohini, Delhi",In-Person Walk-in / Listed in Local Market,NO OFFICIAL WEBSITE (High Vulnerability),Rs. 8.0 - 30.0 Lakhs/mo,"Rs. 25,000 - 2,50,000",Senior Partner / Managing Consultant,24 hours,"SahayShakti Corporate Suite: High-trust portfolio, floor-plan downloads, and direct investor inquiry funnel.",HOT (Zero Web Presence / High Revenue),Uncontacted
SST-REAL-ROH-0056,Ajay India Tours,"Real Estate, Legal & Professional Corporate","Rohini Commercial Hub (Near Lat: 28.714, Lon: 77.116)",110085,"Rohini, Delhi",9868716560,www.ajayindiatours.com,Rs. 8.0 - 30.0 Lakhs/mo,"Rs. 25,000 - 2,50,000",Senior Partner / Managing Consultant,10:00 AM - 9:00 PM (Regular Business Hours),"SahayShakti Corporate Suite: High-trust portfolio, floor-plan downloads, and direct investor inquiry funnel.",Warm (Needs Modern Revamp),Uncontacted
SST-REAL-ROH-0057,Local Shopping Complex,"Real Estate, Legal & Professional Corporate","Rohini Commercial Hub (Near Lat: 28.696, Lon: 77.140)",110085,"Rohini, Delhi",In-Person Walk-in / Listed in Local Market,NO OFFICIAL WEBSITE (High Vulnerability),Rs. 8.0 - 30.0 Lakhs/mo,"Rs. 25,000 - 2,50,000",Senior Partner / Managing Consultant,10:00 AM - 9:00 PM (Regular Business Hours),"SahayShakti Corporate Suite: High-trust portfolio, floor-plan downloads, and direct investor inquiry funnel.",HOT (Zero Web Presence / High Revenue),Uncontacted
SST-REAL-ROH-0058,Gurudwara Kohat Enclave,"Real Estate, Legal & Professional Corporate","Rohini Commercial Hub (Near Lat: 28.696, Lon: 77.139)",110085,"Rohini, Delhi",In-Person Walk-in / Listed in Local Market,NO OFFICIAL WEBSITE (High Vulnerability),Rs. 8.0 - 30.0 Lakhs/mo,"Rs. 25,000 - 2,50,000",Senior Partner / Managing Consultant,10:00 AM - 9:00 PM (Regular Business Hours),"SahayShakti Corporate Suite: High-trust portfolio, floor-plan downloads, and direct investor inquiry funnel.",HOT (Zero Web Presence / High Revenue),Uncontacted
SST-REAL-ROH-0059,Shani Mandir,"Real Estate, Legal & Professional Corporate","Rohini Commercial Hub (Near Lat: 28.687, Lon: 77.135)",110085,"Rohini, Delhi",In-Person Walk-in / Listed in Local Market,NO OFFICIAL WEBSITE (High Vulnerability),Rs. 8.0 - 30.0 Lakhs/mo,"Rs. 25,000 - 2,50,000",Senior Partner / Managing Consultant,10:00 AM - 9:00 PM (Regular Business Hours),"SahayShakti Corporate Suite: High-trust portfolio, floor-plan downloads, and direct investor inquiry funnel.",HOT (Zero Web Presence / High Revenue),Uncontacted
SST-REAL-ROH-0063,Juice Shop,"Real Estate, Legal & Professional Corporate","Rohini Commercial Hub (Near Lat: 28.685, Lon: 77.129)",110085,"Rohini, Delhi",In-Person Walk-in / Listed in Local Market,NO OFFICIAL WEBSITE (High Vulnerability),Rs. 8.0 - 30.0 Lakhs/mo,"Rs. 25,000 - 2,50,000",Senior Partner / Managing Consultant,10:00 AM - 9:00 PM (Regular Business Hours),"SahayShakti Corporate Suite: High-trust portfolio, floor-plan downloads, and direct investor inquiry funnel.",HOT (Zero Web Presence / High Revenue),Uncontacted
SST-REAL-ROH-0064,Kishori Store,"Real Estate, Legal & Professional Corporate","Rohini Commercial Hub (Near Lat: 28.685, Lon: 77.131)",110085,"Rohini, Delhi",In-Person Walk-in / Listed in Local Market,NO OFFICIAL WEBSITE (High Vulnerability),Rs. 8.0 - 30.0 Lakhs/mo,"Rs. 25,000 - 2,50,000",Senior Partner / Managing Consultant,10:00 AM - 9:00 PM (Regular Business Hours),"SahayShakti Corporate Suite: High-trust portfolio, floor-plan downloads, and direct investor inquiry funnel.",HOT (Zero Web Presence / High Revenue),Uncontacted
SST-REAL-ROH-0065,Matta Sports,"Real Estate, Legal & Professional Corporate","Rohini Commercial Hub (Near Lat: 28.685, Lon: 77.130)",110085,"Rohini, Delhi",In-Person Walk-in / Listed in Local Market,NO OFFICIAL WEBSITE (High Vulnerability),Rs. 8.0 - 30.0 Lakhs/mo,"Rs. 25,000 - 2,50,000",Senior Partner / Managing Consultant,10:00 AM - 9:00 PM (Regular Business Hours),"SahayShakti Corporate Suite: High-trust portfolio, floor-plan downloads, and direct investor inquiry funnel.",HOT (Zero Web Presence / High Revenue),Uncontacted
SST-REAL-ROH-0068,ND Market Pitampura,"Real Estate, Legal & Professional Corporate","Rohini Commercial Hub (Near Lat: 28.700, Lon: 77.145)",110085,"Rohini, Delhi",In-Person Walk-in / Listed in Local Market,NO OFFICIAL WEBSITE (High Vulnerability),Rs. 8.0 - 30.0 Lakhs/mo,"Rs. 25,000 - 2,50,000",Senior Partner / Managing Consultant,10:00 AM - 9:00 PM (Regular Business Hours),"SahayShakti Corporate Suite: High-trust portfolio, floor-plan downloads, and direct investor inquiry funnel.",HOT (Zero Web Presence / High Revenue),Uncontacted
SST-REAL-ROH-0070,Punjab and Sindh Bank,"Real Estate, Legal & Professional Corporate","Rohini Commercial Hub (Near Lat: 28.684, Lon: 77.130)",110085,"Rohini, Delhi",In-Person Walk-in / Listed in Local Market,NO OFFICIAL WEBSITE (High Vulnerability),Rs. 8.0 - 30.0 Lakhs/mo,"Rs. 25,000 - 2,50,000",Senior Partner / Managing Consultant,10:00 AM - 9:00 PM (Regular Business Hours),"SahayShakti Corporate Suite: High-trust portfolio, floor-plan downloads, and direct investor inquiry funnel.",HOT (Zero Web Presence / High Revenue),Uncontacted
SST-REAL-ROH-0072,Haryana Maitri bhavan,"Real Estate, Legal & Professional Corporate","Rohini Commercial Hub (Near Lat: 28.687, Lon: 77.122)",110085,"Rohini, Delhi",In-Person Walk-in / Listed in Local Market,NO OFFICIAL WEBSITE (High Vulnerability),Rs. 8.0 - 30.0 Lakhs/mo,"Rs. 25,000 - 2,50,000",Senior Partner / Managing Consultant,10:00 AM - 9:00 PM (Regular Business Hours),"SahayShakti Corporate Suite: High-trust portfolio, floor-plan downloads, and direct investor inquiry funnel.",HOT (Zero Web Presence / High Revenue),Uncontacted
SST-REAL-ROH-0073,IGL,"Real Estate, Legal & Professional Corporate","Rohini Commercial Hub (Near Lat: 28.672, Lon: 77.153)",110085,"Rohini, Delhi",In-Person Walk-in / Listed in Local Market,NO OFFICIAL WEBSITE (High Vulnerability),Rs. 8.0 - 30.0 Lakhs/mo,"Rs. 25,000 - 2,50,000",Senior Partner / Managing Consultant,10:00 AM - 9:00 PM (Regular Business Hours),"SahayShakti Corporate Suite: High-trust portfolio, floor-plan downloads, and direct investor inquiry funnel.",HOT (Zero Web Presence / High Revenue),Uncontacted
SST-REAL-ROH-0074,Indian oil,"Real Estate, Legal & Professional Corporate","Rohini Commercial Hub (Near Lat: 28.674, Lon: 77.143)",110085,"Rohini, Delhi",In-Person Walk-in / Listed in Local Market,NO OFFICIAL WEBSITE (High Vulnerability),Rs. 8.0 - 30.0 Lakhs/mo,"Rs. 25,000 - 2,50,000",Senior Partner / Managing Consultant,10:00 AM - 9:00 PM (Regular Business Hours),"SahayShakti Corporate Suite: High-trust portfolio, floor-plan downloads, and direct investor inquiry funnel.",HOT (Zero Web Presence / High Revenue),Uncontacted
SST-REAL-ROH-0080,192,"Real Estate, Legal & Professional Corporate","Rohini Commercial Hub (Near Lat: 28.689, Lon: 77.124)",110085,"Rohini, Delhi",In-Person Walk-in / Listed in Local Market,NO OFFICIAL WEBSITE (High Vulnerability),Rs. 8.0 - 30.0 Lakhs/mo,"Rs. 25,000 - 2,50,000",Senior Partner / Managing Consultant,10:00 AM - 9:00 PM (Regular Business Hours),"SahayShakti Corporate Suite: High-trust portfolio, floor-plan downloads, and direct investor inquiry funnel.",HOT (Zero Web Presence / High Revenue),Uncontacted
SST-REAL-ROH-0081,Venus Apartments,"Real Estate, Legal & Professional Corporate","Rohini Commercial Hub (Near Lat: 28.688, Lon: 77.122)",110085,"Rohini, Delhi",In-Person Walk-in / Listed in Local Market,NO OFFICIAL WEBSITE (High Vulnerability),Rs. 8.0 - 30.0 Lakhs/mo,"Rs. 25,000 - 2,50,000",Senior Partner / Managing Consultant,10:00 AM - 9:00 PM (Regular Business Hours),"SahayShakti Corporate Suite: High-trust portfolio, floor-plan downloads, and direct investor inquiry funnel.",HOT (Zero Web Presence / High Revenue),Uncontacted
SST-REAL-ROH-0082,Neelamber Apartments,"Real Estate, Legal & Professional Corporate","Rohini Commercial Hub (Near Lat: 28.688, Lon: 77.124)",110085,"Rohini, Delhi",In-Person Walk-in / Listed in Local Market,NO OFFICIAL WEBSITE (High Vulnerability),Rs. 8.0 - 30.0 Lakhs/mo,"Rs. 25,000 - 2,50,000",Senior Partner / Managing Consultant,10:00 AM - 9:00 PM (Regular Business Hours),"SahayShakti Corporate Suite: High-trust portfolio, floor-plan downloads, and direct investor inquiry funnel.",HOT (Zero Web Presence / High Revenue),Uncontacted
SST-REAL-ROH-0083,Jhang Bhavan,"Real Estate, Legal & Professional Corporate","Rohini Commercial Hub (Near Lat: 28.688, Lon: 77.125)",110085,"Rohini, Delhi",In-Person Walk-in / Listed in Local Market,NO OFFICIAL WEBSITE (High Vulnerability),Rs. 8.0 - 30.0 Lakhs/mo,"Rs. 25,000 - 2,50,000",Senior Partner / Managing Consultant,10:00 AM - 9:00 PM (Regular Business Hours),"SahayShakti Corporate Suite: High-trust portfolio, floor-plan downloads, and direct investor inquiry funnel.",HOT (Zero Web Presence / High Revenue),Uncontacted
SST-REAL-ROH-0086,191,"Real Estate, Legal & Professional Corporate","Rohini Commercial Hub (Near Lat: 28.689, Lon: 77.124)",110085,"Rohini, Delhi",In-Person Walk-in / Listed in Local Market,NO OFFICIAL WEBSITE (High Vulnerability),Rs. 8.0 - 30.0 Lakhs/mo,"Rs. 25,000 - 2,50,000",Senior Partner / Managing Consultant,10:00 AM - 9:00 PM (Regular Business Hours),"SahayShakti Corporate Suite: High-trust portfolio, floor-plan downloads, and direct investor inquiry funnel.",HOT (Zero Web Presence / High Revenue),Uncontacted
SST-REAL-ROH-0087,Shiv Mandir,"Real Estate, Legal & Professional Corporate","Rohini Commercial Hub (Near Lat: 28.689, Lon: 77.127)",110085,"Rohini, Delhi",In-Person Walk-in / Listed in Local Market,NO OFFICIAL WEBSITE (High Vulnerability),Rs. 8.0 - 30.0 Lakhs/mo,"Rs. 25,000 - 2,50,000",Senior Partner / Managing Consultant,10:00 AM - 9:00 PM (Regular Business Hours),"SahayShakti Corporate Suite: High-trust portfolio, floor-plan downloads, and direct investor inquiry funnel.",HOT (Zero Web Presence / High Revenue),Uncontacted
SST-REAL-ROH-0088,Venus apartments entry,"Real Estate, Legal & Professional Corporate","Rohini Commercial Hub (Near Lat: 28.688, Lon: 77.123)",110085,"Rohini, Delhi",In-Person Walk-in / Listed in Local Market,NO OFFICIAL WEBSITE (High Vulnerability),Rs. 8.0 - 30.0 Lakhs/mo,"Rs. 25,000 - 2,50,000",Senior Partner / Managing Consultant,10:00 AM - 9:00 PM (Regular Business Hours),"SahayShakti Corporate Suite: High-trust portfolio, floor-plan downloads, and direct investor inquiry funnel.",HOT (Zero Web Presence / High Revenue),Uncontacted
SST-REAL-ROH-0089,Punjab National Bank,"Real Estate, Legal & Professional Corporate","Rohini Commercial Hub (Near Lat: 28.689, Lon: 77.126)",110085,"Rohini, Delhi",In-Person Walk-in / Listed in Local Market,https://www.pnbindia.in,Rs. 8.0 - 30.0 Lakhs/mo,"Rs. 25,000 - 2,50,000",Senior Partner / Managing Consultant,10:00 AM - 9:00 PM (Regular Business Hours),"SahayShakti Corporate Suite: High-trust portfolio, floor-plan downloads, and direct investor inquiry funnel.",Warm (Needs Modern Revamp),Uncontacted
SST-REAL-ROH-0090,Mother dairy,"Real Estate, Legal & Professional Corporate","Rohini Commercial Hub (Near Lat: 28.688, Lon: 77.124)",110085,"Rohini, Delhi",In-Person Walk-in / Listed in Local Market,NO OFFICIAL WEBSITE (High Vulnerability),Rs. 8.0 - 30.0 Lakhs/mo,"Rs. 25,000 - 2,50,000",Senior Partner / Managing Consultant,10:00 AM - 9:00 PM (Regular Business Hours),"SahayShakti Corporate Suite: High-trust portfolio, floor-plan downloads, and direct investor inquiry funnel.",HOT (Zero Web Presence / High Revenue),Uncontacted
SST-REAL-ROH-0091,188,"Real Estate, Legal & Professional Corporate","Rohini Commercial Hub (Near Lat: 28.689, Lon: 77.124)",110085,"Rohini, Delhi",In-Person Walk-in / Listed in Local Market,NO OFFICIAL WEBSITE (High Vulnerability),Rs. 8.0 - 30.0 Lakhs/mo,"Rs. 25,000 - 2,50,000",Senior Partner / Managing Consultant,10:00 AM - 9:00 PM (Regular Business Hours),"SahayShakti Corporate Suite: High-trust portfolio, floor-plan downloads, and direct investor inquiry funnel.",HOT (Zero Web Presence / High Revenue),Uncontacted
SST-REAL-ROH-0094,Pitampura Club,"Real Estate, Legal & Professional Corporate","Rohini Commercial Hub (Near Lat: 28.689, Lon: 77.117)",110085,"Rohini, Delhi",In-Person Walk-in / Listed in Local Market,NO OFFICIAL WEBSITE (High Vulnerability),Rs. 8.0 - 30.0 Lakhs/mo,"Rs. 25,000 - 2,50,000",Senior Partner / Managing Consultant,10:00 AM - 9:00 PM (Regular Business Hours),"SahayShakti Corporate Suite: High-trust portfolio, floor-plan downloads, and direct investor inquiry funnel.",HOT (Zero Web Presence / High Revenue),Uncontacted
SST-REAL-ROH-0095,Reliance store,"Real Estate, Legal & Professional Corporate","Rohini Commercial Hub (Near Lat: 28.702, Lon: 77.135)",110085,"Rohini, Delhi",In-Person Walk-in / Listed in Local Market,NO OFFICIAL WEBSITE (High Vulnerability),Rs. 8.0 - 30.0 Lakhs/mo,"Rs. 25,000 - 2,50,000",Senior Partner / Managing Consultant,10:00 AM - 9:00 PM (Regular Business Hours),"SahayShakti Corporate Suite: High-trust portfolio, floor-plan downloads, and direct investor inquiry funnel.",HOT (Zero Web Presence / High Revenue),Uncontacted
SST-REAL-ROH-0098,Vegetables,"Real Estate, Legal & Professional Corporate","Rohini Commercial Hub (Near Lat: 28.692, Lon: 77.117)",110085,"Rohini, Delhi",In-Person Walk-in / Listed in Local Market,NO OFFICIAL WEBSITE (High Vulnerability),Rs. 8.0 - 30.0 Lakhs/mo,"Rs. 25,000 - 2,50,000",Senior Partner / Managing Consultant,10:00 AM - 9:00 PM (Regular Business Hours),"SahayShakti Corporate Suite: High-trust portfolio, floor-plan downloads, and direct investor inquiry funnel.",HOT (Zero Web Presence / High Revenue),Uncontacted
SST-REAL-ROH-0099,Kasturba Apartments,"Real Estate, Legal & Professional Corporate","Rohini Commercial Hub (Near Lat: 28.691, Lon: 77.117)",110085,"Rohini, Delhi",In-Person Walk-in / Listed in Local Market,NO OFFICIAL WEBSITE (High Vulnerability),Rs. 8.0 - 30.0 Lakhs/mo,"Rs. 25,000 - 2,50,000",Senior Partner / Managing Consultant,10:00 AM - 9:00 PM (Regular Business Hours),"SahayShakti Corporate Suite: High-trust portfolio, floor-plan downloads, and direct investor inquiry funnel.",HOT (Zero Web Presence / High Revenue),Uncontacted
SST-REAL-ROH-0102,Bannu Enclave,"Real Estate, Legal & Professional Corporate","Rohini Commercial Hub (Near Lat: 28.691, Lon: 77.117)",110085,"Rohini, Delhi",In-Person Walk-in / Listed in Local Market,NO OFFICIAL WEBSITE (High Vulnerability),Rs. 8.0 - 30.0 Lakhs/mo,"Rs. 25,000 - 2,50,000",Senior Partner / Managing Consultant,10:00 AM - 9:00 PM (Regular Business Hours),"SahayShakti Corporate Suite: High-trust portfolio, floor-plan downloads, and direct investor inquiry funnel.",HOT (Zero Web Presence / High Revenue),Uncontacted
SST-REAL-ROH-0103,Rohini sec 20,"Real Estate, Legal & Professional Corporate",46 pocket 12,110086,"Rohini, Delhi",In-Person Walk-in / Listed in Local Market,NO OFFICIAL WEBSITE (High Vulnerability),Rs. 8.0 - 30.0 Lakhs/mo,"Rs. 25,000 - 2,50,000",Senior Partner / Managing Consultant,10:00 AM - 9:00 PM (Regular Business Hours),"SahayShakti Corporate Suite: High-trust portfolio, floor-plan downloads, and direct investor inquiry funnel.",HOT (Zero Web Presence / High Revenue),Uncontacted
SST-REAL-ROH-0104,ICICI Bank,"Real Estate, Legal & Professional Corporate","Rohini Commercial Hub (Near Lat: 28.703, Lon: 77.123)",110085,"Rohini, Delhi",In-Person Walk-in / Listed in Local Market,https://www.icicibank.com,Rs. 8.0 - 30.0 Lakhs/mo,"Rs. 25,000 - 2,50,000",Senior Partner / Managing Consultant,10:00 AM - 9:00 PM (Regular Business Hours),"SahayShakti Corporate Suite: High-trust portfolio, floor-plan downloads, and direct investor inquiry funnel.",Warm (Needs Modern Revamp),Uncontacted
SST-REAL-ROH-0105,Durga temple,"Real Estate, Legal & Professional Corporate","Rohini Commercial Hub (Near Lat: 28.703, Lon: 77.100)",110085,"Rohini, Delhi",In-Person Walk-in / Listed in Local Market,NO OFFICIAL WEBSITE (High Vulnerability),Rs. 8.0 - 30.0 Lakhs/mo,"Rs. 25,000 - 2,50,000",Senior Partner / Managing Consultant,10:00 AM - 9:00 PM (Regular Business Hours),"SahayShakti Corporate Suite: High-trust portfolio, floor-plan downloads, and direct investor inquiry funnel.",HOT (Zero Web Presence / High Revenue),Uncontacted
SST-REAL-ROH-0106,M2K,"Real Estate, Legal & Professional Corporate","Rohini Commercial Hub (Near Lat: 28.701, Lon: 77.116)",110085,"Rohini, Delhi",In-Person Walk-in / Listed in Local Market,NO OFFICIAL WEBSITE (High Vulnerability),Rs. 8.0 - 30.0 Lakhs/mo,"Rs. 25,000 - 2,50,000",Senior Partner / Managing Consultant,10:00 AM - 9:00 PM (Regular Business Hours),"SahayShakti Corporate Suite: High-trust portfolio, floor-plan downloads, and direct investor inquiry funnel.",HOT (Zero Web Presence / High Revenue),Uncontacted
SST-REAL-ROH-0107,Wine & Beer Shop,"Real Estate, Legal & Professional Corporate","Rohini Commercial Hub (Near Lat: 28.698, Lon: 77.116)",110085,"Rohini, Delhi",In-Person Walk-in / Listed in Local Market,NO OFFICIAL WEBSITE (High Vulnerability),Rs. 8.0 - 30.0 Lakhs/mo,"Rs. 25,000 - 2,50,000",Senior Partner / Managing Consultant,10:00 AM - 9:00 PM (Regular Business Hours),"SahayShakti Corporate Suite: High-trust portfolio, floor-plan downloads, and direct investor inquiry funnel.",HOT (Zero Web Presence / High Revenue),Uncontacted
SST-REAL-ROH-0109,More,"Real Estate, Legal & Professional Corporate","Rohini Commercial Hub (Near Lat: 28.717, Lon: 77.114)",110085,"Rohini, Delhi",In-Person Walk-in / Listed in Local Market,NO OFFICIAL WEBSITE (High Vulnerability),Rs. 8.0 - 30.0 Lakhs/mo,"Rs. 25,000 - 2,50,000",Senior Partner / Managing Consultant,10:00 AM - 9:00 PM (Regular Business Hours),"SahayShakti Corporate Suite: High-trust portfolio, floor-plan downloads, and direct investor inquiry funnel.",HOT (Zero Web Presence / High Revenue),Uncontacted
SST-REAL-ROH-0111,Cinepolis,"Real Estate, Legal & Professional Corporate","Rohini Commercial Hub (Near Lat: 28.715, Lon: 77.116)",110085,"Rohini, Delhi",In-Person Walk-in / Listed in Local Market,NO OFFICIAL WEBSITE (High Vulnerability),Rs. 8.0 - 30.0 Lakhs/mo,"Rs. 25,000 - 2,50,000",Senior Partner / Managing Consultant,10:00 AM - 9:00 PM (Regular Business Hours),"SahayShakti Corporate Suite: High-trust portfolio, floor-plan downloads, and direct investor inquiry funnel.",HOT (Zero Web Presence / High Revenue),Uncontacted
SST-REAL-ROH-0113,Mosque,"Real Estate, Legal & Professional Corporate","Rohini Commercial Hub (Near Lat: 28.703, Lon: 77.097)",110085,"Rohini, Delhi",In-Person Walk-in / Listed in Local Market,NO OFFICIAL WEBSITE (High Vulnerability),Rs. 8.0 - 30.0 Lakhs/mo,"Rs. 25,000 - 2,50,000",Senior Partner / Managing Consultant,10:00 AM - 9:00 PM (Regular Business Hours),"SahayShakti Corporate Suite: High-trust portfolio, floor-plan downloads, and direct investor inquiry funnel.",HOT (Zero Web Presence / High Revenue),Uncontacted
SST-REAL-ROH-0115,Shri Balaji Satsang Bhawan,"Real Estate, Legal & Professional Corporate",Budh Vihar,110086,"Rohini, Delhi",In-Person Walk-in / Listed in Local Market,NO OFFICIAL WEBSITE (High Vulnerability),Rs. 8.0 - 30.0 Lakhs/mo,"Rs. 25,000 - 2,50,000",Senior Partner / Managing Consultant,10:00 AM - 9:00 PM (Regular Business Hours),"SahayShakti Corporate Suite: High-trust portfolio, floor-plan downloads, and direct investor inquiry funnel.",HOT (Zero Web Presence / High Revenue),Uncontacted
SST-REAL-ROH-0117,Petrol pump,"Real Estate, Legal & Professional Corporate","Rohini Commercial Hub (Near Lat: 28.736, Lon: 77.128)",110085,"Rohini, Delhi",In-Person Walk-in / Listed in Local Market,NO OFFICIAL WEBSITE (High Vulnerability),Rs. 8.0 - 30.0 Lakhs/mo,"Rs. 25,000 - 2,50,000",Senior Partner / Managing Consultant,10:00 AM - 9:00 PM (Regular Business Hours),"SahayShakti Corporate Suite: High-trust portfolio, floor-plan downloads, and direct investor inquiry funnel.",HOT (Zero Web Presence / High Revenue),Uncontacted
SST-REAL-ROH-0119,Blue Mount Appliances Pvt. Ltd.,"Real Estate, Legal & Professional Corporate","B-96, Pushpanjali Enclave Outer Ring Road",110034,"Rohini, Delhi",+91 11 49 49 1500,https://www.bluemountro.com/,Rs. 8.0 - 30.0 Lakhs/mo,"Rs. 25,000 - 2,50,000",Senior Partner / Managing Consultant,Mo-Sa 08:00-18:00,"SahayShakti Corporate Suite: High-trust portfolio, floor-plan downloads, and direct investor inquiry funnel.",Warm (Needs Modern Revamp),Uncontacted
SST-REAL-ROH-0121,Lakshmi Narayan MAndir,"Real Estate, Legal & Professional Corporate",Maharaja Agrasen Marg,110085,"Rohini, Delhi",In-Person Walk-in / Listed in Local Market,NO OFFICIAL WEBSITE (High Vulnerability),Rs. 8.0 - 30.0 Lakhs/mo,"Rs. 25,000 - 2,50,000",Senior Partner / Managing Consultant,10:00 AM - 9:00 PM (Regular Business Hours),"SahayShakti Corporate Suite: High-trust portfolio, floor-plan downloads, and direct investor inquiry funnel.",HOT (Zero Web Presence / High Revenue),Uncontacted
SST-REAL-ROH-0122,Shiv Mandir,"Real Estate, Legal & Professional Corporate",Monday Market Road,110085,"Rohini, Delhi",In-Person Walk-in / Listed in Local Market,NO OFFICIAL WEBSITE (High Vulnerability),Rs. 8.0 - 30.0 Lakhs/mo,"Rs. 25,000 - 2,50,000",Senior Partner / Managing Consultant,10:00 AM - 9:00 PM (Regular Business Hours),"SahayShakti Corporate Suite: High-trust portfolio, floor-plan downloads, and direct investor inquiry funnel.",HOT (Zero Web Presence / High Revenue),Uncontacted
SST-REAL-ROH-0123,Murti Bhawan,"Real Estate, Legal & Professional Corporate",Sector-16 H-2/60,110089,"Rohini, Delhi",In-Person Walk-in / Listed in Local Market,NO OFFICIAL WEBSITE (High Vulnerability),Rs. 8.0 - 30.0 Lakhs/mo,"Rs. 25,000 - 2,50,000",Senior Partner / Managing Consultant,10:00 AM - 9:00 PM (Regular Business Hours),"SahayShakti Corporate Suite: High-trust portfolio, floor-plan downloads, and direct investor inquiry funnel.",HOT (Zero Web Presence / High Revenue),Uncontacted
SST-REAL-ROH-0125,Sant Nirankari Satsang Bhawan,"Real Estate, Legal & Professional Corporate",Sec-16 G-5,110089,"Rohini, Delhi",In-Person Walk-in / Listed in Local Market,NO OFFICIAL WEBSITE (High Vulnerability),Rs. 8.0 - 30.0 Lakhs/mo,"Rs. 25,000 - 2,50,000",Senior Partner / Managing Consultant,10:00 AM - 9:00 PM (Regular Business Hours),"SahayShakti Corporate Suite: High-trust portfolio, floor-plan downloads, and direct investor inquiry funnel.",HOT (Zero Web Presence / High Revenue),Uncontacted
SST-REAL-ROH-0127,Bansal Bhawan,"Real Estate, Legal & Professional Corporate","Rohini Commercial Hub (Near Lat: 28.736, Lon: 77.129)",110085,"Rohini, Delhi",In-Person Walk-in / Listed in Local Market,NO OFFICIAL WEBSITE (High Vulnerability),Rs. 8.0 - 30.0 Lakhs/mo,"Rs. 25,000 - 2,50,000",Senior Partner / Managing Consultant,10:00 AM - 9:00 PM (Regular Business Hours),"SahayShakti Corporate Suite: High-trust portfolio, floor-plan downloads, and direct investor inquiry funnel.",HOT (Zero Web Presence / High Revenue),Uncontacted
SST-REAL-ROH-0130,Jama Masjid,"Real Estate, Legal & Professional Corporate","Rohini Commercial Hub (Near Lat: 28.737, Lon: 77.128)",110085,"Rohini, Delhi",In-Person Walk-in / Listed in Local Market,NO OFFICIAL WEBSITE (High Vulnerability),Rs. 8.0 - 30.0 Lakhs/mo,"Rs. 25,000 - 2,50,000",Senior Partner / Managing Consultant,10:00 AM - 9:00 PM (Regular Business Hours),"SahayShakti Corporate Suite: High-trust portfolio, floor-plan downloads, and direct investor inquiry funnel.",HOT (Zero Web Presence / High Revenue),Uncontacted
SST-REAL-ROH-0131,Haryana Store,"Real Estate, Legal & Professional Corporate","Rohini Commercial Hub (Near Lat: 28.739, Lon: 77.122)",110085,"Rohini, Delhi",In-Person Walk-in / Listed in Local Market,NO OFFICIAL WEBSITE (High Vulnerability),Rs. 8.0 - 30.0 Lakhs/mo,"Rs. 25,000 - 2,50,000",Senior Partner / Managing Consultant,10:00 AM - 9:00 PM (Regular Business Hours),"SahayShakti Corporate Suite: High-trust portfolio, floor-plan downloads, and direct investor inquiry funnel.",HOT (Zero Web Presence / High Revenue),Uncontacted
SST-REAL-ROH-0132,Himanshi Store,"Real Estate, Legal & Professional Corporate","Rohini Commercial Hub (Near Lat: 28.739, Lon: 77.121)",110085,"Rohini, Delhi",In-Person Walk-in / Listed in Local Market,NO OFFICIAL WEBSITE (High Vulnerability),Rs. 8.0 - 30.0 Lakhs/mo,"Rs. 25,000 - 2,50,000",Senior Partner / Managing Consultant,10:00 AM - 9:00 PM (Regular Business Hours),"SahayShakti Corporate Suite: High-trust portfolio, floor-plan downloads, and direct investor inquiry funnel.",HOT (Zero Web Presence / High Revenue),Uncontacted
SST-REAL-ROH-0134,Bansal Electricals,"Real Estate, Legal & Professional Corporate","Rohini Commercial Hub (Near Lat: 28.739, Lon: 77.121)",110085,"Rohini, Delhi",In-Person Walk-in / Listed in Local Market,NO OFFICIAL WEBSITE (High Vulnerability),Rs. 8.0 - 30.0 Lakhs/mo,"Rs. 25,000 - 2,50,000",Senior Partner / Managing Consultant,10:00 AM - 9:00 PM (Regular Business Hours),"SahayShakti Corporate Suite: High-trust portfolio, floor-plan downloads, and direct investor inquiry funnel.",HOT (Zero Web Presence / High Revenue),Uncontacted
SST-REAL-ROH-0135,Mobile Masters,"Real Estate, Legal & Professional Corporate","Rohini Commercial Hub (Near Lat: 28.739, Lon: 77.121)",110085,"Rohini, Delhi",In-Person Walk-in / Listed in Local Market,NO OFFICIAL WEBSITE (High Vulnerability),Rs. 8.0 - 30.0 Lakhs/mo,"Rs. 25,000 - 2,50,000",Senior Partner / Managing Consultant,10:00 AM - 9:00 PM (Regular Business Hours),"SahayShakti Corporate Suite: High-trust portfolio, floor-plan downloads, and direct investor inquiry funnel.",HOT (Zero Web Presence / High Revenue),Uncontacted
SST-REAL-ROH-0136,Arora Gift Gallery,"Real Estate, Legal & Professional Corporate","Rohini Commercial Hub (Near Lat: 28.739, Lon: 77.121)",110085,"Rohini, Delhi",In-Person Walk-in / Listed in Local Market,NO OFFICIAL WEBSITE (High Vulnerability),Rs. 8.0 - 30.0 Lakhs/mo,"Rs. 25,000 - 2,50,000",Senior Partner / Managing Consultant,10:00 AM - 9:00 PM (Regular Business Hours),"SahayShakti Corporate Suite: High-trust portfolio, floor-plan downloads, and direct investor inquiry funnel.",HOT (Zero Web Presence / High Revenue),Uncontacted
SST-REAL-ROH-0137,Laxmi Book Depot,"Real Estate, Legal & Professional Corporate","Rohini Commercial Hub (Near Lat: 28.738, Lon: 77.122)",110085,"Rohini, Delhi",In-Person Walk-in / Listed in Local Market,NO OFFICIAL WEBSITE (High Vulnerability),Rs. 8.0 - 30.0 Lakhs/mo,"Rs. 25,000 - 2,50,000",Senior Partner / Managing Consultant,10:00 AM - 9:00 PM (Regular Business Hours),"SahayShakti Corporate Suite: High-trust portfolio, floor-plan downloads, and direct investor inquiry funnel.",HOT (Zero Web Presence / High Revenue),Uncontacted
SST-REAL-ROH-0139,Nainital Bank Ltd. Sec-16 Rohini,"Real Estate, Legal & Professional Corporate","Rohini Commercial Hub (Near Lat: 28.738, Lon: 77.122)",110085,"Rohini, Delhi",In-Person Walk-in / Listed in Local Market,NO OFFICIAL WEBSITE (High Vulnerability),Rs. 8.0 - 30.0 Lakhs/mo,"Rs. 25,000 - 2,50,000",Senior Partner / Managing Consultant,10:00 AM - 9:00 PM (Regular Business Hours),"SahayShakti Corporate Suite: High-trust portfolio, floor-plan downloads, and direct investor inquiry funnel.",HOT (Zero Web Presence / High Revenue),Uncontacted
SST-REAL-ROH-0147,Singla Garments,"Real Estate, Legal & Professional Corporate","Rohini Commercial Hub (Near Lat: 28.739, Lon: 77.125)",110085,"Rohini, Delhi",In-Person Walk-in / Listed in Local Market,NO OFFICIAL WEBSITE (High Vulnerability),Rs. 8.0 - 30.0 Lakhs/mo,"Rs. 25,000 - 2,50,000",Senior Partner / Managing Consultant,10:00 AM - 9:00 PM (Regular Business Hours),"SahayShakti Corporate Suite: High-trust portfolio, floor-plan downloads, and direct investor inquiry funnel.",HOT (Zero Web Presence / High Revenue),Uncontacted
SST-REAL-ROH-0150,Yes Bank,"Real Estate, Legal & Professional Corporate","Rohini Commercial Hub (Near Lat: 28.741, Lon: 77.133)",110085,"Rohini, Delhi",In-Person Walk-in / Listed in Local Market,NO OFFICIAL WEBSITE (High Vulnerability),Rs. 8.0 - 30.0 Lakhs/mo,"Rs. 25,000 - 2,50,000",Senior Partner / Managing Consultant,Mo-Sa 09:30-16:30,"SahayShakti Corporate Suite: High-trust portfolio, floor-plan downloads, and direct investor inquiry funnel.",HOT (Zero Web Presence / High Revenue),Uncontacted
SST-REAL-ROH-0151,Havmor Ice Cream,"Real Estate, Legal & Professional Corporate","Rohini Commercial Hub (Near Lat: 28.712, Lon: 77.131)",110085,"Rohini, Delhi",In-Person Walk-in / Listed in Local Market,NO OFFICIAL WEBSITE (High Vulnerability),Rs. 8.0 - 30.0 Lakhs/mo,"Rs. 25,000 - 2,50,000",Senior Partner / Managing Consultant,10:00 AM - 9:00 PM (Regular Business Hours),"SahayShakti Corporate Suite: High-trust portfolio, floor-plan downloads, and direct investor inquiry funnel.",HOT (Zero Web Presence / High Revenue),Uncontacted
SST-REAL-ROH-0152,Central Bank of India,"Real Estate, Legal & Professional Corporate","Rohini Commercial Hub (Near Lat: 28.741, Lon: 77.133)",110085,"Rohini, Delhi",In-Person Walk-in / Listed in Local Market,https://www.centralbankofindia.co.in,Rs. 8.0 - 30.0 Lakhs/mo,"Rs. 25,000 - 2,50,000",Senior Partner / Managing Consultant,10:00 AM - 9:00 PM (Regular Business Hours),"SahayShakti Corporate Suite: High-trust portfolio, floor-plan downloads, and direct investor inquiry funnel.",Warm (Needs Modern Revamp),Uncontacted
SST-REAL-ROH-0153,State Bank of India,"Real Estate, Legal & Professional Corporate","Rohini Commercial Hub (Near Lat: 28.741, Lon: 77.132)",110085,"Rohini, Delhi",In-Person Walk-in / Listed in Local Market,https://www.sbi.co.in,Rs. 8.0 - 30.0 Lakhs/mo,"Rs. 25,000 - 2,50,000",Senior Partner / Managing Consultant,10:00 AM - 9:00 PM (Regular Business Hours),"SahayShakti Corporate Suite: High-trust portfolio, floor-plan downloads, and direct investor inquiry funnel.",Warm (Needs Modern Revamp),Uncontacted
SST-REAL-ROH-0154,Punjab National Bank,"Real Estate, Legal & Professional Corporate","Rohini Commercial Hub (Near Lat: 28.741, Lon: 77.133)",110085,"Rohini, Delhi",In-Person Walk-in / Listed in Local Market,https://www.pnbindia.in,Rs. 8.0 - 30.0 Lakhs/mo,"Rs. 25,000 - 2,50,000",Senior Partner / Managing Consultant,Mo-Sa 10:00-16:00,"SahayShakti Corporate Suite: High-trust portfolio, floor-plan downloads, and direct investor inquiry funnel.",Warm (Needs Modern Revamp),Uncontacted
SST-REAL-ROH-0155,Kotak Mahindra Bank,"Real Estate, Legal & Professional Corporate","Rohini Commercial Hub (Near Lat: 28.741, Lon: 77.133)",110085,"Rohini, Delhi",In-Person Walk-in / Listed in Local Market,https://www.kotak.com/en.html,Rs. 8.0 - 30.0 Lakhs/mo,"Rs. 25,000 - 2,50,000",Senior Partner / Managing Consultant,Mo-Sa 09:00-16:00,"SahayShakti Corporate Suite: High-trust portfolio, floor-plan downloads, and direct investor inquiry funnel.",Warm (Needs Modern Revamp),Uncontacted
SST-REAL-ROH-0156,Bank of Baroda,"Real Estate, Legal & Professional Corporate","Rohini Commercial Hub (Near Lat: 28.741, Lon: 77.133)",110085,"Rohini, Delhi",In-Person Walk-in / Listed in Local Market,https://www.vijayabank.com,Rs. 8.0 - 30.0 Lakhs/mo,"Rs. 25,000 - 2,50,000",Senior Partner / Managing Consultant,Mo-Fr 10:00-15:30,"SahayShakti Corporate Suite: High-trust portfolio, floor-plan downloads, and direct investor inquiry funnel.",Warm (Needs Modern Revamp),Uncontacted
SST-REAL-ROH-0158,Canara Bank Sec-16 Rohini,"Real Estate, Legal & Professional Corporate","Rohini Commercial Hub (Near Lat: 28.739, Lon: 77.118)",110085,"Rohini, Delhi",In-Person Walk-in / Listed in Local Market,https://www.canarabank.in,Rs. 8.0 - 30.0 Lakhs/mo,"Rs. 25,000 - 2,50,000",Senior Partner / Managing Consultant,10:00 AM - 9:00 PM (Regular Business Hours),"SahayShakti Corporate Suite: High-trust portfolio, floor-plan downloads, and direct investor inquiry funnel.",Warm (Needs Modern Revamp),Uncontacted
SST-REAL-ROH-0163,R.J. Palace,"Real Estate, Legal & Professional Corporate","Rohini Commercial Hub (Near Lat: 28.740, Lon: 77.122)",110085,"Rohini, Delhi",+91 9811530524,NO OFFICIAL WEBSITE (High Vulnerability),Rs. 8.0 - 30.0 Lakhs/mo,"Rs. 25,000 - 2,50,000",Senior Partner / Managing Consultant,10:00 AM - 9:00 PM (Regular Business Hours),"SahayShakti Corporate Suite: High-trust portfolio, floor-plan downloads, and direct investor inquiry funnel.",HOT (Zero Web Presence / High Revenue),Uncontacted
SST-REAL-ROH-0165,Bansal Properties,"Real Estate, Legal & Professional Corporate","Rohini Commercial Hub (Near Lat: 28.739, Lon: 77.123)",110085,"Rohini, Delhi",In-Person Walk-in / Listed in Local Market,NO OFFICIAL WEBSITE (High Vulnerability),Rs. 8.0 - 30.0 Lakhs/mo,"Rs. 25,000 - 2,50,000",Senior Partner / Managing Consultant,10:00 AM - 9:00 PM (Regular Business Hours),"SahayShakti Corporate Suite: High-trust portfolio, floor-plan downloads, and direct investor inquiry funnel.",HOT (Zero Web Presence / High Revenue),Uncontacted
SST-REAL-ROH-0168,Bansal Bhawan,"Real Estate, Legal & Professional Corporate","Rohini Commercial Hub (Near Lat: 28.735, Lon: 77.125)",110085,"Rohini, Delhi",In-Person Walk-in / Listed in Local Market,NO OFFICIAL WEBSITE (High Vulnerability),Rs. 8.0 - 30.0 Lakhs/mo,"Rs. 25,000 - 2,50,000",Senior Partner / Managing Consultant,10:00 AM - 9:00 PM (Regular Business Hours),"SahayShakti Corporate Suite: High-trust portfolio, floor-plan downloads, and direct investor inquiry funnel.",HOT (Zero Web Presence / High Revenue),Uncontacted
SST-REAL-ROH-0170,Maa Adhyashakti Mandir,"Real Estate, Legal & Professional Corporate","Rohini Commercial Hub (Near Lat: 28.737, Lon: 77.125)",110085,"Rohini, Delhi",In-Person Walk-in / Listed in Local Market,NO OFFICIAL WEBSITE (High Vulnerability),Rs. 8.0 - 30.0 Lakhs/mo,"Rs. 25,000 - 2,50,000",Senior Partner / Managing Consultant,10:00 AM - 9:00 PM (Regular Business Hours),"SahayShakti Corporate Suite: High-trust portfolio, floor-plan downloads, and direct investor inquiry funnel.",HOT (Zero Web Presence / High Revenue),Uncontacted
SST-REAL-ROH-0173,Bharat Petroleum,"Real Estate, Legal & Professional Corporate","Rohini Commercial Hub (Near Lat: 28.739, Lon: 77.118)",110085,"Rohini, Delhi",In-Person Walk-in / Listed in Local Market,NO OFFICIAL WEBSITE (High Vulnerability),Rs. 8.0 - 30.0 Lakhs/mo,"Rs. 25,000 - 2,50,000",Senior Partner / Managing Consultant,10:00 AM - 9:00 PM (Regular Business Hours),"SahayShakti Corporate Suite: High-trust portfolio, floor-plan downloads, and direct investor inquiry funnel.",HOT (Zero Web Presence / High Revenue),Uncontacted
SST-REAL-ROH-0174,Anil Traders,"Real Estate, Legal & Professional Corporate","Rohini Commercial Hub (Near Lat: 28.740, Lon: 77.120)",110085,"Rohini, Delhi",In-Person Walk-in / Listed in Local Market,NO OFFICIAL WEBSITE (High Vulnerability),Rs. 8.0 - 30.0 Lakhs/mo,"Rs. 25,000 - 2,50,000",Senior Partner / Managing Consultant,10:00 AM - 9:00 PM (Regular Business Hours),"SahayShakti Corporate Suite: High-trust portfolio, floor-plan downloads, and direct investor inquiry funnel.",HOT (Zero Web Presence / High Revenue),Uncontacted
SST-REAL-ROH-0175,Vodafone Mini Store,"Real Estate, Legal & Professional Corporate","Rohini Commercial Hub (Near Lat: 28.736, Lon: 77.120)",110085,"Rohini, Delhi",In-Person Walk-in / Listed in Local Market,NO OFFICIAL WEBSITE (High Vulnerability),Rs. 8.0 - 30.0 Lakhs/mo,"Rs. 25,000 - 2,50,000",Senior Partner / Managing Consultant,10:00 AM - 9:00 PM (Regular Business Hours),"SahayShakti Corporate Suite: High-trust portfolio, floor-plan downloads, and direct investor inquiry funnel.",HOT (Zero Web Presence / High Revenue),Uncontacted
SST-REAL-ROH-0177,Government Wine & Beer Shop,"Real Estate, Legal & Professional Corporate","Rohini Commercial Hub (Near Lat: 28.735, Lon: 77.120)",110085,"Rohini, Delhi",In-Person Walk-in / Listed in Local Market,NO OFFICIAL WEBSITE (High Vulnerability),Rs. 8.0 - 30.0 Lakhs/mo,"Rs. 25,000 - 2,50,000",Senior Partner / Managing Consultant,10:00 AM - 9:00 PM (Regular Business Hours),"SahayShakti Corporate Suite: High-trust portfolio, floor-plan downloads, and direct investor inquiry funnel.",HOT (Zero Web Presence / High Revenue),Uncontacted
SST-REAL-ROH-0178,Sanjay Pan,"Real Estate, Legal & Professional Corporate","Rohini Commercial Hub (Near Lat: 28.735, Lon: 77.120)",110085,"Rohini, Delhi",In-Person Walk-in / Listed in Local Market,NO OFFICIAL WEBSITE (High Vulnerability),Rs. 8.0 - 30.0 Lakhs/mo,"Rs. 25,000 - 2,50,000",Senior Partner / Managing Consultant,10:00 AM - 9:00 PM (Regular Business Hours),"SahayShakti Corporate Suite: High-trust portfolio, floor-plan downloads, and direct investor inquiry funnel.",HOT (Zero Web Presence / High Revenue),Uncontacted
SST-REAL-ROH-0179,Classic Gift Gallery,"Real Estate, Legal & Professional Corporate","Rohini Commercial Hub (Near Lat: 28.736, Lon: 77.121)",110085,"Rohini, Delhi",In-Person Walk-in / Listed in Local Market,NO OFFICIAL WEBSITE (High Vulnerability),Rs. 8.0 - 30.0 Lakhs/mo,"Rs. 25,000 - 2,50,000",Senior Partner / Managing Consultant,10:00 AM - 9:00 PM (Regular Business Hours),"SahayShakti Corporate Suite: High-trust portfolio, floor-plan downloads, and direct investor inquiry funnel.",HOT (Zero Web Presence / High Revenue),Uncontacted
SST-REAL-ROH-0180,KD Campus,"Real Estate, Legal & Professional Corporate","Rohini Commercial Hub (Near Lat: 28.731, Lon: 77.159)",110085,"Rohini, Delhi",In-Person Walk-in / Listed in Local Market,NO OFFICIAL WEBSITE (High Vulnerability),Rs. 8.0 - 30.0 Lakhs/mo,"Rs. 25,000 - 2,50,000",Senior Partner / Managing Consultant,10:00 AM - 9:00 PM (Regular Business Hours),"SahayShakti Corporate Suite: High-trust portfolio, floor-plan downloads, and direct investor inquiry funnel.",HOT (Zero Web Presence / High Revenue),Uncontacted
SST-REAL-ROH-0185,ICICI Bank Rohini Sec-15,"Real Estate, Legal & Professional Corporate","Rohini Commercial Hub (Near Lat: 28.730, Lon: 77.133)",110085,"Rohini, Delhi",In-Person Walk-in / Listed in Local Market,NO OFFICIAL WEBSITE (High Vulnerability),Rs. 8.0 - 30.0 Lakhs/mo,"Rs. 25,000 - 2,50,000",Senior Partner / Managing Consultant,Mo-Sa 09:30-17:00,"SahayShakti Corporate Suite: High-trust portfolio, floor-plan downloads, and direct investor inquiry funnel.",HOT (Zero Web Presence / High Revenue),Uncontacted
SST-REAL-ROH-0186,Adverlabs,"Real Estate, Legal & Professional Corporate",81 Nagin Lake Apartments,110087,"Rohini, Delhi",+919990388893,https://adverlabs.com,Rs. 8.0 - 30.0 Lakhs/mo,"Rs. 25,000 - 2,50,000",Senior Partner / Managing Consultant,Mo-Sa 08:00-18:00,"SahayShakti Corporate Suite: High-trust portfolio, floor-plan downloads, and direct investor inquiry funnel.",Warm (Needs Modern Revamp),Uncontacted
SST-REAL-ROH-0196,Pitampura Blood Bank,"Real Estate, Legal & Professional Corporate",NORTH WEST DELHI,110034,"Rohini, Delhi",08130999395; 09810681450,http://www.pitampurabloodbank.org,Rs. 8.0 - 30.0 Lakhs/mo,"Rs. 25,000 - 2,50,000",Senior Partner / Managing Consultant,24/7,"SahayShakti Corporate Suite: High-trust portfolio, floor-plan downloads, and direct investor inquiry funnel.",Warm (Needs Modern Revamp),Uncontacted
SST-REAL-ROH-0198,"Lions Blood Bank, Shlimar Bagh","Real Estate, Legal & Professional Corporate",NORTH WEST DELHI,110088,"Rohini, Delhi",01142258080; 01147122000,NO OFFICIAL WEBSITE (High Vulnerability),Rs. 8.0 - 30.0 Lakhs/mo,"Rs. 25,000 - 2,50,000",Senior Partner / Managing Consultant,24/7,"SahayShakti Corporate Suite: High-trust portfolio, floor-plan downloads, and direct investor inquiry funnel.",HOT (Zero Web Presence / High Revenue),Uncontacted
SST-REAL-ROH-0201,Parsvnath Mall Inderlok,"Real Estate, Legal & Professional Corporate","Rohini Commercial Hub (Near Lat: 28.673, Lon: 77.170)",110085,"Rohini, Delhi",In-Person Walk-in / Listed in Local Market,NO OFFICIAL WEBSITE (High Vulnerability),Rs. 8.0 - 30.0 Lakhs/mo,"Rs. 25,000 - 2,50,000",Senior Partner / Managing Consultant,10:00 AM - 9:00 PM (Regular Business Hours),"SahayShakti Corporate Suite: High-trust portfolio, floor-plan downloads, and direct investor inquiry funnel.",HOT (Zero Web Presence / High Revenue),Uncontacted
SST-REAL-ROH-0205,Dwarkadish Temple,"Real Estate, Legal & Professional Corporate","Rohini Commercial Hub (Near Lat: 28.712, Lon: 77.118)",110085,"Rohini, Delhi",In-Person Walk-in / Listed in Local Market,NO OFFICIAL WEBSITE (High Vulnerability),Rs. 8.0 - 30.0 Lakhs/mo,"Rs. 25,000 - 2,50,000",Senior Partner / Managing Consultant,10:00 AM - 9:00 PM (Regular Business Hours),"SahayShakti Corporate Suite: High-trust portfolio, floor-plan downloads, and direct investor inquiry funnel.",HOT (Zero Web Presence / High Revenue),Uncontacted
SST-REAL-ROH-0291,MTNL apartment,"Real Estate, Legal & Professional Corporate","Rohini Commercial Hub (Near Lat: 28.699, Lon: 77.108)",110085,"Rohini, Delhi",In-Person Walk-in / Listed in Local Market,NO OFFICIAL WEBSITE (High Vulnerability),Rs. 8.0 - 30.0 Lakhs/mo,"Rs. 25,000 - 2,50,000",Senior Partner / Managing Consultant,10:00 AM - 9:00 PM (Regular Business Hours),"SahayShakti Corporate Suite: High-trust portfolio, floor-plan downloads, and direct investor inquiry funnel.",HOT (Zero Web Presence / High Revenue),Uncontacted
SST-REAL-ROH-0366,Singla Medicos,"Real Estate, Legal & Professional Corporate","Rohini Commercial Hub (Near Lat: 28.714, Lon: 77.109)",110085,"Rohini, Delhi",In-Person Walk-in / Listed in Local Market,NO OFFICIAL WEBSITE (High Vulnerability),Rs. 8.0 - 30.0 Lakhs/mo,"Rs. 25,000 - 2,50,000",Senior Partner / Managing Consultant,10:00 AM - 9:00 PM (Regular Business Hours),"SahayShakti Corporate Suite: High-trust portfolio, floor-plan downloads, and direct investor inquiry funnel.",HOT (Zero Web Presence / High Revenue),Uncontacted
SST-REAL-ROH-0368,New Gupta And Co,"Real Estate, Legal & Professional Corporate","Shop 1,2,3 JD20A, PitamPura",110089,"Rohini, Delhi",In-Person Walk-in / Listed in Local Market,NO OFFICIAL WEBSITE (High Vulnerability),Rs. 8.0 - 30.0 Lakhs/mo,"Rs. 25,000 - 2,50,000",Senior Partner / Managing Consultant,10:00 AM - 9:00 PM (Regular Business Hours),"SahayShakti Corporate Suite: High-trust portfolio, floor-plan downloads, and direct investor inquiry funnel.",HOT (Zero Web Presence / High Revenue),Uncontacted
SST-REAL-ROH-0369,Diamond Palace Jewellers,"Real Estate, Legal & Professional Corporate","Shop No 4 JD20A, PitamPura",110089,"Rohini, Delhi",In-Person Walk-in / Listed in Local Market,NO OFFICIAL WEBSITE (High Vulnerability),Rs. 8.0 - 30.0 Lakhs/mo,"Rs. 25,000 - 2,50,000",Senior Partner / Managing Consultant,10:00 AM - 9:00 PM (Regular Business Hours),"SahayShakti Corporate Suite: High-trust portfolio, floor-plan downloads, and direct investor inquiry funnel.",HOT (Zero Web Presence / High Revenue),Uncontacted
SST-REAL-ROH-0370,Lenovo Exclusive Store,"Real Estate, Legal & Professional Corporate","SHop No 5 JD20A, PitamPura,",110089,"Rohini, Delhi",In-Person Walk-in / Listed in Local Market,NO OFFICIAL WEBSITE (High Vulnerability),Rs. 8.0 - 30.0 Lakhs/mo,"Rs. 25,000 - 2,50,000",Senior Partner / Managing Consultant,10:00 AM - 9:00 PM (Regular Business Hours),"SahayShakti Corporate Suite: High-trust portfolio, floor-plan downloads, and direct investor inquiry funnel.",HOT (Zero Web Presence / High Revenue),Uncontacted
SST-REAL-ROH-0371,Jaivik Haat PGS-India Regional Council,"Real Estate, Legal & Professional Corporate","B-27, GROUND FLOOR, NORTH-EX MALL , SECTOR-9, NEAR KADAMBARI CO-OPERATIVE GROUP HOUSING SOCIETY LTD, Rohini, Delhi",110085,"Rohini, Delhi",In-Person Walk-in / Listed in Local Market,NO OFFICIAL WEBSITE (High Vulnerability),Rs. 8.0 - 30.0 Lakhs/mo,"Rs. 25,000 - 2,50,000",Senior Partner / Managing Consultant,10:00 AM - 9:00 PM (Regular Business Hours),"SahayShakti Corporate Suite: High-trust portfolio, floor-plan downloads, and direct investor inquiry funnel.",HOT (Zero Web Presence / High Revenue),Uncontacted
SST-REAL-ROH-0372,iOrganic,"Real Estate, Legal & Professional Corporate","K-22 Sawan Park, Phase 3, Ashok Vihar, Near SBI Bank, New Delhi, Delhi 110052",1100052,"Rohini, Delhi",In-Person Walk-in / Listed in Local Market,NO OFFICIAL WEBSITE (High Vulnerability),Rs. 8.0 - 30.0 Lakhs/mo,"Rs. 25,000 - 2,50,000",Senior Partner / Managing Consultant,10:00 AM - 9:00 PM (Regular Business Hours),"SahayShakti Corporate Suite: High-trust portfolio, floor-plan downloads, and direct investor inquiry funnel.",HOT (Zero Web Presence / High Revenue),Uncontacted
SST-REAL-ROH-0375,"Organic Harvest, wazir pur","Real Estate, Legal & Professional Corporate","Bus Depot, A Block, 1st Floor, HAFED Complex, adjoining Wazir Pur, New Delhi, Delhi 110035",110035,"Rohini, Delhi",In-Person Walk-in / Listed in Local Market,NO OFFICIAL WEBSITE (High Vulnerability),Rs. 8.0 - 30.0 Lakhs/mo,"Rs. 25,000 - 2,50,000",Senior Partner / Managing Consultant,10:00 AM - 9:00 PM (Regular Business Hours),"SahayShakti Corporate Suite: High-trust portfolio, floor-plan downloads, and direct investor inquiry funnel.",HOT (Zero Web Presence / High Revenue),Uncontacted
SST-REAL-ROH-0376,"Aryanveda Cosmeceuticals, Rohini","Real Estate, Legal & Professional Corporate","F26/12 Maharaja Agrasen Marg, Sector 7, Rohini, Delhi, 110085",110085,"Rohini, Delhi",In-Person Walk-in / Listed in Local Market,NO OFFICIAL WEBSITE (High Vulnerability),Rs. 8.0 - 30.0 Lakhs/mo,"Rs. 25,000 - 2,50,000",Senior Partner / Managing Consultant,10:00 AM - 9:00 PM (Regular Business Hours),"SahayShakti Corporate Suite: High-trust portfolio, floor-plan downloads, and direct investor inquiry funnel.",HOT (Zero Web Presence / High Revenue),Uncontacted
SST-REAL-ROH-0377,Trnatva,"Real Estate, Legal & Professional Corporate","BD-4 Singalpur Village, West Shalimar Bagh, Shalimar Bagh, Delhi, 110088",110088,"Rohini, Delhi",In-Person Walk-in / Listed in Local Market,NO OFFICIAL WEBSITE (High Vulnerability),Rs. 8.0 - 30.0 Lakhs/mo,"Rs. 25,000 - 2,50,000",Senior Partner / Managing Consultant,10:00 AM - 9:00 PM (Regular Business Hours),"SahayShakti Corporate Suite: High-trust portfolio, floor-plan downloads, and direct investor inquiry funnel.",HOT (Zero Web Presence / High Revenue),Uncontacted
SST-REAL-ROH-0379,HDFC Bank,"Real Estate, Legal & Professional Corporate","Rohini Commercial Hub (Near Lat: 28.679, Lon: 77.096)",110085,"Rohini, Delhi",In-Person Walk-in / Listed in Local Market,NO OFFICIAL WEBSITE (High Vulnerability),Rs. 8.0 - 30.0 Lakhs/mo,"Rs. 25,000 - 2,50,000",Senior Partner / Managing Consultant,10:00 AM - 9:00 PM (Regular Business Hours),"SahayShakti Corporate Suite: High-trust portfolio, floor-plan downloads, and direct investor inquiry funnel.",HOT (Zero Web Presence / High Revenue),Uncontacted
SST-REAL-ROH-0380,Punjab National Bank,"Real Estate, Legal & Professional Corporate","Rohini Commercial Hub (Near Lat: 28.676, Lon: 77.159)",110085,"Rohini, Delhi",In-Person Walk-in / Listed in Local Market,NO OFFICIAL WEBSITE (High Vulnerability),Rs. 8.0 - 30.0 Lakhs/mo,"Rs. 25,000 - 2,50,000",Senior Partner / Managing Consultant,10:00 AM - 9:00 PM (Regular Business Hours),"SahayShakti Corporate Suite: High-trust portfolio, floor-plan downloads, and direct investor inquiry funnel.",HOT (Zero Web Presence / High Revenue),Uncontacted
SST-REAL-ROH-0381,State Bank of India,"Real Estate, Legal & Professional Corporate","Rohini Commercial Hub (Near Lat: 28.673, Lon: 77.165)",110085,"Rohini, Delhi",In-Person Walk-in / Listed in Local Market,NO OFFICIAL WEBSITE (High Vulnerability),Rs. 8.0 - 30.0 Lakhs/mo,"Rs. 25,000 - 2,50,000",Senior Partner / Managing Consultant,10:00 AM - 9:00 PM (Regular Business Hours),"SahayShakti Corporate Suite: High-trust portfolio, floor-plan downloads, and direct investor inquiry funnel.",HOT (Zero Web Presence / High Revenue),Uncontacted
SST-REAL-ROH-0382,Bank of Baroda,"Real Estate, Legal & Professional Corporate","Rohini Commercial Hub (Near Lat: 28.672, Lon: 77.156)",110085,"Rohini, Delhi",In-Person Walk-in / Listed in Local Market,NO OFFICIAL WEBSITE (High Vulnerability),Rs. 8.0 - 30.0 Lakhs/mo,"Rs. 25,000 - 2,50,000",Senior Partner / Managing Consultant,10:00 AM - 9:00 PM (Regular Business Hours),"SahayShakti Corporate Suite: High-trust portfolio, floor-plan downloads, and direct investor inquiry funnel.",HOT (Zero Web Presence / High Revenue),Uncontacted
SST-REAL-ROH-0383,AU SMALL FINANCE BANK LIMITED,"Real Estate, Legal & Professional Corporate","Rohini Commercial Hub (Near Lat: 28.709, Lon: 77.113)",110085,"Rohini, Delhi",In-Person Walk-in / Listed in Local Market,NO OFFICIAL WEBSITE (High Vulnerability),Rs. 8.0 - 30.0 Lakhs/mo,"Rs. 25,000 - 2,50,000",Senior Partner / Managing Consultant,10:00 AM - 9:00 PM (Regular Business Hours),"SahayShakti Corporate Suite: High-trust portfolio, floor-plan downloads, and direct investor inquiry funnel.",HOT (Zero Web Presence / High Revenue),Uncontacted
SST-REAL-ROH-0392,G3S Cinemas,"Real Estate, Legal & Professional Corporate","Rohini Commercial Hub (Near Lat: 28.735, Lon: 77.114)",110085,"Rohini, Delhi",In-Person Walk-in / Listed in Local Market,NO OFFICIAL WEBSITE (High Vulnerability),Rs. 8.0 - 30.0 Lakhs/mo,"Rs. 25,000 - 2,50,000",Senior Partner / Managing Consultant,10:00 AM - 9:00 PM (Regular Business Hours),"SahayShakti Corporate Suite: High-trust portfolio, floor-plan downloads, and direct investor inquiry funnel.",HOT (Zero Web Presence / High Revenue),Uncontacted
SST-REAL-ROH-0400,Nikhar Jewellery,"Real Estate, Legal & Professional Corporate","Rohini Commercial Hub (Near Lat: 28.694, Lon: 77.172)",110085,"Rohini, Delhi",In-Person Walk-in / Listed in Local Market,NO OFFICIAL WEBSITE (High Vulnerability),Rs. 8.0 - 30.0 Lakhs/mo,"Rs. 25,000 - 2,50,000",Senior Partner / Managing Consultant,10:00 AM - 9:00 PM (Regular Business Hours),"SahayShakti Corporate Suite: High-trust portfolio, floor-plan downloads, and direct investor inquiry funnel.",HOT (Zero Web Presence / High Revenue),Uncontacted
SST-REAL-ROH-0401,Delhi Jal Board,"Real Estate, Legal & Professional Corporate","Rohini Commercial Hub (Near Lat: 28.701, Lon: 77.176)",110085,"Rohini, Delhi",In-Person Walk-in / Listed in Local Market,NO OFFICIAL WEBSITE (High Vulnerability),Rs. 8.0 - 30.0 Lakhs/mo,"Rs. 25,000 - 2,50,000",Senior Partner / Managing Consultant,10:00 AM - 9:00 PM (Regular Business Hours),"SahayShakti Corporate Suite: High-trust portfolio, floor-plan downloads, and direct investor inquiry funnel.",HOT (Zero Web Presence / High Revenue),Uncontacted
SST-REAL-ROH-0402,Havmore,"Real Estate, Legal & Professional Corporate","Rohini Commercial Hub (Near Lat: 28.707, Lon: 77.139)",110085,"Rohini, Delhi",In-Person Walk-in / Listed in Local Market,NO OFFICIAL WEBSITE (High Vulnerability),Rs. 8.0 - 30.0 Lakhs/mo,"Rs. 25,000 - 2,50,000",Senior Partner / Managing Consultant,10:00 AM - 9:00 PM (Regular Business Hours),"SahayShakti Corporate Suite: High-trust portfolio, floor-plan downloads, and direct investor inquiry funnel.",HOT (Zero Web Presence / High Revenue),Uncontacted
SST-REAL-ROH-0404,Aquevix Solutions Pvt Ltd.,"Real Estate, Legal & Professional Corporate","A8, Bigjos Tower Netaji Subhash Place",110034,"Rohini, Delhi",In-Person Walk-in / Listed in Local Market,https://www.aquevix.com,Rs. 8.0 - 30.0 Lakhs/mo,"Rs. 25,000 - 2,50,000",Senior Partner / Managing Consultant,Mo-Fr 10:00-18:00,"SahayShakti Corporate Suite: High-trust portfolio, floor-plan downloads, and direct investor inquiry funnel.",Warm (Needs Modern Revamp),Uncontacted
SST-REAL-ROH-0409,Hori Lal Pan shop,"Real Estate, Legal & Professional Corporate","Rohini Commercial Hub (Near Lat: 28.692, Lon: 77.178)",110085,"Rohini, Delhi",In-Person Walk-in / Listed in Local Market,NO OFFICIAL WEBSITE (High Vulnerability),Rs. 8.0 - 30.0 Lakhs/mo,"Rs. 25,000 - 2,50,000",Senior Partner / Managing Consultant,10:00 AM - 9:00 PM (Regular Business Hours),"SahayShakti Corporate Suite: High-trust portfolio, floor-plan downloads, and direct investor inquiry funnel.",HOT (Zero Web Presence / High Revenue),Uncontacted
SST-REAL-ROH-0410,Mother Dairy,"Real Estate, Legal & Professional Corporate","Rohini Commercial Hub (Near Lat: 28.692, Lon: 77.178)",110085,"Rohini, Delhi",In-Person Walk-in / Listed in Local Market,NO OFFICIAL WEBSITE (High Vulnerability),Rs. 8.0 - 30.0 Lakhs/mo,"Rs. 25,000 - 2,50,000",Senior Partner / Managing Consultant,10:00 AM - 9:00 PM (Regular Business Hours),"SahayShakti Corporate Suite: High-trust portfolio, floor-plan downloads, and direct investor inquiry funnel.",HOT (Zero Web Presence / High Revenue),Uncontacted
SST-REAL-ROH-0411,Indane,"Real Estate, Legal & Professional Corporate","Rohini Commercial Hub (Near Lat: 28.683, Lon: 77.169)",110085,"Rohini, Delhi",In-Person Walk-in / Listed in Local Market,NO OFFICIAL WEBSITE (High Vulnerability),Rs. 8.0 - 30.0 Lakhs/mo,"Rs. 25,000 - 2,50,000",Senior Partner / Managing Consultant,10:00 AM - 9:00 PM (Regular Business Hours),"SahayShakti Corporate Suite: High-trust portfolio, floor-plan downloads, and direct investor inquiry funnel.",HOT (Zero Web Presence / High Revenue),Uncontacted
SST-REAL-ROH-0413,Delhi Jal Board,"Real Estate, Legal & Professional Corporate","Rohini Commercial Hub (Near Lat: 28.688, Lon: 77.175)",110085,"Rohini, Delhi",In-Person Walk-in / Listed in Local Market,NO OFFICIAL WEBSITE (High Vulnerability),Rs. 8.0 - 30.0 Lakhs/mo,"Rs. 25,000 - 2,50,000",Senior Partner / Managing Consultant,10:00 AM - 9:00 PM (Regular Business Hours),"SahayShakti Corporate Suite: High-trust portfolio, floor-plan downloads, and direct investor inquiry funnel.",HOT (Zero Web Presence / High Revenue),Uncontacted
SST-REAL-ROH-0414,Ecko Dry Cleaners,"Real Estate, Legal & Professional Corporate","Rohini Commercial Hub (Near Lat: 28.684, Lon: 77.171)",110085,"Rohini, Delhi",In-Person Walk-in / Listed in Local Market,NO OFFICIAL WEBSITE (High Vulnerability),Rs. 8.0 - 30.0 Lakhs/mo,"Rs. 25,000 - 2,50,000",Senior Partner / Managing Consultant,10:00 AM - 9:00 PM (Regular Business Hours),"SahayShakti Corporate Suite: High-trust portfolio, floor-plan downloads, and direct investor inquiry funnel.",HOT (Zero Web Presence / High Revenue),Uncontacted
SST-REAL-ROH-0415,Kali Mata Mandir,"Real Estate, Legal & Professional Corporate","Rohini Commercial Hub (Near Lat: 28.684, Lon: 77.172)",110085,"Rohini, Delhi",In-Person Walk-in / Listed in Local Market,NO OFFICIAL WEBSITE (High Vulnerability),Rs. 8.0 - 30.0 Lakhs/mo,"Rs. 25,000 - 2,50,000",Senior Partner / Managing Consultant,10:00 AM - 9:00 PM (Regular Business Hours),"SahayShakti Corporate Suite: High-trust portfolio, floor-plan downloads, and direct investor inquiry funnel.",HOT (Zero Web Presence / High Revenue),Uncontacted
SST-REAL-ROH-0416,Bunkur Temple,"Real Estate, Legal & Professional Corporate","Rohini Commercial Hub (Near Lat: 28.683, Lon: 77.178)",110085,"Rohini, Delhi",In-Person Walk-in / Listed in Local Market,NO OFFICIAL WEBSITE (High Vulnerability),Rs. 8.0 - 30.0 Lakhs/mo,"Rs. 25,000 - 2,50,000",Senior Partner / Managing Consultant,10:00 AM - 9:00 PM (Regular Business Hours),"SahayShakti Corporate Suite: High-trust portfolio, floor-plan downloads, and direct investor inquiry funnel.",HOT (Zero Web Presence / High Revenue),Uncontacted
SST-REAL-ROH-0418,IDFC First Bank,"Real Estate, Legal & Professional Corporate","Rohini Commercial Hub (Near Lat: 28.691, Lon: 77.176)",110085,"Rohini, Delhi",In-Person Walk-in / Listed in Local Market,NO OFFICIAL WEBSITE (High Vulnerability),Rs. 8.0 - 30.0 Lakhs/mo,"Rs. 25,000 - 2,50,000",Senior Partner / Managing Consultant,10:00 AM - 9:00 PM (Regular Business Hours),"SahayShakti Corporate Suite: High-trust portfolio, floor-plan downloads, and direct investor inquiry funnel.",HOT (Zero Web Presence / High Revenue),Uncontacted
SST-REAL-ROH-0419,Traditional Inn,"Real Estate, Legal & Professional Corporate","Rohini Commercial Hub (Near Lat: 28.682, Lon: 77.176)",110085,"Rohini, Delhi",In-Person Walk-in / Listed in Local Market,NO OFFICIAL WEBSITE (High Vulnerability),Rs. 8.0 - 30.0 Lakhs/mo,"Rs. 25,000 - 2,50,000",Senior Partner / Managing Consultant,10:00 AM - 9:00 PM (Regular Business Hours),"SahayShakti Corporate Suite: High-trust portfolio, floor-plan downloads, and direct investor inquiry funnel.",HOT (Zero Web Presence / High Revenue),Uncontacted
SST-REAL-ROH-0420,Labour Court Ashok Vihar,"Real Estate, Legal & Professional Corporate","Rohini Commercial Hub (Near Lat: 28.684, Lon: 77.175)",110085,"Rohini, Delhi",In-Person Walk-in / Listed in Local Market,NO OFFICIAL WEBSITE (High Vulnerability),Rs. 8.0 - 30.0 Lakhs/mo,"Rs. 25,000 - 2,50,000",Senior Partner / Managing Consultant,10:00 AM - 9:00 PM (Regular Business Hours),"SahayShakti Corporate Suite: High-trust portfolio, floor-plan downloads, and direct investor inquiry funnel.",HOT (Zero Web Presence / High Revenue),Uncontacted
SST-REAL-ROH-0421,Rohit Pet Shop,"Real Estate, Legal & Professional Corporate","Rohini Commercial Hub (Near Lat: 28.688, Lon: 77.174)",110085,"Rohini, Delhi",In-Person Walk-in / Listed in Local Market,NO OFFICIAL WEBSITE (High Vulnerability),Rs. 8.0 - 30.0 Lakhs/mo,"Rs. 25,000 - 2,50,000",Senior Partner / Managing Consultant,10:00 AM - 9:00 PM (Regular Business Hours),"SahayShakti Corporate Suite: High-trust portfolio, floor-plan downloads, and direct investor inquiry funnel.",HOT (Zero Web Presence / High Revenue),Uncontacted
SST-REAL-ROH-0422,ICICI Bank,"Real Estate, Legal & Professional Corporate","Rohini Commercial Hub (Near Lat: 28.691, Lon: 77.176)",110085,"Rohini, Delhi",In-Person Walk-in / Listed in Local Market,NO OFFICIAL WEBSITE (High Vulnerability),Rs. 8.0 - 30.0 Lakhs/mo,"Rs. 25,000 - 2,50,000",Senior Partner / Managing Consultant,10:00 AM - 9:00 PM (Regular Business Hours),"SahayShakti Corporate Suite: High-trust portfolio, floor-plan downloads, and direct investor inquiry funnel.",HOT (Zero Web Presence / High Revenue),Uncontacted
SST-REAL-ROH-0424,IDBI Bank,"Real Estate, Legal & Professional Corporate","Rohini Commercial Hub (Near Lat: 28.692, Lon: 77.175)",110085,"Rohini, Delhi",In-Person Walk-in / Listed in Local Market,NO OFFICIAL WEBSITE (High Vulnerability),Rs. 8.0 - 30.0 Lakhs/mo,"Rs. 25,000 - 2,50,000",Senior Partner / Managing Consultant,10:00 AM - 9:00 PM (Regular Business Hours),"SahayShakti Corporate Suite: High-trust portfolio, floor-plan downloads, and direct investor inquiry funnel.",HOT (Zero Web Presence / High Revenue),Uncontacted
SST-REAL-ROH-0425,HDFC Bank,"Real Estate, Legal & Professional Corporate","Rohini Commercial Hub (Near Lat: 28.693, Lon: 77.174)",110085,"Rohini, Delhi",In-Person Walk-in / Listed in Local Market,NO OFFICIAL WEBSITE (High Vulnerability),Rs. 8.0 - 30.0 Lakhs/mo,"Rs. 25,000 - 2,50,000",Senior Partner / Managing Consultant,24/7,"SahayShakti Corporate Suite: High-trust portfolio, floor-plan downloads, and direct investor inquiry funnel.",HOT (Zero Web Presence / High Revenue),Uncontacted
SST-REAL-ROH-0426,Shiv Market,"Real Estate, Legal & Professional Corporate","Rohini Commercial Hub (Near Lat: 28.691, Lon: 77.175)",110085,"Rohini, Delhi",In-Person Walk-in / Listed in Local Market,NO OFFICIAL WEBSITE (High Vulnerability),Rs. 8.0 - 30.0 Lakhs/mo,"Rs. 25,000 - 2,50,000",Senior Partner / Managing Consultant,10:00 AM - 9:00 PM (Regular Business Hours),"SahayShakti Corporate Suite: High-trust portfolio, floor-plan downloads, and direct investor inquiry funnel.",HOT (Zero Web Presence / High Revenue),Uncontacted
SST-REAL-ROH-0429,Mohan's,"Real Estate, Legal & Professional Corporate","Rohini Commercial Hub (Near Lat: 28.693, Lon: 77.172)",110085,"Rohini, Delhi",In-Person Walk-in / Listed in Local Market,NO OFFICIAL WEBSITE (High Vulnerability),Rs. 8.0 - 30.0 Lakhs/mo,"Rs. 25,000 - 2,50,000",Senior Partner / Managing Consultant,10:00 AM - 9:00 PM (Regular Business Hours),"SahayShakti Corporate Suite: High-trust portfolio, floor-plan downloads, and direct investor inquiry funnel.",HOT (Zero Web Presence / High Revenue),Uncontacted
SST-REAL-ROH-0430,Frontier Biscuits,"Real Estate, Legal & Professional Corporate","Rohini Commercial Hub (Near Lat: 28.693, Lon: 77.172)",110085,"Rohini, Delhi",In-Person Walk-in / Listed in Local Market,NO OFFICIAL WEBSITE (High Vulnerability),Rs. 8.0 - 30.0 Lakhs/mo,"Rs. 25,000 - 2,50,000",Senior Partner / Managing Consultant,10:00 AM - 9:00 PM (Regular Business Hours),"SahayShakti Corporate Suite: High-trust portfolio, floor-plan downloads, and direct investor inquiry funnel.",HOT (Zero Web Presence / High Revenue),Uncontacted
SST-REAL-ROH-0431,Punjab National Bank,"Real Estate, Legal & Professional Corporate","Rohini Commercial Hub (Near Lat: 28.694, Lon: 77.171)",110085,"Rohini, Delhi",In-Person Walk-in / Listed in Local Market,NO OFFICIAL WEBSITE (High Vulnerability),Rs. 8.0 - 30.0 Lakhs/mo,"Rs. 25,000 - 2,50,000",Senior Partner / Managing Consultant,10:00 AM - 9:00 PM (Regular Business Hours),"SahayShakti Corporate Suite: High-trust portfolio, floor-plan downloads, and direct investor inquiry funnel.",HOT (Zero Web Presence / High Revenue),Uncontacted
SST-REAL-ROH-0432,Big Bazaar,"Real Estate, Legal & Professional Corporate","Rohini Commercial Hub (Near Lat: 28.674, Lon: 77.170)",110085,"Rohini, Delhi",In-Person Walk-in / Listed in Local Market,NO OFFICIAL WEBSITE (High Vulnerability),Rs. 8.0 - 30.0 Lakhs/mo,"Rs. 25,000 - 2,50,000",Senior Partner / Managing Consultant,10:00 AM - 9:00 PM (Regular Business Hours),"SahayShakti Corporate Suite: High-trust portfolio, floor-plan downloads, and direct investor inquiry funnel.",HOT (Zero Web Presence / High Revenue),Uncontacted
SST-REAL-ROH-0439,Mittal Atta Chakki,"Real Estate, Legal & Professional Corporate","Rohini Commercial Hub (Near Lat: 28.690, Lon: 77.160)",110085,"Rohini, Delhi",In-Person Walk-in / Listed in Local Market,NO OFFICIAL WEBSITE (High Vulnerability),Rs. 8.0 - 30.0 Lakhs/mo,"Rs. 25,000 - 2,50,000",Senior Partner / Managing Consultant,10:00 AM - 9:00 PM (Regular Business Hours),"SahayShakti Corporate Suite: High-trust portfolio, floor-plan downloads, and direct investor inquiry funnel.",HOT (Zero Web Presence / High Revenue),Uncontacted
SST-REAL-ROH-0441,Regional Transport Authority,"Real Estate, Legal & Professional Corporate","Rohini Commercial Hub (Near Lat: 28.730, Lon: 77.123)",110085,"Rohini, Delhi",In-Person Walk-in / Listed in Local Market,NO OFFICIAL WEBSITE (High Vulnerability),Rs. 8.0 - 30.0 Lakhs/mo,"Rs. 25,000 - 2,50,000",Senior Partner / Managing Consultant,10:00 AM - 9:00 PM (Regular Business Hours),"SahayShakti Corporate Suite: High-trust portfolio, floor-plan downloads, and direct investor inquiry funnel.",HOT (Zero Web Presence / High Revenue),Uncontacted
SST-REAL-ROH-0442,Indian Oil,"Real Estate, Legal & Professional Corporate","Rohini Commercial Hub (Near Lat: 28.726, Lon: 77.144)",110085,"Rohini, Delhi",In-Person Walk-in / Listed in Local Market,NO OFFICIAL WEBSITE (High Vulnerability),Rs. 8.0 - 30.0 Lakhs/mo,"Rs. 25,000 - 2,50,000",Senior Partner / Managing Consultant,10:00 AM - 9:00 PM (Regular Business Hours),"SahayShakti Corporate Suite: High-trust portfolio, floor-plan downloads, and direct investor inquiry funnel.",HOT (Zero Web Presence / High Revenue),Uncontacted
SST-REAL-ROH-0443,Mother Diary,"Real Estate, Legal & Professional Corporate",Police Colony Shalimar Bagh,110088,"Rohini, Delhi",In-Person Walk-in / Listed in Local Market,NO OFFICIAL WEBSITE (High Vulnerability),Rs. 8.0 - 30.0 Lakhs/mo,"Rs. 25,000 - 2,50,000",Senior Partner / Managing Consultant,Mo-Su 06:00-22:00,"SahayShakti Corporate Suite: High-trust portfolio, floor-plan downloads, and direct investor inquiry funnel.",HOT (Zero Web Presence / High Revenue),Uncontacted
SST-REAL-ROH-0444,West Enclave,"Real Estate, Legal & Professional Corporate","Rohini Commercial Hub (Near Lat: 28.692, Lon: 77.101)",110085,"Rohini, Delhi",In-Person Walk-in / Listed in Local Market,NO OFFICIAL WEBSITE (High Vulnerability),Rs. 8.0 - 30.0 Lakhs/mo,"Rs. 25,000 - 2,50,000",Senior Partner / Managing Consultant,10:00 AM - 9:00 PM (Regular Business Hours),"SahayShakti Corporate Suite: High-trust portfolio, floor-plan downloads, and direct investor inquiry funnel.",HOT (Zero Web Presence / High Revenue),Uncontacted
SST-REAL-ROH-0445,Nature Safari India,"Real Estate, Legal & Professional Corporate","B3, 51 Rohini Sector 11",110085,"Rohini, Delhi",In-Person Walk-in / Listed in Local Market,https://www.naturesafariindia.com/,Rs. 8.0 - 30.0 Lakhs/mo,"Rs. 25,000 - 2,50,000",Senior Partner / Managing Consultant,24/7,"SahayShakti Corporate Suite: High-trust portfolio, floor-plan downloads, and direct investor inquiry funnel.",Warm (Needs Modern Revamp),Uncontacted
SST-REAL-ROH-0446,Tiger Safari India,"Real Estate, Legal & Professional Corporate",106-107 Ram Murthi Pasi Marg,110085,"Rohini, Delhi",In-Person Walk-in / Listed in Local Market,https://www.tigersafariindia.com/,Rs. 8.0 - 30.0 Lakhs/mo,"Rs. 25,000 - 2,50,000",Senior Partner / Managing Consultant,24/7,"SahayShakti Corporate Suite: High-trust portfolio, floor-plan downloads, and direct investor inquiry funnel.",Warm (Needs Modern Revamp),Uncontacted
SST-REAL-ROH-0449,The Heritage Grand,"Real Estate, Legal & Professional Corporate",12 Lawrence Road Britania Chowk,110035,"Rohini, Delhi",In-Person Walk-in / Listed in Local Market,NO OFFICIAL WEBSITE (High Vulnerability),Rs. 8.0 - 30.0 Lakhs/mo,"Rs. 25,000 - 2,50,000",Senior Partner / Managing Consultant,10:00 AM - 9:00 PM (Regular Business Hours),"SahayShakti Corporate Suite: High-trust portfolio, floor-plan downloads, and direct investor inquiry funnel.",HOT (Zero Web Presence / High Revenue),Uncontacted
SST-REAL-ROH-0451,Kali Bari Mandir,"Real Estate, Legal & Professional Corporate","Rohini Commercial Hub (Near Lat: 28.726, Lon: 77.171)",110085,"Rohini, Delhi",In-Person Walk-in / Listed in Local Market,NO OFFICIAL WEBSITE (High Vulnerability),Rs. 8.0 - 30.0 Lakhs/mo,"Rs. 25,000 - 2,50,000",Senior Partner / Managing Consultant,10:00 AM - 9:00 PM (Regular Business Hours),"SahayShakti Corporate Suite: High-trust portfolio, floor-plan downloads, and direct investor inquiry funnel.",HOT (Zero Web Presence / High Revenue),Uncontacted
SST-REAL-ROH-0452,Kushal Cinema,"Real Estate, Legal & Professional Corporate","Rohini Commercial Hub (Near Lat: 28.727, Lon: 77.173)",110085,"Rohini, Delhi",In-Person Walk-in / Listed in Local Market,NO OFFICIAL WEBSITE (High Vulnerability),Rs. 8.0 - 30.0 Lakhs/mo,"Rs. 25,000 - 2,50,000",Senior Partner / Managing Consultant,10:00 AM - 9:00 PM (Regular Business Hours),"SahayShakti Corporate Suite: High-trust portfolio, floor-plan downloads, and direct investor inquiry funnel.",HOT (Zero Web Presence / High Revenue),Uncontacted
SST-REAL-ROH-0453,Businzo Internet Services,"Real Estate, Legal & Professional Corporate",87 2nd floor C-5 sector 5 Rohini,110085,"Rohini, Delhi",In-Person Walk-in / Listed in Local Market,https://www.businzo.com,Rs. 8.0 - 30.0 Lakhs/mo,"Rs. 25,000 - 2,50,000",Senior Partner / Managing Consultant,Mo-Sa 11:00-20:00,"SahayShakti Corporate Suite: High-trust portfolio, floor-plan downloads, and direct investor inquiry funnel.",Warm (Needs Modern Revamp),Uncontacted
SST-REAL-ROH-0455,SEO Inventiv,"Real Estate, Legal & Professional Corporate",E-220 Rohtak Road,110052,"Rohini, Delhi",8700778618,https://seoinventiv.com/,Rs. 8.0 - 30.0 Lakhs/mo,"Rs. 25,000 - 2,50,000",Senior Partner / Managing Consultant,10:00 AM - 9:00 PM (Regular Business Hours),"SahayShakti Corporate Suite: High-trust portfolio, floor-plan downloads, and direct investor inquiry funnel.",Warm (Needs Modern Revamp),Uncontacted
SST-REAL-ROH-0458,Many Selection,"Real Estate, Legal & Professional Corporate",820  Jahangir Puri,110085,"Rohini, Delhi",In-Person Walk-in / Listed in Local Market,NO OFFICIAL WEBSITE (High Vulnerability),Rs. 8.0 - 30.0 Lakhs/mo,"Rs. 25,000 - 2,50,000",Senior Partner / Managing Consultant,10:00 AM - 9:00 PM (Regular Business Hours),"SahayShakti Corporate Suite: High-trust portfolio, floor-plan downloads, and direct investor inquiry funnel.",HOT (Zero Web Presence / High Revenue),Uncontacted
SST-REAL-ROH-0460,Sehgal Nursing Home,"Real Estate, Legal & Professional Corporate","Rohini Commercial Hub (Near Lat: 28.714, Lon: 77.173)",110085,"Rohini, Delhi",In-Person Walk-in / Listed in Local Market,NO OFFICIAL WEBSITE (High Vulnerability),Rs. 8.0 - 30.0 Lakhs/mo,"Rs. 25,000 - 2,50,000",Senior Partner / Managing Consultant,10:00 AM - 9:00 PM (Regular Business Hours),"SahayShakti Corporate Suite: High-trust portfolio, floor-plan downloads, and direct investor inquiry funnel.",HOT (Zero Web Presence / High Revenue),Uncontacted
SST-REAL-ROH-0462,Maharaja Agarsen,"Real Estate, Legal & Professional Corporate","Rohini Commercial Hub (Near Lat: 28.719, Lon: 77.066)",110085,"Rohini, Delhi",In-Person Walk-in / Listed in Local Market,NO OFFICIAL WEBSITE (High Vulnerability),Rs. 8.0 - 30.0 Lakhs/mo,"Rs. 25,000 - 2,50,000",Senior Partner / Managing Consultant,10:00 AM - 9:00 PM (Regular Business Hours),"SahayShakti Corporate Suite: High-trust portfolio, floor-plan downloads, and direct investor inquiry funnel.",HOT (Zero Web Presence / High Revenue),Uncontacted
SST-REAL-ROH-0463,Mini Auditorium / VIP entry,"Real Estate, Legal & Professional Corporate","Rohini Commercial Hub (Near Lat: 28.719, Lon: 77.066)",110085,"Rohini, Delhi",In-Person Walk-in / Listed in Local Market,NO OFFICIAL WEBSITE (High Vulnerability),Rs. 8.0 - 30.0 Lakhs/mo,"Rs. 25,000 - 2,50,000",Senior Partner / Managing Consultant,10:00 AM - 9:00 PM (Regular Business Hours),"SahayShakti Corporate Suite: High-trust portfolio, floor-plan downloads, and direct investor inquiry funnel.",HOT (Zero Web Presence / High Revenue),Uncontacted
SST-REAL-ROH-0464,Maa Saraswati Statue,"Real Estate, Legal & Professional Corporate","Rohini Commercial Hub (Near Lat: 28.719, Lon: 77.066)",110085,"Rohini, Delhi",In-Person Walk-in / Listed in Local Market,NO OFFICIAL WEBSITE (High Vulnerability),Rs. 8.0 - 30.0 Lakhs/mo,"Rs. 25,000 - 2,50,000",Senior Partner / Managing Consultant,10:00 AM - 9:00 PM (Regular Business Hours),"SahayShakti Corporate Suite: High-trust portfolio, floor-plan downloads, and direct investor inquiry funnel.",HOT (Zero Web Presence / High Revenue),Uncontacted
SST-REAL-ROH-0466,Dean Office,"Real Estate, Legal & Professional Corporate","Rohini Commercial Hub (Near Lat: 28.719, Lon: 77.066)",110085,"Rohini, Delhi",In-Person Walk-in / Listed in Local Market,NO OFFICIAL WEBSITE (High Vulnerability),Rs. 8.0 - 30.0 Lakhs/mo,"Rs. 25,000 - 2,50,000",Senior Partner / Managing Consultant,10:00 AM - 9:00 PM (Regular Business Hours),"SahayShakti Corporate Suite: High-trust portfolio, floor-plan downloads, and direct investor inquiry funnel.",HOT (Zero Web Presence / High Revenue),Uncontacted
SST-REAL-ROH-0467,Reception,"Real Estate, Legal & Professional Corporate","Rohini Commercial Hub (Near Lat: 28.719, Lon: 77.066)",110085,"Rohini, Delhi",In-Person Walk-in / Listed in Local Market,NO OFFICIAL WEBSITE (High Vulnerability),Rs. 8.0 - 30.0 Lakhs/mo,"Rs. 25,000 - 2,50,000",Senior Partner / Managing Consultant,10:00 AM - 9:00 PM (Regular Business Hours),"SahayShakti Corporate Suite: High-trust portfolio, floor-plan downloads, and direct investor inquiry funnel.",HOT (Zero Web Presence / High Revenue),Uncontacted
SST-REAL-ROH-0469,Singhal Flour Mill,"Real Estate, Legal & Professional Corporate",48  Jahangirpuri,110033,"Rohini, Delhi",In-Person Walk-in / Listed in Local Market,NO OFFICIAL WEBSITE (High Vulnerability),Rs. 8.0 - 30.0 Lakhs/mo,"Rs. 25,000 - 2,50,000",Senior Partner / Managing Consultant,10:00 AM - 9:00 PM (Regular Business Hours),"SahayShakti Corporate Suite: High-trust portfolio, floor-plan downloads, and direct investor inquiry funnel.",HOT (Zero Web Presence / High Revenue),Uncontacted
SST-REAL-ROH-0471,Khan Paneer Supplier & Dairy,"Real Estate, Legal & Professional Corporate",1549;1550  Jahangirpuri,110033,"Rohini, Delhi",In-Person Walk-in / Listed in Local Market,NO OFFICIAL WEBSITE (High Vulnerability),Rs. 8.0 - 30.0 Lakhs/mo,"Rs. 25,000 - 2,50,000",Senior Partner / Managing Consultant,10:00 AM - 9:00 PM (Regular Business Hours),"SahayShakti Corporate Suite: High-trust portfolio, floor-plan downloads, and direct investor inquiry funnel.",HOT (Zero Web Presence / High Revenue),Uncontacted
SST-REAL-ROH-0475,Shiv Shakti Sai Mandir,"Real Estate, Legal & Professional Corporate",M-2  Mahendra Park,110033,"Rohini, Delhi",In-Person Walk-in / Listed in Local Market,NO OFFICIAL WEBSITE (High Vulnerability),Rs. 8.0 - 30.0 Lakhs/mo,"Rs. 25,000 - 2,50,000",Senior Partner / Managing Consultant,10:00 AM - 9:00 PM (Regular Business Hours),"SahayShakti Corporate Suite: High-trust portfolio, floor-plan downloads, and direct investor inquiry funnel.",HOT (Zero Web Presence / High Revenue),Uncontacted
SST-REAL-ROH-0476,Sai Kambal House,"Real Estate, Legal & Professional Corporate",1786  Jahangirpuri,110033,"Rohini, Delhi",+91-92105-66796;+91-92786-40343,NO OFFICIAL WEBSITE (High Vulnerability),Rs. 8.0 - 30.0 Lakhs/mo,"Rs. 25,000 - 2,50,000",Senior Partner / Managing Consultant,10:00 AM - 9:00 PM (Regular Business Hours),"SahayShakti Corporate Suite: High-trust portfolio, floor-plan downloads, and direct investor inquiry funnel.",HOT (Zero Web Presence / High Revenue),Uncontacted
SST-REAL-ROH-0480,Aayasha Telecom Accessories,"Real Estate, Legal & Professional Corporate",1019;1020,110033,"Rohini, Delhi",+91-98739-70884,NO OFFICIAL WEBSITE (High Vulnerability),Rs. 8.0 - 30.0 Lakhs/mo,"Rs. 25,000 - 2,50,000",Senior Partner / Managing Consultant,10:00 AM - 9:00 PM (Regular Business Hours),"SahayShakti Corporate Suite: High-trust portfolio, floor-plan downloads, and direct investor inquiry funnel.",HOT (Zero Web Presence / High Revenue),Uncontacted
SST-REAL-ROH-0482,Shri Siddha Baba Balak Nathan Ji,"Real Estate, Legal & Professional Corporate",Jahangir Puri,110033,"Rohini, Delhi",In-Person Walk-in / Listed in Local Market,NO OFFICIAL WEBSITE (High Vulnerability),Rs. 8.0 - 30.0 Lakhs/mo,"Rs. 25,000 - 2,50,000",Senior Partner / Managing Consultant,10:00 AM - 9:00 PM (Regular Business Hours),"SahayShakti Corporate Suite: High-trust portfolio, floor-plan downloads, and direct investor inquiry funnel.",HOT (Zero Web Presence / High Revenue),Uncontacted
SST-REAL-ROH-0484,SK Associate,"Real Estate, Legal & Professional Corporate",1784;1785  Jahangirpuri,110033,"Rohini, Delhi",In-Person Walk-in / Listed in Local Market,NO OFFICIAL WEBSITE (High Vulnerability),Rs. 8.0 - 30.0 Lakhs/mo,"Rs. 25,000 - 2,50,000",Senior Partner / Managing Consultant,Mo-Fr 18:00-19:00,"SahayShakti Corporate Suite: High-trust portfolio, floor-plan downloads, and direct investor inquiry funnel.",HOT (Zero Web Presence / High Revenue),Uncontacted
SST-REAL-ROH-0485,Jahangirpuri,"Real Estate, Legal & Professional Corporate","Rohini Commercial Hub (Near Lat: 28.733, Lon: 77.173)",110085,"Rohini, Delhi",In-Person Walk-in / Listed in Local Market,NO OFFICIAL WEBSITE (High Vulnerability),Rs. 8.0 - 30.0 Lakhs/mo,"Rs. 25,000 - 2,50,000",Senior Partner / Managing Consultant,10:00 AM - 9:00 PM (Regular Business Hours),"SahayShakti Corporate Suite: High-trust portfolio, floor-plan downloads, and direct investor inquiry funnel.",HOT (Zero Web Presence / High Revenue),Uncontacted
SST-REAL-ROH-0487,VM Properties,"Real Estate, Legal & Professional Corporate",1049  Jahangirpuri,110033,"Rohini, Delhi",In-Person Walk-in / Listed in Local Market,NO OFFICIAL WEBSITE (High Vulnerability),Rs. 8.0 - 30.0 Lakhs/mo,"Rs. 25,000 - 2,50,000",Senior Partner / Managing Consultant,10:00 AM - 9:00 PM (Regular Business Hours),"SahayShakti Corporate Suite: High-trust portfolio, floor-plan downloads, and direct investor inquiry funnel.",HOT (Zero Web Presence / High Revenue),Uncontacted
SST-REAL-ROH-0488,Shiv Shakti Mandir,"Real Estate, Legal & Professional Corporate","Rohini Commercial Hub (Near Lat: 28.732, Lon: 77.174)",110085,"Rohini, Delhi",In-Person Walk-in / Listed in Local Market,NO OFFICIAL WEBSITE (High Vulnerability),Rs. 8.0 - 30.0 Lakhs/mo,"Rs. 25,000 - 2,50,000",Senior Partner / Managing Consultant,10:00 AM - 9:00 PM (Regular Business Hours),"SahayShakti Corporate Suite: High-trust portfolio, floor-plan downloads, and direct investor inquiry funnel.",HOT (Zero Web Presence / High Revenue),Uncontacted
SST-REAL-ROH-0489,Mohammad Fahad Bangles,"Real Estate, Legal & Professional Corporate",360  Jahangirpuri,110033,"Rohini, Delhi",+91-95821-63410,NO OFFICIAL WEBSITE (High Vulnerability),Rs. 8.0 - 30.0 Lakhs/mo,"Rs. 25,000 - 2,50,000",Senior Partner / Managing Consultant,10:00 AM - 9:00 PM (Regular Business Hours),"SahayShakti Corporate Suite: High-trust portfolio, floor-plan downloads, and direct investor inquiry funnel.",HOT (Zero Web Presence / High Revenue),Uncontacted
SST-REAL-ROH-0491,Standard Paneer Shop,"Real Estate, Legal & Professional Corporate",549;550  Jahangirpuri,110085,"Rohini, Delhi",+91-750-308-4773;+91-92129-00786;+91-9999-378-616,NO OFFICIAL WEBSITE (High Vulnerability),Rs. 8.0 - 30.0 Lakhs/mo,"Rs. 25,000 - 2,50,000",Senior Partner / Managing Consultant,10:00 AM - 9:00 PM (Regular Business Hours),"SahayShakti Corporate Suite: High-trust portfolio, floor-plan downloads, and direct investor inquiry funnel.",HOT (Zero Web Presence / High Revenue),Uncontacted
SST-REAL-ROH-0496,Keshav Community Center,"Real Estate, Legal & Professional Corporate","Rohini Commercial Hub (Near Lat: 28.734, Lon: 77.175)",110085,"Rohini, Delhi",In-Person Walk-in / Listed in Local Market,NO OFFICIAL WEBSITE (High Vulnerability),Rs. 8.0 - 30.0 Lakhs/mo,"Rs. 25,000 - 2,50,000",Senior Partner / Managing Consultant,10:00 AM - 9:00 PM (Regular Business Hours),"SahayShakti Corporate Suite: High-trust portfolio, floor-plan downloads, and direct investor inquiry funnel.",HOT (Zero Web Presence / High Revenue),Uncontacted
SST-REAL-ROH-0498,Women Facilitation Booth,"Real Estate, Legal & Professional Corporate","Rohini Commercial Hub (Near Lat: 28.728, Lon: 77.170)",110085,"Rohini, Delhi",In-Person Walk-in / Listed in Local Market,NO OFFICIAL WEBSITE (High Vulnerability),Rs. 8.0 - 30.0 Lakhs/mo,"Rs. 25,000 - 2,50,000",Senior Partner / Managing Consultant,10:00 AM - 9:00 PM (Regular Business Hours),"SahayShakti Corporate Suite: High-trust portfolio, floor-plan downloads, and direct investor inquiry funnel.",HOT (Zero Web Presence / High Revenue),Uncontacted
SST-REAL-ROH-0503,Unique Collection,"Real Estate, Legal & Professional Corporate",252  Jahangir Puri,110033,"Rohini, Delhi",+91-98115-31868;+91-80764-08433,NO OFFICIAL WEBSITE (High Vulnerability),Rs. 8.0 - 30.0 Lakhs/mo,"Rs. 25,000 - 2,50,000",Senior Partner / Managing Consultant,10:00 AM - 9:00 PM (Regular Business Hours),"SahayShakti Corporate Suite: High-trust portfolio, floor-plan downloads, and direct investor inquiry funnel.",HOT (Zero Web Presence / High Revenue),Uncontacted
SST-REAL-ROH-0505,Aabid Mobile Parts,"Real Estate, Legal & Professional Corporate",Jahangir Puri,110085,"Rohini, Delhi",+91-991155-1793,NO OFFICIAL WEBSITE (High Vulnerability),Rs. 8.0 - 30.0 Lakhs/mo,"Rs. 25,000 - 2,50,000",Senior Partner / Managing Consultant,10:00 AM - 9:00 PM (Regular Business Hours),"SahayShakti Corporate Suite: High-trust portfolio, floor-plan downloads, and direct investor inquiry funnel.",HOT (Zero Web Presence / High Revenue),Uncontacted
SST-REAL-ROH-0506,Sakina Communication,"Real Estate, Legal & Professional Corporate",60  Jahangir Puri,110033,"Rohini, Delhi",+91 78385 18451;+91 72103 43536,NO OFFICIAL WEBSITE (High Vulnerability),Rs. 8.0 - 30.0 Lakhs/mo,"Rs. 25,000 - 2,50,000",Senior Partner / Managing Consultant,10:00 AM - 9:00 PM (Regular Business Hours),"SahayShakti Corporate Suite: High-trust portfolio, floor-plan downloads, and direct investor inquiry funnel.",HOT (Zero Web Presence / High Revenue),Uncontacted
SST-REAL-ROH-0507,Chaudhary Dairy,"Real Estate, Legal & Professional Corporate",1050  Jahangir Puri,110033,"Rohini, Delhi",In-Person Walk-in / Listed in Local Market,NO OFFICIAL WEBSITE (High Vulnerability),Rs. 8.0 - 30.0 Lakhs/mo,"Rs. 25,000 - 2,50,000",Senior Partner / Managing Consultant,10:00 AM - 9:00 PM (Regular Business Hours),"SahayShakti Corporate Suite: High-trust portfolio, floor-plan downloads, and direct investor inquiry funnel.",HOT (Zero Web Presence / High Revenue),Uncontacted
SST-REAL-ROH-0508,The Mobile Doctor,"Real Estate, Legal & Professional Corporate",51  Jahangir Puri,110033,"Rohini, Delhi",+91-8700-2800-57;+91-92686-37065,https://www.themobiledoctoronline.com,Rs. 8.0 - 30.0 Lakhs/mo,"Rs. 25,000 - 2,50,000",Senior Partner / Managing Consultant,10:00 AM - 9:00 PM (Regular Business Hours),"SahayShakti Corporate Suite: High-trust portfolio, floor-plan downloads, and direct investor inquiry funnel.",Warm (Needs Modern Revamp),Uncontacted
SST-REAL-ROH-0509,Star Mobile Parts,"Real Estate, Legal & Professional Corporate",61  Jahangir Puri,110033,"Rohini, Delhi",+91-87430-34958;+91-85277-64856,NO OFFICIAL WEBSITE (High Vulnerability),Rs. 8.0 - 30.0 Lakhs/mo,"Rs. 25,000 - 2,50,000",Senior Partner / Managing Consultant,10:00 AM - 9:00 PM (Regular Business Hours),"SahayShakti Corporate Suite: High-trust portfolio, floor-plan downloads, and direct investor inquiry funnel.",HOT (Zero Web Presence / High Revenue),Uncontacted
SST-REAL-ROH-0510,Inder Electronics,"Real Estate, Legal & Professional Corporate",1216;1217  Jahangir Puri,110033,"Rohini, Delhi",+91 99993 26292;+91 98994 60250,NO OFFICIAL WEBSITE (High Vulnerability),Rs. 8.0 - 30.0 Lakhs/mo,"Rs. 25,000 - 2,50,000",Senior Partner / Managing Consultant,10:00 AM - 9:00 PM (Regular Business Hours),"SahayShakti Corporate Suite: High-trust portfolio, floor-plan downloads, and direct investor inquiry funnel.",HOT (Zero Web Presence / High Revenue),Uncontacted
SST-REAL-ROH-0511,Meenu Jewellers,"Real Estate, Legal & Professional Corporate",1450  Jahangir Puri,110033,"Rohini, Delhi",+91-11-6515-2374;+91-98105-91109;+91-92107-71631,NO OFFICIAL WEBSITE (High Vulnerability),Rs. 8.0 - 30.0 Lakhs/mo,"Rs. 25,000 - 2,50,000",Senior Partner / Managing Consultant,10:00 AM - 9:00 PM (Regular Business Hours),"SahayShakti Corporate Suite: High-trust portfolio, floor-plan downloads, and direct investor inquiry funnel.",HOT (Zero Web Presence / High Revenue),Uncontacted
SST-REAL-ROH-0513,Prachin Shri Maharshi Valmiki Mandir,"Real Estate, Legal & Professional Corporate","Rohini Commercial Hub (Near Lat: 28.731, Lon: 77.169)",110085,"Rohini, Delhi",In-Person Walk-in / Listed in Local Market,NO OFFICIAL WEBSITE (High Vulnerability),Rs. 8.0 - 30.0 Lakhs/mo,"Rs. 25,000 - 2,50,000",Senior Partner / Managing Consultant,10:00 AM - 9:00 PM (Regular Business Hours),"SahayShakti Corporate Suite: High-trust portfolio, floor-plan downloads, and direct investor inquiry funnel.",HOT (Zero Web Presence / High Revenue),Uncontacted
SST-REAL-ROH-0515,Ravi Store and Photocopy,"Real Estate, Legal & Professional Corporate",391  Jahangir Puri,110033,"Rohini, Delhi",In-Person Walk-in / Listed in Local Market,NO OFFICIAL WEBSITE (High Vulnerability),Rs. 8.0 - 30.0 Lakhs/mo,"Rs. 25,000 - 2,50,000",Senior Partner / Managing Consultant,10:00 AM - 9:00 PM (Regular Business Hours),"SahayShakti Corporate Suite: High-trust portfolio, floor-plan downloads, and direct investor inquiry funnel.",HOT (Zero Web Presence / High Revenue),Uncontacted
SST-REAL-ROH-0516,Shri Shiv Goraksh Mandir and Dharmshala,"Real Estate, Legal & Professional Corporate",S-21335  Jahangir Puri,110033,"Rohini, Delhi",In-Person Walk-in / Listed in Local Market,NO OFFICIAL WEBSITE (High Vulnerability),Rs. 8.0 - 30.0 Lakhs/mo,"Rs. 25,000 - 2,50,000",Senior Partner / Managing Consultant,10:00 AM - 9:00 PM (Regular Business Hours),"SahayShakti Corporate Suite: High-trust portfolio, floor-plan downloads, and direct investor inquiry funnel.",HOT (Zero Web Presence / High Revenue),Uncontacted
SST-REAL-ROH-0519,Anushka Property Dealer,"Real Estate, Legal & Professional Corporate",A-45  Jahangir Puri,110033,"Rohini, Delhi",In-Person Walk-in / Listed in Local Market,NO OFFICIAL WEBSITE (High Vulnerability),Rs. 8.0 - 30.0 Lakhs/mo,"Rs. 25,000 - 2,50,000",Senior Partner / Managing Consultant,10:00 AM - 9:00 PM (Regular Business Hours),"SahayShakti Corporate Suite: High-trust portfolio, floor-plan downloads, and direct investor inquiry funnel.",HOT (Zero Web Presence / High Revenue),Uncontacted
SST-REAL-ROH-0520,Sulemani Masjid,"Real Estate, Legal & Professional Corporate","Rohini Commercial Hub (Near Lat: 28.735, Lon: 77.168)",110085,"Rohini, Delhi",In-Person Walk-in / Listed in Local Market,NO OFFICIAL WEBSITE (High Vulnerability),Rs. 8.0 - 30.0 Lakhs/mo,"Rs. 25,000 - 2,50,000",Senior Partner / Managing Consultant,10:00 AM - 9:00 PM (Regular Business Hours),"SahayShakti Corporate Suite: High-trust portfolio, floor-plan downloads, and direct investor inquiry funnel.",HOT (Zero Web Presence / High Revenue),Uncontacted
SST-REAL-ROH-0522,Samanti General Store,"Real Estate, Legal & Professional Corporate","Rohini Commercial Hub (Near Lat: 28.734, Lon: 77.168)",110085,"Rohini, Delhi",+91-95408-70356;+91-99997-97719,NO OFFICIAL WEBSITE (High Vulnerability),Rs. 8.0 - 30.0 Lakhs/mo,"Rs. 25,000 - 2,50,000",Senior Partner / Managing Consultant,10:00 AM - 9:00 PM (Regular Business Hours),"SahayShakti Corporate Suite: High-trust portfolio, floor-plan downloads, and direct investor inquiry funnel.",HOT (Zero Web Presence / High Revenue),Uncontacted
SST-REAL-ROH-0523,Ravi Electrical,"Real Estate, Legal & Professional Corporate","Rohini Commercial Hub (Near Lat: 28.735, Lon: 77.168)",110085,"Rohini, Delhi",+91-97161-07907;+91-89208-83494,NO OFFICIAL WEBSITE (High Vulnerability),Rs. 8.0 - 30.0 Lakhs/mo,"Rs. 25,000 - 2,50,000",Senior Partner / Managing Consultant,10:00 AM - 9:00 PM (Regular Business Hours),"SahayShakti Corporate Suite: High-trust portfolio, floor-plan downloads, and direct investor inquiry funnel.",HOT (Zero Web Presence / High Revenue),Uncontacted
SST-REAL-ROH-0524,State Bank of India,"Real Estate, Legal & Professional Corporate","Rohini Commercial Hub (Near Lat: 28.729, Lon: 77.167)",110085,"Rohini, Delhi",In-Person Walk-in / Listed in Local Market,NO OFFICIAL WEBSITE (High Vulnerability),Rs. 8.0 - 30.0 Lakhs/mo,"Rs. 25,000 - 2,50,000",Senior Partner / Managing Consultant,10:00 AM - 9:00 PM (Regular Business Hours),"SahayShakti Corporate Suite: High-trust portfolio, floor-plan downloads, and direct investor inquiry funnel.",HOT (Zero Web Presence / High Revenue),Uncontacted
SST-REAL-ROH-0525,Mother Dairy,"Real Estate, Legal & Professional Corporate","Rohini Commercial Hub (Near Lat: 28.728, Lon: 77.167)",110085,"Rohini, Delhi",In-Person Walk-in / Listed in Local Market,NO OFFICIAL WEBSITE (High Vulnerability),Rs. 8.0 - 30.0 Lakhs/mo,"Rs. 25,000 - 2,50,000",Senior Partner / Managing Consultant,10:00 AM - 9:00 PM (Regular Business Hours),"SahayShakti Corporate Suite: High-trust portfolio, floor-plan downloads, and direct investor inquiry funnel.",HOT (Zero Web Presence / High Revenue),Uncontacted
SST-REAL-ROH-0526,Sharma General Store,"Real Estate, Legal & Professional Corporate","Rohini Commercial Hub (Near Lat: 28.725, Lon: 77.166)",110085,"Rohini, Delhi",In-Person Walk-in / Listed in Local Market,NO OFFICIAL WEBSITE (High Vulnerability),Rs. 8.0 - 30.0 Lakhs/mo,"Rs. 25,000 - 2,50,000",Senior Partner / Managing Consultant,10:00 AM - 9:00 PM (Regular Business Hours),"SahayShakti Corporate Suite: High-trust portfolio, floor-plan downloads, and direct investor inquiry funnel.",HOT (Zero Web Presence / High Revenue),Uncontacted
SST-REAL-ROH-0527,Divya General Store,"Real Estate, Legal & Professional Corporate","Rohini Commercial Hub (Near Lat: 28.732, Lon: 77.169)",110085,"Rohini, Delhi",In-Person Walk-in / Listed in Local Market,NO OFFICIAL WEBSITE (High Vulnerability),Rs. 8.0 - 30.0 Lakhs/mo,"Rs. 25,000 - 2,50,000",Senior Partner / Managing Consultant,10:00 AM - 9:00 PM (Regular Business Hours),"SahayShakti Corporate Suite: High-trust portfolio, floor-plan downloads, and direct investor inquiry funnel.",HOT (Zero Web Presence / High Revenue),Uncontacted
SST-REAL-ROH-0528,Bismillah Welding Works,"Real Estate, Legal & Professional Corporate",901  Jahangir Puri,110033,"Rohini, Delhi",+91-93542-59447,NO OFFICIAL WEBSITE (High Vulnerability),Rs. 8.0 - 30.0 Lakhs/mo,"Rs. 25,000 - 2,50,000",Senior Partner / Managing Consultant,10:00 AM - 9:00 PM (Regular Business Hours),"SahayShakti Corporate Suite: High-trust portfolio, floor-plan downloads, and direct investor inquiry funnel.",HOT (Zero Web Presence / High Revenue),Uncontacted
SST-REAL-ROH-0530,Shankar Dairy,"Real Estate, Legal & Professional Corporate","Rohini Commercial Hub (Near Lat: 28.730, Lon: 77.162)",110085,"Rohini, Delhi",In-Person Walk-in / Listed in Local Market,NO OFFICIAL WEBSITE (High Vulnerability),Rs. 8.0 - 30.0 Lakhs/mo,"Rs. 25,000 - 2,50,000",Senior Partner / Managing Consultant,10:00 AM - 9:00 PM (Regular Business Hours),"SahayShakti Corporate Suite: High-trust portfolio, floor-plan downloads, and direct investor inquiry funnel.",HOT (Zero Web Presence / High Revenue),Uncontacted
SST-REAL-ROH-0531,Garg Trading Co.,"Real Estate, Legal & Professional Corporate","Rohini Commercial Hub (Near Lat: 28.730, Lon: 77.162)",110085,"Rohini, Delhi",In-Person Walk-in / Listed in Local Market,NO OFFICIAL WEBSITE (High Vulnerability),Rs. 8.0 - 30.0 Lakhs/mo,"Rs. 25,000 - 2,50,000",Senior Partner / Managing Consultant,10:00 AM - 9:00 PM (Regular Business Hours),"SahayShakti Corporate Suite: High-trust portfolio, floor-plan downloads, and direct investor inquiry funnel.",HOT (Zero Web Presence / High Revenue),Uncontacted
SST-REAL-ROH-0532,Mangla Store,"Real Estate, Legal & Professional Corporate","Rohini Commercial Hub (Near Lat: 28.730, Lon: 77.162)",110085,"Rohini, Delhi",In-Person Walk-in / Listed in Local Market,NO OFFICIAL WEBSITE (High Vulnerability),Rs. 8.0 - 30.0 Lakhs/mo,"Rs. 25,000 - 2,50,000",Senior Partner / Managing Consultant,10:00 AM - 9:00 PM (Regular Business Hours),"SahayShakti Corporate Suite: High-trust portfolio, floor-plan downloads, and direct investor inquiry funnel.",HOT (Zero Web Presence / High Revenue),Uncontacted
SST-REAL-ROH-0533,Ankit Store,"Real Estate, Legal & Professional Corporate","Rohini Commercial Hub (Near Lat: 28.730, Lon: 77.162)",110085,"Rohini, Delhi",In-Person Walk-in / Listed in Local Market,NO OFFICIAL WEBSITE (High Vulnerability),Rs. 8.0 - 30.0 Lakhs/mo,"Rs. 25,000 - 2,50,000",Senior Partner / Managing Consultant,10:00 AM - 9:00 PM (Regular Business Hours),"SahayShakti Corporate Suite: High-trust portfolio, floor-plan downloads, and direct investor inquiry funnel.",HOT (Zero Web Presence / High Revenue),Uncontacted
SST-REAL-ROH-0534,Anuj Store,"Real Estate, Legal & Professional Corporate","Rohini Commercial Hub (Near Lat: 28.732, Lon: 77.161)",110085,"Rohini, Delhi",In-Person Walk-in / Listed in Local Market,NO OFFICIAL WEBSITE (High Vulnerability),Rs. 8.0 - 30.0 Lakhs/mo,"Rs. 25,000 - 2,50,000",Senior Partner / Managing Consultant,10:00 AM - 9:00 PM (Regular Business Hours),"SahayShakti Corporate Suite: High-trust portfolio, floor-plan downloads, and direct investor inquiry funnel.",HOT (Zero Web Presence / High Revenue),Uncontacted
SST-REAL-ROH-0535,Sharma Dairy,"Real Estate, Legal & Professional Corporate","Rohini Commercial Hub (Near Lat: 28.731, Lon: 77.161)",110085,"Rohini, Delhi",In-Person Walk-in / Listed in Local Market,NO OFFICIAL WEBSITE (High Vulnerability),Rs. 8.0 - 30.0 Lakhs/mo,"Rs. 25,000 - 2,50,000",Senior Partner / Managing Consultant,10:00 AM - 9:00 PM (Regular Business Hours),"SahayShakti Corporate Suite: High-trust portfolio, floor-plan downloads, and direct investor inquiry funnel.",HOT (Zero Web Presence / High Revenue),Uncontacted
SST-REAL-ROH-0536,Ganesh Properties,"Real Estate, Legal & Professional Corporate","Rohini Commercial Hub (Near Lat: 28.731, Lon: 77.161)",110085,"Rohini, Delhi",In-Person Walk-in / Listed in Local Market,NO OFFICIAL WEBSITE (High Vulnerability),Rs. 8.0 - 30.0 Lakhs/mo,"Rs. 25,000 - 2,50,000",Senior Partner / Managing Consultant,10:00 AM - 9:00 PM (Regular Business Hours),"SahayShakti Corporate Suite: High-trust portfolio, floor-plan downloads, and direct investor inquiry funnel.",HOT (Zero Web Presence / High Revenue),Uncontacted
SST-REAL-ROH-0538,Goyal Telecom,"Real Estate, Legal & Professional Corporate","Rohini Commercial Hub (Near Lat: 28.732, Lon: 77.161)",110085,"Rohini, Delhi",In-Person Walk-in / Listed in Local Market,NO OFFICIAL WEBSITE (High Vulnerability),Rs. 8.0 - 30.0 Lakhs/mo,"Rs. 25,000 - 2,50,000",Senior Partner / Managing Consultant,10:00 AM - 9:00 PM (Regular Business Hours),"SahayShakti Corporate Suite: High-trust portfolio, floor-plan downloads, and direct investor inquiry funnel.",HOT (Zero Web Presence / High Revenue),Uncontacted
SST-REAL-ROH-0539,Suraj Telecom,"Real Estate, Legal & Professional Corporate","Rohini Commercial Hub (Near Lat: 28.733, Lon: 77.162)",110085,"Rohini, Delhi",In-Person Walk-in / Listed in Local Market,NO OFFICIAL WEBSITE (High Vulnerability),Rs. 8.0 - 30.0 Lakhs/mo,"Rs. 25,000 - 2,50,000",Senior Partner / Managing Consultant,10:00 AM - 9:00 PM (Regular Business Hours),"SahayShakti Corporate Suite: High-trust portfolio, floor-plan downloads, and direct investor inquiry funnel.",HOT (Zero Web Presence / High Revenue),Uncontacted
SST-REAL-ROH-0540,Hariyana Electricals,"Real Estate, Legal & Professional Corporate","Rohini Commercial Hub (Near Lat: 28.729, Lon: 77.165)",110085,"Rohini, Delhi",In-Person Walk-in / Listed in Local Market,NO OFFICIAL WEBSITE (High Vulnerability),Rs. 8.0 - 30.0 Lakhs/mo,"Rs. 25,000 - 2,50,000",Senior Partner / Managing Consultant,10:00 AM - 9:00 PM (Regular Business Hours),"SahayShakti Corporate Suite: High-trust portfolio, floor-plan downloads, and direct investor inquiry funnel.",HOT (Zero Web Presence / High Revenue),Uncontacted
SST-REAL-ROH-0541,New Style Tailors,"Real Estate, Legal & Professional Corporate",681  Jahangir Puri,110033,"Rohini, Delhi",+91-98994-96203,NO OFFICIAL WEBSITE (High Vulnerability),Rs. 8.0 - 30.0 Lakhs/mo,"Rs. 25,000 - 2,50,000",Senior Partner / Managing Consultant,10:00 AM - 9:00 PM (Regular Business Hours),"SahayShakti Corporate Suite: High-trust portfolio, floor-plan downloads, and direct investor inquiry funnel.",HOT (Zero Web Presence / High Revenue),Uncontacted
SST-REAL-ROH-0542,Ravi Garments,"Real Estate, Legal & Professional Corporate","Rohini Commercial Hub (Near Lat: 28.730, Lon: 77.164)",110085,"Rohini, Delhi",+91-96507-36446;+91-9213-991-998,NO OFFICIAL WEBSITE (High Vulnerability),Rs. 8.0 - 30.0 Lakhs/mo,"Rs. 25,000 - 2,50,000",Senior Partner / Managing Consultant,10:00 AM - 9:00 PM (Regular Business Hours),"SahayShakti Corporate Suite: High-trust portfolio, floor-plan downloads, and direct investor inquiry funnel.",HOT (Zero Web Presence / High Revenue),Uncontacted
SST-REAL-ROH-0543,AK Solution,"Real Estate, Legal & Professional Corporate","Rohini Commercial Hub (Near Lat: 28.729, Lon: 77.165)",110085,"Rohini, Delhi",In-Person Walk-in / Listed in Local Market,NO OFFICIAL WEBSITE (High Vulnerability),Rs. 8.0 - 30.0 Lakhs/mo,"Rs. 25,000 - 2,50,000",Senior Partner / Managing Consultant,10:00 AM - 9:00 PM (Regular Business Hours),"SahayShakti Corporate Suite: High-trust portfolio, floor-plan downloads, and direct investor inquiry funnel.",HOT (Zero Web Presence / High Revenue),Uncontacted
SST-REAL-ROH-0544,Maharaja Telecom,"Real Estate, Legal & Professional Corporate","Rohini Commercial Hub (Near Lat: 28.729, Lon: 77.165)",110085,"Rohini, Delhi",In-Person Walk-in / Listed in Local Market,NO OFFICIAL WEBSITE (High Vulnerability),Rs. 8.0 - 30.0 Lakhs/mo,"Rs. 25,000 - 2,50,000",Senior Partner / Managing Consultant,10:00 AM - 9:00 PM (Regular Business Hours),"SahayShakti Corporate Suite: High-trust portfolio, floor-plan downloads, and direct investor inquiry funnel.",HOT (Zero Web Presence / High Revenue),Uncontacted
SST-REAL-ROH-0545,Sethi Cloth House,"Real Estate, Legal & Professional Corporate",681  Jahangir Puri,110033,"Rohini, Delhi",In-Person Walk-in / Listed in Local Market,NO OFFICIAL WEBSITE (High Vulnerability),Rs. 8.0 - 30.0 Lakhs/mo,"Rs. 25,000 - 2,50,000",Senior Partner / Managing Consultant,10:00 AM - 9:00 PM (Regular Business Hours),"SahayShakti Corporate Suite: High-trust portfolio, floor-plan downloads, and direct investor inquiry funnel.",HOT (Zero Web Presence / High Revenue),Uncontacted
SST-REAL-ROH-0547,Bhola Jewellers,"Real Estate, Legal & Professional Corporate","Rohini Commercial Hub (Near Lat: 28.730, Lon: 77.164)",110085,"Rohini, Delhi",In-Person Walk-in / Listed in Local Market,NO OFFICIAL WEBSITE (High Vulnerability),Rs. 8.0 - 30.0 Lakhs/mo,"Rs. 25,000 - 2,50,000",Senior Partner / Managing Consultant,10:00 AM - 9:00 PM (Regular Business Hours),"SahayShakti Corporate Suite: High-trust portfolio, floor-plan downloads, and direct investor inquiry funnel.",HOT (Zero Web Presence / High Revenue),Uncontacted
SST-REAL-ROH-0549,Kuldeep Barf Depot,"Real Estate, Legal & Professional Corporate","Rohini Commercial Hub (Near Lat: 28.729, Lon: 77.165)",110085,"Rohini, Delhi",In-Person Walk-in / Listed in Local Market,NO OFFICIAL WEBSITE (High Vulnerability),Rs. 8.0 - 30.0 Lakhs/mo,"Rs. 25,000 - 2,50,000",Senior Partner / Managing Consultant,10:00 AM - 9:00 PM (Regular Business Hours),"SahayShakti Corporate Suite: High-trust portfolio, floor-plan downloads, and direct investor inquiry funnel.",HOT (Zero Web Presence / High Revenue),Uncontacted
SST-REAL-ROH-0550,Jai Ma Santoshi Tailor,"Real Estate, Legal & Professional Corporate","Rohini Commercial Hub (Near Lat: 28.730, Lon: 77.164)",110085,"Rohini, Delhi",In-Person Walk-in / Listed in Local Market,NO OFFICIAL WEBSITE (High Vulnerability),Rs. 8.0 - 30.0 Lakhs/mo,"Rs. 25,000 - 2,50,000",Senior Partner / Managing Consultant,10:00 AM - 9:00 PM (Regular Business Hours),"SahayShakti Corporate Suite: High-trust portfolio, floor-plan downloads, and direct investor inquiry funnel.",HOT (Zero Web Presence / High Revenue),Uncontacted
SST-REAL-ROH-0552,Tomar & Associates,"Real Estate, Legal & Professional Corporate","Rohini Commercial Hub (Near Lat: 28.729, Lon: 77.165)",110085,"Rohini, Delhi",In-Person Walk-in / Listed in Local Market,NO OFFICIAL WEBSITE (High Vulnerability),Rs. 8.0 - 30.0 Lakhs/mo,"Rs. 25,000 - 2,50,000",Senior Partner / Managing Consultant,10:00 AM - 9:00 PM (Regular Business Hours),"SahayShakti Corporate Suite: High-trust portfolio, floor-plan downloads, and direct investor inquiry funnel.",HOT (Zero Web Presence / High Revenue),Uncontacted
SST-REAL-ROH-0553,Kashish Store,"Real Estate, Legal & Professional Corporate","Rohini Commercial Hub (Near Lat: 28.730, Lon: 77.164)",110085,"Rohini, Delhi",In-Person Walk-in / Listed in Local Market,NO OFFICIAL WEBSITE (High Vulnerability),Rs. 8.0 - 30.0 Lakhs/mo,"Rs. 25,000 - 2,50,000",Senior Partner / Managing Consultant,10:00 AM - 9:00 PM (Regular Business Hours),"SahayShakti Corporate Suite: High-trust portfolio, floor-plan downloads, and direct investor inquiry funnel.",HOT (Zero Web Presence / High Revenue),Uncontacted
SST-REAL-ROH-0554,Sunder Vastu Bhandar,"Real Estate, Legal & Professional Corporate","Rohini Commercial Hub (Near Lat: 28.731, Lon: 77.163)",110085,"Rohini, Delhi",In-Person Walk-in / Listed in Local Market,NO OFFICIAL WEBSITE (High Vulnerability),Rs. 8.0 - 30.0 Lakhs/mo,"Rs. 25,000 - 2,50,000",Senior Partner / Managing Consultant,10:00 AM - 9:00 PM (Regular Business Hours),"SahayShakti Corporate Suite: High-trust portfolio, floor-plan downloads, and direct investor inquiry funnel.",HOT (Zero Web Presence / High Revenue),Uncontacted
SST-REAL-ROH-0555,Tirth Raj General Store,"Real Estate, Legal & Professional Corporate",1785  Jahangir Puri,110033,"Rohini, Delhi",In-Person Walk-in / Listed in Local Market,NO OFFICIAL WEBSITE (High Vulnerability),Rs. 8.0 - 30.0 Lakhs/mo,"Rs. 25,000 - 2,50,000",Senior Partner / Managing Consultant,10:00 AM - 9:00 PM (Regular Business Hours),"SahayShakti Corporate Suite: High-trust portfolio, floor-plan downloads, and direct investor inquiry funnel.",HOT (Zero Web Presence / High Revenue),Uncontacted
SST-REAL-ROH-0556,Balaji Store,"Real Estate, Legal & Professional Corporate","Rohini Commercial Hub (Near Lat: 28.732, Lon: 77.162)",110085,"Rohini, Delhi",In-Person Walk-in / Listed in Local Market,NO OFFICIAL WEBSITE (High Vulnerability),Rs. 8.0 - 30.0 Lakhs/mo,"Rs. 25,000 - 2,50,000",Senior Partner / Managing Consultant,10:00 AM - 9:00 PM (Regular Business Hours),"SahayShakti Corporate Suite: High-trust portfolio, floor-plan downloads, and direct investor inquiry funnel.",HOT (Zero Web Presence / High Revenue),Uncontacted
SST-REAL-ROH-0558,Anwar Namkeen Confectionery,"Real Estate, Legal & Professional Corporate","Rohini Commercial Hub (Near Lat: 28.731, Lon: 77.163)",110085,"Rohini, Delhi",In-Person Walk-in / Listed in Local Market,NO OFFICIAL WEBSITE (High Vulnerability),Rs. 8.0 - 30.0 Lakhs/mo,"Rs. 25,000 - 2,50,000",Senior Partner / Managing Consultant,10:00 AM - 9:00 PM (Regular Business Hours),"SahayShakti Corporate Suite: High-trust portfolio, floor-plan downloads, and direct investor inquiry funnel.",HOT (Zero Web Presence / High Revenue),Uncontacted
SST-REAL-ROH-0559,Vishnu Store,"Real Estate, Legal & Professional Corporate","Rohini Commercial Hub (Near Lat: 28.732, Lon: 77.162)",110085,"Rohini, Delhi",In-Person Walk-in / Listed in Local Market,NO OFFICIAL WEBSITE (High Vulnerability),Rs. 8.0 - 30.0 Lakhs/mo,"Rs. 25,000 - 2,50,000",Senior Partner / Managing Consultant,10:00 AM - 9:00 PM (Regular Business Hours),"SahayShakti Corporate Suite: High-trust portfolio, floor-plan downloads, and direct investor inquiry funnel.",HOT (Zero Web Presence / High Revenue),Uncontacted
SST-REAL-ROH-0560,KGN Juice Corner,"Real Estate, Legal & Professional Corporate","Rohini Commercial Hub (Near Lat: 28.731, Lon: 77.164)",110085,"Rohini, Delhi",In-Person Walk-in / Listed in Local Market,NO OFFICIAL WEBSITE (High Vulnerability),Rs. 8.0 - 30.0 Lakhs/mo,"Rs. 25,000 - 2,50,000",Senior Partner / Managing Consultant,10:00 AM - 9:00 PM (Regular Business Hours),"SahayShakti Corporate Suite: High-trust portfolio, floor-plan downloads, and direct investor inquiry funnel.",HOT (Zero Web Presence / High Revenue),Uncontacted
SST-REAL-ROH-0561,Manoj General Store,"Real Estate, Legal & Professional Corporate","Rohini Commercial Hub (Near Lat: 28.732, Lon: 77.163)",110085,"Rohini, Delhi",In-Person Walk-in / Listed in Local Market,NO OFFICIAL WEBSITE (High Vulnerability),Rs. 8.0 - 30.0 Lakhs/mo,"Rs. 25,000 - 2,50,000",Senior Partner / Managing Consultant,10:00 AM - 9:00 PM (Regular Business Hours),"SahayShakti Corporate Suite: High-trust portfolio, floor-plan downloads, and direct investor inquiry funnel.",HOT (Zero Web Presence / High Revenue),Uncontacted
SST-REAL-ROH-0562,Kalu Electricals,"Real Estate, Legal & Professional Corporate","Rohini Commercial Hub (Near Lat: 28.732, Lon: 77.163)",110085,"Rohini, Delhi",In-Person Walk-in / Listed in Local Market,NO OFFICIAL WEBSITE (High Vulnerability),Rs. 8.0 - 30.0 Lakhs/mo,"Rs. 25,000 - 2,50,000",Senior Partner / Managing Consultant,10:00 AM - 9:00 PM (Regular Business Hours),"SahayShakti Corporate Suite: High-trust portfolio, floor-plan downloads, and direct investor inquiry funnel.",HOT (Zero Web Presence / High Revenue),Uncontacted
SST-REAL-ROH-0563,Punjab Milk Center,"Real Estate, Legal & Professional Corporate","Rohini Commercial Hub (Near Lat: 28.730, Lon: 77.164)",110085,"Rohini, Delhi",In-Person Walk-in / Listed in Local Market,NO OFFICIAL WEBSITE (High Vulnerability),Rs. 8.0 - 30.0 Lakhs/mo,"Rs. 25,000 - 2,50,000",Senior Partner / Managing Consultant,10:00 AM - 9:00 PM (Regular Business Hours),"SahayShakti Corporate Suite: High-trust portfolio, floor-plan downloads, and direct investor inquiry funnel.",HOT (Zero Web Presence / High Revenue),Uncontacted
SST-REAL-ROH-0564,Sharma Telecom,"Real Estate, Legal & Professional Corporate","Rohini Commercial Hub (Near Lat: 28.731, Lon: 77.163)",110085,"Rohini, Delhi",In-Person Walk-in / Listed in Local Market,NO OFFICIAL WEBSITE (High Vulnerability),Rs. 8.0 - 30.0 Lakhs/mo,"Rs. 25,000 - 2,50,000",Senior Partner / Managing Consultant,10:00 AM - 9:00 PM (Regular Business Hours),"SahayShakti Corporate Suite: High-trust portfolio, floor-plan downloads, and direct investor inquiry funnel.",HOT (Zero Web Presence / High Revenue),Uncontacted
SST-REAL-ROH-0565,Charu Store,"Real Estate, Legal & Professional Corporate","Rohini Commercial Hub (Near Lat: 28.732, Lon: 77.162)",110085,"Rohini, Delhi",In-Person Walk-in / Listed in Local Market,NO OFFICIAL WEBSITE (High Vulnerability),Rs. 8.0 - 30.0 Lakhs/mo,"Rs. 25,000 - 2,50,000",Senior Partner / Managing Consultant,10:00 AM - 9:00 PM (Regular Business Hours),"SahayShakti Corporate Suite: High-trust portfolio, floor-plan downloads, and direct investor inquiry funnel.",HOT (Zero Web Presence / High Revenue),Uncontacted
SST-REAL-ROH-0568,Nabya General Store,"Real Estate, Legal & Professional Corporate","Rohini Commercial Hub (Near Lat: 28.723, Lon: 77.167)",110085,"Rohini, Delhi",In-Person Walk-in / Listed in Local Market,NO OFFICIAL WEBSITE (High Vulnerability),Rs. 8.0 - 30.0 Lakhs/mo,"Rs. 25,000 - 2,50,000",Senior Partner / Managing Consultant,10:00 AM - 9:00 PM (Regular Business Hours),"SahayShakti Corporate Suite: High-trust portfolio, floor-plan downloads, and direct investor inquiry funnel.",HOT (Zero Web Presence / High Revenue),Uncontacted
SST-REAL-ROH-0570,Rachna Store,"Real Estate, Legal & Professional Corporate","Rohini Commercial Hub (Near Lat: 28.726, Lon: 77.174)",110085,"Rohini, Delhi",In-Person Walk-in / Listed in Local Market,NO OFFICIAL WEBSITE (High Vulnerability),Rs. 8.0 - 30.0 Lakhs/mo,"Rs. 25,000 - 2,50,000",Senior Partner / Managing Consultant,10:00 AM - 9:00 PM (Regular Business Hours),"SahayShakti Corporate Suite: High-trust portfolio, floor-plan downloads, and direct investor inquiry funnel.",HOT (Zero Web Presence / High Revenue),Uncontacted
SST-REAL-ROH-0571,Gopal General Store,"Real Estate, Legal & Professional Corporate","Rohini Commercial Hub (Near Lat: 28.726, Lon: 77.173)",110085,"Rohini, Delhi",In-Person Walk-in / Listed in Local Market,NO OFFICIAL WEBSITE (High Vulnerability),Rs. 8.0 - 30.0 Lakhs/mo,"Rs. 25,000 - 2,50,000",Senior Partner / Managing Consultant,10:00 AM - 9:00 PM (Regular Business Hours),"SahayShakti Corporate Suite: High-trust portfolio, floor-plan downloads, and direct investor inquiry funnel.",HOT (Zero Web Presence / High Revenue),Uncontacted
SST-REAL-ROH-0572,Shiv Shakti Hanuman Mandir,"Real Estate, Legal & Professional Corporate","Rohini Commercial Hub (Near Lat: 28.725, Lon: 77.174)",110085,"Rohini, Delhi",In-Person Walk-in / Listed in Local Market,NO OFFICIAL WEBSITE (High Vulnerability),Rs. 8.0 - 30.0 Lakhs/mo,"Rs. 25,000 - 2,50,000",Senior Partner / Managing Consultant,10:00 AM - 9:00 PM (Regular Business Hours),"SahayShakti Corporate Suite: High-trust portfolio, floor-plan downloads, and direct investor inquiry funnel.",HOT (Zero Web Presence / High Revenue),Uncontacted
SST-REAL-ROH-0574,Deepali Wholesale Store,"Real Estate, Legal & Professional Corporate",320  Jahangir Puri,110033,"Rohini, Delhi",+91-95409-22544,NO OFFICIAL WEBSITE (High Vulnerability),Rs. 8.0 - 30.0 Lakhs/mo,"Rs. 25,000 - 2,50,000",Senior Partner / Managing Consultant,10:00 AM - 9:00 PM (Regular Business Hours),"SahayShakti Corporate Suite: High-trust portfolio, floor-plan downloads, and direct investor inquiry funnel.",HOT (Zero Web Presence / High Revenue),Uncontacted
SST-REAL-ROH-0575,Simran Mobile Gallery,"Real Estate, Legal & Professional Corporate","Rohini Commercial Hub (Near Lat: 28.726, Lon: 77.174)",110085,"Rohini, Delhi",In-Person Walk-in / Listed in Local Market,NO OFFICIAL WEBSITE (High Vulnerability),Rs. 8.0 - 30.0 Lakhs/mo,"Rs. 25,000 - 2,50,000",Senior Partner / Managing Consultant,10:00 AM - 9:00 PM (Regular Business Hours),"SahayShakti Corporate Suite: High-trust portfolio, floor-plan downloads, and direct investor inquiry funnel.",HOT (Zero Web Presence / High Revenue),Uncontacted
SST-REAL-ROH-0577,Dubey Store,"Real Estate, Legal & Professional Corporate","Rohini Commercial Hub (Near Lat: 28.726, Lon: 77.174)",110085,"Rohini, Delhi",+91-89201-60531,NO OFFICIAL WEBSITE (High Vulnerability),Rs. 8.0 - 30.0 Lakhs/mo,"Rs. 25,000 - 2,50,000",Senior Partner / Managing Consultant,10:00 AM - 9:00 PM (Regular Business Hours),"SahayShakti Corporate Suite: High-trust portfolio, floor-plan downloads, and direct investor inquiry funnel.",HOT (Zero Web Presence / High Revenue),Uncontacted
SST-REAL-ROH-0578,Deepak Dairy,"Real Estate, Legal & Professional Corporate","Rohini Commercial Hub (Near Lat: 28.727, Lon: 77.173)",110085,"Rohini, Delhi",In-Person Walk-in / Listed in Local Market,NO OFFICIAL WEBSITE (High Vulnerability),Rs. 8.0 - 30.0 Lakhs/mo,"Rs. 25,000 - 2,50,000",Senior Partner / Managing Consultant,10:00 AM - 9:00 PM (Regular Business Hours),"SahayShakti Corporate Suite: High-trust portfolio, floor-plan downloads, and direct investor inquiry funnel.",HOT (Zero Web Presence / High Revenue),Uncontacted
SST-REAL-ROH-0579,Simran Mobile & Electronics,"Real Estate, Legal & Professional Corporate","Rohini Commercial Hub (Near Lat: 28.726, Lon: 77.174)",110085,"Rohini, Delhi",In-Person Walk-in / Listed in Local Market,NO OFFICIAL WEBSITE (High Vulnerability),Rs. 8.0 - 30.0 Lakhs/mo,"Rs. 25,000 - 2,50,000",Senior Partner / Managing Consultant,10:00 AM - 9:00 PM (Regular Business Hours),"SahayShakti Corporate Suite: High-trust portfolio, floor-plan downloads, and direct investor inquiry funnel.",HOT (Zero Web Presence / High Revenue),Uncontacted
SST-REAL-ROH-0580,Jai Balaji Properties,"Real Estate, Legal & Professional Corporate",1251  Jahangir Puri,110033,"Rohini, Delhi",In-Person Walk-in / Listed in Local Market,NO OFFICIAL WEBSITE (High Vulnerability),Rs. 8.0 - 30.0 Lakhs/mo,"Rs. 25,000 - 2,50,000",Senior Partner / Managing Consultant,10:00 AM - 9:00 PM (Regular Business Hours),"SahayShakti Corporate Suite: High-trust portfolio, floor-plan downloads, and direct investor inquiry funnel.",HOT (Zero Web Presence / High Revenue),Uncontacted
SST-REAL-ROH-0581,Madhu Electricals,"Real Estate, Legal & Professional Corporate","Rohini Commercial Hub (Near Lat: 28.732, Lon: 77.169)",110085,"Rohini, Delhi",In-Person Walk-in / Listed in Local Market,NO OFFICIAL WEBSITE (High Vulnerability),Rs. 8.0 - 30.0 Lakhs/mo,"Rs. 25,000 - 2,50,000",Senior Partner / Managing Consultant,10:00 AM - 9:00 PM (Regular Business Hours),"SahayShakti Corporate Suite: High-trust portfolio, floor-plan downloads, and direct investor inquiry funnel.",HOT (Zero Web Presence / High Revenue),Uncontacted
SST-REAL-ROH-0582,Raj Tailors,"Real Estate, Legal & Professional Corporate","Rohini Commercial Hub (Near Lat: 28.732, Lon: 77.169)",110085,"Rohini, Delhi",In-Person Walk-in / Listed in Local Market,NO OFFICIAL WEBSITE (High Vulnerability),Rs. 8.0 - 30.0 Lakhs/mo,"Rs. 25,000 - 2,50,000",Senior Partner / Managing Consultant,10:00 AM - 9:00 PM (Regular Business Hours),"SahayShakti Corporate Suite: High-trust portfolio, floor-plan downloads, and direct investor inquiry funnel.",HOT (Zero Web Presence / High Revenue),Uncontacted
SST-REAL-ROH-0584,Gujarati Namkeen Bhandar,"Real Estate, Legal & Professional Corporate",1251  Jahangir Puri,110033,"Rohini, Delhi",+91-96431-59967,NO OFFICIAL WEBSITE (High Vulnerability),Rs. 8.0 - 30.0 Lakhs/mo,"Rs. 25,000 - 2,50,000",Senior Partner / Managing Consultant,10:00 AM - 9:00 PM (Regular Business Hours),"SahayShakti Corporate Suite: High-trust portfolio, floor-plan downloads, and direct investor inquiry funnel.",HOT (Zero Web Presence / High Revenue),Uncontacted
SST-REAL-ROH-0585,Sharma Store,"Real Estate, Legal & Professional Corporate",1001  Jahangir Puri,110033,"Rohini, Delhi",In-Person Walk-in / Listed in Local Market,NO OFFICIAL WEBSITE (High Vulnerability),Rs. 8.0 - 30.0 Lakhs/mo,"Rs. 25,000 - 2,50,000",Senior Partner / Managing Consultant,10:00 AM - 9:00 PM (Regular Business Hours),"SahayShakti Corporate Suite: High-trust portfolio, floor-plan downloads, and direct investor inquiry funnel.",HOT (Zero Web Presence / High Revenue),Uncontacted
SST-REAL-ROH-0586,Law Bureau,"Real Estate, Legal & Professional Corporate",286  Jahangir Puri,110033,"Rohini, Delhi",+91 83739 53295;+91 70652 79558,NO OFFICIAL WEBSITE (High Vulnerability),Rs. 8.0 - 30.0 Lakhs/mo,"Rs. 25,000 - 2,50,000",Senior Partner / Managing Consultant,10:00 AM - 9:00 PM (Regular Business Hours),"SahayShakti Corporate Suite: High-trust portfolio, floor-plan downloads, and direct investor inquiry funnel.",HOT (Zero Web Presence / High Revenue),Uncontacted
SST-REAL-ROH-0589,Reena General Store,"Real Estate, Legal & Professional Corporate","Rohini Commercial Hub (Near Lat: 28.727, Lon: 77.179)",110085,"Rohini, Delhi",In-Person Walk-in / Listed in Local Market,NO OFFICIAL WEBSITE (High Vulnerability),Rs. 8.0 - 30.0 Lakhs/mo,"Rs. 25,000 - 2,50,000",Senior Partner / Managing Consultant,10:00 AM - 9:00 PM (Regular Business Hours),"SahayShakti Corporate Suite: High-trust portfolio, floor-plan downloads, and direct investor inquiry funnel.",HOT (Zero Web Presence / High Revenue),Uncontacted
SST-REAL-ROH-0590,Parul General Store,"Real Estate, Legal & Professional Corporate","Rohini Commercial Hub (Near Lat: 28.728, Lon: 77.178)",110085,"Rohini, Delhi",In-Person Walk-in / Listed in Local Market,NO OFFICIAL WEBSITE (High Vulnerability),Rs. 8.0 - 30.0 Lakhs/mo,"Rs. 25,000 - 2,50,000",Senior Partner / Managing Consultant,10:00 AM - 9:00 PM (Regular Business Hours),"SahayShakti Corporate Suite: High-trust portfolio, floor-plan downloads, and direct investor inquiry funnel.",HOT (Zero Web Presence / High Revenue),Uncontacted
SST-REAL-ROH-0593,Upasna Aircon,"Real Estate, Legal & Professional Corporate",B-10 Main Road Mahendra Park,110033,"Rohini, Delhi",+91-90156-83379;+91-88827-67603,NO OFFICIAL WEBSITE (High Vulnerability),Rs. 8.0 - 30.0 Lakhs/mo,"Rs. 25,000 - 2,50,000",Senior Partner / Managing Consultant,10:00 AM - 9:00 PM (Regular Business Hours),"SahayShakti Corporate Suite: High-trust portfolio, floor-plan downloads, and direct investor inquiry funnel.",HOT (Zero Web Presence / High Revenue),Uncontacted
SST-REAL-ROH-0594,Radhey Radhey Store,"Real Estate, Legal & Professional Corporate","Rohini Commercial Hub (Near Lat: 28.722, Lon: 77.169)",110085,"Rohini, Delhi",In-Person Walk-in / Listed in Local Market,NO OFFICIAL WEBSITE (High Vulnerability),Rs. 8.0 - 30.0 Lakhs/mo,"Rs. 25,000 - 2,50,000",Senior Partner / Managing Consultant,10:00 AM - 9:00 PM (Regular Business Hours),"SahayShakti Corporate Suite: High-trust portfolio, floor-plan downloads, and direct investor inquiry funnel.",HOT (Zero Web Presence / High Revenue),Uncontacted
SST-REAL-ROH-0596,Fashion Club,"Real Estate, Legal & Professional Corporate","Rohini Commercial Hub (Near Lat: 28.722, Lon: 77.169)",110085,"Rohini, Delhi",In-Person Walk-in / Listed in Local Market,NO OFFICIAL WEBSITE (High Vulnerability),Rs. 8.0 - 30.0 Lakhs/mo,"Rs. 25,000 - 2,50,000",Senior Partner / Managing Consultant,10:00 AM - 9:00 PM (Regular Business Hours),"SahayShakti Corporate Suite: High-trust portfolio, floor-plan downloads, and direct investor inquiry funnel.",HOT (Zero Web Presence / High Revenue),Uncontacted
SST-REAL-ROH-0597,Janta Store,"Real Estate, Legal & Professional Corporate","Rohini Commercial Hub (Near Lat: 28.722, Lon: 77.169)",110085,"Rohini, Delhi",+91-92507-47593,NO OFFICIAL WEBSITE (High Vulnerability),Rs. 8.0 - 30.0 Lakhs/mo,"Rs. 25,000 - 2,50,000",Senior Partner / Managing Consultant,10:00 AM - 9:00 PM (Regular Business Hours),"SahayShakti Corporate Suite: High-trust portfolio, floor-plan downloads, and direct investor inquiry funnel.",HOT (Zero Web Presence / High Revenue),Uncontacted
SST-REAL-ROH-0598,Prachin Shiv Mandir,"Real Estate, Legal & Professional Corporate","Rohini Commercial Hub (Near Lat: 28.722, Lon: 77.170)",110085,"Rohini, Delhi",In-Person Walk-in / Listed in Local Market,NO OFFICIAL WEBSITE (High Vulnerability),Rs. 8.0 - 30.0 Lakhs/mo,"Rs. 25,000 - 2,50,000",Senior Partner / Managing Consultant,10:00 AM - 9:00 PM (Regular Business Hours),"SahayShakti Corporate Suite: High-trust portfolio, floor-plan downloads, and direct investor inquiry funnel.",HOT (Zero Web Presence / High Revenue),Uncontacted
SST-REAL-ROH-0603,Fashion Club,"Real Estate, Legal & Professional Corporate","Rohini Commercial Hub (Near Lat: 28.722, Lon: 77.169)",110085,"Rohini, Delhi",+919599539853,NO OFFICIAL WEBSITE (High Vulnerability),Rs. 8.0 - 30.0 Lakhs/mo,"Rs. 25,000 - 2,50,000",Senior Partner / Managing Consultant,10:00 AM - 9:00 PM (Regular Business Hours),"SahayShakti Corporate Suite: High-trust portfolio, floor-plan downloads, and direct investor inquiry funnel.",HOT (Zero Web Presence / High Revenue),Uncontacted
SST-REAL-ROH-0604,Anand Mobile And Electronics,"Real Estate, Legal & Professional Corporate","Rohini Commercial Hub (Near Lat: 28.721, Lon: 77.168)",110085,"Rohini, Delhi",In-Person Walk-in / Listed in Local Market,NO OFFICIAL WEBSITE (High Vulnerability),Rs. 8.0 - 30.0 Lakhs/mo,"Rs. 25,000 - 2,50,000",Senior Partner / Managing Consultant,10:00 AM - 9:00 PM (Regular Business Hours),"SahayShakti Corporate Suite: High-trust portfolio, floor-plan downloads, and direct investor inquiry funnel.",HOT (Zero Web Presence / High Revenue),Uncontacted
SST-REAL-ROH-0605,Balaji sanitary shop,"Real Estate, Legal & Professional Corporate","Rohini Commercial Hub (Near Lat: 28.721, Lon: 77.169)",110085,"Rohini, Delhi",In-Person Walk-in / Listed in Local Market,NO OFFICIAL WEBSITE (High Vulnerability),Rs. 8.0 - 30.0 Lakhs/mo,"Rs. 25,000 - 2,50,000",Senior Partner / Managing Consultant,10:00 AM - 9:00 PM (Regular Business Hours),"SahayShakti Corporate Suite: High-trust portfolio, floor-plan downloads, and direct investor inquiry funnel.",HOT (Zero Web Presence / High Revenue),Uncontacted
SST-REAL-ROH-0606,Gurudwara Shri Guru Singh Sabha,"Real Estate, Legal & Professional Corporate",70 Gali #16 Sanjay Nagar,110033,"Rohini, Delhi",In-Person Walk-in / Listed in Local Market,NO OFFICIAL WEBSITE (High Vulnerability),Rs. 8.0 - 30.0 Lakhs/mo,"Rs. 25,000 - 2,50,000",Senior Partner / Managing Consultant,10:00 AM - 9:00 PM (Regular Business Hours),"SahayShakti Corporate Suite: High-trust portfolio, floor-plan downloads, and direct investor inquiry funnel.",HOT (Zero Web Presence / High Revenue),Uncontacted
SST-REAL-ROH-0607,Hanuman Mandir,"Real Estate, Legal & Professional Corporate","Rohini Commercial Hub (Near Lat: 28.721, Lon: 77.169)",110085,"Rohini, Delhi",In-Person Walk-in / Listed in Local Market,NO OFFICIAL WEBSITE (High Vulnerability),Rs. 8.0 - 30.0 Lakhs/mo,"Rs. 25,000 - 2,50,000",Senior Partner / Managing Consultant,10:00 AM - 9:00 PM (Regular Business Hours),"SahayShakti Corporate Suite: High-trust portfolio, floor-plan downloads, and direct investor inquiry funnel.",HOT (Zero Web Presence / High Revenue),Uncontacted
SST-REAL-ROH-0611,A One Store,"Real Estate, Legal & Professional Corporate","Rohini Commercial Hub (Near Lat: 28.722, Lon: 77.169)",110085,"Rohini, Delhi",+91-99902-44439,NO OFFICIAL WEBSITE (High Vulnerability),Rs. 8.0 - 30.0 Lakhs/mo,"Rs. 25,000 - 2,50,000",Senior Partner / Managing Consultant,10:00 AM - 9:00 PM (Regular Business Hours),"SahayShakti Corporate Suite: High-trust portfolio, floor-plan downloads, and direct investor inquiry funnel.",HOT (Zero Web Presence / High Revenue),Uncontacted
SST-REAL-ROH-0612,Sudarshan Tent House,"Real Estate, Legal & Professional Corporate",A-93 Main Road Sanjay Nagar Sanjay Nagar,110033,"Rohini, Delhi",+91-98996-38395;+91-92127-08897,NO OFFICIAL WEBSITE (High Vulnerability),Rs. 8.0 - 30.0 Lakhs/mo,"Rs. 25,000 - 2,50,000",Senior Partner / Managing Consultant,10:00 AM - 9:00 PM (Regular Business Hours),"SahayShakti Corporate Suite: High-trust portfolio, floor-plan downloads, and direct investor inquiry funnel.",HOT (Zero Web Presence / High Revenue),Uncontacted
SST-REAL-ROH-0615,Krishna Communication,"Real Estate, Legal & Professional Corporate",A-59 Gali #21 Mahendra Park,110085,"Rohini, Delhi",In-Person Walk-in / Listed in Local Market,NO OFFICIAL WEBSITE (High Vulnerability),Rs. 8.0 - 30.0 Lakhs/mo,"Rs. 25,000 - 2,50,000",Senior Partner / Managing Consultant,10:00 AM - 9:00 PM (Regular Business Hours),"SahayShakti Corporate Suite: High-trust portfolio, floor-plan downloads, and direct investor inquiry funnel.",HOT (Zero Web Presence / High Revenue),Uncontacted
SST-REAL-ROH-0616,Rameshwari Cloth House,"Real Estate, Legal & Professional Corporate",A-10  Sanjay Nagar,110033,"Rohini, Delhi",+91-88269-16042;+91-8700-995841,NO OFFICIAL WEBSITE (High Vulnerability),Rs. 8.0 - 30.0 Lakhs/mo,"Rs. 25,000 - 2,50,000",Senior Partner / Managing Consultant,10:00 AM - 9:00 PM (Regular Business Hours),"SahayShakti Corporate Suite: High-trust portfolio, floor-plan downloads, and direct investor inquiry funnel.",HOT (Zero Web Presence / High Revenue),Uncontacted
SST-REAL-ROH-0618,Shri Ji Departmental Store,"Real Estate, Legal & Professional Corporate",A-15 Sanjay Nagar Main Road Mahendra Park,110033,"Rohini, Delhi",+91-99536-19774;+91-99999-48560,NO OFFICIAL WEBSITE (High Vulnerability),Rs. 8.0 - 30.0 Lakhs/mo,"Rs. 25,000 - 2,50,000",Senior Partner / Managing Consultant,10:00 AM - 9:00 PM (Regular Business Hours),"SahayShakti Corporate Suite: High-trust portfolio, floor-plan downloads, and direct investor inquiry funnel.",HOT (Zero Web Presence / High Revenue),Uncontacted
SST-REAL-ROH-0620,Gujarati Namkeen Bhandar,"Real Estate, Legal & Professional Corporate","Rohini Commercial Hub (Near Lat: 28.722, Lon: 77.169)",110085,"Rohini, Delhi",+91-98117-52195;+91-76785-56707,NO OFFICIAL WEBSITE (High Vulnerability),Rs. 8.0 - 30.0 Lakhs/mo,"Rs. 25,000 - 2,50,000",Senior Partner / Managing Consultant,10:00 AM - 9:00 PM (Regular Business Hours),"SahayShakti Corporate Suite: High-trust portfolio, floor-plan downloads, and direct investor inquiry funnel.",HOT (Zero Web Presence / High Revenue),Uncontacted
SST-REAL-ROH-0623,Vidisha Enterprises,"Real Estate, Legal & Professional Corporate",A-15  Sanjay Nagar,110033,"Rohini, Delhi",+91 99586 03000;+91 98998 85625,NO OFFICIAL WEBSITE (High Vulnerability),Rs. 8.0 - 30.0 Lakhs/mo,"Rs. 25,000 - 2,50,000",Senior Partner / Managing Consultant,10:00 AM - 9:00 PM (Regular Business Hours),"SahayShakti Corporate Suite: High-trust portfolio, floor-plan downloads, and direct investor inquiry funnel.",HOT (Zero Web Presence / High Revenue),Uncontacted
SST-REAL-ROH-0624,Shree Sai Properties,"Real Estate, Legal & Professional Corporate",A-7  Sanjay Nagar,110033,"Rohini, Delhi",+91-98914-51942,NO OFFICIAL WEBSITE (High Vulnerability),Rs. 8.0 - 30.0 Lakhs/mo,"Rs. 25,000 - 2,50,000",Senior Partner / Managing Consultant,10:00 AM - 9:00 PM (Regular Business Hours),"SahayShakti Corporate Suite: High-trust portfolio, floor-plan downloads, and direct investor inquiry funnel.",HOT (Zero Web Presence / High Revenue),Uncontacted
SST-REAL-ROH-0626,Onkar Stationary,"Real Estate, Legal & Professional Corporate",A-29 Radha Swami Satsang Marg,110085,"Rohini, Delhi",+91989901182,NO OFFICIAL WEBSITE (High Vulnerability),Rs. 8.0 - 30.0 Lakhs/mo,"Rs. 25,000 - 2,50,000",Senior Partner / Managing Consultant,10:00 AM - 9:00 PM (Regular Business Hours),"SahayShakti Corporate Suite: High-trust portfolio, floor-plan downloads, and direct investor inquiry funnel.",HOT (Zero Web Presence / High Revenue),Uncontacted
SST-REAL-ROH-0632,Rahul Motor Winding and Electronics,"Real Estate, Legal & Professional Corporate",G-24 Gali #29 Mahendra Park,110033,"Rohini, Delhi",+91-8586-866-490,NO OFFICIAL WEBSITE (High Vulnerability),Rs. 8.0 - 30.0 Lakhs/mo,"Rs. 25,000 - 2,50,000",Senior Partner / Managing Consultant,10:00 AM - 9:00 PM (Regular Business Hours),"SahayShakti Corporate Suite: High-trust portfolio, floor-plan downloads, and direct investor inquiry funnel.",HOT (Zero Web Presence / High Revenue),Uncontacted
SST-REAL-ROH-0633,Rajvansh Traders,"Real Estate, Legal & Professional Corporate","Rohini Commercial Hub (Near Lat: 28.724, Lon: 77.169)",110085,"Rohini, Delhi",In-Person Walk-in / Listed in Local Market,NO OFFICIAL WEBSITE (High Vulnerability),Rs. 8.0 - 30.0 Lakhs/mo,"Rs. 25,000 - 2,50,000",Senior Partner / Managing Consultant,10:00 AM - 9:00 PM (Regular Business Hours),"SahayShakti Corporate Suite: High-trust portfolio, floor-plan downloads, and direct investor inquiry funnel.",HOT (Zero Web Presence / High Revenue),Uncontacted
SST-REAL-ROH-0635,Jagdamba Store,"Real Estate, Legal & Professional Corporate","Rohini Commercial Hub (Near Lat: 28.724, Lon: 77.167)",110085,"Rohini, Delhi",In-Person Walk-in / Listed in Local Market,NO OFFICIAL WEBSITE (High Vulnerability),Rs. 8.0 - 30.0 Lakhs/mo,"Rs. 25,000 - 2,50,000",Senior Partner / Managing Consultant,10:00 AM - 9:00 PM (Regular Business Hours),"SahayShakti Corporate Suite: High-trust portfolio, floor-plan downloads, and direct investor inquiry funnel.",HOT (Zero Web Presence / High Revenue),Uncontacted
SST-REAL-ROH-0638,Jain Selection,"Real Estate, Legal & Professional Corporate","Rohini Commercial Hub (Near Lat: 28.723, Lon: 77.166)",110085,"Rohini, Delhi",+91 97161 22332,NO OFFICIAL WEBSITE (High Vulnerability),Rs. 8.0 - 30.0 Lakhs/mo,"Rs. 25,000 - 2,50,000",Senior Partner / Managing Consultant,10:00 AM - 9:00 PM (Regular Business Hours),"SahayShakti Corporate Suite: High-trust portfolio, floor-plan downloads, and direct investor inquiry funnel.",HOT (Zero Web Presence / High Revenue),Uncontacted
SST-REAL-ROH-0641,Sonu General Store,"Real Estate, Legal & Professional Corporate","Rohini Commercial Hub (Near Lat: 28.732, Lon: 77.168)",110085,"Rohini, Delhi",In-Person Walk-in / Listed in Local Market,NO OFFICIAL WEBSITE (High Vulnerability),Rs. 8.0 - 30.0 Lakhs/mo,"Rs. 25,000 - 2,50,000",Senior Partner / Managing Consultant,10:00 AM - 9:00 PM (Regular Business Hours),"SahayShakti Corporate Suite: High-trust portfolio, floor-plan downloads, and direct investor inquiry funnel.",HOT (Zero Web Presence / High Revenue),Uncontacted
SST-REAL-ROH-0642,Punjab Dairy,"Real Estate, Legal & Professional Corporate","Rohini Commercial Hub (Near Lat: 28.732, Lon: 77.168)",110085,"Rohini, Delhi",In-Person Walk-in / Listed in Local Market,NO OFFICIAL WEBSITE (High Vulnerability),Rs. 8.0 - 30.0 Lakhs/mo,"Rs. 25,000 - 2,50,000",Senior Partner / Managing Consultant,10:00 AM - 9:00 PM (Regular Business Hours),"SahayShakti Corporate Suite: High-trust portfolio, floor-plan downloads, and direct investor inquiry funnel.",HOT (Zero Web Presence / High Revenue),Uncontacted
SST-REAL-ROH-0644,Laxmi Dairy,"Real Estate, Legal & Professional Corporate","Rohini Commercial Hub (Near Lat: 28.732, Lon: 77.168)",110085,"Rohini, Delhi",In-Person Walk-in / Listed in Local Market,NO OFFICIAL WEBSITE (High Vulnerability),Rs. 8.0 - 30.0 Lakhs/mo,"Rs. 25,000 - 2,50,000",Senior Partner / Managing Consultant,10:00 AM - 9:00 PM (Regular Business Hours),"SahayShakti Corporate Suite: High-trust portfolio, floor-plan downloads, and direct investor inquiry funnel.",HOT (Zero Web Presence / High Revenue),Uncontacted
SST-REAL-ROH-0645,Hanuman Mandir,"Real Estate, Legal & Professional Corporate","Rohini Commercial Hub (Near Lat: 28.732, Lon: 77.171)",110085,"Rohini, Delhi",In-Person Walk-in / Listed in Local Market,NO OFFICIAL WEBSITE (High Vulnerability),Rs. 8.0 - 30.0 Lakhs/mo,"Rs. 25,000 - 2,50,000",Senior Partner / Managing Consultant,10:00 AM - 9:00 PM (Regular Business Hours),"SahayShakti Corporate Suite: High-trust portfolio, floor-plan downloads, and direct investor inquiry funnel.",HOT (Zero Web Presence / High Revenue),Uncontacted
SST-REAL-ROH-0647,Sharma Panir Bhandar,"Real Estate, Legal & Professional Corporate","Rohini Commercial Hub (Near Lat: 28.724, Lon: 77.166)",110085,"Rohini, Delhi",+91-98106-43092,NO OFFICIAL WEBSITE (High Vulnerability),Rs. 8.0 - 30.0 Lakhs/mo,"Rs. 25,000 - 2,50,000",Senior Partner / Managing Consultant,10:00 AM - 9:00 PM (Regular Business Hours),"SahayShakti Corporate Suite: High-trust portfolio, floor-plan downloads, and direct investor inquiry funnel.",HOT (Zero Web Presence / High Revenue),Uncontacted
SST-REAL-ROH-0648,Shiva Associates and Builders,"Real Estate, Legal & Professional Corporate",G-23 Gali #30 Mahendra Park,110033,"Rohini, Delhi",In-Person Walk-in / Listed in Local Market,NO OFFICIAL WEBSITE (High Vulnerability),Rs. 8.0 - 30.0 Lakhs/mo,"Rs. 25,000 - 2,50,000",Senior Partner / Managing Consultant,10:00 AM - 9:00 PM (Regular Business Hours),"SahayShakti Corporate Suite: High-trust portfolio, floor-plan downloads, and direct investor inquiry funnel.",HOT (Zero Web Presence / High Revenue),Uncontacted
SST-REAL-ROH-0649,Guru Nanak Battery House,"Real Estate, Legal & Professional Corporate","Rohini Commercial Hub (Near Lat: 28.723, Lon: 77.166)",110085,"Rohini, Delhi",+91-9899-300-294;+91-9899-301-964;+91-88264-09836,NO OFFICIAL WEBSITE (High Vulnerability),Rs. 8.0 - 30.0 Lakhs/mo,"Rs. 25,000 - 2,50,000",Senior Partner / Managing Consultant,10:00 AM - 9:00 PM (Regular Business Hours),"SahayShakti Corporate Suite: High-trust portfolio, floor-plan downloads, and direct investor inquiry funnel.",HOT (Zero Web Presence / High Revenue),Uncontacted
SST-REAL-ROH-0650,Madina Masjid,"Real Estate, Legal & Professional Corporate","Rohini Commercial Hub (Near Lat: 28.721, Lon: 77.171)",110085,"Rohini, Delhi",In-Person Walk-in / Listed in Local Market,NO OFFICIAL WEBSITE (High Vulnerability),Rs. 8.0 - 30.0 Lakhs/mo,"Rs. 25,000 - 2,50,000",Senior Partner / Managing Consultant,10:00 AM - 9:00 PM (Regular Business Hours),"SahayShakti Corporate Suite: High-trust portfolio, floor-plan downloads, and direct investor inquiry funnel.",HOT (Zero Web Presence / High Revenue),Uncontacted
SST-REAL-ROH-0652,Cool Point Refrigeration,"Real Estate, Legal & Professional Corporate",B-34 Hanuman Road Adarsh Nagar,110033,"Rohini, Delhi",In-Person Walk-in / Listed in Local Market,NO OFFICIAL WEBSITE (High Vulnerability),Rs. 8.0 - 30.0 Lakhs/mo,"Rs. 25,000 - 2,50,000",Senior Partner / Managing Consultant,10:00 AM - 9:00 PM (Regular Business Hours),"SahayShakti Corporate Suite: High-trust portfolio, floor-plan downloads, and direct investor inquiry funnel.",HOT (Zero Web Presence / High Revenue),Uncontacted
SST-REAL-ROH-0653,Shiv Mandir,"Real Estate, Legal & Professional Corporate",A-34,110033,"Rohini, Delhi",In-Person Walk-in / Listed in Local Market,NO OFFICIAL WEBSITE (High Vulnerability),Rs. 8.0 - 30.0 Lakhs/mo,"Rs. 25,000 - 2,50,000",Senior Partner / Managing Consultant,10:00 AM - 9:00 PM (Regular Business Hours),"SahayShakti Corporate Suite: High-trust portfolio, floor-plan downloads, and direct investor inquiry funnel.",HOT (Zero Web Presence / High Revenue),Uncontacted
SST-REAL-ROH-0654,Mukesh General Store,"Real Estate, Legal & Professional Corporate",785  Jahangir Puri,110033,"Rohini, Delhi",+91-99536-21116,NO OFFICIAL WEBSITE (High Vulnerability),Rs. 8.0 - 30.0 Lakhs/mo,"Rs. 25,000 - 2,50,000",Senior Partner / Managing Consultant,10:00 AM - 9:00 PM (Regular Business Hours),"SahayShakti Corporate Suite: High-trust portfolio, floor-plan downloads, and direct investor inquiry funnel.",HOT (Zero Web Presence / High Revenue),Uncontacted
SST-REAL-ROH-0655,Gupta Store,"Real Estate, Legal & Professional Corporate","Rohini Commercial Hub (Near Lat: 28.732, Lon: 77.164)",110085,"Rohini, Delhi",In-Person Walk-in / Listed in Local Market,NO OFFICIAL WEBSITE (High Vulnerability),Rs. 8.0 - 30.0 Lakhs/mo,"Rs. 25,000 - 2,50,000",Senior Partner / Managing Consultant,10:00 AM - 9:00 PM (Regular Business Hours),"SahayShakti Corporate Suite: High-trust portfolio, floor-plan downloads, and direct investor inquiry funnel.",HOT (Zero Web Presence / High Revenue),Uncontacted
SST-REAL-ROH-0656,Parveen Kumar,"Real Estate, Legal & Professional Corporate",215  Jahangir Puri,110033,"Rohini, Delhi",+91 99714 93497;+91 88510 03988,NO OFFICIAL WEBSITE (High Vulnerability),Rs. 8.0 - 30.0 Lakhs/mo,"Rs. 25,000 - 2,50,000",Senior Partner / Managing Consultant,Mo-Su 17:00-22:00,"SahayShakti Corporate Suite: High-trust portfolio, floor-plan downloads, and direct investor inquiry funnel.",HOT (Zero Web Presence / High Revenue),Uncontacted
SST-REAL-ROH-0657,Selection Garments,"Real Estate, Legal & Professional Corporate",286  Jahangir Puri,110033,"Rohini, Delhi",+91 92113 43819;+91 98993 25192,NO OFFICIAL WEBSITE (High Vulnerability),Rs. 8.0 - 30.0 Lakhs/mo,"Rs. 25,000 - 2,50,000",Senior Partner / Managing Consultant,10:00 AM - 9:00 PM (Regular Business Hours),"SahayShakti Corporate Suite: High-trust portfolio, floor-plan downloads, and direct investor inquiry funnel.",HOT (Zero Web Presence / High Revenue),Uncontacted
SST-REAL-ROH-0658,Inder Enterprises and Sons,"Real Estate, Legal & Professional Corporate","Rohini Commercial Hub (Near Lat: 28.732, Lon: 77.165)",110085,"Rohini, Delhi",In-Person Walk-in / Listed in Local Market,NO OFFICIAL WEBSITE (High Vulnerability),Rs. 8.0 - 30.0 Lakhs/mo,"Rs. 25,000 - 2,50,000",Senior Partner / Managing Consultant,10:00 AM - 9:00 PM (Regular Business Hours),"SahayShakti Corporate Suite: High-trust portfolio, floor-plan downloads, and direct investor inquiry funnel.",HOT (Zero Web Presence / High Revenue),Uncontacted
SST-REAL-ROH-0659,Jai Ma Kali Mandir,"Real Estate, Legal & Professional Corporate","Rohini Commercial Hub (Near Lat: 28.731, Lon: 77.166)",110085,"Rohini, Delhi",In-Person Walk-in / Listed in Local Market,NO OFFICIAL WEBSITE (High Vulnerability),Rs. 8.0 - 30.0 Lakhs/mo,"Rs. 25,000 - 2,50,000",Senior Partner / Managing Consultant,10:00 AM - 9:00 PM (Regular Business Hours),"SahayShakti Corporate Suite: High-trust portfolio, floor-plan downloads, and direct investor inquiry funnel.",HOT (Zero Web Presence / High Revenue),Uncontacted
SST-REAL-ROH-0660,Shree Radhey Krishna Telecom,"Real Estate, Legal & Professional Corporate","Rohini Commercial Hub (Near Lat: 28.733, Lon: 77.164)",110085,"Rohini, Delhi",In-Person Walk-in / Listed in Local Market,NO OFFICIAL WEBSITE (High Vulnerability),Rs. 8.0 - 30.0 Lakhs/mo,"Rs. 25,000 - 2,50,000",Senior Partner / Managing Consultant,10:00 AM - 9:00 PM (Regular Business Hours),"SahayShakti Corporate Suite: High-trust portfolio, floor-plan downloads, and direct investor inquiry funnel.",HOT (Zero Web Presence / High Revenue),Uncontacted
SST-REAL-ROH-0661,Pradeep Store,"Real Estate, Legal & Professional Corporate","Rohini Commercial Hub (Near Lat: 28.732, Lon: 77.164)",110085,"Rohini, Delhi",In-Person Walk-in / Listed in Local Market,NO OFFICIAL WEBSITE (High Vulnerability),Rs. 8.0 - 30.0 Lakhs/mo,"Rs. 25,000 - 2,50,000",Senior Partner / Managing Consultant,10:00 AM - 9:00 PM (Regular Business Hours),"SahayShakti Corporate Suite: High-trust portfolio, floor-plan downloads, and direct investor inquiry funnel.",HOT (Zero Web Presence / High Revenue),Uncontacted
SST-REAL-ROH-0662,Ruby Enterprises,"Real Estate, Legal & Professional Corporate","Rohini Commercial Hub (Near Lat: 28.733, Lon: 77.164)",110085,"Rohini, Delhi",In-Person Walk-in / Listed in Local Market,NO OFFICIAL WEBSITE (High Vulnerability),Rs. 8.0 - 30.0 Lakhs/mo,"Rs. 25,000 - 2,50,000",Senior Partner / Managing Consultant,10:00 AM - 9:00 PM (Regular Business Hours),"SahayShakti Corporate Suite: High-trust portfolio, floor-plan downloads, and direct investor inquiry funnel.",HOT (Zero Web Presence / High Revenue),Uncontacted
SST-REAL-ROH-0663,Sagar Telecom,"Real Estate, Legal & Professional Corporate","Rohini Commercial Hub (Near Lat: 28.732, Lon: 77.164)",110085,"Rohini, Delhi",In-Person Walk-in / Listed in Local Market,NO OFFICIAL WEBSITE (High Vulnerability),Rs. 8.0 - 30.0 Lakhs/mo,"Rs. 25,000 - 2,50,000",Senior Partner / Managing Consultant,10:00 AM - 9:00 PM (Regular Business Hours),"SahayShakti Corporate Suite: High-trust portfolio, floor-plan downloads, and direct investor inquiry funnel.",HOT (Zero Web Presence / High Revenue),Uncontacted
SST-REAL-ROH-0664,Karna Dairy,"Real Estate, Legal & Professional Corporate","Rohini Commercial Hub (Near Lat: 28.733, Lon: 77.164)",110085,"Rohini, Delhi",In-Person Walk-in / Listed in Local Market,NO OFFICIAL WEBSITE (High Vulnerability),Rs. 8.0 - 30.0 Lakhs/mo,"Rs. 25,000 - 2,50,000",Senior Partner / Managing Consultant,10:00 AM - 9:00 PM (Regular Business Hours),"SahayShakti Corporate Suite: High-trust portfolio, floor-plan downloads, and direct investor inquiry funnel.",HOT (Zero Web Presence / High Revenue),Uncontacted
SST-REAL-ROH-0667,Vijay Electrician,"Real Estate, Legal & Professional Corporate",A-19 GT Karnal Road Jahangir Puri,110033,"Rohini, Delhi",+91-98685-90376;+91-78383-0376,NO OFFICIAL WEBSITE (High Vulnerability),Rs. 8.0 - 30.0 Lakhs/mo,"Rs. 25,000 - 2,50,000",Senior Partner / Managing Consultant,10:00 AM - 9:00 PM (Regular Business Hours),"SahayShakti Corporate Suite: High-trust portfolio, floor-plan downloads, and direct investor inquiry funnel.",HOT (Zero Web Presence / High Revenue),Uncontacted
SST-REAL-ROH-0670,Vijay General Store,"Real Estate, Legal & Professional Corporate","Rohini Commercial Hub (Near Lat: 28.728, Lon: 77.162)",110085,"Rohini, Delhi",In-Person Walk-in / Listed in Local Market,NO OFFICIAL WEBSITE (High Vulnerability),Rs. 8.0 - 30.0 Lakhs/mo,"Rs. 25,000 - 2,50,000",Senior Partner / Managing Consultant,10:00 AM - 9:00 PM (Regular Business Hours),"SahayShakti Corporate Suite: High-trust portfolio, floor-plan downloads, and direct investor inquiry funnel.",HOT (Zero Web Presence / High Revenue),Uncontacted
SST-REAL-ROH-0672,Bhagwati Store,"Real Estate, Legal & Professional Corporate","Rohini Commercial Hub (Near Lat: 28.728, Lon: 77.163)",110085,"Rohini, Delhi",In-Person Walk-in / Listed in Local Market,NO OFFICIAL WEBSITE (High Vulnerability),Rs. 8.0 - 30.0 Lakhs/mo,"Rs. 25,000 - 2,50,000",Senior Partner / Managing Consultant,10:00 AM - 9:00 PM (Regular Business Hours),"SahayShakti Corporate Suite: High-trust portfolio, floor-plan downloads, and direct investor inquiry funnel.",HOT (Zero Web Presence / High Revenue),Uncontacted
SST-REAL-ROH-0675,Billoo Atta Chakki,"Real Estate, Legal & Professional Corporate","Rohini Commercial Hub (Near Lat: 28.733, Lon: 77.164)",110085,"Rohini, Delhi",+91-92110-52826,NO OFFICIAL WEBSITE (High Vulnerability),Rs. 8.0 - 30.0 Lakhs/mo,"Rs. 25,000 - 2,50,000",Senior Partner / Managing Consultant,10:00 AM - 9:00 PM (Regular Business Hours),"SahayShakti Corporate Suite: High-trust portfolio, floor-plan downloads, and direct investor inquiry funnel.",HOT (Zero Web Presence / High Revenue),Uncontacted
SST-REAL-ROH-0677,Sweta Electric Works,"Real Estate, Legal & Professional Corporate",C-88  Jahangir Puri,110033,"Rohini, Delhi",+91 92504 16810;+91 97114 70125,NO OFFICIAL WEBSITE (High Vulnerability),Rs. 8.0 - 30.0 Lakhs/mo,"Rs. 25,000 - 2,50,000",Senior Partner / Managing Consultant,10:00 AM - 9:00 PM (Regular Business Hours),"SahayShakti Corporate Suite: High-trust portfolio, floor-plan downloads, and direct investor inquiry funnel.",HOT (Zero Web Presence / High Revenue),Uncontacted
SST-REAL-ROH-0678,Punjab EV Battery and Inverter,"Real Estate, Legal & Professional Corporate","Rohini Commercial Hub (Near Lat: 28.727, Lon: 77.162)",110085,"Rohini, Delhi",In-Person Walk-in / Listed in Local Market,NO OFFICIAL WEBSITE (High Vulnerability),Rs. 8.0 - 30.0 Lakhs/mo,"Rs. 25,000 - 2,50,000",Senior Partner / Managing Consultant,10:00 AM - 9:00 PM (Regular Business Hours),"SahayShakti Corporate Suite: High-trust portfolio, floor-plan downloads, and direct investor inquiry funnel.",HOT (Zero Web Presence / High Revenue),Uncontacted
SST-REAL-ROH-0679,Khan Store,"Real Estate, Legal & Professional Corporate",Bhalaswa Dairy,110042,"Rohini, Delhi",+91-93184-88964;+91-80767-78416,NO OFFICIAL WEBSITE (High Vulnerability),Rs. 8.0 - 30.0 Lakhs/mo,"Rs. 25,000 - 2,50,000",Senior Partner / Managing Consultant,10:00 AM - 9:00 PM (Regular Business Hours),"SahayShakti Corporate Suite: High-trust portfolio, floor-plan downloads, and direct investor inquiry funnel.",HOT (Zero Web Presence / High Revenue),Uncontacted
SST-REAL-ROH-0684,Prachin Kāli Mātā Mandir,"Real Estate, Legal & Professional Corporate",Jahangirpuri,110033,"Rohini, Delhi",In-Person Walk-in / Listed in Local Market,NO OFFICIAL WEBSITE (High Vulnerability),Rs. 8.0 - 30.0 Lakhs/mo,"Rs. 25,000 - 2,50,000",Senior Partner / Managing Consultant,10:00 AM - 9:00 PM (Regular Business Hours),"SahayShakti Corporate Suite: High-trust portfolio, floor-plan downloads, and direct investor inquiry funnel.",HOT (Zero Web Presence / High Revenue),Uncontacted
SST-REAL-ROH-0685,Kanchan Dairy,"Real Estate, Legal & Professional Corporate","Rohini Commercial Hub (Near Lat: 28.715, Lon: 77.177)",110085,"Rohini, Delhi",+91-98735-73429;+91-99535-79770,NO OFFICIAL WEBSITE (High Vulnerability),Rs. 8.0 - 30.0 Lakhs/mo,"Rs. 25,000 - 2,50,000",Senior Partner / Managing Consultant,10:00 AM - 9:00 PM (Regular Business Hours),"SahayShakti Corporate Suite: High-trust portfolio, floor-plan downloads, and direct investor inquiry funnel.",HOT (Zero Web Presence / High Revenue),Uncontacted
SST-REAL-ROH-0686,Prakash Store,"Real Estate, Legal & Professional Corporate","Rohini Commercial Hub (Near Lat: 28.715, Lon: 77.178)",110085,"Rohini, Delhi",In-Person Walk-in / Listed in Local Market,NO OFFICIAL WEBSITE (High Vulnerability),Rs. 8.0 - 30.0 Lakhs/mo,"Rs. 25,000 - 2,50,000",Senior Partner / Managing Consultant,10:00 AM - 9:00 PM (Regular Business Hours),"SahayShakti Corporate Suite: High-trust portfolio, floor-plan downloads, and direct investor inquiry funnel.",HOT (Zero Web Presence / High Revenue),Uncontacted
SST-REAL-ROH-0688,Ahuja Electric Works,"Real Estate, Legal & Professional Corporate",14,110085,"Rohini, Delhi",In-Person Walk-in / Listed in Local Market,NO OFFICIAL WEBSITE (High Vulnerability),Rs. 8.0 - 30.0 Lakhs/mo,"Rs. 25,000 - 2,50,000",Senior Partner / Managing Consultant,10:00 AM - 9:00 PM (Regular Business Hours),"SahayShakti Corporate Suite: High-trust portfolio, floor-plan downloads, and direct investor inquiry funnel.",HOT (Zero Web Presence / High Revenue),Uncontacted
SST-REAL-ROH-0689,Krishan Store,"Real Estate, Legal & Professional Corporate","Rohini Commercial Hub (Near Lat: 28.715, Lon: 77.179)",110085,"Rohini, Delhi",In-Person Walk-in / Listed in Local Market,NO OFFICIAL WEBSITE (High Vulnerability),Rs. 8.0 - 30.0 Lakhs/mo,"Rs. 25,000 - 2,50,000",Senior Partner / Managing Consultant,10:00 AM - 9:00 PM (Regular Business Hours),"SahayShakti Corporate Suite: High-trust portfolio, floor-plan downloads, and direct investor inquiry funnel.",HOT (Zero Web Presence / High Revenue),Uncontacted
SST-REAL-ROH-0690,Mahi Krishna Color Lab,"Real Estate, Legal & Professional Corporate",26 Vidyalaya Marg,110085,"Rohini, Delhi",In-Person Walk-in / Listed in Local Market,NO OFFICIAL WEBSITE (High Vulnerability),Rs. 8.0 - 30.0 Lakhs/mo,"Rs. 25,000 - 2,50,000",Senior Partner / Managing Consultant,10:00 AM - 9:00 PM (Regular Business Hours),"SahayShakti Corporate Suite: High-trust portfolio, floor-plan downloads, and direct investor inquiry funnel.",HOT (Zero Web Presence / High Revenue),Uncontacted
SST-REAL-ROH-0691,Punjab National Bank,"Real Estate, Legal & Professional Corporate","Rohini Commercial Hub (Near Lat: 28.718, Lon: 77.170)",110085,"Rohini, Delhi",In-Person Walk-in / Listed in Local Market,NO OFFICIAL WEBSITE (High Vulnerability),Rs. 8.0 - 30.0 Lakhs/mo,"Rs. 25,000 - 2,50,000",Senior Partner / Managing Consultant,10:00 AM - 9:00 PM (Regular Business Hours),"SahayShakti Corporate Suite: High-trust portfolio, floor-plan downloads, and direct investor inquiry funnel.",HOT (Zero Web Presence / High Revenue),Uncontacted
SST-REAL-ROH-0692,Nanku Paan Bhandar,"Real Estate, Legal & Professional Corporate","Rohini Commercial Hub (Near Lat: 28.718, Lon: 77.171)",110085,"Rohini, Delhi",In-Person Walk-in / Listed in Local Market,NO OFFICIAL WEBSITE (High Vulnerability),Rs. 8.0 - 30.0 Lakhs/mo,"Rs. 25,000 - 2,50,000",Senior Partner / Managing Consultant,10:00 AM - 9:00 PM (Regular Business Hours),"SahayShakti Corporate Suite: High-trust portfolio, floor-plan downloads, and direct investor inquiry funnel.",HOT (Zero Web Presence / High Revenue),Uncontacted
SST-REAL-ROH-0694,Right Brother Dry Cleaners,"Real Estate, Legal & Professional Corporate",A-9/1 Nanda Road Adarsh Nagar,110033,"Rohini, Delhi",In-Person Walk-in / Listed in Local Market,NO OFFICIAL WEBSITE (High Vulnerability),Rs. 8.0 - 30.0 Lakhs/mo,"Rs. 25,000 - 2,50,000",Senior Partner / Managing Consultant,10:00 AM - 9:00 PM (Regular Business Hours),"SahayShakti Corporate Suite: High-trust portfolio, floor-plan downloads, and direct investor inquiry funnel.",HOT (Zero Web Presence / High Revenue),Uncontacted
SST-REAL-ROH-0696,APS Traders,"Real Estate, Legal & Professional Corporate",B-22 Moti Lal Road Adarsh Nagar,110033,"Rohini, Delhi",+91-98895-95759;+91-989900-4922,NO OFFICIAL WEBSITE (High Vulnerability),Rs. 8.0 - 30.0 Lakhs/mo,"Rs. 25,000 - 2,50,000",Senior Partner / Managing Consultant,10:00 AM - 9:00 PM (Regular Business Hours),"SahayShakti Corporate Suite: High-trust portfolio, floor-plan downloads, and direct investor inquiry funnel.",HOT (Zero Web Presence / High Revenue),Uncontacted
SST-REAL-ROH-0697,Laxmi General Store,"Real Estate, Legal & Professional Corporate","Rohini Commercial Hub (Near Lat: 28.719, Lon: 77.171)",110085,"Rohini, Delhi",+91-98104-87055,NO OFFICIAL WEBSITE (High Vulnerability),Rs. 8.0 - 30.0 Lakhs/mo,"Rs. 25,000 - 2,50,000",Senior Partner / Managing Consultant,10:00 AM - 9:00 PM (Regular Business Hours),"SahayShakti Corporate Suite: High-trust portfolio, floor-plan downloads, and direct investor inquiry funnel.",HOT (Zero Web Presence / High Revenue),Uncontacted
SST-REAL-ROH-0699,Mohammad Yusuf,"Real Estate, Legal & Professional Corporate",C-37 Neta Ji Road Adarsh Nagar,110085,"Rohini, Delhi",+91-807-643-5994;+91-90157-12462,NO OFFICIAL WEBSITE (High Vulnerability),Rs. 8.0 - 30.0 Lakhs/mo,"Rs. 25,000 - 2,50,000",Senior Partner / Managing Consultant,10:00 AM - 9:00 PM (Regular Business Hours),"SahayShakti Corporate Suite: High-trust portfolio, floor-plan downloads, and direct investor inquiry funnel.",HOT (Zero Web Presence / High Revenue),Uncontacted
SST-REAL-ROH-0700,Radhey Radhey Stationery,"Real Estate, Legal & Professional Corporate","Rohini Commercial Hub (Near Lat: 28.720, Lon: 77.173)",110085,"Rohini, Delhi",In-Person Walk-in / Listed in Local Market,NO OFFICIAL WEBSITE (High Vulnerability),Rs. 8.0 - 30.0 Lakhs/mo,"Rs. 25,000 - 2,50,000",Senior Partner / Managing Consultant,10:00 AM - 9:00 PM (Regular Business Hours),"SahayShakti Corporate Suite: High-trust portfolio, floor-plan downloads, and direct investor inquiry funnel.",HOT (Zero Web Presence / High Revenue),Uncontacted
SST-REAL-ROH-0701,Ridhi Properties,"Real Estate, Legal & Professional Corporate","Rohini Commercial Hub (Near Lat: 28.718, Lon: 77.172)",110085,"Rohini, Delhi",+91-98110-26491;+91-99530-05016;+91-99710-75731,NO OFFICIAL WEBSITE (High Vulnerability),Rs. 8.0 - 30.0 Lakhs/mo,"Rs. 25,000 - 2,50,000",Senior Partner / Managing Consultant,10:00 AM - 9:00 PM (Regular Business Hours),"SahayShakti Corporate Suite: High-trust portfolio, floor-plan downloads, and direct investor inquiry funnel.",HOT (Zero Web Presence / High Revenue),Uncontacted
SST-REAL-ROH-0703,Rjuhasta,"Real Estate, Legal & Professional Corporate","809, 8th Floor, Ring Road Mall, Rohini Sector 3 Outer Ring Road",110085,"Rohini, Delhi",+917042901902,https://rjuhasta.com,Rs. 8.0 - 30.0 Lakhs/mo,"Rs. 25,000 - 2,50,000",Senior Partner / Managing Consultant,Mo-Sa 10:00-19:00,"SahayShakti Corporate Suite: High-trust portfolio, floor-plan downloads, and direct investor inquiry funnel.",Warm (Needs Modern Revamp),Uncontacted
SST-REAL-ROH-0705,Mother Dairy,"Real Estate, Legal & Professional Corporate","Rohini Commercial Hub (Near Lat: 28.719, Lon: 77.175)",110085,"Rohini, Delhi",In-Person Walk-in / Listed in Local Market,NO OFFICIAL WEBSITE (High Vulnerability),Rs. 8.0 - 30.0 Lakhs/mo,"Rs. 25,000 - 2,50,000",Senior Partner / Managing Consultant,"Mo-Su 05:30-13:00, 16:00-22:00","SahayShakti Corporate Suite: High-trust portfolio, floor-plan downloads, and direct investor inquiry funnel.",HOT (Zero Web Presence / High Revenue),Uncontacted
SST-REAL-ROH-0707,Dilbar Kirana Store,"Real Estate, Legal & Professional Corporate","Rohini Commercial Hub (Near Lat: 28.740, Lon: 77.163)",110085,"Rohini, Delhi",In-Person Walk-in / Listed in Local Market,NO OFFICIAL WEBSITE (High Vulnerability),Rs. 8.0 - 30.0 Lakhs/mo,"Rs. 25,000 - 2,50,000",Senior Partner / Managing Consultant,10:00 AM - 9:00 PM (Regular Business Hours),"SahayShakti Corporate Suite: High-trust portfolio, floor-plan downloads, and direct investor inquiry funnel.",HOT (Zero Web Presence / High Revenue),Uncontacted
SST-REAL-ROH-0713,Aditya Store,"Real Estate, Legal & Professional Corporate","Rohini Commercial Hub (Near Lat: 28.741, Lon: 77.162)",110085,"Rohini, Delhi",In-Person Walk-in / Listed in Local Market,NO OFFICIAL WEBSITE (High Vulnerability),Rs. 8.0 - 30.0 Lakhs/mo,"Rs. 25,000 - 2,50,000",Senior Partner / Managing Consultant,10:00 AM - 9:00 PM (Regular Business Hours),"SahayShakti Corporate Suite: High-trust portfolio, floor-plan downloads, and direct investor inquiry funnel.",HOT (Zero Web Presence / High Revenue),Uncontacted
SST-REAL-ROH-0715,Vikash Electronics,"Real Estate, Legal & Professional Corporate",Bhalswa Dairy,110042,"Rohini, Delhi",+91-96548-05445;+91-99104-12017,NO OFFICIAL WEBSITE (High Vulnerability),Rs. 8.0 - 30.0 Lakhs/mo,"Rs. 25,000 - 2,50,000",Senior Partner / Managing Consultant,10:00 AM - 9:00 PM (Regular Business Hours),"SahayShakti Corporate Suite: High-trust portfolio, floor-plan downloads, and direct investor inquiry funnel.",HOT (Zero Web Presence / High Revenue),Uncontacted
SST-REAL-ROH-0720,HDFC Bank,"Real Estate, Legal & Professional Corporate","Rohini Commercial Hub (Near Lat: 28.714, Lon: 77.173)",110085,"Rohini, Delhi",In-Person Walk-in / Listed in Local Market,NO OFFICIAL WEBSITE (High Vulnerability),Rs. 8.0 - 30.0 Lakhs/mo,"Rs. 25,000 - 2,50,000",Senior Partner / Managing Consultant,10:00 AM - 9:00 PM (Regular Business Hours),"SahayShakti Corporate Suite: High-trust portfolio, floor-plan downloads, and direct investor inquiry funnel.",HOT (Zero Web Presence / High Revenue),Uncontacted
SST-REAL-ROH-0722,Axis Bank,"Real Estate, Legal & Professional Corporate","Rohini Commercial Hub (Near Lat: 28.713, Lon: 77.174)",110085,"Rohini, Delhi",In-Person Walk-in / Listed in Local Market,NO OFFICIAL WEBSITE (High Vulnerability),Rs. 8.0 - 30.0 Lakhs/mo,"Rs. 25,000 - 2,50,000",Senior Partner / Managing Consultant,10:00 AM - 9:00 PM (Regular Business Hours),"SahayShakti Corporate Suite: High-trust portfolio, floor-plan downloads, and direct investor inquiry funnel.",HOT (Zero Web Presence / High Revenue),Uncontacted
SST-REAL-ROH-0723,Indian Bank,"Real Estate, Legal & Professional Corporate","Rohini Commercial Hub (Near Lat: 28.714, Lon: 77.173)",110085,"Rohini, Delhi",In-Person Walk-in / Listed in Local Market,NO OFFICIAL WEBSITE (High Vulnerability),Rs. 8.0 - 30.0 Lakhs/mo,"Rs. 25,000 - 2,50,000",Senior Partner / Managing Consultant,10:00 AM - 9:00 PM (Regular Business Hours),"SahayShakti Corporate Suite: High-trust portfolio, floor-plan downloads, and direct investor inquiry funnel.",HOT (Zero Web Presence / High Revenue),Uncontacted
SST-REAL-ROH-0724,SK Tailors,"Real Estate, Legal & Professional Corporate",11 Nehru Road Azadpur,110033,"Rohini, Delhi",In-Person Walk-in / Listed in Local Market,NO OFFICIAL WEBSITE (High Vulnerability),Rs. 8.0 - 30.0 Lakhs/mo,"Rs. 25,000 - 2,50,000",Senior Partner / Managing Consultant,10:00 AM - 9:00 PM (Regular Business Hours),"SahayShakti Corporate Suite: High-trust portfolio, floor-plan downloads, and direct investor inquiry funnel.",HOT (Zero Web Presence / High Revenue),Uncontacted
SST-REAL-ROH-0725,Bank of India,"Real Estate, Legal & Professional Corporate","Rohini Commercial Hub (Near Lat: 28.713, Lon: 77.173)",110085,"Rohini, Delhi",In-Person Walk-in / Listed in Local Market,NO OFFICIAL WEBSITE (High Vulnerability),Rs. 8.0 - 30.0 Lakhs/mo,"Rs. 25,000 - 2,50,000",Senior Partner / Managing Consultant,10:00 AM - 9:00 PM (Regular Business Hours),"SahayShakti Corporate Suite: High-trust portfolio, floor-plan downloads, and direct investor inquiry funnel.",HOT (Zero Web Presence / High Revenue),Uncontacted
SST-REAL-ROH-0726,Canara Bank,"Real Estate, Legal & Professional Corporate","Rohini Commercial Hub (Near Lat: 28.713, Lon: 77.173)",110085,"Rohini, Delhi",In-Person Walk-in / Listed in Local Market,NO OFFICIAL WEBSITE (High Vulnerability),Rs. 8.0 - 30.0 Lakhs/mo,"Rs. 25,000 - 2,50,000",Senior Partner / Managing Consultant,10:00 AM - 9:00 PM (Regular Business Hours),"SahayShakti Corporate Suite: High-trust portfolio, floor-plan downloads, and direct investor inquiry funnel.",HOT (Zero Web Presence / High Revenue),Uncontacted
SST-REAL-ROH-0727,Salim Telecom,"Real Estate, Legal & Professional Corporate",A-63;A-64  Bhalaswa Dairy,110042,"Rohini, Delhi",+91-99902-58528;+91-89201-46599,NO OFFICIAL WEBSITE (High Vulnerability),Rs. 8.0 - 30.0 Lakhs/mo,"Rs. 25,000 - 2,50,000",Senior Partner / Managing Consultant,10:00 AM - 9:00 PM (Regular Business Hours),"SahayShakti Corporate Suite: High-trust portfolio, floor-plan downloads, and direct investor inquiry funnel.",HOT (Zero Web Presence / High Revenue),Uncontacted
SST-REAL-ROH-0731,Pawan Petha Bhandar,"Real Estate, Legal & Professional Corporate","Rohini Commercial Hub (Near Lat: 28.724, Lon: 77.168)",110085,"Rohini, Delhi",In-Person Walk-in / Listed in Local Market,NO OFFICIAL WEBSITE (High Vulnerability),Rs. 8.0 - 30.0 Lakhs/mo,"Rs. 25,000 - 2,50,000",Senior Partner / Managing Consultant,10:00 AM - 9:00 PM (Regular Business Hours),"SahayShakti Corporate Suite: High-trust portfolio, floor-plan downloads, and direct investor inquiry funnel.",HOT (Zero Web Presence / High Revenue),Uncontacted
SST-REAL-ROH-0732,Goyal Traders,"Real Estate, Legal & Professional Corporate",A-3  Azadpur,110033,"Rohini, Delhi",+91-96544-66806,NO OFFICIAL WEBSITE (High Vulnerability),Rs. 8.0 - 30.0 Lakhs/mo,"Rs. 25,000 - 2,50,000",Senior Partner / Managing Consultant,10:00 AM - 9:00 PM (Regular Business Hours),"SahayShakti Corporate Suite: High-trust portfolio, floor-plan downloads, and direct investor inquiry funnel.",HOT (Zero Web Presence / High Revenue),Uncontacted
SST-REAL-ROH-0733,Lakshmi Dairy,"Real Estate, Legal & Professional Corporate",21 Nehru Road Azadpur,110033,"Rohini, Delhi",+91-97111-32246,NO OFFICIAL WEBSITE (High Vulnerability),Rs. 8.0 - 30.0 Lakhs/mo,"Rs. 25,000 - 2,50,000",Senior Partner / Managing Consultant,10:00 AM - 9:00 PM (Regular Business Hours),"SahayShakti Corporate Suite: High-trust portfolio, floor-plan downloads, and direct investor inquiry funnel.",HOT (Zero Web Presence / High Revenue),Uncontacted
SST-REAL-ROH-0740,Shubh Mandir Supermarket,"Real Estate, Legal & Professional Corporate","Rohini Commercial Hub (Near Lat: 28.718, Lon: 77.172)",110085,"Rohini, Delhi",In-Person Walk-in / Listed in Local Market,NO OFFICIAL WEBSITE (High Vulnerability),Rs. 8.0 - 30.0 Lakhs/mo,"Rs. 25,000 - 2,50,000",Senior Partner / Managing Consultant,10:00 AM - 9:00 PM (Regular Business Hours),"SahayShakti Corporate Suite: High-trust portfolio, floor-plan downloads, and direct investor inquiry funnel.",HOT (Zero Web Presence / High Revenue),Uncontacted
SST-REAL-ROH-0743,Mother Dairy,"Real Estate, Legal & Professional Corporate","Rohini Commercial Hub (Near Lat: 28.718, Lon: 77.064)",110085,"Rohini, Delhi",In-Person Walk-in / Listed in Local Market,NO OFFICIAL WEBSITE (High Vulnerability),Rs. 8.0 - 30.0 Lakhs/mo,"Rs. 25,000 - 2,50,000",Senior Partner / Managing Consultant,10:00 AM - 9:00 PM (Regular Business Hours),"SahayShakti Corporate Suite: High-trust portfolio, floor-plan downloads, and direct investor inquiry funnel.",HOT (Zero Web Presence / High Revenue),Uncontacted
SST-REAL-ROH-0744,Mother Dairy,"Real Estate, Legal & Professional Corporate","Rohini Commercial Hub (Near Lat: 28.733, Lon: 77.170)",110085,"Rohini, Delhi",In-Person Walk-in / Listed in Local Market,NO OFFICIAL WEBSITE (High Vulnerability),Rs. 8.0 - 30.0 Lakhs/mo,"Rs. 25,000 - 2,50,000",Senior Partner / Managing Consultant,10:00 AM - 9:00 PM (Regular Business Hours),"SahayShakti Corporate Suite: High-trust portfolio, floor-plan downloads, and direct investor inquiry funnel.",HOT (Zero Web Presence / High Revenue),Uncontacted
SST-REAL-ROH-0745,Canara Bank,"Real Estate, Legal & Professional Corporate","Rohini Commercial Hub (Near Lat: 28.718, Lon: 77.170)",110085,"Rohini, Delhi",In-Person Walk-in / Listed in Local Market,NO OFFICIAL WEBSITE (High Vulnerability),Rs. 8.0 - 30.0 Lakhs/mo,"Rs. 25,000 - 2,50,000",Senior Partner / Managing Consultant,10:00 AM - 9:00 PM (Regular Business Hours),"SahayShakti Corporate Suite: High-trust portfolio, floor-plan downloads, and direct investor inquiry funnel.",HOT (Zero Web Presence / High Revenue),Uncontacted
SST-REAL-ROH-0747,Union Bank of India,"Real Estate, Legal & Professional Corporate","Rohini Commercial Hub (Near Lat: 28.714, Lon: 77.173)",110085,"Rohini, Delhi",In-Person Walk-in / Listed in Local Market,NO OFFICIAL WEBSITE (High Vulnerability),Rs. 8.0 - 30.0 Lakhs/mo,"Rs. 25,000 - 2,50,000",Senior Partner / Managing Consultant,10:00 AM - 9:00 PM (Regular Business Hours),"SahayShakti Corporate Suite: High-trust portfolio, floor-plan downloads, and direct investor inquiry funnel.",HOT (Zero Web Presence / High Revenue),Uncontacted
SST-REAL-ROH-0749,ICICI Bank,"Real Estate, Legal & Professional Corporate","Rohini Commercial Hub (Near Lat: 28.714, Lon: 77.173)",110085,"Rohini, Delhi",In-Person Walk-in / Listed in Local Market,NO OFFICIAL WEBSITE (High Vulnerability),Rs. 8.0 - 30.0 Lakhs/mo,"Rs. 25,000 - 2,50,000",Senior Partner / Managing Consultant,10:00 AM - 9:00 PM (Regular Business Hours),"SahayShakti Corporate Suite: High-trust portfolio, floor-plan downloads, and direct investor inquiry funnel.",HOT (Zero Web Presence / High Revenue),Uncontacted
SST-REAL-ROH-0750,State Bank of India,"Real Estate, Legal & Professional Corporate","Rohini Commercial Hub (Near Lat: 28.716, Lon: 77.174)",110085,"Rohini, Delhi",In-Person Walk-in / Listed in Local Market,NO OFFICIAL WEBSITE (High Vulnerability),Rs. 8.0 - 30.0 Lakhs/mo,"Rs. 25,000 - 2,50,000",Senior Partner / Managing Consultant,10:00 AM - 9:00 PM (Regular Business Hours),"SahayShakti Corporate Suite: High-trust portfolio, floor-plan downloads, and direct investor inquiry funnel.",HOT (Zero Web Presence / High Revenue),Uncontacted
SST-REAL-ROH-0752,Yes Bank,"Real Estate, Legal & Professional Corporate","Rohini Commercial Hub (Near Lat: 28.715, Lon: 77.172)",110085,"Rohini, Delhi",In-Person Walk-in / Listed in Local Market,NO OFFICIAL WEBSITE (High Vulnerability),Rs. 8.0 - 30.0 Lakhs/mo,"Rs. 25,000 - 2,50,000",Senior Partner / Managing Consultant,10:00 AM - 9:00 PM (Regular Business Hours),"SahayShakti Corporate Suite: High-trust portfolio, floor-plan downloads, and direct investor inquiry funnel.",HOT (Zero Web Presence / High Revenue),Uncontacted
SST-REAL-ROH-0754,Guru Kripa Traders,"Real Estate, Legal & Professional Corporate","Rohini Commercial Hub (Near Lat: 28.717, Lon: 77.172)",110085,"Rohini, Delhi",In-Person Walk-in / Listed in Local Market,NO OFFICIAL WEBSITE (High Vulnerability),Rs. 8.0 - 30.0 Lakhs/mo,"Rs. 25,000 - 2,50,000",Senior Partner / Managing Consultant,10:00 AM - 9:00 PM (Regular Business Hours),"SahayShakti Corporate Suite: High-trust portfolio, floor-plan downloads, and direct investor inquiry funnel.",HOT (Zero Web Presence / High Revenue),Uncontacted
SST-REAL-ROH-0761,ORBITE SOCKS,"Real Estate, Legal & Professional Corporate","Rohini Commercial Hub (Near Lat: 28.742, Lon: 77.133)",110085,"Rohini, Delhi",In-Person Walk-in / Listed in Local Market,NO OFFICIAL WEBSITE (High Vulnerability),Rs. 8.0 - 30.0 Lakhs/mo,"Rs. 25,000 - 2,50,000",Senior Partner / Managing Consultant,10:00 AM - 9:00 PM (Regular Business Hours),"SahayShakti Corporate Suite: High-trust portfolio, floor-plan downloads, and direct investor inquiry funnel.",HOT (Zero Web Presence / High Revenue),Uncontacted
SST-REAL-ROH-0762,Sadgi Boutique,"Real Estate, Legal & Professional Corporate","Rohini Commercial Hub (Near Lat: 28.742, Lon: 77.133)",110085,"Rohini, Delhi",In-Person Walk-in / Listed in Local Market,NO OFFICIAL WEBSITE (High Vulnerability),Rs. 8.0 - 30.0 Lakhs/mo,"Rs. 25,000 - 2,50,000",Senior Partner / Managing Consultant,10:00 AM - 9:00 PM (Regular Business Hours),"SahayShakti Corporate Suite: High-trust portfolio, floor-plan downloads, and direct investor inquiry funnel.",HOT (Zero Web Presence / High Revenue),Uncontacted
SST-REAL-ROH-0763,Milk Point,"Real Estate, Legal & Professional Corporate","Rohini Commercial Hub (Near Lat: 28.741, Lon: 77.134)",110085,"Rohini, Delhi",In-Person Walk-in / Listed in Local Market,NO OFFICIAL WEBSITE (High Vulnerability),Rs. 8.0 - 30.0 Lakhs/mo,"Rs. 25,000 - 2,50,000",Senior Partner / Managing Consultant,10:00 AM - 9:00 PM (Regular Business Hours),"SahayShakti Corporate Suite: High-trust portfolio, floor-plan downloads, and direct investor inquiry funnel.",HOT (Zero Web Presence / High Revenue),Uncontacted
SST-REAL-ROH-0765,Raju bhai,"Real Estate, Legal & Professional Corporate",H/2 Block,110085,"Rohini, Delhi",In-Person Walk-in / Listed in Local Market,NO OFFICIAL WEBSITE (High Vulnerability),Rs. 8.0 - 30.0 Lakhs/mo,"Rs. 25,000 - 2,50,000",Senior Partner / Managing Consultant,10:00 AM - 9:00 PM (Regular Business Hours),"SahayShakti Corporate Suite: High-trust portfolio, floor-plan downloads, and direct investor inquiry funnel.",HOT (Zero Web Presence / High Revenue),Uncontacted
SST-REAL-ROH-0766,Deepika,"Real Estate, Legal & Professional Corporate","Rohini Commercial Hub (Near Lat: 28.724, Lon: 77.172)",110085,"Rohini, Delhi",In-Person Walk-in / Listed in Local Market,NO OFFICIAL WEBSITE (High Vulnerability),Rs. 8.0 - 30.0 Lakhs/mo,"Rs. 25,000 - 2,50,000",Senior Partner / Managing Consultant,10:00 AM - 9:00 PM (Regular Business Hours),"SahayShakti Corporate Suite: High-trust portfolio, floor-plan downloads, and direct investor inquiry funnel.",HOT (Zero Web Presence / High Revenue),Uncontacted
SST-REAL-ROH-0768,Tyagi Atta Chakki,"Real Estate, Legal & Professional Corporate","Rohini Commercial Hub (Near Lat: 28.746, Lon: 77.167)",110085,"Rohini, Delhi",+91-92127-28694;+91-98736-56566,NO OFFICIAL WEBSITE (High Vulnerability),Rs. 8.0 - 30.0 Lakhs/mo,"Rs. 25,000 - 2,50,000",Senior Partner / Managing Consultant,10:00 AM - 9:00 PM (Regular Business Hours),"SahayShakti Corporate Suite: High-trust portfolio, floor-plan downloads, and direct investor inquiry funnel.",HOT (Zero Web Presence / High Revenue),Uncontacted
SST-REAL-ROH-0770,Prachin Shri Shani Dev Mandir,"Real Estate, Legal & Professional Corporate",Kewal Park,110033,"Rohini, Delhi",In-Person Walk-in / Listed in Local Market,NO OFFICIAL WEBSITE (High Vulnerability),Rs. 8.0 - 30.0 Lakhs/mo,"Rs. 25,000 - 2,50,000",Senior Partner / Managing Consultant,10:00 AM - 9:00 PM (Regular Business Hours),"SahayShakti Corporate Suite: High-trust portfolio, floor-plan downloads, and direct investor inquiry funnel.",HOT (Zero Web Presence / High Revenue),Uncontacted
SST-REAL-ROH-0771,Chaurasiya Pan Bhandar,"Real Estate, Legal & Professional Corporate",A-31  Azadpur,110085,"Rohini, Delhi",In-Person Walk-in / Listed in Local Market,NO OFFICIAL WEBSITE (High Vulnerability),Rs. 8.0 - 30.0 Lakhs/mo,"Rs. 25,000 - 2,50,000",Senior Partner / Managing Consultant,10:00 AM - 9:00 PM (Regular Business Hours),"SahayShakti Corporate Suite: High-trust portfolio, floor-plan downloads, and direct investor inquiry funnel.",HOT (Zero Web Presence / High Revenue),Uncontacted
SST-REAL-ROH-0772,Tofiq Sons,"Real Estate, Legal & Professional Corporate",A-31/A  Azadpur,110033,"Rohini, Delhi",+91-98107-43987;+91-87000-11479;+91-98111-42857,NO OFFICIAL WEBSITE (High Vulnerability),Rs. 8.0 - 30.0 Lakhs/mo,"Rs. 25,000 - 2,50,000",Senior Partner / Managing Consultant,10:00 AM - 9:00 PM (Regular Business Hours),"SahayShakti Corporate Suite: High-trust portfolio, floor-plan downloads, and direct investor inquiry funnel.",HOT (Zero Web Presence / High Revenue),Uncontacted
SST-REAL-ROH-0773,Shri Balaji Properties,"Real Estate, Legal & Professional Corporate","Rohini Commercial Hub (Near Lat: 28.746, Lon: 77.167)",110085,"Rohini, Delhi",+91-98734-15858;+91-99110-8674,NO OFFICIAL WEBSITE (High Vulnerability),Rs. 8.0 - 30.0 Lakhs/mo,"Rs. 25,000 - 2,50,000",Senior Partner / Managing Consultant,10:00 AM - 9:00 PM (Regular Business Hours),"SahayShakti Corporate Suite: High-trust portfolio, floor-plan downloads, and direct investor inquiry funnel.",HOT (Zero Web Presence / High Revenue),Uncontacted
SST-REAL-ROH-0774,Rajdhani Properties,"Real Estate, Legal & Professional Corporate","Rohini Commercial Hub (Near Lat: 28.746, Lon: 77.167)",110085,"Rohini, Delhi",+91-95402-60904;+91-98911-57786;+91-98916-38786,NO OFFICIAL WEBSITE (High Vulnerability),Rs. 8.0 - 30.0 Lakhs/mo,"Rs. 25,000 - 2,50,000",Senior Partner / Managing Consultant,10:00 AM - 9:00 PM (Regular Business Hours),"SahayShakti Corporate Suite: High-trust portfolio, floor-plan downloads, and direct investor inquiry funnel.",HOT (Zero Web Presence / High Revenue),Uncontacted
SST-REAL-ROH-0777,Kabir Store,"Real Estate, Legal & Professional Corporate","Rohini Commercial Hub (Near Lat: 28.754, Lon: 77.163)",110085,"Rohini, Delhi",In-Person Walk-in / Listed in Local Market,NO OFFICIAL WEBSITE (High Vulnerability),Rs. 8.0 - 30.0 Lakhs/mo,"Rs. 25,000 - 2,50,000",Senior Partner / Managing Consultant,10:00 AM - 9:00 PM (Regular Business Hours),"SahayShakti Corporate Suite: High-trust portfolio, floor-plan downloads, and direct investor inquiry funnel.",HOT (Zero Web Presence / High Revenue),Uncontacted
SST-REAL-ROH-0778,Mother Dairy,"Real Estate, Legal & Professional Corporate","Rohini Commercial Hub (Near Lat: 28.755, Lon: 77.163)",110085,"Rohini, Delhi",In-Person Walk-in / Listed in Local Market,NO OFFICIAL WEBSITE (High Vulnerability),Rs. 8.0 - 30.0 Lakhs/mo,"Rs. 25,000 - 2,50,000",Senior Partner / Managing Consultant,"Mo-Su 05:30-13:00, 16:00-22:00","SahayShakti Corporate Suite: High-trust portfolio, floor-plan downloads, and direct investor inquiry funnel.",HOT (Zero Web Presence / High Revenue),Uncontacted
SST-REAL-ROH-0779,Rohit Convenience,"Real Estate, Legal & Professional Corporate","Rohini Commercial Hub (Near Lat: 28.754, Lon: 77.163)",110085,"Rohini, Delhi",In-Person Walk-in / Listed in Local Market,NO OFFICIAL WEBSITE (High Vulnerability),Rs. 8.0 - 30.0 Lakhs/mo,"Rs. 25,000 - 2,50,000",Senior Partner / Managing Consultant,10:00 AM - 9:00 PM (Regular Business Hours),"SahayShakti Corporate Suite: High-trust portfolio, floor-plan downloads, and direct investor inquiry funnel.",HOT (Zero Web Presence / High Revenue),Uncontacted
SST-REAL-ROH-0781,Shahdad Store,"Real Estate, Legal & Professional Corporate","Rohini Commercial Hub (Near Lat: 28.754, Lon: 77.163)",110085,"Rohini, Delhi",In-Person Walk-in / Listed in Local Market,NO OFFICIAL WEBSITE (High Vulnerability),Rs. 8.0 - 30.0 Lakhs/mo,"Rs. 25,000 - 2,50,000",Senior Partner / Managing Consultant,10:00 AM - 9:00 PM (Regular Business Hours),"SahayShakti Corporate Suite: High-trust portfolio, floor-plan downloads, and direct investor inquiry funnel.",HOT (Zero Web Presence / High Revenue),Uncontacted
SST-REAL-ROH-0785,Chugh Associates,"Real Estate, Legal & Professional Corporate",Burari Road Main Swaroop Nagar,110042,"Rohini, Delhi",+91-95400-77666;+91-98101-71849,NO OFFICIAL WEBSITE (High Vulnerability),Rs. 8.0 - 30.0 Lakhs/mo,"Rs. 25,000 - 2,50,000",Senior Partner / Managing Consultant,10:00 AM - 9:00 PM (Regular Business Hours),"SahayShakti Corporate Suite: High-trust portfolio, floor-plan downloads, and direct investor inquiry funnel.",HOT (Zero Web Presence / High Revenue),Uncontacted
SST-REAL-ROH-0786,"Shiv Mandir, Uttarakhand Samaj","Real Estate, Legal & Professional Corporate","Rohini Commercial Hub (Near Lat: 28.732, Lon: 77.171)",110085,"Rohini, Delhi",In-Person Walk-in / Listed in Local Market,NO OFFICIAL WEBSITE (High Vulnerability),Rs. 8.0 - 30.0 Lakhs/mo,"Rs. 25,000 - 2,50,000",Senior Partner / Managing Consultant,10:00 AM - 9:00 PM (Regular Business Hours),"SahayShakti Corporate Suite: High-trust portfolio, floor-plan downloads, and direct investor inquiry funnel.",HOT (Zero Web Presence / High Revenue),Uncontacted
SST-REAL-ROH-0792,Piyush dai House-Delhi,"Real Estate, Legal & Professional Corporate","Rohini Commercial Hub (Near Lat: 28.697, Lon: 77.147)",110085,"Rohini, Delhi",In-Person Walk-in / Listed in Local Market,NO OFFICIAL WEBSITE (High Vulnerability),Rs. 8.0 - 30.0 Lakhs/mo,"Rs. 25,000 - 2,50,000",Senior Partner / Managing Consultant,10:00 AM - 9:00 PM (Regular Business Hours),"SahayShakti Corporate Suite: High-trust portfolio, floor-plan downloads, and direct investor inquiry funnel.",HOT (Zero Web Presence / High Revenue),Uncontacted
SST-REAL-ROH-0793,Manawara Pan Bhandar,"Real Estate, Legal & Professional Corporate",250  Bhalaswa JJ Colony,110042,"Rohini, Delhi",In-Person Walk-in / Listed in Local Market,NO OFFICIAL WEBSITE (High Vulnerability),Rs. 8.0 - 30.0 Lakhs/mo,"Rs. 25,000 - 2,50,000",Senior Partner / Managing Consultant,10:00 AM - 9:00 PM (Regular Business Hours),"SahayShakti Corporate Suite: High-trust portfolio, floor-plan downloads, and direct investor inquiry funnel.",HOT (Zero Web Presence / High Revenue),Uncontacted
SST-REAL-ROH-0795,Gaurav General Store,"Real Estate, Legal & Professional Corporate","Rohini Commercial Hub (Near Lat: 28.753, Lon: 77.162)",110085,"Rohini, Delhi",In-Person Walk-in / Listed in Local Market,NO OFFICIAL WEBSITE (High Vulnerability),Rs. 8.0 - 30.0 Lakhs/mo,"Rs. 25,000 - 2,50,000",Senior Partner / Managing Consultant,10:00 AM - 9:00 PM (Regular Business Hours),"SahayShakti Corporate Suite: High-trust portfolio, floor-plan downloads, and direct investor inquiry funnel.",HOT (Zero Web Presence / High Revenue),Uncontacted
SST-REAL-ROH-0796,Khan Enterprises,"Real Estate, Legal & Professional Corporate",Bhalaswa Jahangir Puri,110085,"Rohini, Delhi",+91-92895-69489;+91-74283-83920,NO OFFICIAL WEBSITE (High Vulnerability),Rs. 8.0 - 30.0 Lakhs/mo,"Rs. 25,000 - 2,50,000",Senior Partner / Managing Consultant,10:00 AM - 9:00 PM (Regular Business Hours),"SahayShakti Corporate Suite: High-trust portfolio, floor-plan downloads, and direct investor inquiry funnel.",HOT (Zero Web Presence / High Revenue),Uncontacted
SST-REAL-ROH-0797,RS Mass Electronics Enterprises,"Real Estate, Legal & Professional Corporate","Rohini Commercial Hub (Near Lat: 28.754, Lon: 77.162)",110085,"Rohini, Delhi",In-Person Walk-in / Listed in Local Market,NO OFFICIAL WEBSITE (High Vulnerability),Rs. 8.0 - 30.0 Lakhs/mo,"Rs. 25,000 - 2,50,000",Senior Partner / Managing Consultant,10:00 AM - 9:00 PM (Regular Business Hours),"SahayShakti Corporate Suite: High-trust portfolio, floor-plan downloads, and direct investor inquiry funnel.",HOT (Zero Web Presence / High Revenue),Uncontacted
SST-REAL-ROH-0798,Afshana Boutique,"Real Estate, Legal & Professional Corporate",330  Bhalswa Dairy,110042,"Rohini, Delhi",+91-81305-88291,NO OFFICIAL WEBSITE (High Vulnerability),Rs. 8.0 - 30.0 Lakhs/mo,"Rs. 25,000 - 2,50,000",Senior Partner / Managing Consultant,10:00 AM - 9:00 PM (Regular Business Hours),"SahayShakti Corporate Suite: High-trust portfolio, floor-plan downloads, and direct investor inquiry funnel.",HOT (Zero Web Presence / High Revenue),Uncontacted
SST-REAL-ROH-0799,Jaiswal Trading Company,"Real Estate, Legal & Professional Corporate",251  Bhalswa Resettlement Colony,110085,"Rohini, Delhi",In-Person Walk-in / Listed in Local Market,NO OFFICIAL WEBSITE (High Vulnerability),Rs. 8.0 - 30.0 Lakhs/mo,"Rs. 25,000 - 2,50,000",Senior Partner / Managing Consultant,10:00 AM - 9:00 PM (Regular Business Hours),"SahayShakti Corporate Suite: High-trust portfolio, floor-plan downloads, and direct investor inquiry funnel.",HOT (Zero Web Presence / High Revenue),Uncontacted
SST-REAL-ROH-0800,Pawan Atta Chakki,"Real Estate, Legal & Professional Corporate",882  Bhalswa JJ Colony,110042,"Rohini, Delhi",In-Person Walk-in / Listed in Local Market,NO OFFICIAL WEBSITE (High Vulnerability),Rs. 8.0 - 30.0 Lakhs/mo,"Rs. 25,000 - 2,50,000",Senior Partner / Managing Consultant,10:00 AM - 9:00 PM (Regular Business Hours),"SahayShakti Corporate Suite: High-trust portfolio, floor-plan downloads, and direct investor inquiry funnel.",HOT (Zero Web Presence / High Revenue),Uncontacted
SST-REAL-ROH-0801,Anil General Store,"Real Estate, Legal & Professional Corporate","Rohini Commercial Hub (Near Lat: 28.754, Lon: 77.163)",110085,"Rohini, Delhi",+91-82854-92724,NO OFFICIAL WEBSITE (High Vulnerability),Rs. 8.0 - 30.0 Lakhs/mo,"Rs. 25,000 - 2,50,000",Senior Partner / Managing Consultant,10:00 AM - 9:00 PM (Regular Business Hours),"SahayShakti Corporate Suite: High-trust portfolio, floor-plan downloads, and direct investor inquiry funnel.",HOT (Zero Web Presence / High Revenue),Uncontacted
SST-REAL-ROH-0803,Pandey Ji Store,"Real Estate, Legal & Professional Corporate",600  Jahangir Puri,110033,"Rohini, Delhi",+91-78387-83690;+91-78387-82690,NO OFFICIAL WEBSITE (High Vulnerability),Rs. 8.0 - 30.0 Lakhs/mo,"Rs. 25,000 - 2,50,000",Senior Partner / Managing Consultant,10:00 AM - 9:00 PM (Regular Business Hours),"SahayShakti Corporate Suite: High-trust portfolio, floor-plan downloads, and direct investor inquiry funnel.",HOT (Zero Web Presence / High Revenue),Uncontacted
SST-REAL-ROH-0805,Shri Shani Dev Mandir,"Real Estate, Legal & Professional Corporate","Rohini Commercial Hub (Near Lat: 28.723, Lon: 77.173)",110085,"Rohini, Delhi",In-Person Walk-in / Listed in Local Market,NO OFFICIAL WEBSITE (High Vulnerability),Rs. 8.0 - 30.0 Lakhs/mo,"Rs. 25,000 - 2,50,000",Senior Partner / Managing Consultant,10:00 AM - 9:00 PM (Regular Business Hours),"SahayShakti Corporate Suite: High-trust portfolio, floor-plan downloads, and direct investor inquiry funnel.",HOT (Zero Web Presence / High Revenue),Uncontacted
SST-REAL-ROH-0806,Shirdi Shree Sai Baba Mandir,"Real Estate, Legal & Professional Corporate","Rohini Commercial Hub (Near Lat: 28.723, Lon: 77.173)",110085,"Rohini, Delhi",In-Person Walk-in / Listed in Local Market,NO OFFICIAL WEBSITE (High Vulnerability),Rs. 8.0 - 30.0 Lakhs/mo,"Rs. 25,000 - 2,50,000",Senior Partner / Managing Consultant,10:00 AM - 9:00 PM (Regular Business Hours),"SahayShakti Corporate Suite: High-trust portfolio, floor-plan downloads, and direct investor inquiry funnel.",HOT (Zero Web Presence / High Revenue),Uncontacted
SST-REAL-ROH-0809,Satguru Kabir Saheb Tea Stall,"Real Estate, Legal & Professional Corporate",N-110/171  Rajasthani Udyog Nagar,110033,"Rohini, Delhi",In-Person Walk-in / Listed in Local Market,NO OFFICIAL WEBSITE (High Vulnerability),Rs. 8.0 - 30.0 Lakhs/mo,"Rs. 25,000 - 2,50,000",Senior Partner / Managing Consultant,10:00 AM - 9:00 PM (Regular Business Hours),"SahayShakti Corporate Suite: High-trust portfolio, floor-plan downloads, and direct investor inquiry funnel.",HOT (Zero Web Presence / High Revenue),Uncontacted
SST-REAL-ROH-0810,Shri Balaji Properties,"Real Estate, Legal & Professional Corporate",N-110/101  Rajasthani Udyog Nagar,110033,"Rohini, Delhi",In-Person Walk-in / Listed in Local Market,NO OFFICIAL WEBSITE (High Vulnerability),Rs. 8.0 - 30.0 Lakhs/mo,"Rs. 25,000 - 2,50,000",Senior Partner / Managing Consultant,10:00 AM - 9:00 PM (Regular Business Hours),"SahayShakti Corporate Suite: High-trust portfolio, floor-plan downloads, and direct investor inquiry funnel.",HOT (Zero Web Presence / High Revenue),Uncontacted
SST-REAL-ROH-0812,Canara Bank,"Real Estate, Legal & Professional Corporate","Rohini Commercial Hub (Near Lat: 28.731, Lon: 77.159)",110085,"Rohini, Delhi",In-Person Walk-in / Listed in Local Market,NO OFFICIAL WEBSITE (High Vulnerability),Rs. 8.0 - 30.0 Lakhs/mo,"Rs. 25,000 - 2,50,000",Senior Partner / Managing Consultant,10:00 AM - 9:00 PM (Regular Business Hours),"SahayShakti Corporate Suite: High-trust portfolio, floor-plan downloads, and direct investor inquiry funnel.",HOT (Zero Web Presence / High Revenue),Uncontacted
SST-REAL-ROH-0814,Dileep & Associates,"Real Estate, Legal & Professional Corporate","Rohini Commercial Hub (Near Lat: 28.731, Lon: 77.159)",110085,"Rohini, Delhi",+91-92120-55555,NO OFFICIAL WEBSITE (High Vulnerability),Rs. 8.0 - 30.0 Lakhs/mo,"Rs. 25,000 - 2,50,000",Senior Partner / Managing Consultant,10:00 AM - 9:00 PM (Regular Business Hours),"SahayShakti Corporate Suite: High-trust portfolio, floor-plan downloads, and direct investor inquiry funnel.",HOT (Zero Web Presence / High Revenue),Uncontacted
SST-REAL-ROH-0815,Arya Samaj Mandir,"Real Estate, Legal & Professional Corporate",Adarsh Nagar,110033,"Rohini, Delhi",In-Person Walk-in / Listed in Local Market,NO OFFICIAL WEBSITE (High Vulnerability),Rs. 8.0 - 30.0 Lakhs/mo,"Rs. 25,000 - 2,50,000",Senior Partner / Managing Consultant,10:00 AM - 9:00 PM (Regular Business Hours),"SahayShakti Corporate Suite: High-trust portfolio, floor-plan downloads, and direct investor inquiry funnel.",HOT (Zero Web Presence / High Revenue),Uncontacted
SST-REAL-ROH-0816,Hari Om Store,"Real Estate, Legal & Professional Corporate","Rohini Commercial Hub (Near Lat: 28.723, Lon: 77.170)",110085,"Rohini, Delhi",In-Person Walk-in / Listed in Local Market,NO OFFICIAL WEBSITE (High Vulnerability),Rs. 8.0 - 30.0 Lakhs/mo,"Rs. 25,000 - 2,50,000",Senior Partner / Managing Consultant,10:00 AM - 9:00 PM (Regular Business Hours),"SahayShakti Corporate Suite: High-trust portfolio, floor-plan downloads, and direct investor inquiry funnel.",HOT (Zero Web Presence / High Revenue),Uncontacted
SST-REAL-ROH-0817,Jaipur Diamond,"Real Estate, Legal & Professional Corporate",A-18  Mahendra Park,110033,"Rohini, Delhi",+91-99586-06012;+91-85273-54605,NO OFFICIAL WEBSITE (High Vulnerability),Rs. 8.0 - 30.0 Lakhs/mo,"Rs. 25,000 - 2,50,000",Senior Partner / Managing Consultant,10:00 AM - 9:00 PM (Regular Business Hours),"SahayShakti Corporate Suite: High-trust portfolio, floor-plan downloads, and direct investor inquiry funnel.",HOT (Zero Web Presence / High Revenue),Uncontacted
SST-REAL-ROH-0819,Lucky General Store,"Real Estate, Legal & Professional Corporate","Rohini Commercial Hub (Near Lat: 28.723, Lon: 77.169)",110085,"Rohini, Delhi",In-Person Walk-in / Listed in Local Market,NO OFFICIAL WEBSITE (High Vulnerability),Rs. 8.0 - 30.0 Lakhs/mo,"Rs. 25,000 - 2,50,000",Senior Partner / Managing Consultant,10:00 AM - 9:00 PM (Regular Business Hours),"SahayShakti Corporate Suite: High-trust portfolio, floor-plan downloads, and direct investor inquiry funnel.",HOT (Zero Web Presence / High Revenue),Uncontacted
SST-REAL-ROH-0820,New Simran Tailors,"Real Estate, Legal & Professional Corporate","Rohini Commercial Hub (Near Lat: 28.723, Lon: 77.169)",110085,"Rohini, Delhi",+91-8448-575-832;+91-888-237-4931,NO OFFICIAL WEBSITE (High Vulnerability),Rs. 8.0 - 30.0 Lakhs/mo,"Rs. 25,000 - 2,50,000",Senior Partner / Managing Consultant,10:00 AM - 9:00 PM (Regular Business Hours),"SahayShakti Corporate Suite: High-trust portfolio, floor-plan downloads, and direct investor inquiry funnel.",HOT (Zero Web Presence / High Revenue),Uncontacted
SST-REAL-ROH-0821,Muskaan Fruit Juice,"Real Estate, Legal & Professional Corporate","Rohini Commercial Hub (Near Lat: 28.730, Lon: 77.167)",110085,"Rohini, Delhi",In-Person Walk-in / Listed in Local Market,NO OFFICIAL WEBSITE (High Vulnerability),Rs. 8.0 - 30.0 Lakhs/mo,"Rs. 25,000 - 2,50,000",Senior Partner / Managing Consultant,10:00 AM - 9:00 PM (Regular Business Hours),"SahayShakti Corporate Suite: High-trust portfolio, floor-plan downloads, and direct investor inquiry funnel.",HOT (Zero Web Presence / High Revenue),Uncontacted
SST-REAL-ROH-0823,Praveen Kumar Sharma,"Real Estate, Legal & Professional Corporate",A-745  Bhalswa Dairy,110085,"Rohini, Delhi",+91-98916-18153;+91-98684-57296,NO OFFICIAL WEBSITE (High Vulnerability),Rs. 8.0 - 30.0 Lakhs/mo,"Rs. 25,000 - 2,50,000",Senior Partner / Managing Consultant,10:00 AM - 9:00 PM (Regular Business Hours),"SahayShakti Corporate Suite: High-trust portfolio, floor-plan downloads, and direct investor inquiry funnel.",HOT (Zero Web Presence / High Revenue),Uncontacted
SST-REAL-ROH-0824,SK Enterprises,"Real Estate, Legal & Professional Corporate",Bhalaswa Dairy,110042,"Rohini, Delhi",+91-83760-28579,NO OFFICIAL WEBSITE (High Vulnerability),Rs. 8.0 - 30.0 Lakhs/mo,"Rs. 25,000 - 2,50,000",Senior Partner / Managing Consultant,10:00 AM - 9:00 PM (Regular Business Hours),"SahayShakti Corporate Suite: High-trust portfolio, floor-plan downloads, and direct investor inquiry funnel.",HOT (Zero Web Presence / High Revenue),Uncontacted
SST-REAL-ROH-0826,Rohit Bhalla,"Real Estate, Legal & Professional Corporate",A-745  Bhalswa Dairy,110085,"Rohini, Delhi",+91-98916-18153;+91-98684-57296,NO OFFICIAL WEBSITE (High Vulnerability),Rs. 8.0 - 30.0 Lakhs/mo,"Rs. 25,000 - 2,50,000",Senior Partner / Managing Consultant,10:00 AM - 9:00 PM (Regular Business Hours),"SahayShakti Corporate Suite: High-trust portfolio, floor-plan downloads, and direct investor inquiry funnel.",HOT (Zero Web Presence / High Revenue),Uncontacted
SST-REAL-ROH-0828,Kavish Motors,"Real Estate, Legal & Professional Corporate",743;744  Bhalswa Dairy,110042,"Rohini, Delhi",In-Person Walk-in / Listed in Local Market,NO OFFICIAL WEBSITE (High Vulnerability),Rs. 8.0 - 30.0 Lakhs/mo,"Rs. 25,000 - 2,50,000",Senior Partner / Managing Consultant,10:00 AM - 9:00 PM (Regular Business Hours),"SahayShakti Corporate Suite: High-trust portfolio, floor-plan downloads, and direct investor inquiry funnel.",HOT (Zero Web Presence / High Revenue),Uncontacted
SST-REAL-ROH-0830,Akshay Garg,"Real Estate, Legal & Professional Corporate",A-745  Bhalswa Dairy,110085,"Rohini, Delhi",+91-98916-18153;+91-98684-57296,NO OFFICIAL WEBSITE (High Vulnerability),Rs. 8.0 - 30.0 Lakhs/mo,"Rs. 25,000 - 2,50,000",Senior Partner / Managing Consultant,10:00 AM - 9:00 PM (Regular Business Hours),"SahayShakti Corporate Suite: High-trust portfolio, floor-plan downloads, and direct investor inquiry funnel.",HOT (Zero Web Presence / High Revenue),Uncontacted
SST-REAL-ROH-0832,Shiv Pooja Dry Fruit Store,"Real Estate, Legal & Professional Corporate","Rohini Commercial Hub (Near Lat: 28.744, Lon: 77.160)",110085,"Rohini, Delhi",In-Person Walk-in / Listed in Local Market,NO OFFICIAL WEBSITE (High Vulnerability),Rs. 8.0 - 30.0 Lakhs/mo,"Rs. 25,000 - 2,50,000",Senior Partner / Managing Consultant,10:00 AM - 9:00 PM (Regular Business Hours),"SahayShakti Corporate Suite: High-trust portfolio, floor-plan downloads, and direct investor inquiry funnel.",HOT (Zero Web Presence / High Revenue),Uncontacted
SST-REAL-ROH-0833,Shiv Pooja Samagri Bhandar,"Real Estate, Legal & Professional Corporate","Rohini Commercial Hub (Near Lat: 28.744, Lon: 77.160)",110085,"Rohini, Delhi",In-Person Walk-in / Listed in Local Market,NO OFFICIAL WEBSITE (High Vulnerability),Rs. 8.0 - 30.0 Lakhs/mo,"Rs. 25,000 - 2,50,000",Senior Partner / Managing Consultant,10:00 AM - 9:00 PM (Regular Business Hours),"SahayShakti Corporate Suite: High-trust portfolio, floor-plan downloads, and direct investor inquiry funnel.",HOT (Zero Web Presence / High Revenue),Uncontacted
SST-REAL-ROH-0834,New Khan Dairy Paneer Supplier,"Real Estate, Legal & Professional Corporate",B-71 Shani Bazar Road Bhalaswa Dairy,110085,"Rohini, Delhi",+91-83683-00269;+91-9899-000-769,NO OFFICIAL WEBSITE (High Vulnerability),Rs. 8.0 - 30.0 Lakhs/mo,"Rs. 25,000 - 2,50,000",Senior Partner / Managing Consultant,10:00 AM - 9:00 PM (Regular Business Hours),"SahayShakti Corporate Suite: High-trust portfolio, floor-plan downloads, and direct investor inquiry funnel.",HOT (Zero Web Presence / High Revenue),Uncontacted
SST-REAL-ROH-0838,Khushi Store,"Real Estate, Legal & Professional Corporate","Rohini Commercial Hub (Near Lat: 28.743, Lon: 77.160)",110085,"Rohini, Delhi",In-Person Walk-in / Listed in Local Market,NO OFFICIAL WEBSITE (High Vulnerability),Rs. 8.0 - 30.0 Lakhs/mo,"Rs. 25,000 - 2,50,000",Senior Partner / Managing Consultant,10:00 AM - 9:00 PM (Regular Business Hours),"SahayShakti Corporate Suite: High-trust portfolio, floor-plan downloads, and direct investor inquiry funnel.",HOT (Zero Web Presence / High Revenue),Uncontacted
SST-REAL-ROH-0839,Sharma Ji,"Real Estate, Legal & Professional Corporate","Rohini Commercial Hub (Near Lat: 28.743, Lon: 77.160)",110085,"Rohini, Delhi",In-Person Walk-in / Listed in Local Market,NO OFFICIAL WEBSITE (High Vulnerability),Rs. 8.0 - 30.0 Lakhs/mo,"Rs. 25,000 - 2,50,000",Senior Partner / Managing Consultant,10:00 AM - 9:00 PM (Regular Business Hours),"SahayShakti Corporate Suite: High-trust portfolio, floor-plan downloads, and direct investor inquiry funnel.",HOT (Zero Web Presence / High Revenue),Uncontacted
SST-REAL-ROH-0843,RC Enterprises,"Real Estate, Legal & Professional Corporate",3  Bhalaswa Dairy,110042,"Rohini, Delhi",+91-92125-04430;+91-88103-67809,NO OFFICIAL WEBSITE (High Vulnerability),Rs. 8.0 - 30.0 Lakhs/mo,"Rs. 25,000 - 2,50,000",Senior Partner / Managing Consultant,10:00 AM - 9:00 PM (Regular Business Hours),"SahayShakti Corporate Suite: High-trust portfolio, floor-plan downloads, and direct investor inquiry funnel.",HOT (Zero Web Presence / High Revenue),Uncontacted
SST-REAL-ROH-0844,New Santosh Electronics,"Real Estate, Legal & Professional Corporate",D-57  Bhalaswa Dairy,110042,"Rohini, Delhi",+91-97110-58093;+91-72103-25709,NO OFFICIAL WEBSITE (High Vulnerability),Rs. 8.0 - 30.0 Lakhs/mo,"Rs. 25,000 - 2,50,000",Senior Partner / Managing Consultant,10:00 AM - 9:00 PM (Regular Business Hours),"SahayShakti Corporate Suite: High-trust portfolio, floor-plan downloads, and direct investor inquiry funnel.",HOT (Zero Web Presence / High Revenue),Uncontacted
SST-REAL-ROH-0845,Vijay Footwear,"Real Estate, Legal & Professional Corporate",D-57  Bhalaswa Dairy,110042,"Rohini, Delhi",+91-97179-32859;+91-72103-25709,NO OFFICIAL WEBSITE (High Vulnerability),Rs. 8.0 - 30.0 Lakhs/mo,"Rs. 25,000 - 2,50,000",Senior Partner / Managing Consultant,10:00 AM - 9:00 PM (Regular Business Hours),"SahayShakti Corporate Suite: High-trust portfolio, floor-plan downloads, and direct investor inquiry funnel.",HOT (Zero Web Presence / High Revenue),Uncontacted
SST-REAL-ROH-0846,Shri Banke Bihari Electricals,"Real Estate, Legal & Professional Corporate","Rohini Commercial Hub (Near Lat: 28.742, Lon: 77.161)",110085,"Rohini, Delhi",+91-98732-60120,NO OFFICIAL WEBSITE (High Vulnerability),Rs. 8.0 - 30.0 Lakhs/mo,"Rs. 25,000 - 2,50,000",Senior Partner / Managing Consultant,10:00 AM - 9:00 PM (Regular Business Hours),"SahayShakti Corporate Suite: High-trust portfolio, floor-plan downloads, and direct investor inquiry funnel.",HOT (Zero Web Presence / High Revenue),Uncontacted
SST-REAL-ROH-0851,Om Sai General Store,"Real Estate, Legal & Professional Corporate","Rohini Commercial Hub (Near Lat: 28.747, Lon: 77.160)",110085,"Rohini, Delhi",In-Person Walk-in / Listed in Local Market,NO OFFICIAL WEBSITE (High Vulnerability),Rs. 8.0 - 30.0 Lakhs/mo,"Rs. 25,000 - 2,50,000",Senior Partner / Managing Consultant,10:00 AM - 9:00 PM (Regular Business Hours),"SahayShakti Corporate Suite: High-trust portfolio, floor-plan downloads, and direct investor inquiry funnel.",HOT (Zero Web Presence / High Revenue),Uncontacted
SST-REAL-ROH-0852,Seva Shakti Kendra,"Real Estate, Legal & Professional Corporate","Rohini Commercial Hub (Near Lat: 28.747, Lon: 77.159)",110085,"Rohini, Delhi",In-Person Walk-in / Listed in Local Market,NO OFFICIAL WEBSITE (High Vulnerability),Rs. 8.0 - 30.0 Lakhs/mo,"Rs. 25,000 - 2,50,000",Senior Partner / Managing Consultant,10:00 AM - 9:00 PM (Regular Business Hours),"SahayShakti Corporate Suite: High-trust portfolio, floor-plan downloads, and direct investor inquiry funnel.",HOT (Zero Web Presence / High Revenue),Uncontacted
SST-REAL-ROH-0853,Sonu Mobile Center,"Real Estate, Legal & Professional Corporate","Rohini Commercial Hub (Near Lat: 28.747, Lon: 77.157)",110085,"Rohini, Delhi",In-Person Walk-in / Listed in Local Market,NO OFFICIAL WEBSITE (High Vulnerability),Rs. 8.0 - 30.0 Lakhs/mo,"Rs. 25,000 - 2,50,000",Senior Partner / Managing Consultant,10:00 AM - 9:00 PM (Regular Business Hours),"SahayShakti Corporate Suite: High-trust portfolio, floor-plan downloads, and direct investor inquiry funnel.",HOT (Zero Web Presence / High Revenue),Uncontacted
SST-REAL-ROH-0854,Guddu Juice & Shakes,"Real Estate, Legal & Professional Corporate","Rohini Commercial Hub (Near Lat: 28.747, Lon: 77.160)",110085,"Rohini, Delhi",In-Person Walk-in / Listed in Local Market,NO OFFICIAL WEBSITE (High Vulnerability),Rs. 8.0 - 30.0 Lakhs/mo,"Rs. 25,000 - 2,50,000",Senior Partner / Managing Consultant,10:00 AM - 9:00 PM (Regular Business Hours),"SahayShakti Corporate Suite: High-trust portfolio, floor-plan downloads, and direct investor inquiry funnel.",HOT (Zero Web Presence / High Revenue),Uncontacted
SST-REAL-ROH-0860,Krishna General Store,"Real Estate, Legal & Professional Corporate","Rohini Commercial Hub (Near Lat: 28.713, Lon: 77.178)",110085,"Rohini, Delhi",In-Person Walk-in / Listed in Local Market,NO OFFICIAL WEBSITE (High Vulnerability),Rs. 8.0 - 30.0 Lakhs/mo,"Rs. 25,000 - 2,50,000",Senior Partner / Managing Consultant,10:00 AM - 9:00 PM (Regular Business Hours),"SahayShakti Corporate Suite: High-trust portfolio, floor-plan downloads, and direct investor inquiry funnel.",HOT (Zero Web Presence / High Revenue),Uncontacted
SST-REAL-ROH-0861,Saini Store,"Real Estate, Legal & Professional Corporate","Rohini Commercial Hub (Near Lat: 28.713, Lon: 77.178)",110085,"Rohini, Delhi",In-Person Walk-in / Listed in Local Market,NO OFFICIAL WEBSITE (High Vulnerability),Rs. 8.0 - 30.0 Lakhs/mo,"Rs. 25,000 - 2,50,000",Senior Partner / Managing Consultant,10:00 AM - 9:00 PM (Regular Business Hours),"SahayShakti Corporate Suite: High-trust portfolio, floor-plan downloads, and direct investor inquiry funnel.",HOT (Zero Web Presence / High Revenue),Uncontacted
SST-REAL-ROH-0862,RK Yadav Properties,"Real Estate, Legal & Professional Corporate","Rohini Commercial Hub (Near Lat: 28.747, Lon: 77.153)",110085,"Rohini, Delhi",In-Person Walk-in / Listed in Local Market,NO OFFICIAL WEBSITE (High Vulnerability),Rs. 8.0 - 30.0 Lakhs/mo,"Rs. 25,000 - 2,50,000",Senior Partner / Managing Consultant,10:00 AM - 9:00 PM (Regular Business Hours),"SahayShakti Corporate Suite: High-trust portfolio, floor-plan downloads, and direct investor inquiry funnel.",HOT (Zero Web Presence / High Revenue),Uncontacted
SST-REAL-ROH-0863,Guru Ji Property Dealer & Building Material Supplier,"Real Estate, Legal & Professional Corporate",Gali Number 5,110085,"Rohini, Delhi",+91-991166-3694;+91-991100-3694,NO OFFICIAL WEBSITE (High Vulnerability),Rs. 8.0 - 30.0 Lakhs/mo,"Rs. 25,000 - 2,50,000",Senior Partner / Managing Consultant,10:00 AM - 9:00 PM (Regular Business Hours),"SahayShakti Corporate Suite: High-trust portfolio, floor-plan downloads, and direct investor inquiry funnel.",HOT (Zero Web Presence / High Revenue),Uncontacted
SST-REAL-ROH-0864,Ankush Electricals,"Real Estate, Legal & Professional Corporate",Gali Number 5,110042,"Rohini, Delhi",+91-98733-68344;+91-80766-22325,NO OFFICIAL WEBSITE (High Vulnerability),Rs. 8.0 - 30.0 Lakhs/mo,"Rs. 25,000 - 2,50,000",Senior Partner / Managing Consultant,10:00 AM - 9:00 PM (Regular Business Hours),"SahayShakti Corporate Suite: High-trust portfolio, floor-plan downloads, and direct investor inquiry funnel.",HOT (Zero Web Presence / High Revenue),Uncontacted
SST-REAL-ROH-0865,Shani Mandir,"Real Estate, Legal & Professional Corporate","Rohini Commercial Hub (Near Lat: 28.750, Lon: 77.152)",110085,"Rohini, Delhi",In-Person Walk-in / Listed in Local Market,NO OFFICIAL WEBSITE (High Vulnerability),Rs. 8.0 - 30.0 Lakhs/mo,"Rs. 25,000 - 2,50,000",Senior Partner / Managing Consultant,10:00 AM - 9:00 PM (Regular Business Hours),"SahayShakti Corporate Suite: High-trust portfolio, floor-plan downloads, and direct investor inquiry funnel.",HOT (Zero Web Presence / High Revenue),Uncontacted
SST-REAL-ROH-0866,Radhakrishna Mandir,"Real Estate, Legal & Professional Corporate","Rohini Commercial Hub (Near Lat: 28.749, Lon: 77.152)",110085,"Rohini, Delhi",In-Person Walk-in / Listed in Local Market,NO OFFICIAL WEBSITE (High Vulnerability),Rs. 8.0 - 30.0 Lakhs/mo,"Rs. 25,000 - 2,50,000",Senior Partner / Managing Consultant,10:00 AM - 9:00 PM (Regular Business Hours),"SahayShakti Corporate Suite: High-trust portfolio, floor-plan downloads, and direct investor inquiry funnel.",HOT (Zero Web Presence / High Revenue),Uncontacted
SST-REAL-ROH-0867,Sagar Tent House,"Real Estate, Legal & Professional Corporate",Tandoor Wali Gali Bhalswa Dairy,110085,"Rohini, Delhi",+91-87458-59086,NO OFFICIAL WEBSITE (High Vulnerability),Rs. 8.0 - 30.0 Lakhs/mo,"Rs. 25,000 - 2,50,000",Senior Partner / Managing Consultant,10:00 AM - 9:00 PM (Regular Business Hours),"SahayShakti Corporate Suite: High-trust portfolio, floor-plan downloads, and direct investor inquiry funnel.",HOT (Zero Web Presence / High Revenue),Uncontacted
SST-REAL-ROH-0868,Jai Shri Ram Pyau,"Real Estate, Legal & Professional Corporate","Rohini Commercial Hub (Near Lat: 28.751, Lon: 77.160)",110085,"Rohini, Delhi",In-Person Walk-in / Listed in Local Market,NO OFFICIAL WEBSITE (High Vulnerability),Rs. 8.0 - 30.0 Lakhs/mo,"Rs. 25,000 - 2,50,000",Senior Partner / Managing Consultant,10:00 AM - 9:00 PM (Regular Business Hours),"SahayShakti Corporate Suite: High-trust portfolio, floor-plan downloads, and direct investor inquiry funnel.",HOT (Zero Web Presence / High Revenue),Uncontacted
SST-REAL-ROH-0869,Deepak Store,"Real Estate, Legal & Professional Corporate","Rohini Commercial Hub (Near Lat: 28.751, Lon: 77.158)",110085,"Rohini, Delhi",In-Person Walk-in / Listed in Local Market,NO OFFICIAL WEBSITE (High Vulnerability),Rs. 8.0 - 30.0 Lakhs/mo,"Rs. 25,000 - 2,50,000",Senior Partner / Managing Consultant,10:00 AM - 9:00 PM (Regular Business Hours),"SahayShakti Corporate Suite: High-trust portfolio, floor-plan downloads, and direct investor inquiry funnel.",HOT (Zero Web Presence / High Revenue),Uncontacted
SST-REAL-ROH-0872,Sanjay Water Supply,"Real Estate, Legal & Professional Corporate","Rohini Commercial Hub (Near Lat: 28.746, Lon: 77.161)",110085,"Rohini, Delhi",In-Person Walk-in / Listed in Local Market,NO OFFICIAL WEBSITE (High Vulnerability),Rs. 8.0 - 30.0 Lakhs/mo,"Rs. 25,000 - 2,50,000",Senior Partner / Managing Consultant,10:00 AM - 9:00 PM (Regular Business Hours),"SahayShakti Corporate Suite: High-trust portfolio, floor-plan downloads, and direct investor inquiry funnel.",HOT (Zero Web Presence / High Revenue),Uncontacted
SST-REAL-ROH-0874,Mother Dairy,"Real Estate, Legal & Professional Corporate","Rohini Commercial Hub (Near Lat: 28.746, Lon: 77.162)",110085,"Rohini, Delhi",In-Person Walk-in / Listed in Local Market,NO OFFICIAL WEBSITE (High Vulnerability),Rs. 8.0 - 30.0 Lakhs/mo,"Rs. 25,000 - 2,50,000",Senior Partner / Managing Consultant,10:00 AM - 9:00 PM (Regular Business Hours),"SahayShakti Corporate Suite: High-trust portfolio, floor-plan downloads, and direct investor inquiry funnel.",HOT (Zero Web Presence / High Revenue),Uncontacted
SST-REAL-ROH-0875,Umeed Ki Kiran Community Room,"Real Estate, Legal & Professional Corporate",1537  Jahangirpuri,110085,"Rohini, Delhi",+91-11-2764-2481,https://ukkdelhi.org/,Rs. 8.0 - 30.0 Lakhs/mo,"Rs. 25,000 - 2,50,000",Senior Partner / Managing Consultant,10:00 AM - 9:00 PM (Regular Business Hours),"SahayShakti Corporate Suite: High-trust portfolio, floor-plan downloads, and direct investor inquiry funnel.",Warm (Needs Modern Revamp),Uncontacted
SST-REAL-ROH-0876,Room Rent Rohini Marga,"Real Estate, Legal & Professional Corporate","Rohini Commercial Hub (Near Lat: 28.717, Lon: 77.108)",110085,"Rohini, Delhi",In-Person Walk-in / Listed in Local Market,NO OFFICIAL WEBSITE (High Vulnerability),Rs. 8.0 - 30.0 Lakhs/mo,"Rs. 25,000 - 2,50,000",Senior Partner / Managing Consultant,10:00 AM - 9:00 PM (Regular Business Hours),"SahayShakti Corporate Suite: High-trust portfolio, floor-plan downloads, and direct investor inquiry funnel.",HOT (Zero Web Presence / High Revenue),Uncontacted
SST-REAL-ROH-0877,Magnet drycleaners,"Real Estate, Legal & Professional Corporate",A-638,110085,"Rohini, Delhi",In-Person Walk-in / Listed in Local Market,NO OFFICIAL WEBSITE (High Vulnerability),Rs. 8.0 - 30.0 Lakhs/mo,"Rs. 25,000 - 2,50,000",Senior Partner / Managing Consultant,10:00 AM - 9:00 PM (Regular Business Hours),"SahayShakti Corporate Suite: High-trust portfolio, floor-plan downloads, and direct investor inquiry funnel.",HOT (Zero Web Presence / High Revenue),Uncontacted
SST-REAL-ROH-0878,Heena Electronics and Electricals,"Real Estate, Legal & Professional Corporate","Rohini Commercial Hub (Near Lat: 28.742, Lon: 77.161)",110085,"Rohini, Delhi",In-Person Walk-in / Listed in Local Market,NO OFFICIAL WEBSITE (High Vulnerability),Rs. 8.0 - 30.0 Lakhs/mo,"Rs. 25,000 - 2,50,000",Senior Partner / Managing Consultant,10:00 AM - 9:00 PM (Regular Business Hours),"SahayShakti Corporate Suite: High-trust portfolio, floor-plan downloads, and direct investor inquiry funnel.",HOT (Zero Web Presence / High Revenue),Uncontacted
SST-REAL-ROH-0879,Safal,"Real Estate, Legal & Professional Corporate",Sector 23 Road,110085,"Rohini, Delhi",In-Person Walk-in / Listed in Local Market,NO OFFICIAL WEBSITE (High Vulnerability),Rs. 8.0 - 30.0 Lakhs/mo,"Rs. 25,000 - 2,50,000",Senior Partner / Managing Consultant,10:00 AM - 9:00 PM (Regular Business Hours),"SahayShakti Corporate Suite: High-trust portfolio, floor-plan downloads, and direct investor inquiry funnel.",HOT (Zero Web Presence / High Revenue),Uncontacted
SST-REAL-ROH-0880,The Super Market,"Real Estate, Legal & Professional Corporate",Sector 23 Road,110085,"Rohini, Delhi",In-Person Walk-in / Listed in Local Market,NO OFFICIAL WEBSITE (High Vulnerability),Rs. 8.0 - 30.0 Lakhs/mo,"Rs. 25,000 - 2,50,000",Senior Partner / Managing Consultant,10:00 AM - 9:00 PM (Regular Business Hours),"SahayShakti Corporate Suite: High-trust portfolio, floor-plan downloads, and direct investor inquiry funnel.",HOT (Zero Web Presence / High Revenue),Uncontacted
SST-REAL-ROH-0881,State Bank of India,"Real Estate, Legal & Professional Corporate","Rohini Commercial Hub (Near Lat: 28.733, Lon: 77.088)",110085,"Rohini, Delhi",In-Person Walk-in / Listed in Local Market,NO OFFICIAL WEBSITE (High Vulnerability),Rs. 8.0 - 30.0 Lakhs/mo,"Rs. 25,000 - 2,50,000",Senior Partner / Managing Consultant,10:00 AM - 9:00 PM (Regular Business Hours),"SahayShakti Corporate Suite: High-trust portfolio, floor-plan downloads, and direct investor inquiry funnel.",HOT (Zero Web Presence / High Revenue),Uncontacted
SST-REAL-ROH-0882,Jockey,"Real Estate, Legal & Professional Corporate",Sector 23 Road,110085,"Rohini, Delhi",In-Person Walk-in / Listed in Local Market,NO OFFICIAL WEBSITE (High Vulnerability),Rs. 8.0 - 30.0 Lakhs/mo,"Rs. 25,000 - 2,50,000",Senior Partner / Managing Consultant,10:00 AM - 9:00 PM (Regular Business Hours),"SahayShakti Corporate Suite: High-trust portfolio, floor-plan downloads, and direct investor inquiry funnel.",HOT (Zero Web Presence / High Revenue),Uncontacted
SST-REAL-ROH-0884,Mother Dairy,"Real Estate, Legal & Professional Corporate","Rohini Commercial Hub (Near Lat: 28.725, Lon: 77.082)",110085,"Rohini, Delhi",In-Person Walk-in / Listed in Local Market,NO OFFICIAL WEBSITE (High Vulnerability),Rs. 8.0 - 30.0 Lakhs/mo,"Rs. 25,000 - 2,50,000",Senior Partner / Managing Consultant,10:00 AM - 9:00 PM (Regular Business Hours),"SahayShakti Corporate Suite: High-trust portfolio, floor-plan downloads, and direct investor inquiry funnel.",HOT (Zero Web Presence / High Revenue),Uncontacted
SST-REAL-ROH-0886,Vineet Store,"Real Estate, Legal & Professional Corporate","Rohini Commercial Hub (Near Lat: 28.748, Lon: 77.165)",110085,"Rohini, Delhi",+91-99584-89302,NO OFFICIAL WEBSITE (High Vulnerability),Rs. 8.0 - 30.0 Lakhs/mo,"Rs. 25,000 - 2,50,000",Senior Partner / Managing Consultant,10:00 AM - 9:00 PM (Regular Business Hours),"SahayShakti Corporate Suite: High-trust portfolio, floor-plan downloads, and direct investor inquiry funnel.",HOT (Zero Web Presence / High Revenue),Uncontacted
SST-REAL-ROH-0887,Mosa Properties,"Real Estate, Legal & Professional Corporate",Bhalaswa Dairy,110042,"Rohini, Delhi",+91-93123-38279,NO OFFICIAL WEBSITE (High Vulnerability),Rs. 8.0 - 30.0 Lakhs/mo,"Rs. 25,000 - 2,50,000",Senior Partner / Managing Consultant,10:00 AM - 9:00 PM (Regular Business Hours),"SahayShakti Corporate Suite: High-trust portfolio, floor-plan downloads, and direct investor inquiry funnel.",HOT (Zero Web Presence / High Revenue),Uncontacted
SST-REAL-ROH-0888,Sharma Associates,"Real Estate, Legal & Professional Corporate",86 Gali Number 1 Bhalswa Dairy,110042,"Rohini, Delhi",+91-99102-89150,NO OFFICIAL WEBSITE (High Vulnerability),Rs. 8.0 - 30.0 Lakhs/mo,"Rs. 25,000 - 2,50,000",Senior Partner / Managing Consultant,10:00 AM - 9:00 PM (Regular Business Hours),"SahayShakti Corporate Suite: High-trust portfolio, floor-plan downloads, and direct investor inquiry funnel.",HOT (Zero Web Presence / High Revenue),Uncontacted
SST-REAL-ROH-0890,Decathlon,"Real Estate, Legal & Professional Corporate","Rohini Commercial Hub (Near Lat: 28.724, Lon: 77.113)",110085,"Rohini, Delhi",In-Person Walk-in / Listed in Local Market,NO OFFICIAL WEBSITE (High Vulnerability),Rs. 8.0 - 30.0 Lakhs/mo,"Rs. 25,000 - 2,50,000",Senior Partner / Managing Consultant,10:00 AM - 9:00 PM (Regular Business Hours),"SahayShakti Corporate Suite: High-trust portfolio, floor-plan downloads, and direct investor inquiry funnel.",HOT (Zero Web Presence / High Revenue),Uncontacted
SST-REAL-ROH-0891,Gupta Store,"Real Estate, Legal & Professional Corporate","Rohini Commercial Hub (Near Lat: 28.760, Lon: 77.177)",110085,"Rohini, Delhi",In-Person Walk-in / Listed in Local Market,NO OFFICIAL WEBSITE (High Vulnerability),Rs. 8.0 - 30.0 Lakhs/mo,"Rs. 25,000 - 2,50,000",Senior Partner / Managing Consultant,10:00 AM - 9:00 PM (Regular Business Hours),"SahayShakti Corporate Suite: High-trust portfolio, floor-plan downloads, and direct investor inquiry funnel.",HOT (Zero Web Presence / High Revenue),Uncontacted
SST-REAL-ROH-0892,Gupta Provision Store,"Real Estate, Legal & Professional Corporate","Rohini Commercial Hub (Near Lat: 28.761, Lon: 77.175)",110085,"Rohini, Delhi",In-Person Walk-in / Listed in Local Market,NO OFFICIAL WEBSITE (High Vulnerability),Rs. 8.0 - 30.0 Lakhs/mo,"Rs. 25,000 - 2,50,000",Senior Partner / Managing Consultant,10:00 AM - 9:00 PM (Regular Business Hours),"SahayShakti Corporate Suite: High-trust portfolio, floor-plan downloads, and direct investor inquiry funnel.",HOT (Zero Web Presence / High Revenue),Uncontacted
SST-REAL-ROH-0893,Radha Krishna Mandir,"Real Estate, Legal & Professional Corporate","Rohini Commercial Hub (Near Lat: 28.761, Lon: 77.176)",110085,"Rohini, Delhi",In-Person Walk-in / Listed in Local Market,NO OFFICIAL WEBSITE (High Vulnerability),Rs. 8.0 - 30.0 Lakhs/mo,"Rs. 25,000 - 2,50,000",Senior Partner / Managing Consultant,10:00 AM - 9:00 PM (Regular Business Hours),"SahayShakti Corporate Suite: High-trust portfolio, floor-plan downloads, and direct investor inquiry funnel.",HOT (Zero Web Presence / High Revenue),Uncontacted
SST-REAL-ROH-0894,Vikash General Store,"Real Estate, Legal & Professional Corporate","Rohini Commercial Hub (Near Lat: 28.760, Lon: 77.176)",110085,"Rohini, Delhi",In-Person Walk-in / Listed in Local Market,NO OFFICIAL WEBSITE (High Vulnerability),Rs. 8.0 - 30.0 Lakhs/mo,"Rs. 25,000 - 2,50,000",Senior Partner / Managing Consultant,10:00 AM - 9:00 PM (Regular Business Hours),"SahayShakti Corporate Suite: High-trust portfolio, floor-plan downloads, and direct investor inquiry funnel.",HOT (Zero Web Presence / High Revenue),Uncontacted
SST-REAL-ROH-0895,Ravinder Singh Property Dealer,"Real Estate, Legal & Professional Corporate",Shani Bazar Road,110042,"Rohini, Delhi",+91-70538-55951;+91-70658-17882,NO OFFICIAL WEBSITE (High Vulnerability),Rs. 8.0 - 30.0 Lakhs/mo,"Rs. 25,000 - 2,50,000",Senior Partner / Managing Consultant,10:00 AM - 9:00 PM (Regular Business Hours),"SahayShakti Corporate Suite: High-trust portfolio, floor-plan downloads, and direct investor inquiry funnel.",HOT (Zero Web Presence / High Revenue),Uncontacted
SST-REAL-ROH-0896,Ansh Associates,"Real Estate, Legal & Professional Corporate",33 Foota Road,110042,"Rohini, Delhi",+91-85889-52329,NO OFFICIAL WEBSITE (High Vulnerability),Rs. 8.0 - 30.0 Lakhs/mo,"Rs. 25,000 - 2,50,000",Senior Partner / Managing Consultant,10:00 AM - 9:00 PM (Regular Business Hours),"SahayShakti Corporate Suite: High-trust portfolio, floor-plan downloads, and direct investor inquiry funnel.",HOT (Zero Web Presence / High Revenue),Uncontacted
SST-REAL-ROH-0898,Himalayan Engineering Services,"Real Estate, Legal & Professional Corporate",463;464  Bhalaswa Dairy,110042,"Rohini, Delhi",+91-88022-86577;+91-82873-91431,NO OFFICIAL WEBSITE (High Vulnerability),Rs. 8.0 - 30.0 Lakhs/mo,"Rs. 25,000 - 2,50,000",Senior Partner / Managing Consultant,10:00 AM - 9:00 PM (Regular Business Hours),"SahayShakti Corporate Suite: High-trust portfolio, floor-plan downloads, and direct investor inquiry funnel.",HOT (Zero Web Presence / High Revenue),Uncontacted
SST-REAL-ROH-0900,Muskan Store,"Real Estate, Legal & Professional Corporate","Rohini Commercial Hub (Near Lat: 28.746, Lon: 77.162)",110085,"Rohini, Delhi",In-Person Walk-in / Listed in Local Market,NO OFFICIAL WEBSITE (High Vulnerability),Rs. 8.0 - 30.0 Lakhs/mo,"Rs. 25,000 - 2,50,000",Senior Partner / Managing Consultant,10:00 AM - 9:00 PM (Regular Business Hours),"SahayShakti Corporate Suite: High-trust portfolio, floor-plan downloads, and direct investor inquiry funnel.",HOT (Zero Web Presence / High Revenue),Uncontacted
SST-REAL-ROH-0905,Mahira Designer Boutique,"Real Estate, Legal & Professional Corporate",251  Adarsh Nagar,110033,"Rohini, Delhi",In-Person Walk-in / Listed in Local Market,NO OFFICIAL WEBSITE (High Vulnerability),Rs. 8.0 - 30.0 Lakhs/mo,"Rs. 25,000 - 2,50,000",Senior Partner / Managing Consultant,10:00 AM - 9:00 PM (Regular Business Hours),"SahayShakti Corporate Suite: High-trust portfolio, floor-plan downloads, and direct investor inquiry funnel.",HOT (Zero Web Presence / High Revenue),Uncontacted
SST-REAL-ROH-0906,Shivam Girdhar,"Real Estate, Legal & Professional Corporate","Rohini Commercial Hub (Near Lat: 28.716, Lon: 77.174)",110085,"Rohini, Delhi",+91-70111-98436,NO OFFICIAL WEBSITE (High Vulnerability),Rs. 8.0 - 30.0 Lakhs/mo,"Rs. 25,000 - 2,50,000",Senior Partner / Managing Consultant,10:00 AM - 9:00 PM (Regular Business Hours),"SahayShakti Corporate Suite: High-trust portfolio, floor-plan downloads, and direct investor inquiry funnel.",HOT (Zero Web Presence / High Revenue),Uncontacted
SST-REAL-ROH-0907,Shri Krishna Handloom,"Real Estate, Legal & Professional Corporate",11  Adarsh Nagar,110033,"Rohini, Delhi",+91-93101-35656,NO OFFICIAL WEBSITE (High Vulnerability),Rs. 8.0 - 30.0 Lakhs/mo,"Rs. 25,000 - 2,50,000",Senior Partner / Managing Consultant,10:00 AM - 9:00 PM (Regular Business Hours),"SahayShakti Corporate Suite: High-trust portfolio, floor-plan downloads, and direct investor inquiry funnel.",HOT (Zero Web Presence / High Revenue),Uncontacted
SST-REAL-ROH-0908,Only Brands,"Real Estate, Legal & Professional Corporate",11,110033,"Rohini, Delhi",+91-82871-91121;+91-95280-57699,NO OFFICIAL WEBSITE (High Vulnerability),Rs. 8.0 - 30.0 Lakhs/mo,"Rs. 25,000 - 2,50,000",Senior Partner / Managing Consultant,10:00 AM - 9:00 PM (Regular Business Hours),"SahayShakti Corporate Suite: High-trust portfolio, floor-plan downloads, and direct investor inquiry funnel.",HOT (Zero Web Presence / High Revenue),Uncontacted
SST-REAL-ROH-0910,Naurangi Lal Electricals,"Real Estate, Legal & Professional Corporate",30 Foota Road Bhalswa Dairy,110042,"Rohini, Delhi",+91-98912-86761,NO OFFICIAL WEBSITE (High Vulnerability),Rs. 8.0 - 30.0 Lakhs/mo,"Rs. 25,000 - 2,50,000",Senior Partner / Managing Consultant,10:00 AM - 9:00 PM (Regular Business Hours),"SahayShakti Corporate Suite: High-trust portfolio, floor-plan downloads, and direct investor inquiry funnel.",HOT (Zero Web Presence / High Revenue),Uncontacted
SST-REAL-ROH-0912,Bunty Tailor,"Real Estate, Legal & Professional Corporate",Gali Number 7,110085,"Rohini, Delhi",+91-97179-32914,NO OFFICIAL WEBSITE (High Vulnerability),Rs. 8.0 - 30.0 Lakhs/mo,"Rs. 25,000 - 2,50,000",Senior Partner / Managing Consultant,10:00 AM - 9:00 PM (Regular Business Hours),"SahayShakti Corporate Suite: High-trust portfolio, floor-plan downloads, and direct investor inquiry funnel.",HOT (Zero Web Presence / High Revenue),Uncontacted
SST-REAL-ROH-0914,Shiv Dairy,"Real Estate, Legal & Professional Corporate","Rohini Commercial Hub (Near Lat: 28.759, Lon: 77.179)",110085,"Rohini, Delhi",In-Person Walk-in / Listed in Local Market,NO OFFICIAL WEBSITE (High Vulnerability),Rs. 8.0 - 30.0 Lakhs/mo,"Rs. 25,000 - 2,50,000",Senior Partner / Managing Consultant,10:00 AM - 9:00 PM (Regular Business Hours),"SahayShakti Corporate Suite: High-trust portfolio, floor-plan downloads, and direct investor inquiry funnel.",HOT (Zero Web Presence / High Revenue),Uncontacted
SST-REAL-ROH-0915,Smart Bazaar,"Real Estate, Legal & Professional Corporate","Rohini Commercial Hub (Near Lat: 28.719, Lon: 77.113)",110085,"Rohini, Delhi",In-Person Walk-in / Listed in Local Market,NO OFFICIAL WEBSITE (High Vulnerability),Rs. 8.0 - 30.0 Lakhs/mo,"Rs. 25,000 - 2,50,000",Senior Partner / Managing Consultant,10:00 AM - 9:00 PM (Regular Business Hours),"SahayShakti Corporate Suite: High-trust portfolio, floor-plan downloads, and direct investor inquiry funnel.",HOT (Zero Web Presence / High Revenue),Uncontacted
SST-REAL-ROH-0916,Lifestyle,"Real Estate, Legal & Professional Corporate","Rohini Commercial Hub (Near Lat: 28.717, Lon: 77.114)",110085,"Rohini, Delhi",In-Person Walk-in / Listed in Local Market,NO OFFICIAL WEBSITE (High Vulnerability),Rs. 8.0 - 30.0 Lakhs/mo,"Rs. 25,000 - 2,50,000",Senior Partner / Managing Consultant,10:00 AM - 9:00 PM (Regular Business Hours),"SahayShakti Corporate Suite: High-trust portfolio, floor-plan downloads, and direct investor inquiry funnel.",HOT (Zero Web Presence / High Revenue),Uncontacted
SST-REAL-ROH-0918,Shri Radhe Krishna General Store,"Real Estate, Legal & Professional Corporate","Rohini Commercial Hub (Near Lat: 28.746, Lon: 77.162)",110085,"Rohini, Delhi",In-Person Walk-in / Listed in Local Market,NO OFFICIAL WEBSITE (High Vulnerability),Rs. 8.0 - 30.0 Lakhs/mo,"Rs. 25,000 - 2,50,000",Senior Partner / Managing Consultant,10:00 AM - 9:00 PM (Regular Business Hours),"SahayShakti Corporate Suite: High-trust portfolio, floor-plan downloads, and direct investor inquiry funnel.",HOT (Zero Web Presence / High Revenue),Uncontacted
SST-REAL-ROH-0919,Om Electronics,"Real Estate, Legal & Professional Corporate","Rohini Commercial Hub (Near Lat: 28.747, Lon: 77.162)",110085,"Rohini, Delhi",In-Person Walk-in / Listed in Local Market,NO OFFICIAL WEBSITE (High Vulnerability),Rs. 8.0 - 30.0 Lakhs/mo,"Rs. 25,000 - 2,50,000",Senior Partner / Managing Consultant,10:00 AM - 9:00 PM (Regular Business Hours),"SahayShakti Corporate Suite: High-trust portfolio, floor-plan downloads, and direct investor inquiry funnel.",HOT (Zero Web Presence / High Revenue),Uncontacted
SST-REAL-ROH-0920,Ramesh Jewellers,"Real Estate, Legal & Professional Corporate","Rohini Commercial Hub (Near Lat: 28.733, Lon: 77.164)",110085,"Rohini, Delhi",In-Person Walk-in / Listed in Local Market,NO OFFICIAL WEBSITE (High Vulnerability),Rs. 8.0 - 30.0 Lakhs/mo,"Rs. 25,000 - 2,50,000",Senior Partner / Managing Consultant,10:00 AM - 9:00 PM (Regular Business Hours),"SahayShakti Corporate Suite: High-trust portfolio, floor-plan downloads, and direct investor inquiry funnel.",HOT (Zero Web Presence / High Revenue),Uncontacted
SST-REAL-ROH-0923,Parm Stationery Shop,"Real Estate, Legal & Professional Corporate","Rohini Commercial Hub (Near Lat: 28.750, Lon: 77.175)",110085,"Rohini, Delhi",In-Person Walk-in / Listed in Local Market,NO OFFICIAL WEBSITE (High Vulnerability),Rs. 8.0 - 30.0 Lakhs/mo,"Rs. 25,000 - 2,50,000",Senior Partner / Managing Consultant,10:00 AM - 9:00 PM (Regular Business Hours),"SahayShakti Corporate Suite: High-trust portfolio, floor-plan downloads, and direct investor inquiry funnel.",HOT (Zero Web Presence / High Revenue),Uncontacted
SST-REAL-ROH-0924,Reet Collection,"Real Estate, Legal & Professional Corporate","Rohini Commercial Hub (Near Lat: 28.750, Lon: 77.175)",110085,"Rohini, Delhi",In-Person Walk-in / Listed in Local Market,NO OFFICIAL WEBSITE (High Vulnerability),Rs. 8.0 - 30.0 Lakhs/mo,"Rs. 25,000 - 2,50,000",Senior Partner / Managing Consultant,10:00 AM - 9:00 PM (Regular Business Hours),"SahayShakti Corporate Suite: High-trust portfolio, floor-plan downloads, and direct investor inquiry funnel.",HOT (Zero Web Presence / High Revenue),Uncontacted
SST-REAL-ROH-0925,Mother Dairy,"Real Estate, Legal & Professional Corporate","Rohini Commercial Hub (Near Lat: 28.751, Lon: 77.175)",110085,"Rohini, Delhi",In-Person Walk-in / Listed in Local Market,NO OFFICIAL WEBSITE (High Vulnerability),Rs. 8.0 - 30.0 Lakhs/mo,"Rs. 25,000 - 2,50,000",Senior Partner / Managing Consultant,10:00 AM - 9:00 PM (Regular Business Hours),"SahayShakti Corporate Suite: High-trust portfolio, floor-plan downloads, and direct investor inquiry funnel.",HOT (Zero Web Presence / High Revenue),Uncontacted
SST-REAL-ROH-0926,Komal Boutique,"Real Estate, Legal & Professional Corporate",137A  Bhalaswa Dairy,110042,"Rohini, Delhi",+91-85860-56066;+91-93109-70386,NO OFFICIAL WEBSITE (High Vulnerability),Rs. 8.0 - 30.0 Lakhs/mo,"Rs. 25,000 - 2,50,000",Senior Partner / Managing Consultant,10:00 AM - 9:00 PM (Regular Business Hours),"SahayShakti Corporate Suite: High-trust portfolio, floor-plan downloads, and direct investor inquiry funnel.",HOT (Zero Web Presence / High Revenue),Uncontacted
SST-REAL-ROH-0927,SS Builders,"Real Estate, Legal & Professional Corporate","Rohini Commercial Hub (Near Lat: 28.751, Lon: 77.175)",110085,"Rohini, Delhi",+91-88609-78850;+91-85959-61677,NO OFFICIAL WEBSITE (High Vulnerability),Rs. 8.0 - 30.0 Lakhs/mo,"Rs. 25,000 - 2,50,000",Senior Partner / Managing Consultant,10:00 AM - 9:00 PM (Regular Business Hours),"SahayShakti Corporate Suite: High-trust portfolio, floor-plan downloads, and direct investor inquiry funnel.",HOT (Zero Web Presence / High Revenue),Uncontacted
SST-REAL-ROH-0928,Lakshay Properties,"Real Estate, Legal & Professional Corporate",135  Bhalaswa Dairy,110042,"Rohini, Delhi",+91-98999-05349;+91-98996-83811;+91-85957-75097,NO OFFICIAL WEBSITE (High Vulnerability),Rs. 8.0 - 30.0 Lakhs/mo,"Rs. 25,000 - 2,50,000",Senior Partner / Managing Consultant,10:00 AM - 9:00 PM (Regular Business Hours),"SahayShakti Corporate Suite: High-trust portfolio, floor-plan downloads, and direct investor inquiry funnel.",HOT (Zero Web Presence / High Revenue),Uncontacted
SST-REAL-ROH-0933,Chauhan Mobile Shop & Mobile Repairing,"Real Estate, Legal & Professional Corporate",449 Thana Road Bhalaswa Dairy,110042,"Rohini, Delhi",+91-7557-328846;+91-82870-32968,NO OFFICIAL WEBSITE (High Vulnerability),Rs. 8.0 - 30.0 Lakhs/mo,"Rs. 25,000 - 2,50,000",Senior Partner / Managing Consultant,10:00 AM - 9:00 PM (Regular Business Hours),"SahayShakti Corporate Suite: High-trust portfolio, floor-plan downloads, and direct investor inquiry funnel.",HOT (Zero Web Presence / High Revenue),Uncontacted
SST-REAL-ROH-0934,Aqua Premium Service,"Real Estate, Legal & Professional Corporate",345  Bhalswa Dairy,110042,"Rohini, Delhi",+91-93121-50507;+91-9999-197-947,NO OFFICIAL WEBSITE (High Vulnerability),Rs. 8.0 - 30.0 Lakhs/mo,"Rs. 25,000 - 2,50,000",Senior Partner / Managing Consultant,10:00 AM - 9:00 PM (Regular Business Hours),"SahayShakti Corporate Suite: High-trust portfolio, floor-plan downloads, and direct investor inquiry funnel.",HOT (Zero Web Presence / High Revenue),Uncontacted
SST-REAL-ROH-0935,Bank of India,"Real Estate, Legal & Professional Corporate","Rohini Commercial Hub (Near Lat: 28.742, Lon: 77.166)",110085,"Rohini, Delhi",In-Person Walk-in / Listed in Local Market,NO OFFICIAL WEBSITE (High Vulnerability),Rs. 8.0 - 30.0 Lakhs/mo,"Rs. 25,000 - 2,50,000",Senior Partner / Managing Consultant,10:00 AM - 9:00 PM (Regular Business Hours),"SahayShakti Corporate Suite: High-trust portfolio, floor-plan downloads, and direct investor inquiry funnel.",HOT (Zero Web Presence / High Revenue),Uncontacted
SST-REAL-ROH-0937,Real Martial Art,"Real Estate, Legal & Professional Corporate","Rohini Commercial Hub (Near Lat: 28.742, Lon: 77.166)",110085,"Rohini, Delhi",+91-98111-43184;+91-92117-33093;+91-98111-49184,NO OFFICIAL WEBSITE (High Vulnerability),Rs. 8.0 - 30.0 Lakhs/mo,"Rs. 25,000 - 2,50,000",Senior Partner / Managing Consultant,"Mo-Su 06:00-09:00, 17:00-18:30","SahayShakti Corporate Suite: High-trust portfolio, floor-plan downloads, and direct investor inquiry funnel.",HOT (Zero Web Presence / High Revenue),Uncontacted
SST-REAL-ROH-0938,Northern Railways Reservation Center,"Real Estate, Legal & Professional Corporate",313;314  Bhalaswa Dairy,110042,"Rohini, Delhi",+91-92-102034-90,NO OFFICIAL WEBSITE (High Vulnerability),Rs. 8.0 - 30.0 Lakhs/mo,"Rs. 25,000 - 2,50,000",Senior Partner / Managing Consultant,10:00 AM - 9:00 PM (Regular Business Hours),"SahayShakti Corporate Suite: High-trust portfolio, floor-plan downloads, and direct investor inquiry funnel.",HOT (Zero Web Presence / High Revenue),Uncontacted
SST-REAL-ROH-0940,Jahangirpuri Walon Ki Dukan,"Real Estate, Legal & Professional Corporate",481  Bhalaswa Dairy,110042,"Rohini, Delhi",+91-96544-36970;+91-99585-50377,NO OFFICIAL WEBSITE (High Vulnerability),Rs. 8.0 - 30.0 Lakhs/mo,"Rs. 25,000 - 2,50,000",Senior Partner / Managing Consultant,24/7,"SahayShakti Corporate Suite: High-trust portfolio, floor-plan downloads, and direct investor inquiry funnel.",HOT (Zero Web Presence / High Revenue),Uncontacted
SST-REAL-ROH-0941,Bhagwati Pitambar General Store,"Real Estate, Legal & Professional Corporate","Rohini Commercial Hub (Near Lat: 28.742, Lon: 77.166)",110085,"Rohini, Delhi",In-Person Walk-in / Listed in Local Market,NO OFFICIAL WEBSITE (High Vulnerability),Rs. 8.0 - 30.0 Lakhs/mo,"Rs. 25,000 - 2,50,000",Senior Partner / Managing Consultant,10:00 AM - 9:00 PM (Regular Business Hours),"SahayShakti Corporate Suite: High-trust portfolio, floor-plan downloads, and direct investor inquiry funnel.",HOT (Zero Web Presence / High Revenue),Uncontacted
SST-REAL-ROH-0942,Ashok Provision Store,"Real Estate, Legal & Professional Corporate","Rohini Commercial Hub (Near Lat: 28.734, Lon: 77.165)",110085,"Rohini, Delhi",In-Person Walk-in / Listed in Local Market,NO OFFICIAL WEBSITE (High Vulnerability),Rs. 8.0 - 30.0 Lakhs/mo,"Rs. 25,000 - 2,50,000",Senior Partner / Managing Consultant,10:00 AM - 9:00 PM (Regular Business Hours),"SahayShakti Corporate Suite: High-trust portfolio, floor-plan downloads, and direct investor inquiry funnel.",HOT (Zero Web Presence / High Revenue),Uncontacted
SST-REAL-ROH-0943,Aident Social Welfare Organisation,"Real Estate, Legal & Professional Corporate","Rohini Commercial Hub (Near Lat: 28.734, Lon: 77.167)",110085,"Rohini, Delhi",+91-97116-03318,NO OFFICIAL WEBSITE (High Vulnerability),Rs. 8.0 - 30.0 Lakhs/mo,"Rs. 25,000 - 2,50,000",Senior Partner / Managing Consultant,10:00 AM - 9:00 PM (Regular Business Hours),"SahayShakti Corporate Suite: High-trust portfolio, floor-plan downloads, and direct investor inquiry funnel.",HOT (Zero Web Presence / High Revenue),Uncontacted
SST-REAL-ROH-0944,Jai Store,"Real Estate, Legal & Professional Corporate","Rohini Commercial Hub (Near Lat: 28.735, Lon: 77.168)",110085,"Rohini, Delhi",In-Person Walk-in / Listed in Local Market,NO OFFICIAL WEBSITE (High Vulnerability),Rs. 8.0 - 30.0 Lakhs/mo,"Rs. 25,000 - 2,50,000",Senior Partner / Managing Consultant,10:00 AM - 9:00 PM (Regular Business Hours),"SahayShakti Corporate Suite: High-trust portfolio, floor-plan downloads, and direct investor inquiry funnel.",HOT (Zero Web Presence / High Revenue),Uncontacted
SST-REAL-ROH-0946,Sudha General Store,"Real Estate, Legal & Professional Corporate","Rohini Commercial Hub (Near Lat: 28.752, Lon: 77.177)",110085,"Rohini, Delhi",In-Person Walk-in / Listed in Local Market,NO OFFICIAL WEBSITE (High Vulnerability),Rs. 8.0 - 30.0 Lakhs/mo,"Rs. 25,000 - 2,50,000",Senior Partner / Managing Consultant,10:00 AM - 9:00 PM (Regular Business Hours),"SahayShakti Corporate Suite: High-trust portfolio, floor-plan downloads, and direct investor inquiry funnel.",HOT (Zero Web Presence / High Revenue),Uncontacted
SST-REAL-ROH-0947,Alok General Store,"Real Estate, Legal & Professional Corporate","Rohini Commercial Hub (Near Lat: 28.752, Lon: 77.179)",110085,"Rohini, Delhi",In-Person Walk-in / Listed in Local Market,NO OFFICIAL WEBSITE (High Vulnerability),Rs. 8.0 - 30.0 Lakhs/mo,"Rs. 25,000 - 2,50,000",Senior Partner / Managing Consultant,10:00 AM - 9:00 PM (Regular Business Hours),"SahayShakti Corporate Suite: High-trust portfolio, floor-plan downloads, and direct investor inquiry funnel.",HOT (Zero Web Presence / High Revenue),Uncontacted
SST-REAL-ROH-0948,Gupta Bakery,"Real Estate, Legal & Professional Corporate","Rohini Commercial Hub (Near Lat: 28.752, Lon: 77.178)",110085,"Rohini, Delhi",In-Person Walk-in / Listed in Local Market,NO OFFICIAL WEBSITE (High Vulnerability),Rs. 8.0 - 30.0 Lakhs/mo,"Rs. 25,000 - 2,50,000",Senior Partner / Managing Consultant,10:00 AM - 9:00 PM (Regular Business Hours),"SahayShakti Corporate Suite: High-trust portfolio, floor-plan downloads, and direct investor inquiry funnel.",HOT (Zero Web Presence / High Revenue),Uncontacted
SST-REAL-ROH-0949,Ishu Enterprises,"Real Estate, Legal & Professional Corporate",Gali Number 10 Bhalswa Dairy,110042,"Rohini, Delhi",+91-93121-44955,NO OFFICIAL WEBSITE (High Vulnerability),Rs. 8.0 - 30.0 Lakhs/mo,"Rs. 25,000 - 2,50,000",Senior Partner / Managing Consultant,10:00 AM - 9:00 PM (Regular Business Hours),"SahayShakti Corporate Suite: High-trust portfolio, floor-plan downloads, and direct investor inquiry funnel.",HOT (Zero Web Presence / High Revenue),Uncontacted
SST-REAL-ROH-0950,Design Maxx,"Real Estate, Legal & Professional Corporate",96;97  Bhalswa Dairy,110042,"Rohini, Delhi",+91-93101-13545;+91-96505-84343,NO OFFICIAL WEBSITE (High Vulnerability),Rs. 8.0 - 30.0 Lakhs/mo,"Rs. 25,000 - 2,50,000",Senior Partner / Managing Consultant,10:00 AM - 9:00 PM (Regular Business Hours),"SahayShakti Corporate Suite: High-trust portfolio, floor-plan downloads, and direct investor inquiry funnel.",HOT (Zero Web Presence / High Revenue),Uncontacted
SST-REAL-ROH-0951,RK Properties,"Real Estate, Legal & Professional Corporate",Buddha Bazar Road Bhalaswa Dairy,110042,"Rohini, Delhi",+91-79821-20845,NO OFFICIAL WEBSITE (High Vulnerability),Rs. 8.0 - 30.0 Lakhs/mo,"Rs. 25,000 - 2,50,000",Senior Partner / Managing Consultant,10:00 AM - 9:00 PM (Regular Business Hours),"SahayShakti Corporate Suite: High-trust portfolio, floor-plan downloads, and direct investor inquiry funnel.",HOT (Zero Web Presence / High Revenue),Uncontacted
SST-REAL-ROH-0952,Neeraj General Store,"Real Estate, Legal & Professional Corporate","Rohini Commercial Hub (Near Lat: 28.746, Lon: 77.166)",110085,"Rohini, Delhi",+91-98188-20982;+91-99712-30219,NO OFFICIAL WEBSITE (High Vulnerability),Rs. 8.0 - 30.0 Lakhs/mo,"Rs. 25,000 - 2,50,000",Senior Partner / Managing Consultant,10:00 AM - 9:00 PM (Regular Business Hours),"SahayShakti Corporate Suite: High-trust portfolio, floor-plan downloads, and direct investor inquiry funnel.",HOT (Zero Web Presence / High Revenue),Uncontacted
SST-REAL-ROH-0953,Amit Electronics,"Real Estate, Legal & Professional Corporate",Gali Number 10 Bhalaswa Dairy,110042,"Rohini, Delhi",+91-99902-10473;+91-93547-20113,NO OFFICIAL WEBSITE (High Vulnerability),Rs. 8.0 - 30.0 Lakhs/mo,"Rs. 25,000 - 2,50,000",Senior Partner / Managing Consultant,10:00 AM - 9:00 PM (Regular Business Hours),"SahayShakti Corporate Suite: High-trust portfolio, floor-plan downloads, and direct investor inquiry funnel.",HOT (Zero Web Presence / High Revenue),Uncontacted
SST-REAL-ROH-0955,Sumit Kite Centre,"Real Estate, Legal & Professional Corporate","Rohini Commercial Hub (Near Lat: 28.746, Lon: 77.166)",110085,"Rohini, Delhi",+91-93547-20113,NO OFFICIAL WEBSITE (High Vulnerability),Rs. 8.0 - 30.0 Lakhs/mo,"Rs. 25,000 - 2,50,000",Senior Partner / Managing Consultant,10:00 AM - 9:00 PM (Regular Business Hours),"SahayShakti Corporate Suite: High-trust portfolio, floor-plan downloads, and direct investor inquiry funnel.",HOT (Zero Web Presence / High Revenue),Uncontacted
SST-REAL-ROH-0956,KGN,"Real Estate, Legal & Professional Corporate",Buddha Bazar Road Bhalaswa Dairy,110085,"Rohini, Delhi",+91-95822-80885;+91-80765-80282,NO OFFICIAL WEBSITE (High Vulnerability),Rs. 8.0 - 30.0 Lakhs/mo,"Rs. 25,000 - 2,50,000",Senior Partner / Managing Consultant,10:00 AM - 9:00 PM (Regular Business Hours),"SahayShakti Corporate Suite: High-trust portfolio, floor-plan downloads, and direct investor inquiry funnel.",HOT (Zero Web Presence / High Revenue),Uncontacted
SST-REAL-ROH-0957,Sakir Telecom,"Real Estate, Legal & Professional Corporate","Rohini Commercial Hub (Near Lat: 28.741, Lon: 77.166)",110085,"Rohini, Delhi",+91-98189-21154,NO OFFICIAL WEBSITE (High Vulnerability),Rs. 8.0 - 30.0 Lakhs/mo,"Rs. 25,000 - 2,50,000",Senior Partner / Managing Consultant,10:00 AM - 9:00 PM (Regular Business Hours),"SahayShakti Corporate Suite: High-trust portfolio, floor-plan downloads, and direct investor inquiry funnel.",HOT (Zero Web Presence / High Revenue),Uncontacted
SST-REAL-ROH-0967,Railway Reservation Center,"Real Estate, Legal & Professional Corporate","Rohini Commercial Hub (Near Lat: 28.755, Lon: 77.161)",110085,"Rohini, Delhi",+91-70115-46671,NO OFFICIAL WEBSITE (High Vulnerability),Rs. 8.0 - 30.0 Lakhs/mo,"Rs. 25,000 - 2,50,000",Senior Partner / Managing Consultant,10:00 AM - 9:00 PM (Regular Business Hours),"SahayShakti Corporate Suite: High-trust portfolio, floor-plan downloads, and direct investor inquiry funnel.",HOT (Zero Web Presence / High Revenue),Uncontacted
SST-REAL-ROH-0969,Saini Welding Workshop,"Real Estate, Legal & Professional Corporate",Gali Number 12 Swaroop Nagar,110042,"Rohini, Delhi",+91-78276-43139;+91-73033-20366,NO OFFICIAL WEBSITE (High Vulnerability),Rs. 8.0 - 30.0 Lakhs/mo,"Rs. 25,000 - 2,50,000",Senior Partner / Managing Consultant,10:00 AM - 9:00 PM (Regular Business Hours),"SahayShakti Corporate Suite: High-trust portfolio, floor-plan downloads, and direct investor inquiry funnel.",HOT (Zero Web Presence / High Revenue),Uncontacted
SST-REAL-ROH-0973,Vinod Welding Works,"Real Estate, Legal & Professional Corporate",35 Mukundpur Road,110085,"Rohini, Delhi",+91-95406-92198;+91-98109-81750,NO OFFICIAL WEBSITE (High Vulnerability),Rs. 8.0 - 30.0 Lakhs/mo,"Rs. 25,000 - 2,50,000",Senior Partner / Managing Consultant,10:00 AM - 9:00 PM (Regular Business Hours),"SahayShakti Corporate Suite: High-trust portfolio, floor-plan downloads, and direct investor inquiry funnel.",HOT (Zero Web Presence / High Revenue),Uncontacted
SST-REAL-ROH-0974,Aident Mahila Panchayat,"Real Estate, Legal & Professional Corporate",50,110085,"Rohini, Delhi",+91-96259-49715,NO OFFICIAL WEBSITE (High Vulnerability),Rs. 8.0 - 30.0 Lakhs/mo,"Rs. 25,000 - 2,50,000",Senior Partner / Managing Consultant,10:00 AM - 9:00 PM (Regular Business Hours),"SahayShakti Corporate Suite: High-trust portfolio, floor-plan downloads, and direct investor inquiry funnel.",HOT (Zero Web Presence / High Revenue),Uncontacted
SST-REAL-ROH-0977,Naim Store,"Real Estate, Legal & Professional Corporate","Rohini Commercial Hub (Near Lat: 28.727, Lon: 77.171)",110085,"Rohini, Delhi",In-Person Walk-in / Listed in Local Market,NO OFFICIAL WEBSITE (High Vulnerability),Rs. 8.0 - 30.0 Lakhs/mo,"Rs. 25,000 - 2,50,000",Senior Partner / Managing Consultant,10:00 AM - 9:00 PM (Regular Business Hours),"SahayShakti Corporate Suite: High-trust portfolio, floor-plan downloads, and direct investor inquiry funnel.",HOT (Zero Web Presence / High Revenue),Uncontacted
SST-REAL-ROH-0978,Ujjivan Small Finance Bank,"Real Estate, Legal & Professional Corporate","Rohini Commercial Hub (Near Lat: 28.718, Lon: 77.171)",110085,"Rohini, Delhi",In-Person Walk-in / Listed in Local Market,NO OFFICIAL WEBSITE (High Vulnerability),Rs. 8.0 - 30.0 Lakhs/mo,"Rs. 25,000 - 2,50,000",Senior Partner / Managing Consultant,10:00 AM - 9:00 PM (Regular Business Hours),"SahayShakti Corporate Suite: High-trust portfolio, floor-plan downloads, and direct investor inquiry funnel.",HOT (Zero Web Presence / High Revenue),Uncontacted
SST-REAL-ROH-0979,Aggarwal Book Depot,"Real Estate, Legal & Professional Corporate",15 Rajan Babu Road Adarsh Nagar,110033,"Rohini, Delhi",+91-98112-71102;+91-98111-69222,NO OFFICIAL WEBSITE (High Vulnerability),Rs. 8.0 - 30.0 Lakhs/mo,"Rs. 25,000 - 2,50,000",Senior Partner / Managing Consultant,10:00 AM - 9:00 PM (Regular Business Hours),"SahayShakti Corporate Suite: High-trust portfolio, floor-plan downloads, and direct investor inquiry funnel.",HOT (Zero Web Presence / High Revenue),Uncontacted
SST-REAL-ROH-0982,Balaji Properties,"Real Estate, Legal & Professional Corporate",1/3 Swami Shraddhanand Colony Main Road,110042,"Rohini, Delhi",+91-96547-17880;+91-92138-77192,NO OFFICIAL WEBSITE (High Vulnerability),Rs. 8.0 - 30.0 Lakhs/mo,"Rs. 25,000 - 2,50,000",Senior Partner / Managing Consultant,10:00 AM - 9:00 PM (Regular Business Hours),"SahayShakti Corporate Suite: High-trust portfolio, floor-plan downloads, and direct investor inquiry funnel.",HOT (Zero Web Presence / High Revenue),Uncontacted
SST-REAL-ROH-0983,Shri Balaji Steel Works,"Real Estate, Legal & Professional Corporate",112 Shani Bazar Road,110042,"Rohini, Delhi",+91-92684-88205,NO OFFICIAL WEBSITE (High Vulnerability),Rs. 8.0 - 30.0 Lakhs/mo,"Rs. 25,000 - 2,50,000",Senior Partner / Managing Consultant,10:00 AM - 9:00 PM (Regular Business Hours),"SahayShakti Corporate Suite: High-trust portfolio, floor-plan downloads, and direct investor inquiry funnel.",HOT (Zero Web Presence / High Revenue),Uncontacted
SST-REAL-ROH-0984,Gunjan Timber Properties and Builders,"Real Estate, Legal & Professional Corporate","Rohini Commercial Hub (Near Lat: 28.742, Lon: 77.160)",110085,"Rohini, Delhi",+91-93503-53553,NO OFFICIAL WEBSITE (High Vulnerability),Rs. 8.0 - 30.0 Lakhs/mo,"Rs. 25,000 - 2,50,000",Senior Partner / Managing Consultant,10:00 AM - 9:00 PM (Regular Business Hours),"SahayShakti Corporate Suite: High-trust portfolio, floor-plan downloads, and direct investor inquiry funnel.",HOT (Zero Web Presence / High Revenue),Uncontacted
SST-REAL-ROH-0985,Bansal Infrasolution Private Limited,"Real Estate, Legal & Professional Corporate",8 Shani Bazar Road Bhalaswa,110042,"Rohini, Delhi",+91-11-6564-7872,NO OFFICIAL WEBSITE (High Vulnerability),Rs. 8.0 - 30.0 Lakhs/mo,"Rs. 25,000 - 2,50,000",Senior Partner / Managing Consultant,10:00 AM - 9:00 PM (Regular Business Hours),"SahayShakti Corporate Suite: High-trust portfolio, floor-plan downloads, and direct investor inquiry funnel.",HOT (Zero Web Presence / High Revenue),Uncontacted
SST-REAL-ROH-0986,RK Tour & Travels,"Real Estate, Legal & Professional Corporate","Rohini Commercial Hub (Near Lat: 28.745, Lon: 77.169)",110085,"Rohini, Delhi",+91-98710-96918;+91-81788-11956;+91-921-000-2986;+91-98719-10859;+91-93110-55037,NO OFFICIAL WEBSITE (High Vulnerability),Rs. 8.0 - 30.0 Lakhs/mo,"Rs. 25,000 - 2,50,000",Senior Partner / Managing Consultant,10:00 AM - 9:00 PM (Regular Business Hours),"SahayShakti Corporate Suite: High-trust portfolio, floor-plan downloads, and direct investor inquiry funnel.",HOT (Zero Web Presence / High Revenue),Uncontacted
SST-REAL-ROH-0987,HPR Cooler Wholesale,"Real Estate, Legal & Professional Corporate","Rohini Commercial Hub (Near Lat: 28.745, Lon: 77.169)",110085,"Rohini, Delhi",+91-9711-282-927;+91-76786-54174,NO OFFICIAL WEBSITE (High Vulnerability),Rs. 8.0 - 30.0 Lakhs/mo,"Rs. 25,000 - 2,50,000",Senior Partner / Managing Consultant,10:00 AM - 9:00 PM (Regular Business Hours),"SahayShakti Corporate Suite: High-trust portfolio, floor-plan downloads, and direct investor inquiry funnel.",HOT (Zero Web Presence / High Revenue),Uncontacted
SST-REAL-ROH-0988,Azad Hind Band,"Real Estate, Legal & Professional Corporate",31  Azadpur,110033,"Rohini, Delhi",+91-92104-41514;+91-9-555-33-500-88;+91-93138-66254,NO OFFICIAL WEBSITE (High Vulnerability),Rs. 8.0 - 30.0 Lakhs/mo,"Rs. 25,000 - 2,50,000",Senior Partner / Managing Consultant,10:00 AM - 9:00 PM (Regular Business Hours),"SahayShakti Corporate Suite: High-trust portfolio, floor-plan downloads, and direct investor inquiry funnel.",HOT (Zero Web Presence / High Revenue),Uncontacted
SST-REAL-ROH-0991,Marks & Spencer,"Real Estate, Legal & Professional Corporate","Rohini Commercial Hub (Near Lat: 28.694, Lon: 77.154)",110085,"Rohini, Delhi",In-Person Walk-in / Listed in Local Market,NO OFFICIAL WEBSITE (High Vulnerability),Rs. 8.0 - 30.0 Lakhs/mo,"Rs. 25,000 - 2,50,000",Senior Partner / Managing Consultant,10:00 AM - 9:00 PM (Regular Business Hours),"SahayShakti Corporate Suite: High-trust portfolio, floor-plan downloads, and direct investor inquiry funnel.",HOT (Zero Web Presence / High Revenue),Uncontacted
SST-REAL-ROH-0992,City Properties,"Real Estate, Legal & Professional Corporate",3  Swaroop Nagar,110042,"Rohini, Delhi",+91-98181-36145;+91-98715-61487,NO OFFICIAL WEBSITE (High Vulnerability),Rs. 8.0 - 30.0 Lakhs/mo,"Rs. 25,000 - 2,50,000",Senior Partner / Managing Consultant,10:00 AM - 9:00 PM (Regular Business Hours),"SahayShakti Corporate Suite: High-trust portfolio, floor-plan downloads, and direct investor inquiry funnel.",HOT (Zero Web Presence / High Revenue),Uncontacted
SST-REAL-ROH-0993,Shubh Shop,"Real Estate, Legal & Professional Corporate",3  Swaroop Nagar,110042,"Rohini, Delhi",In-Person Walk-in / Listed in Local Market,NO OFFICIAL WEBSITE (High Vulnerability),Rs. 8.0 - 30.0 Lakhs/mo,"Rs. 25,000 - 2,50,000",Senior Partner / Managing Consultant,10:00 AM - 9:00 PM (Regular Business Hours),"SahayShakti Corporate Suite: High-trust portfolio, floor-plan downloads, and direct investor inquiry funnel.",HOT (Zero Web Presence / High Revenue),Uncontacted
SST-REAL-ROH-0994,Bright Furnishings LLP,"Real Estate, Legal & Professional Corporate",3  Swaroop Nagar,110042,"Rohini, Delhi",In-Person Walk-in / Listed in Local Market,NO OFFICIAL WEBSITE (High Vulnerability),Rs. 8.0 - 30.0 Lakhs/mo,"Rs. 25,000 - 2,50,000",Senior Partner / Managing Consultant,10:00 AM - 9:00 PM (Regular Business Hours),"SahayShakti Corporate Suite: High-trust portfolio, floor-plan downloads, and direct investor inquiry funnel.",HOT (Zero Web Presence / High Revenue),Uncontacted
SST-REAL-ROH-0995,M & M Logistics Solution,"Real Estate, Legal & Professional Corporate",3  Swaroop Nagar,110042,"Rohini, Delhi",In-Person Walk-in / Listed in Local Market,NO OFFICIAL WEBSITE (High Vulnerability),Rs. 8.0 - 30.0 Lakhs/mo,"Rs. 25,000 - 2,50,000",Senior Partner / Managing Consultant,10:00 AM - 9:00 PM (Regular Business Hours),"SahayShakti Corporate Suite: High-trust portfolio, floor-plan downloads, and direct investor inquiry funnel.",HOT (Zero Web Presence / High Revenue),Uncontacted
SST-REAL-ROH-0997,I Shop,"Real Estate, Legal & Professional Corporate",3  Swaroop Nagar,110042,"Rohini, Delhi",In-Person Walk-in / Listed in Local Market,NO OFFICIAL WEBSITE (High Vulnerability),Rs. 8.0 - 30.0 Lakhs/mo,"Rs. 25,000 - 2,50,000",Senior Partner / Managing Consultant,10:00 AM - 9:00 PM (Regular Business Hours),"SahayShakti Corporate Suite: High-trust portfolio, floor-plan downloads, and direct investor inquiry funnel.",HOT (Zero Web Presence / High Revenue),Uncontacted
SST-REAL-ROH-0998,Bright Cove Goods,"Real Estate, Legal & Professional Corporate",3  Swaroop Nagar,110042,"Rohini, Delhi",In-Person Walk-in / Listed in Local Market,NO OFFICIAL WEBSITE (High Vulnerability),Rs. 8.0 - 30.0 Lakhs/mo,"Rs. 25,000 - 2,50,000",Senior Partner / Managing Consultant,10:00 AM - 9:00 PM (Regular Business Hours),"SahayShakti Corporate Suite: High-trust portfolio, floor-plan downloads, and direct investor inquiry funnel.",HOT (Zero Web Presence / High Revenue),Uncontacted
SST-REAL-ROH-1002,Guru Nanak Store,"Real Estate, Legal & Professional Corporate","Rohini Commercial Hub (Near Lat: 28.718, Lon: 77.172)",110085,"Rohini, Delhi",+91-99901-32108,NO OFFICIAL WEBSITE (High Vulnerability),Rs. 8.0 - 30.0 Lakhs/mo,"Rs. 25,000 - 2,50,000",Senior Partner / Managing Consultant,10:00 AM - 9:00 PM (Regular Business Hours),"SahayShakti Corporate Suite: High-trust portfolio, floor-plan downloads, and direct investor inquiry funnel.",HOT (Zero Web Presence / High Revenue),Uncontacted
SST-REAL-ROH-1003,Hanuman Properties,"Real Estate, Legal & Professional Corporate","Rohini Commercial Hub (Near Lat: 28.717, Lon: 77.171)",110085,"Rohini, Delhi",In-Person Walk-in / Listed in Local Market,NO OFFICIAL WEBSITE (High Vulnerability),Rs. 8.0 - 30.0 Lakhs/mo,"Rs. 25,000 - 2,50,000",Senior Partner / Managing Consultant,10:00 AM - 9:00 PM (Regular Business Hours),"SahayShakti Corporate Suite: High-trust portfolio, floor-plan downloads, and direct investor inquiry funnel.",HOT (Zero Web Presence / High Revenue),Uncontacted
SST-REAL-ROH-1007,Fruit Juice and Ice Cream Corner,"Real Estate, Legal & Professional Corporate","Rohini Commercial Hub (Near Lat: 28.718, Lon: 77.172)",110085,"Rohini, Delhi",In-Person Walk-in / Listed in Local Market,NO OFFICIAL WEBSITE (High Vulnerability),Rs. 8.0 - 30.0 Lakhs/mo,"Rs. 25,000 - 2,50,000",Senior Partner / Managing Consultant,10:00 AM - 9:00 PM (Regular Business Hours),"SahayShakti Corporate Suite: High-trust portfolio, floor-plan downloads, and direct investor inquiry funnel.",HOT (Zero Web Presence / High Revenue),Uncontacted
SST-REAL-ROH-1010,VK Properties,"Real Estate, Legal & Professional Corporate","Rohini Commercial Hub (Near Lat: 28.753, Lon: 77.152)",110085,"Rohini, Delhi",+91-921-3322-484;+91-9990-153-153;+91-92-890-890-09,NO OFFICIAL WEBSITE (High Vulnerability),Rs. 8.0 - 30.0 Lakhs/mo,"Rs. 25,000 - 2,50,000",Senior Partner / Managing Consultant,10:00 AM - 9:00 PM (Regular Business Hours),"SahayShakti Corporate Suite: High-trust portfolio, floor-plan downloads, and direct investor inquiry funnel.",HOT (Zero Web Presence / High Revenue),Uncontacted
SST-REAL-ROH-1015,State Bank of India,"Real Estate, Legal & Professional Corporate","Rohini Commercial Hub (Near Lat: 28.734, Lon: 77.114)",110085,"Rohini, Delhi",In-Person Walk-in / Listed in Local Market,NO OFFICIAL WEBSITE (High Vulnerability),Rs. 8.0 - 30.0 Lakhs/mo,"Rs. 25,000 - 2,50,000",Senior Partner / Managing Consultant,10:00 AM - 9:00 PM (Regular Business Hours),"SahayShakti Corporate Suite: High-trust portfolio, floor-plan downloads, and direct investor inquiry funnel.",HOT (Zero Web Presence / High Revenue),Uncontacted
SST-REAL-ROH-1016,Vishal Mega Mart,"Real Estate, Legal & Professional Corporate","Rohini Commercial Hub (Near Lat: 28.734, Lon: 77.114)",110085,"Rohini, Delhi",In-Person Walk-in / Listed in Local Market,NO OFFICIAL WEBSITE (High Vulnerability),Rs. 8.0 - 30.0 Lakhs/mo,"Rs. 25,000 - 2,50,000",Senior Partner / Managing Consultant,10:00 AM - 9:00 PM (Regular Business Hours),"SahayShakti Corporate Suite: High-trust portfolio, floor-plan downloads, and direct investor inquiry funnel.",HOT (Zero Web Presence / High Revenue),Uncontacted
SST-REAL-ROH-1018,Reliance Smart,"Real Estate, Legal & Professional Corporate","Rohini Commercial Hub (Near Lat: 28.734, Lon: 77.113)",110085,"Rohini, Delhi",In-Person Walk-in / Listed in Local Market,NO OFFICIAL WEBSITE (High Vulnerability),Rs. 8.0 - 30.0 Lakhs/mo,"Rs. 25,000 - 2,50,000",Senior Partner / Managing Consultant,Mo-Su 07:00-22:00,"SahayShakti Corporate Suite: High-trust portfolio, floor-plan downloads, and direct investor inquiry funnel.",HOT (Zero Web Presence / High Revenue),Uncontacted
SST-REAL-ROH-1020,IDBI Bank,"Real Estate, Legal & Professional Corporate","Rohini Commercial Hub (Near Lat: 28.735, Lon: 77.114)",110085,"Rohini, Delhi",In-Person Walk-in / Listed in Local Market,NO OFFICIAL WEBSITE (High Vulnerability),Rs. 8.0 - 30.0 Lakhs/mo,"Rs. 25,000 - 2,50,000",Senior Partner / Managing Consultant,10:00 AM - 9:00 PM (Regular Business Hours),"SahayShakti Corporate Suite: High-trust portfolio, floor-plan downloads, and direct investor inquiry funnel.",HOT (Zero Web Presence / High Revenue),Uncontacted
SST-REAL-ROH-1035,Krishna Dairy,"Real Estate, Legal & Professional Corporate","Rohini Commercial Hub (Near Lat: 28.736, Lon: 77.109)",110085,"Rohini, Delhi",+91-96436-59835,NO OFFICIAL WEBSITE (High Vulnerability),Rs. 8.0 - 30.0 Lakhs/mo,"Rs. 25,000 - 2,50,000",Senior Partner / Managing Consultant,10:00 AM - 9:00 PM (Regular Business Hours),"SahayShakti Corporate Suite: High-trust portfolio, floor-plan downloads, and direct investor inquiry funnel.",HOT (Zero Web Presence / High Revenue),Uncontacted
SST-REAL-ROH-1037,Shree Shyam Kiryana Store,"Real Estate, Legal & Professional Corporate","Rohini Commercial Hub (Near Lat: 28.736, Lon: 77.109)",110085,"Rohini, Delhi",+91-11-2757-4950;+91-11-4758-6854,NO OFFICIAL WEBSITE (High Vulnerability),Rs. 8.0 - 30.0 Lakhs/mo,"Rs. 25,000 - 2,50,000",Senior Partner / Managing Consultant,10:00 AM - 9:00 PM (Regular Business Hours),"SahayShakti Corporate Suite: High-trust portfolio, floor-plan downloads, and direct investor inquiry funnel.",HOT (Zero Web Presence / High Revenue),Uncontacted
SST-REAL-ROH-1044,Mother Dairy,"Real Estate, Legal & Professional Corporate","Rohini Commercial Hub (Near Lat: 28.739, Lon: 77.118)",110085,"Rohini, Delhi",In-Person Walk-in / Listed in Local Market,NO OFFICIAL WEBSITE (High Vulnerability),Rs. 8.0 - 30.0 Lakhs/mo,"Rs. 25,000 - 2,50,000",Senior Partner / Managing Consultant,10:00 AM - 9:00 PM (Regular Business Hours),"SahayShakti Corporate Suite: High-trust portfolio, floor-plan downloads, and direct investor inquiry funnel.",HOT (Zero Web Presence / High Revenue),Uncontacted
SST-REAL-ROH-1047,Jagdamba Store,"Real Estate, Legal & Professional Corporate","Rohini Commercial Hub (Near Lat: 28.735, Lon: 77.110)",110085,"Rohini, Delhi",In-Person Walk-in / Listed in Local Market,NO OFFICIAL WEBSITE (High Vulnerability),Rs. 8.0 - 30.0 Lakhs/mo,"Rs. 25,000 - 2,50,000",Senior Partner / Managing Consultant,10:00 AM - 9:00 PM (Regular Business Hours),"SahayShakti Corporate Suite: High-trust portfolio, floor-plan downloads, and direct investor inquiry funnel.",HOT (Zero Web Presence / High Revenue),Uncontacted
SST-REAL-ROH-1050,Taneja Properties,"Real Estate, Legal & Professional Corporate","Rohini Commercial Hub (Near Lat: 28.735, Lon: 77.110)",110085,"Rohini, Delhi",+91-98681-50189;+91-99689-00339;+91-98737-54966,NO OFFICIAL WEBSITE (High Vulnerability),Rs. 8.0 - 30.0 Lakhs/mo,"Rs. 25,000 - 2,50,000",Senior Partner / Managing Consultant,10:00 AM - 9:00 PM (Regular Business Hours),"SahayShakti Corporate Suite: High-trust portfolio, floor-plan downloads, and direct investor inquiry funnel.",HOT (Zero Web Presence / High Revenue),Uncontacted
SST-REAL-ROH-1051,Tirupati Stationers and Toys Shop,"Real Estate, Legal & Professional Corporate","Rohini Commercial Hub (Near Lat: 28.735, Lon: 77.110)",110085,"Rohini, Delhi",+91-98107-15480,NO OFFICIAL WEBSITE (High Vulnerability),Rs. 8.0 - 30.0 Lakhs/mo,"Rs. 25,000 - 2,50,000",Senior Partner / Managing Consultant,10:00 AM - 9:00 PM (Regular Business Hours),"SahayShakti Corporate Suite: High-trust portfolio, floor-plan downloads, and direct investor inquiry funnel.",HOT (Zero Web Presence / High Revenue),Uncontacted
SST-REAL-ROH-1052,Sumit Properties and Renting,"Real Estate, Legal & Professional Corporate",19  Rohini,110085,"Rohini, Delhi",+91-93126-48272;+91-921-299-7113,NO OFFICIAL WEBSITE (High Vulnerability),Rs. 8.0 - 30.0 Lakhs/mo,"Rs. 25,000 - 2,50,000",Senior Partner / Managing Consultant,10:00 AM - 9:00 PM (Regular Business Hours),"SahayShakti Corporate Suite: High-trust portfolio, floor-plan downloads, and direct investor inquiry funnel.",HOT (Zero Web Presence / High Revenue),Uncontacted
SST-REAL-ROH-1053,Smash To Fashion,"Real Estate, Legal & Professional Corporate","Rohini Commercial Hub (Near Lat: 28.735, Lon: 77.110)",110085,"Rohini, Delhi",In-Person Walk-in / Listed in Local Market,NO OFFICIAL WEBSITE (High Vulnerability),Rs. 8.0 - 30.0 Lakhs/mo,"Rs. 25,000 - 2,50,000",Senior Partner / Managing Consultant,10:00 AM - 9:00 PM (Regular Business Hours),"SahayShakti Corporate Suite: High-trust portfolio, floor-plan downloads, and direct investor inquiry funnel.",HOT (Zero Web Presence / High Revenue),Uncontacted
SST-REAL-ROH-1058,Korner Shope,"Real Estate, Legal & Professional Corporate","Rohini Commercial Hub (Near Lat: 28.735, Lon: 77.110)",110085,"Rohini, Delhi",+91-88608-38577;+91-828-787-1750;+91-98717-85721,NO OFFICIAL WEBSITE (High Vulnerability),Rs. 8.0 - 30.0 Lakhs/mo,"Rs. 25,000 - 2,50,000",Senior Partner / Managing Consultant,10:00 AM - 9:00 PM (Regular Business Hours),"SahayShakti Corporate Suite: High-trust portfolio, floor-plan downloads, and direct investor inquiry funnel.",HOT (Zero Web Presence / High Revenue),Uncontacted
SST-REAL-ROH-1059,Shri Hari Om Kiryana Store,"Real Estate, Legal & Professional Corporate","Rohini Commercial Hub (Near Lat: 28.735, Lon: 77.110)",110085,"Rohini, Delhi",+91-82874-22815;+91-86691-20756,NO OFFICIAL WEBSITE (High Vulnerability),Rs. 8.0 - 30.0 Lakhs/mo,"Rs. 25,000 - 2,50,000",Senior Partner / Managing Consultant,10:00 AM - 9:00 PM (Regular Business Hours),"SahayShakti Corporate Suite: High-trust portfolio, floor-plan downloads, and direct investor inquiry funnel.",HOT (Zero Web Presence / High Revenue),Uncontacted
SST-REAL-ROH-1061,Sport Sun,"Real Estate, Legal & Professional Corporate","Rohini Commercial Hub (Near Lat: 28.738, Lon: 77.116)",110085,"Rohini, Delhi",In-Person Walk-in / Listed in Local Market,NO OFFICIAL WEBSITE (High Vulnerability),Rs. 8.0 - 30.0 Lakhs/mo,"Rs. 25,000 - 2,50,000",Senior Partner / Managing Consultant,10:00 AM - 9:00 PM (Regular Business Hours),"SahayShakti Corporate Suite: High-trust portfolio, floor-plan downloads, and direct investor inquiry funnel.",HOT (Zero Web Presence / High Revenue),Uncontacted
SST-REAL-ROH-1063,Suraj Associates and Builders,"Real Estate, Legal & Professional Corporate",369  Rohini,110085,"Rohini, Delhi",+91-98184-19544;+91-98105-11284,NO OFFICIAL WEBSITE (High Vulnerability),Rs. 8.0 - 30.0 Lakhs/mo,"Rs. 25,000 - 2,50,000",Senior Partner / Managing Consultant,10:00 AM - 9:00 PM (Regular Business Hours),"SahayShakti Corporate Suite: High-trust portfolio, floor-plan downloads, and direct investor inquiry funnel.",HOT (Zero Web Presence / High Revenue),Uncontacted
SST-REAL-ROH-1065,Eden Sports,"Real Estate, Legal & Professional Corporate","Rohini Commercial Hub (Near Lat: 28.738, Lon: 77.116)",110085,"Rohini, Delhi",In-Person Walk-in / Listed in Local Market,NO OFFICIAL WEBSITE (High Vulnerability),Rs. 8.0 - 30.0 Lakhs/mo,"Rs. 25,000 - 2,50,000",Senior Partner / Managing Consultant,10:00 AM - 9:00 PM (Regular Business Hours),"SahayShakti Corporate Suite: High-trust portfolio, floor-plan downloads, and direct investor inquiry funnel.",HOT (Zero Web Presence / High Revenue),Uncontacted
SST-REAL-ROH-1068,M/s AV Enterprises,"Real Estate, Legal & Professional Corporate",106  Rohini City,110085,"Rohini, Delhi",+91-89208-99231,NO OFFICIAL WEBSITE (High Vulnerability),Rs. 8.0 - 30.0 Lakhs/mo,"Rs. 25,000 - 2,50,000",Senior Partner / Managing Consultant,10:00 AM - 9:00 PM (Regular Business Hours),"SahayShakti Corporate Suite: High-trust portfolio, floor-plan downloads, and direct investor inquiry funnel.",HOT (Zero Web Presence / High Revenue),Uncontacted
SST-REAL-ROH-1069,M/s Eiko Global,"Real Estate, Legal & Professional Corporate",121;122  Rohini,110085,"Rohini, Delhi",In-Person Walk-in / Listed in Local Market,NO OFFICIAL WEBSITE (High Vulnerability),Rs. 8.0 - 30.0 Lakhs/mo,"Rs. 25,000 - 2,50,000",Senior Partner / Managing Consultant,10:00 AM - 9:00 PM (Regular Business Hours),"SahayShakti Corporate Suite: High-trust portfolio, floor-plan downloads, and direct investor inquiry funnel.",HOT (Zero Web Presence / High Revenue),Uncontacted
SST-REAL-ROH-1075,Raj Mandir Hypermarket,"Real Estate, Legal & Professional Corporate","Rohini Commercial Hub (Near Lat: 28.744, Lon: 77.122)",110085,"Rohini, Delhi",In-Person Walk-in / Listed in Local Market,NO OFFICIAL WEBSITE (High Vulnerability),Rs. 8.0 - 30.0 Lakhs/mo,"Rs. 25,000 - 2,50,000",Senior Partner / Managing Consultant,10:00 AM - 9:00 PM (Regular Business Hours),"SahayShakti Corporate Suite: High-trust portfolio, floor-plan downloads, and direct investor inquiry funnel.",HOT (Zero Web Presence / High Revenue),Uncontacted
SST-REAL-ROH-1076,Goyal Store,"Real Estate, Legal & Professional Corporate","Rohini Commercial Hub (Near Lat: 28.741, Lon: 77.119)",110085,"Rohini, Delhi",In-Person Walk-in / Listed in Local Market,NO OFFICIAL WEBSITE (High Vulnerability),Rs. 8.0 - 30.0 Lakhs/mo,"Rs. 25,000 - 2,50,000",Senior Partner / Managing Consultant,10:00 AM - 9:00 PM (Regular Business Hours),"SahayShakti Corporate Suite: High-trust portfolio, floor-plan downloads, and direct investor inquiry funnel.",HOT (Zero Web Presence / High Revenue),Uncontacted
SST-REAL-ROH-1077,Shivam Foam Traders,"Real Estate, Legal & Professional Corporate","Rohini Commercial Hub (Near Lat: 28.740, Lon: 77.119)",110085,"Rohini, Delhi",In-Person Walk-in / Listed in Local Market,NO OFFICIAL WEBSITE (High Vulnerability),Rs. 8.0 - 30.0 Lakhs/mo,"Rs. 25,000 - 2,50,000",Senior Partner / Managing Consultant,10:00 AM - 9:00 PM (Regular Business Hours),"SahayShakti Corporate Suite: High-trust portfolio, floor-plan downloads, and direct investor inquiry funnel.",HOT (Zero Web Presence / High Revenue),Uncontacted
SST-REAL-ROH-1080,Shiv Shakti Mandir,"Real Estate, Legal & Professional Corporate","Rohini Commercial Hub (Near Lat: 28.716, Lon: 77.113)",110085,"Rohini, Delhi",In-Person Walk-in / Listed in Local Market,NO OFFICIAL WEBSITE (High Vulnerability),Rs. 8.0 - 30.0 Lakhs/mo,"Rs. 25,000 - 2,50,000",Senior Partner / Managing Consultant,10:00 AM - 9:00 PM (Regular Business Hours),"SahayShakti Corporate Suite: High-trust portfolio, floor-plan downloads, and direct investor inquiry funnel.",HOT (Zero Web Presence / High Revenue),Uncontacted
SST-REAL-ROH-1083,Asia Properties,"Real Estate, Legal & Professional Corporate","Rohini Commercial Hub (Near Lat: 28.736, Lon: 77.112)",110085,"Rohini, Delhi",+91-98112-50727;+91-98112-50728,NO OFFICIAL WEBSITE (High Vulnerability),Rs. 8.0 - 30.0 Lakhs/mo,"Rs. 25,000 - 2,50,000",Senior Partner / Managing Consultant,10:00 AM - 9:00 PM (Regular Business Hours),"SahayShakti Corporate Suite: High-trust portfolio, floor-plan downloads, and direct investor inquiry funnel.",HOT (Zero Web Presence / High Revenue),Uncontacted
SST-REAL-ROH-1091,Goel K & Comapny,"Real Estate, Legal & Professional Corporate","WZ-17 Bhagwan Das Nagar Extn., East Punjabi Bagh",110026,"Rohini, Delhi",9958800574,NO OFFICIAL WEBSITE (High Vulnerability),Rs. 8.0 - 30.0 Lakhs/mo,"Rs. 25,000 - 2,50,000",Senior Partner / Managing Consultant,Mo-Sa 10:30-18:00,"SahayShakti Corporate Suite: High-trust portfolio, floor-plan downloads, and direct investor inquiry funnel.",HOT (Zero Web Presence / High Revenue),Uncontacted
SST-REAL-ROH-1094,Cric8InNet,"Real Estate, Legal & Professional Corporate","Rohini Commercial Hub (Near Lat: 28.710, Lon: 77.136)",110085,"Rohini, Delhi",+91-9999-30-5050,NO OFFICIAL WEBSITE (High Vulnerability),Rs. 8.0 - 30.0 Lakhs/mo,"Rs. 25,000 - 2,50,000",Senior Partner / Managing Consultant,10:00 AM - 9:00 PM (Regular Business Hours),"SahayShakti Corporate Suite: High-trust portfolio, floor-plan downloads, and direct investor inquiry funnel.",HOT (Zero Web Presence / High Revenue),Uncontacted
SST-REAL-ROH-1096,Rajeshwar Mandir Supermart,"Real Estate, Legal & Professional Corporate","Rohini Commercial Hub (Near Lat: 28.711, Lon: 77.136)",110085,"Rohini, Delhi",+91-98113-80701,NO OFFICIAL WEBSITE (High Vulnerability),Rs. 8.0 - 30.0 Lakhs/mo,"Rs. 25,000 - 2,50,000",Senior Partner / Managing Consultant,10:00 AM - 9:00 PM (Regular Business Hours),"SahayShakti Corporate Suite: High-trust portfolio, floor-plan downloads, and direct investor inquiry funnel.",HOT (Zero Web Presence / High Revenue),Uncontacted
SST-REAL-ROH-1097,Utkarsh Small Finance Bank,"Real Estate, Legal & Professional Corporate","Rohini Commercial Hub (Near Lat: 28.713, Lon: 77.138)",110085,"Rohini, Delhi",In-Person Walk-in / Listed in Local Market,NO OFFICIAL WEBSITE (High Vulnerability),Rs. 8.0 - 30.0 Lakhs/mo,"Rs. 25,000 - 2,50,000",Senior Partner / Managing Consultant,10:00 AM - 9:00 PM (Regular Business Hours),"SahayShakti Corporate Suite: High-trust portfolio, floor-plan downloads, and direct investor inquiry funnel.",HOT (Zero Web Presence / High Revenue),Uncontacted
SST-REAL-ROH-1098,IFL Housing Finance Limited,"Real Estate, Legal & Professional Corporate","Rohini Commercial Hub (Near Lat: 28.713, Lon: 77.138)",110085,"Rohini, Delhi",+91-85950-10101,NO OFFICIAL WEBSITE (High Vulnerability),Rs. 8.0 - 30.0 Lakhs/mo,"Rs. 25,000 - 2,50,000",Senior Partner / Managing Consultant,10:00 AM - 9:00 PM (Regular Business Hours),"SahayShakti Corporate Suite: High-trust portfolio, floor-plan downloads, and direct investor inquiry funnel.",HOT (Zero Web Presence / High Revenue),Uncontacted
SST-REAL-ROH-1099,Axis Bank,"Real Estate, Legal & Professional Corporate","Rohini Commercial Hub (Near Lat: 28.713, Lon: 77.138)",110085,"Rohini, Delhi",In-Person Walk-in / Listed in Local Market,NO OFFICIAL WEBSITE (High Vulnerability),Rs. 8.0 - 30.0 Lakhs/mo,"Rs. 25,000 - 2,50,000",Senior Partner / Managing Consultant,10:00 AM - 9:00 PM (Regular Business Hours),"SahayShakti Corporate Suite: High-trust portfolio, floor-plan downloads, and direct investor inquiry funnel.",HOT (Zero Web Presence / High Revenue),Uncontacted
SST-REAL-ROH-1100,Yes Bank,"Real Estate, Legal & Professional Corporate","Rohini Commercial Hub (Near Lat: 28.713, Lon: 77.138)",110085,"Rohini, Delhi",In-Person Walk-in / Listed in Local Market,NO OFFICIAL WEBSITE (High Vulnerability),Rs. 8.0 - 30.0 Lakhs/mo,"Rs. 25,000 - 2,50,000",Senior Partner / Managing Consultant,10:00 AM - 9:00 PM (Regular Business Hours),"SahayShakti Corporate Suite: High-trust portfolio, floor-plan downloads, and direct investor inquiry funnel.",HOT (Zero Web Presence / High Revenue),Uncontacted
SST-REAL-ROH-1101,Patanjali Store,"Real Estate, Legal & Professional Corporate","Rohini Commercial Hub (Near Lat: 28.713, Lon: 77.138)",110085,"Rohini, Delhi",In-Person Walk-in / Listed in Local Market,NO OFFICIAL WEBSITE (High Vulnerability),Rs. 8.0 - 30.0 Lakhs/mo,"Rs. 25,000 - 2,50,000",Senior Partner / Managing Consultant,10:00 AM - 9:00 PM (Regular Business Hours),"SahayShakti Corporate Suite: High-trust portfolio, floor-plan downloads, and direct investor inquiry funnel.",HOT (Zero Web Presence / High Revenue),Uncontacted
SST-REAL-ROH-1103,ICICI Bank,"Real Estate, Legal & Professional Corporate","Rohini Commercial Hub (Near Lat: 28.713, Lon: 77.138)",110085,"Rohini, Delhi",In-Person Walk-in / Listed in Local Market,NO OFFICIAL WEBSITE (High Vulnerability),Rs. 8.0 - 30.0 Lakhs/mo,"Rs. 25,000 - 2,50,000",Senior Partner / Managing Consultant,10:00 AM - 9:00 PM (Regular Business Hours),"SahayShakti Corporate Suite: High-trust portfolio, floor-plan downloads, and direct investor inquiry funnel.",HOT (Zero Web Presence / High Revenue),Uncontacted
SST-REAL-ROH-1104,Federal Bank,"Real Estate, Legal & Professional Corporate","Rohini Commercial Hub (Near Lat: 28.713, Lon: 77.138)",110085,"Rohini, Delhi",In-Person Walk-in / Listed in Local Market,NO OFFICIAL WEBSITE (High Vulnerability),Rs. 8.0 - 30.0 Lakhs/mo,"Rs. 25,000 - 2,50,000",Senior Partner / Managing Consultant,10:00 AM - 9:00 PM (Regular Business Hours),"SahayShakti Corporate Suite: High-trust portfolio, floor-plan downloads, and direct investor inquiry funnel.",HOT (Zero Web Presence / High Revenue),Uncontacted
SST-REAL-ROH-1107,Bansi Panwala,"Real Estate, Legal & Professional Corporate","Rohini Commercial Hub (Near Lat: 28.700, Lon: 77.152)",110085,"Rohini, Delhi",In-Person Walk-in / Listed in Local Market,NO OFFICIAL WEBSITE (High Vulnerability),Rs. 8.0 - 30.0 Lakhs/mo,"Rs. 25,000 - 2,50,000",Senior Partner / Managing Consultant,10:00 AM - 9:00 PM (Regular Business Hours),"SahayShakti Corporate Suite: High-trust portfolio, floor-plan downloads, and direct investor inquiry funnel.",HOT (Zero Web Presence / High Revenue),Uncontacted
SST-REAL-ROH-1109,Mother Dairy,"Real Estate, Legal & Professional Corporate",northwest delhi,110033,"Rohini, Delhi",In-Person Walk-in / Listed in Local Market,NO OFFICIAL WEBSITE (High Vulnerability),Rs. 8.0 - 30.0 Lakhs/mo,"Rs. 25,000 - 2,50,000",Senior Partner / Managing Consultant,10:00 AM - 9:00 PM (Regular Business Hours),"SahayShakti Corporate Suite: High-trust portfolio, floor-plan downloads, and direct investor inquiry funnel.",HOT (Zero Web Presence / High Revenue),Uncontacted
SST-REAL-ROH-1111,NCC Bhawan Rohini,"Real Estate, Legal & Professional Corporate","Rohini Commercial Hub (Near Lat: 28.732, Lon: 77.139)",110085,"Rohini, Delhi",In-Person Walk-in / Listed in Local Market,NO OFFICIAL WEBSITE (High Vulnerability),Rs. 8.0 - 30.0 Lakhs/mo,"Rs. 25,000 - 2,50,000",Senior Partner / Managing Consultant,10:00 AM - 9:00 PM (Regular Business Hours),"SahayShakti Corporate Suite: High-trust portfolio, floor-plan downloads, and direct investor inquiry funnel.",HOT (Zero Web Presence / High Revenue),Uncontacted
SST-REAL-ROH-1112,Dr BR Ambedkar Auditorium,"Real Estate, Legal & Professional Corporate","Rohini Commercial Hub (Near Lat: 28.750, Lon: 77.116)",110085,"Rohini, Delhi",In-Person Walk-in / Listed in Local Market,NO OFFICIAL WEBSITE (High Vulnerability),Rs. 8.0 - 30.0 Lakhs/mo,"Rs. 25,000 - 2,50,000",Senior Partner / Managing Consultant,10:00 AM - 9:00 PM (Regular Business Hours),"SahayShakti Corporate Suite: High-trust portfolio, floor-plan downloads, and direct investor inquiry funnel.",HOT (Zero Web Presence / High Revenue),Uncontacted
SST-REAL-ROH-1113,DTU Library,"Real Estate, Legal & Professional Corporate","Rohini Commercial Hub (Near Lat: 28.751, Lon: 77.117)",110085,"Rohini, Delhi",In-Person Walk-in / Listed in Local Market,NO OFFICIAL WEBSITE (High Vulnerability),Rs. 8.0 - 30.0 Lakhs/mo,"Rs. 25,000 - 2,50,000",Senior Partner / Managing Consultant,10:00 AM - 9:00 PM (Regular Business Hours),"SahayShakti Corporate Suite: High-trust portfolio, floor-plan downloads, and direct investor inquiry funnel.",HOT (Zero Web Presence / High Revenue),Uncontacted
SST-REAL-ROH-1116,Nirwan Library,"Real Estate, Legal & Professional Corporate","Rohini Commercial Hub (Near Lat: 28.732, Lon: 77.142)",110085,"Rohini, Delhi",In-Person Walk-in / Listed in Local Market,NO OFFICIAL WEBSITE (High Vulnerability),Rs. 8.0 - 30.0 Lakhs/mo,"Rs. 25,000 - 2,50,000",Senior Partner / Managing Consultant,10:00 AM - 9:00 PM (Regular Business Hours),"SahayShakti Corporate Suite: High-trust portfolio, floor-plan downloads, and direct investor inquiry funnel.",HOT (Zero Web Presence / High Revenue),Uncontacted
SST-REAL-ROH-1117,Garhwal Bakery,"Real Estate, Legal & Professional Corporate","Rohini Commercial Hub (Near Lat: 28.731, Lon: 77.143)",110085,"Rohini, Delhi",In-Person Walk-in / Listed in Local Market,NO OFFICIAL WEBSITE (High Vulnerability),Rs. 8.0 - 30.0 Lakhs/mo,"Rs. 25,000 - 2,50,000",Senior Partner / Managing Consultant,10:00 AM - 9:00 PM (Regular Business Hours),"SahayShakti Corporate Suite: High-trust portfolio, floor-plan downloads, and direct investor inquiry funnel.",HOT (Zero Web Presence / High Revenue),Uncontacted
SST-REAL-ROH-1118,Bansi Wala,"Real Estate, Legal & Professional Corporate","Rohini Commercial Hub (Near Lat: 28.723, Lon: 77.127)",110085,"Rohini, Delhi",+91 22 4962 6853,https://bansiwala.co.in/,Rs. 8.0 - 30.0 Lakhs/mo,"Rs. 25,000 - 2,50,000",Senior Partner / Managing Consultant,10:00 AM - 9:00 PM (Regular Business Hours),"SahayShakti Corporate Suite: High-trust portfolio, floor-plan downloads, and direct investor inquiry funnel.",Warm (Needs Modern Revamp),Uncontacted
SST-REAL-ROH-1125,Katran Market,"Real Estate, Legal & Professional Corporate","Rohini Commercial Hub (Near Lat: 28.689, Lon: 77.090)",110085,"Rohini, Delhi",In-Person Walk-in / Listed in Local Market,NO OFFICIAL WEBSITE (High Vulnerability),Rs. 8.0 - 30.0 Lakhs/mo,"Rs. 25,000 - 2,50,000",Senior Partner / Managing Consultant,10:00 AM - 9:00 PM (Regular Business Hours),"SahayShakti Corporate Suite: High-trust portfolio, floor-plan downloads, and direct investor inquiry funnel.",HOT (Zero Web Presence / High Revenue),Uncontacted
SST-REAL-ROH-1127,VRL Logistics Limited,"Real Estate, Legal & Professional Corporate","Rohini Commercial Hub (Near Lat: 28.744, Lon: 77.143)",110085,"Rohini, Delhi",+91-96438-20761,https://www.vrllogistics.com,Rs. 8.0 - 30.0 Lakhs/mo,"Rs. 25,000 - 2,50,000",Senior Partner / Managing Consultant,10:00 AM - 9:00 PM (Regular Business Hours),"SahayShakti Corporate Suite: High-trust portfolio, floor-plan downloads, and direct investor inquiry funnel.",Warm (Needs Modern Revamp),Uncontacted
SST-REAL-ROH-1128,Deepika Repairing Center,"Real Estate, Legal & Professional Corporate","Rohini Commercial Hub (Near Lat: 28.744, Lon: 77.142)",110085,"Rohini, Delhi",+91-93508-43972;+91-98991-79393,NO OFFICIAL WEBSITE (High Vulnerability),Rs. 8.0 - 30.0 Lakhs/mo,"Rs. 25,000 - 2,50,000",Senior Partner / Managing Consultant,10:00 AM - 9:00 PM (Regular Business Hours),"SahayShakti Corporate Suite: High-trust portfolio, floor-plan downloads, and direct investor inquiry funnel.",HOT (Zero Web Presence / High Revenue),Uncontacted
SST-REAL-ROH-1129,Parveen Generator,"Real Estate, Legal & Professional Corporate","Rohini Commercial Hub (Near Lat: 28.744, Lon: 77.142)",110085,"Rohini, Delhi",+91-92137-18782;+91-83840-98609,NO OFFICIAL WEBSITE (High Vulnerability),Rs. 8.0 - 30.0 Lakhs/mo,"Rs. 25,000 - 2,50,000",Senior Partner / Managing Consultant,10:00 AM - 9:00 PM (Regular Business Hours),"SahayShakti Corporate Suite: High-trust portfolio, floor-plan downloads, and direct investor inquiry funnel.",HOT (Zero Web Presence / High Revenue),Uncontacted
SST-REAL-ROH-1131,Golden Roadways and Logistics Private Limited,"Real Estate, Legal & Professional Corporate",41  Sanjay Gandhi Transport Nagar,110042,"Rohini, Delhi",In-Person Walk-in / Listed in Local Market,NO OFFICIAL WEBSITE (High Vulnerability),Rs. 8.0 - 30.0 Lakhs/mo,"Rs. 25,000 - 2,50,000",Senior Partner / Managing Consultant,10:00 AM - 9:00 PM (Regular Business Hours),"SahayShakti Corporate Suite: High-trust portfolio, floor-plan downloads, and direct investor inquiry funnel.",HOT (Zero Web Presence / High Revenue),Uncontacted
SST-REAL-ROH-1132,Guru Kripa Tirpal House,"Real Estate, Legal & Professional Corporate",42  Sanjay Gandhi Transport Nagar,110042,"Rohini, Delhi",+91-98739-96432;+91-90156-70686,NO OFFICIAL WEBSITE (High Vulnerability),Rs. 8.0 - 30.0 Lakhs/mo,"Rs. 25,000 - 2,50,000",Senior Partner / Managing Consultant,10:00 AM - 9:00 PM (Regular Business Hours),"SahayShakti Corporate Suite: High-trust portfolio, floor-plan downloads, and direct investor inquiry funnel.",HOT (Zero Web Presence / High Revenue),Uncontacted
SST-REAL-ROH-1133,Khatu Shyam Transport Company,"Real Estate, Legal & Professional Corporate",40  Sanjay Gandhi Transport Nagar,110042,"Rohini, Delhi",+91-96505-83585;+91-72105-40601,NO OFFICIAL WEBSITE (High Vulnerability),Rs. 8.0 - 30.0 Lakhs/mo,"Rs. 25,000 - 2,50,000",Senior Partner / Managing Consultant,10:00 AM - 9:00 PM (Regular Business Hours),"SahayShakti Corporate Suite: High-trust portfolio, floor-plan downloads, and direct investor inquiry funnel.",HOT (Zero Web Presence / High Revenue),Uncontacted
SST-REAL-ROH-1134,Malik Transport Company,"Real Estate, Legal & Professional Corporate",41  Sanjay Gandhi Transport Nagar,110042,"Rohini, Delhi",+91-93195-05192;+91-98992-08235,NO OFFICIAL WEBSITE (High Vulnerability),Rs. 8.0 - 30.0 Lakhs/mo,"Rs. 25,000 - 2,50,000",Senior Partner / Managing Consultant,10:00 AM - 9:00 PM (Regular Business Hours),"SahayShakti Corporate Suite: High-trust portfolio, floor-plan downloads, and direct investor inquiry funnel.",HOT (Zero Web Presence / High Revenue),Uncontacted
SST-REAL-ROH-1135,JMD Enterprises,"Real Estate, Legal & Professional Corporate","Rohini Commercial Hub (Near Lat: 28.743, Lon: 77.150)",110085,"Rohini, Delhi",In-Person Walk-in / Listed in Local Market,NO OFFICIAL WEBSITE (High Vulnerability),Rs. 8.0 - 30.0 Lakhs/mo,"Rs. 25,000 - 2,50,000",Senior Partner / Managing Consultant,10:00 AM - 9:00 PM (Regular Business Hours),"SahayShakti Corporate Suite: High-trust portfolio, floor-plan downloads, and direct investor inquiry funnel.",HOT (Zero Web Presence / High Revenue),Uncontacted
SST-REAL-ROH-1137,Maa Navdurga Enterprises,"Real Estate, Legal & Professional Corporate",49  Sanjay Gandhi Transport Nagar,110085,"Rohini, Delhi",In-Person Walk-in / Listed in Local Market,NO OFFICIAL WEBSITE (High Vulnerability),Rs. 8.0 - 30.0 Lakhs/mo,"Rs. 25,000 - 2,50,000",Senior Partner / Managing Consultant,10:00 AM - 9:00 PM (Regular Business Hours),"SahayShakti Corporate Suite: High-trust portfolio, floor-plan downloads, and direct investor inquiry funnel.",HOT (Zero Web Presence / High Revenue),Uncontacted
SST-REAL-ROH-1138,Aneja Property Dealer,"Real Estate, Legal & Professional Corporate","Rohini Commercial Hub (Near Lat: 28.742, Lon: 77.151)",110085,"Rohini, Delhi",+91-95600-13013,NO OFFICIAL WEBSITE (High Vulnerability),Rs. 8.0 - 30.0 Lakhs/mo,"Rs. 25,000 - 2,50,000",Senior Partner / Managing Consultant,10:00 AM - 9:00 PM (Regular Business Hours),"SahayShakti Corporate Suite: High-trust portfolio, floor-plan downloads, and direct investor inquiry funnel.",HOT (Zero Web Presence / High Revenue),Uncontacted
SST-REAL-ROH-1139,Morvi Argon Welding Machine,"Real Estate, Legal & Professional Corporate","Rohini Commercial Hub (Near Lat: 28.743, Lon: 77.150)",110085,"Rohini, Delhi",In-Person Walk-in / Listed in Local Market,NO OFFICIAL WEBSITE (High Vulnerability),Rs. 8.0 - 30.0 Lakhs/mo,"Rs. 25,000 - 2,50,000",Senior Partner / Managing Consultant,10:00 AM - 9:00 PM (Regular Business Hours),"SahayShakti Corporate Suite: High-trust portfolio, floor-plan downloads, and direct investor inquiry funnel.",HOT (Zero Web Presence / High Revenue),Uncontacted
SST-REAL-ROH-1140,Jadiya Transport Corporation,"Real Estate, Legal & Professional Corporate",42,110085,"Rohini, Delhi",In-Person Walk-in / Listed in Local Market,NO OFFICIAL WEBSITE (High Vulnerability),Rs. 8.0 - 30.0 Lakhs/mo,"Rs. 25,000 - 2,50,000",Senior Partner / Managing Consultant,10:00 AM - 9:00 PM (Regular Business Hours),"SahayShakti Corporate Suite: High-trust portfolio, floor-plan downloads, and direct investor inquiry funnel.",HOT (Zero Web Presence / High Revenue),Uncontacted
SST-REAL-ROH-1141,Kohinoor Roadways Registered,"Real Estate, Legal & Professional Corporate","Rohini Commercial Hub (Near Lat: 28.743, Lon: 77.150)",110085,"Rohini, Delhi",In-Person Walk-in / Listed in Local Market,NO OFFICIAL WEBSITE (High Vulnerability),Rs. 8.0 - 30.0 Lakhs/mo,"Rs. 25,000 - 2,50,000",Senior Partner / Managing Consultant,10:00 AM - 9:00 PM (Regular Business Hours),"SahayShakti Corporate Suite: High-trust portfolio, floor-plan downloads, and direct investor inquiry funnel.",HOT (Zero Web Presence / High Revenue),Uncontacted
SST-REAL-ROH-1142,Fair Deal Financial Services,"Real Estate, Legal & Professional Corporate","Rohini Commercial Hub (Near Lat: 28.743, Lon: 77.150)",110085,"Rohini, Delhi",In-Person Walk-in / Listed in Local Market,NO OFFICIAL WEBSITE (High Vulnerability),Rs. 8.0 - 30.0 Lakhs/mo,"Rs. 25,000 - 2,50,000",Senior Partner / Managing Consultant,10:00 AM - 9:00 PM (Regular Business Hours),"SahayShakti Corporate Suite: High-trust portfolio, floor-plan downloads, and direct investor inquiry funnel.",HOT (Zero Web Presence / High Revenue),Uncontacted
SST-REAL-ROH-1143,New Shiv Store,"Real Estate, Legal & Professional Corporate","Rohini Commercial Hub (Near Lat: 28.744, Lon: 77.146)",110085,"Rohini, Delhi",In-Person Walk-in / Listed in Local Market,NO OFFICIAL WEBSITE (High Vulnerability),Rs. 8.0 - 30.0 Lakhs/mo,"Rs. 25,000 - 2,50,000",Senior Partner / Managing Consultant,10:00 AM - 9:00 PM (Regular Business Hours),"SahayShakti Corporate Suite: High-trust portfolio, floor-plan downloads, and direct investor inquiry funnel.",HOT (Zero Web Presence / High Revenue),Uncontacted
SST-REAL-ROH-1144,Bhola Shocker Repair,"Real Estate, Legal & Professional Corporate","Rohini Commercial Hub (Near Lat: 28.744, Lon: 77.146)",110085,"Rohini, Delhi",In-Person Walk-in / Listed in Local Market,NO OFFICIAL WEBSITE (High Vulnerability),Rs. 8.0 - 30.0 Lakhs/mo,"Rs. 25,000 - 2,50,000",Senior Partner / Managing Consultant,10:00 AM - 9:00 PM (Regular Business Hours),"SahayShakti Corporate Suite: High-trust portfolio, floor-plan downloads, and direct investor inquiry funnel.",HOT (Zero Web Presence / High Revenue),Uncontacted
SST-REAL-ROH-1145,Bike Nation,"Real Estate, Legal & Professional Corporate","Rohini Commercial Hub (Near Lat: 28.744, Lon: 77.146)",110085,"Rohini, Delhi",+91-750-331-8634;+91-9999-535-337,NO OFFICIAL WEBSITE (High Vulnerability),Rs. 8.0 - 30.0 Lakhs/mo,"Rs. 25,000 - 2,50,000",Senior Partner / Managing Consultant,10:00 AM - 9:00 PM (Regular Business Hours),"SahayShakti Corporate Suite: High-trust portfolio, floor-plan downloads, and direct investor inquiry funnel.",HOT (Zero Web Presence / High Revenue),Uncontacted
SST-REAL-ROH-1147,Bhardwaj Tubewell Repairing Works,"Real Estate, Legal & Professional Corporate","Rohini Commercial Hub (Near Lat: 28.744, Lon: 77.146)",110085,"Rohini, Delhi",+91-92100-85161;+91-99535-51452,NO OFFICIAL WEBSITE (High Vulnerability),Rs. 8.0 - 30.0 Lakhs/mo,"Rs. 25,000 - 2,50,000",Senior Partner / Managing Consultant,10:00 AM - 9:00 PM (Regular Business Hours),"SahayShakti Corporate Suite: High-trust portfolio, floor-plan downloads, and direct investor inquiry funnel.",HOT (Zero Web Presence / High Revenue),Uncontacted
SST-REAL-ROH-1150,Saawariya Seth Tents,"Real Estate, Legal & Professional Corporate",Doctor KN Katju Marg,110085,"Rohini, Delhi",In-Person Walk-in / Listed in Local Market,https://weds.guru/pro/saawariya/,Rs. 8.0 - 30.0 Lakhs/mo,"Rs. 25,000 - 2,50,000",Senior Partner / Managing Consultant,10:00 AM - 9:00 PM (Regular Business Hours),"SahayShakti Corporate Suite: High-trust portfolio, floor-plan downloads, and direct investor inquiry funnel.",Warm (Needs Modern Revamp),Uncontacted
SST-REAL-ROH-1151,Grand Moments By JMD Tents,"Real Estate, Legal & Professional Corporate","Rohini Sector 10, Japnese Park",110085,"Rohini, Delhi",In-Person Walk-in / Listed in Local Market,https://weds.guru/pro/jmd/,Rs. 8.0 - 30.0 Lakhs/mo,"Rs. 25,000 - 2,50,000",Senior Partner / Managing Consultant,10:00 AM - 9:00 PM (Regular Business Hours),"SahayShakti Corporate Suite: High-trust portfolio, floor-plan downloads, and direct investor inquiry funnel.",Warm (Needs Modern Revamp),Uncontacted
SST-REAL-ROH-1155,Neelkanth Associates,"Real Estate, Legal & Professional Corporate","Rohini Commercial Hub (Near Lat: 28.732, Lon: 77.088)",110085,"Rohini, Delhi",In-Person Walk-in / Listed in Local Market,NO OFFICIAL WEBSITE (High Vulnerability),Rs. 8.0 - 30.0 Lakhs/mo,"Rs. 25,000 - 2,50,000",Senior Partner / Managing Consultant,10:00 AM - 9:00 PM (Regular Business Hours),"SahayShakti Corporate Suite: High-trust portfolio, floor-plan downloads, and direct investor inquiry funnel.",HOT (Zero Web Presence / High Revenue),Uncontacted
SST-REAL-ROH-1158,Indian Bank,"Real Estate, Legal & Professional Corporate","Rohini Commercial Hub (Near Lat: 28.733, Lon: 77.089)",110085,"Rohini, Delhi",In-Person Walk-in / Listed in Local Market,NO OFFICIAL WEBSITE (High Vulnerability),Rs. 8.0 - 30.0 Lakhs/mo,"Rs. 25,000 - 2,50,000",Senior Partner / Managing Consultant,10:00 AM - 9:00 PM (Regular Business Hours),"SahayShakti Corporate Suite: High-trust portfolio, floor-plan downloads, and direct investor inquiry funnel.",HOT (Zero Web Presence / High Revenue),Uncontacted
SST-REAL-ROH-1160,PM Properties,"Real Estate, Legal & Professional Corporate","Rohini Commercial Hub (Near Lat: 28.731, Lon: 77.088)",110085,"Rohini, Delhi",In-Person Walk-in / Listed in Local Market,NO OFFICIAL WEBSITE (High Vulnerability),Rs. 8.0 - 30.0 Lakhs/mo,"Rs. 25,000 - 2,50,000",Senior Partner / Managing Consultant,10:00 AM - 9:00 PM (Regular Business Hours),"SahayShakti Corporate Suite: High-trust portfolio, floor-plan downloads, and direct investor inquiry funnel.",HOT (Zero Web Presence / High Revenue),Uncontacted
SST-REAL-ROH-1162,Bank of Baroda,"Real Estate, Legal & Professional Corporate","Rohini Commercial Hub (Near Lat: 28.732, Lon: 77.088)",110085,"Rohini, Delhi",In-Person Walk-in / Listed in Local Market,NO OFFICIAL WEBSITE (High Vulnerability),Rs. 8.0 - 30.0 Lakhs/mo,"Rs. 25,000 - 2,50,000",Senior Partner / Managing Consultant,10:00 AM - 9:00 PM (Regular Business Hours),"SahayShakti Corporate Suite: High-trust portfolio, floor-plan downloads, and direct investor inquiry funnel.",HOT (Zero Web Presence / High Revenue),Uncontacted
SST-REAL-ROH-1163,Excitel,"Real Estate, Legal & Professional Corporate","Rohini Commercial Hub (Near Lat: 28.732, Lon: 77.088)",110085,"Rohini, Delhi",In-Person Walk-in / Listed in Local Market,NO OFFICIAL WEBSITE (High Vulnerability),Rs. 8.0 - 30.0 Lakhs/mo,"Rs. 25,000 - 2,50,000",Senior Partner / Managing Consultant,10:00 AM - 9:00 PM (Regular Business Hours),"SahayShakti Corporate Suite: High-trust portfolio, floor-plan downloads, and direct investor inquiry funnel.",HOT (Zero Web Presence / High Revenue),Uncontacted
SST-REAL-ROH-1164,Axis Bank,"Real Estate, Legal & Professional Corporate","Rohini Commercial Hub (Near Lat: 28.732, Lon: 77.088)",110085,"Rohini, Delhi",In-Person Walk-in / Listed in Local Market,NO OFFICIAL WEBSITE (High Vulnerability),Rs. 8.0 - 30.0 Lakhs/mo,"Rs. 25,000 - 2,50,000",Senior Partner / Managing Consultant,10:00 AM - 9:00 PM (Regular Business Hours),"SahayShakti Corporate Suite: High-trust portfolio, floor-plan downloads, and direct investor inquiry funnel.",HOT (Zero Web Presence / High Revenue),Uncontacted
SST-REAL-ROH-1165,Jaigurudev Developers,"Real Estate, Legal & Professional Corporate","Rohini Commercial Hub (Near Lat: 28.732, Lon: 77.088)",110085,"Rohini, Delhi",In-Person Walk-in / Listed in Local Market,NO OFFICIAL WEBSITE (High Vulnerability),Rs. 8.0 - 30.0 Lakhs/mo,"Rs. 25,000 - 2,50,000",Senior Partner / Managing Consultant,10:00 AM - 9:00 PM (Regular Business Hours),"SahayShakti Corporate Suite: High-trust portfolio, floor-plan downloads, and direct investor inquiry funnel.",HOT (Zero Web Presence / High Revenue),Uncontacted
SST-REAL-ROH-1167,Vastu Properties,"Real Estate, Legal & Professional Corporate","Rohini Commercial Hub (Near Lat: 28.732, Lon: 77.088)",110085,"Rohini, Delhi",In-Person Walk-in / Listed in Local Market,NO OFFICIAL WEBSITE (High Vulnerability),Rs. 8.0 - 30.0 Lakhs/mo,"Rs. 25,000 - 2,50,000",Senior Partner / Managing Consultant,10:00 AM - 9:00 PM (Regular Business Hours),"SahayShakti Corporate Suite: High-trust portfolio, floor-plan downloads, and direct investor inquiry funnel.",HOT (Zero Web Presence / High Revenue),Uncontacted
SST-REAL-ROH-1168,HDFC Bank,"Real Estate, Legal & Professional Corporate","Rohini Commercial Hub (Near Lat: 28.732, Lon: 77.088)",110085,"Rohini, Delhi",In-Person Walk-in / Listed in Local Market,NO OFFICIAL WEBSITE (High Vulnerability),Rs. 8.0 - 30.0 Lakhs/mo,"Rs. 25,000 - 2,50,000",Senior Partner / Managing Consultant,10:00 AM - 9:00 PM (Regular Business Hours),"SahayShakti Corporate Suite: High-trust portfolio, floor-plan downloads, and direct investor inquiry funnel.",HOT (Zero Web Presence / High Revenue),Uncontacted
SST-REAL-ROH-1169,Pradeep Associates,"Real Estate, Legal & Professional Corporate","Rohini Commercial Hub (Near Lat: 28.732, Lon: 77.088)",110085,"Rohini, Delhi",In-Person Walk-in / Listed in Local Market,NO OFFICIAL WEBSITE (High Vulnerability),Rs. 8.0 - 30.0 Lakhs/mo,"Rs. 25,000 - 2,50,000",Senior Partner / Managing Consultant,10:00 AM - 9:00 PM (Regular Business Hours),"SahayShakti Corporate Suite: High-trust portfolio, floor-plan downloads, and direct investor inquiry funnel.",HOT (Zero Web Presence / High Revenue),Uncontacted
SST-REAL-ROH-1172,Rainbow Properties,"Real Estate, Legal & Professional Corporate","Rohini Commercial Hub (Near Lat: 28.731, Lon: 77.088)",110085,"Rohini, Delhi",In-Person Walk-in / Listed in Local Market,NO OFFICIAL WEBSITE (High Vulnerability),Rs. 8.0 - 30.0 Lakhs/mo,"Rs. 25,000 - 2,50,000",Senior Partner / Managing Consultant,10:00 AM - 9:00 PM (Regular Business Hours),"SahayShakti Corporate Suite: High-trust portfolio, floor-plan downloads, and direct investor inquiry funnel.",HOT (Zero Web Presence / High Revenue),Uncontacted
SST-REAL-ROH-1173,Suresh Gupta Associates,"Real Estate, Legal & Professional Corporate","Rohini Commercial Hub (Near Lat: 28.732, Lon: 77.088)",110085,"Rohini, Delhi",In-Person Walk-in / Listed in Local Market,NO OFFICIAL WEBSITE (High Vulnerability),Rs. 8.0 - 30.0 Lakhs/mo,"Rs. 25,000 - 2,50,000",Senior Partner / Managing Consultant,10:00 AM - 9:00 PM (Regular Business Hours),"SahayShakti Corporate Suite: High-trust portfolio, floor-plan downloads, and direct investor inquiry funnel.",HOT (Zero Web Presence / High Revenue),Uncontacted
SST-REAL-ROH-1174,Canara Bank,"Real Estate, Legal & Professional Corporate","Rohini Commercial Hub (Near Lat: 28.732, Lon: 77.088)",110085,"Rohini, Delhi",In-Person Walk-in / Listed in Local Market,NO OFFICIAL WEBSITE (High Vulnerability),Rs. 8.0 - 30.0 Lakhs/mo,"Rs. 25,000 - 2,50,000",Senior Partner / Managing Consultant,10:00 AM - 9:00 PM (Regular Business Hours),"SahayShakti Corporate Suite: High-trust portfolio, floor-plan downloads, and direct investor inquiry funnel.",HOT (Zero Web Presence / High Revenue),Uncontacted
SST-REAL-ROH-1175,Shree Ji,"Real Estate, Legal & Professional Corporate","Rohini Commercial Hub (Near Lat: 28.731, Lon: 77.088)",110085,"Rohini, Delhi",+917011462478,NO OFFICIAL WEBSITE (High Vulnerability),Rs. 8.0 - 30.0 Lakhs/mo,"Rs. 25,000 - 2,50,000",Senior Partner / Managing Consultant,10:00 AM - 9:00 PM (Regular Business Hours),"SahayShakti Corporate Suite: High-trust portfolio, floor-plan downloads, and direct investor inquiry funnel.",HOT (Zero Web Presence / High Revenue),Uncontacted
SST-REAL-ROH-1177,The Dream Studio,"Real Estate, Legal & Professional Corporate","Rohini Commercial Hub (Near Lat: 28.731, Lon: 77.088)",110085,"Rohini, Delhi",In-Person Walk-in / Listed in Local Market,NO OFFICIAL WEBSITE (High Vulnerability),Rs. 8.0 - 30.0 Lakhs/mo,"Rs. 25,000 - 2,50,000",Senior Partner / Managing Consultant,10:00 AM - 9:00 PM (Regular Business Hours),"SahayShakti Corporate Suite: High-trust portfolio, floor-plan downloads, and direct investor inquiry funnel.",HOT (Zero Web Presence / High Revenue),Uncontacted
SST-REAL-ROH-1178,Bank of India,"Real Estate, Legal & Professional Corporate","Rohini Commercial Hub (Near Lat: 28.727, Lon: 77.083)",110085,"Rohini, Delhi",In-Person Walk-in / Listed in Local Market,NO OFFICIAL WEBSITE (High Vulnerability),Rs. 8.0 - 30.0 Lakhs/mo,"Rs. 25,000 - 2,50,000",Senior Partner / Managing Consultant,10:00 AM - 9:00 PM (Regular Business Hours),"SahayShakti Corporate Suite: High-trust portfolio, floor-plan downloads, and direct investor inquiry funnel.",HOT (Zero Web Presence / High Revenue),Uncontacted
SST-REAL-ROH-1180,Shiva Enclave,"Real Estate, Legal & Professional Corporate",Rohtak Road,110063,"Rohini, Delhi",In-Person Walk-in / Listed in Local Market,NO OFFICIAL WEBSITE (High Vulnerability),Rs. 8.0 - 30.0 Lakhs/mo,"Rs. 25,000 - 2,50,000",Senior Partner / Managing Consultant,10:00 AM - 9:00 PM (Regular Business Hours),"SahayShakti Corporate Suite: High-trust portfolio, floor-plan downloads, and direct investor inquiry funnel.",HOT (Zero Web Presence / High Revenue),Uncontacted
SST-REAL-ROH-1181,Jappa Solutions Pvt Ltd,"Real Estate, Legal & Professional Corporate","Rohini Commercial Hub (Near Lat: 28.740, Lon: 77.116)",110085,"Rohini, Delhi",In-Person Walk-in / Listed in Local Market,NO OFFICIAL WEBSITE (High Vulnerability),Rs. 8.0 - 30.0 Lakhs/mo,"Rs. 25,000 - 2,50,000",Senior Partner / Managing Consultant,10:00 AM - 9:00 PM (Regular Business Hours),"SahayShakti Corporate Suite: High-trust portfolio, floor-plan downloads, and direct investor inquiry funnel.",HOT (Zero Web Presence / High Revenue),Uncontacted
SST-REAL-ROH-1185,Cromā,"Real Estate, Legal & Professional Corporate","Rohini Commercial Hub (Near Lat: 28.715, Lon: 77.117)",110085,"Rohini, Delhi",In-Person Walk-in / Listed in Local Market,NO OFFICIAL WEBSITE (High Vulnerability),Rs. 8.0 - 30.0 Lakhs/mo,"Rs. 25,000 - 2,50,000",Senior Partner / Managing Consultant,10:00 AM - 9:00 PM (Regular Business Hours),"SahayShakti Corporate Suite: High-trust portfolio, floor-plan downloads, and direct investor inquiry funnel.",HOT (Zero Web Presence / High Revenue),Uncontacted
SST-REAL-ROH-1187,Westside,"Real Estate, Legal & Professional Corporate","Rohini Commercial Hub (Near Lat: 28.715, Lon: 77.116)",110085,"Rohini, Delhi",In-Person Walk-in / Listed in Local Market,NO OFFICIAL WEBSITE (High Vulnerability),Rs. 8.0 - 30.0 Lakhs/mo,"Rs. 25,000 - 2,50,000",Senior Partner / Managing Consultant,10:00 AM - 9:00 PM (Regular Business Hours),"SahayShakti Corporate Suite: High-trust portfolio, floor-plan downloads, and direct investor inquiry funnel.",HOT (Zero Web Presence / High Revenue),Uncontacted
SST-REAL-ROH-1189,Pantaloons,"Real Estate, Legal & Professional Corporate","Rohini Commercial Hub (Near Lat: 28.715, Lon: 77.116)",110085,"Rohini, Delhi",In-Person Walk-in / Listed in Local Market,NO OFFICIAL WEBSITE (High Vulnerability),Rs. 8.0 - 30.0 Lakhs/mo,"Rs. 25,000 - 2,50,000",Senior Partner / Managing Consultant,10:00 AM - 9:00 PM (Regular Business Hours),"SahayShakti Corporate Suite: High-trust portfolio, floor-plan downloads, and direct investor inquiry funnel.",HOT (Zero Web Presence / High Revenue),Uncontacted
SST-REAL-ROH-1190,Shoppers Stop,"Real Estate, Legal & Professional Corporate","Rohini Commercial Hub (Near Lat: 28.720, Lon: 77.110)",110085,"Rohini, Delhi",In-Person Walk-in / Listed in Local Market,NO OFFICIAL WEBSITE (High Vulnerability),Rs. 8.0 - 30.0 Lakhs/mo,"Rs. 25,000 - 2,50,000",Senior Partner / Managing Consultant,10:00 AM - 9:00 PM (Regular Business Hours),"SahayShakti Corporate Suite: High-trust portfolio, floor-plan downloads, and direct investor inquiry funnel.",HOT (Zero Web Presence / High Revenue),Uncontacted
SST-REAL-ROH-1191,Archies,"Real Estate, Legal & Professional Corporate","Rohini Commercial Hub (Near Lat: 28.715, Lon: 77.117)",110085,"Rohini, Delhi",In-Person Walk-in / Listed in Local Market,https://archiesonline.com/,Rs. 8.0 - 30.0 Lakhs/mo,"Rs. 25,000 - 2,50,000",Senior Partner / Managing Consultant,10:00 AM - 9:00 PM (Regular Business Hours),"SahayShakti Corporate Suite: High-trust portfolio, floor-plan downloads, and direct investor inquiry funnel.",Warm (Needs Modern Revamp),Uncontacted
SST-REAL-ROH-1195,ICICI Bank,"Real Estate, Legal & Professional Corporate","Rohini Commercial Hub (Near Lat: 28.719, Lon: 77.126)",110085,"Rohini, Delhi",In-Person Walk-in / Listed in Local Market,NO OFFICIAL WEBSITE (High Vulnerability),Rs. 8.0 - 30.0 Lakhs/mo,"Rs. 25,000 - 2,50,000",Senior Partner / Managing Consultant,10:00 AM - 9:00 PM (Regular Business Hours),"SahayShakti Corporate Suite: High-trust portfolio, floor-plan downloads, and direct investor inquiry funnel.",HOT (Zero Web Presence / High Revenue),Uncontacted
SST-REAL-ROH-1196,PVR Cinemas,"Real Estate, Legal & Professional Corporate","Rohini Commercial Hub (Near Lat: 28.712, Lon: 77.136)",110085,"Rohini, Delhi",In-Person Walk-in / Listed in Local Market,NO OFFICIAL WEBSITE (High Vulnerability),Rs. 8.0 - 30.0 Lakhs/mo,"Rs. 25,000 - 2,50,000",Senior Partner / Managing Consultant,10:00 AM - 9:00 PM (Regular Business Hours),"SahayShakti Corporate Suite: High-trust portfolio, floor-plan downloads, and direct investor inquiry funnel.",HOT (Zero Web Presence / High Revenue),Uncontacted
SST-REAL-ROH-1200,Mother Dairy,"Real Estate, Legal & Professional Corporate","Rohini Commercial Hub (Near Lat: 28.722, Lon: 77.137)",110085,"Rohini, Delhi",In-Person Walk-in / Listed in Local Market,NO OFFICIAL WEBSITE (High Vulnerability),Rs. 8.0 - 30.0 Lakhs/mo,"Rs. 25,000 - 2,50,000",Senior Partner / Managing Consultant,10:00 AM - 9:00 PM (Regular Business Hours),"SahayShakti Corporate Suite: High-trust portfolio, floor-plan downloads, and direct investor inquiry funnel.",HOT (Zero Web Presence / High Revenue),Uncontacted
SST-REAL-ROH-1201,Supriya and Nisha Stationery,"Real Estate, Legal & Professional Corporate","Rohini Commercial Hub (Near Lat: 28.721, Lon: 77.136)",110085,"Rohini, Delhi",In-Person Walk-in / Listed in Local Market,NO OFFICIAL WEBSITE (High Vulnerability),Rs. 8.0 - 30.0 Lakhs/mo,"Rs. 25,000 - 2,50,000",Senior Partner / Managing Consultant,10:00 AM - 9:00 PM (Regular Business Hours),"SahayShakti Corporate Suite: High-trust portfolio, floor-plan downloads, and direct investor inquiry funnel.",HOT (Zero Web Presence / High Revenue),Uncontacted
SST-REAL-ROH-1202,Pradhan Mantri Bhartiya Jan Aushadhi Kendra,"Real Estate, Legal & Professional Corporate","Rohini Commercial Hub (Near Lat: 28.721, Lon: 77.136)",110085,"Rohini, Delhi",In-Person Walk-in / Listed in Local Market,NO OFFICIAL WEBSITE (High Vulnerability),Rs. 8.0 - 30.0 Lakhs/mo,"Rs. 25,000 - 2,50,000",Senior Partner / Managing Consultant,10:00 AM - 9:00 PM (Regular Business Hours),"SahayShakti Corporate Suite: High-trust portfolio, floor-plan downloads, and direct investor inquiry funnel.",HOT (Zero Web Presence / High Revenue),Uncontacted
SST-REAL-ROH-1204,IndusInd Bank,"Real Estate, Legal & Professional Corporate","Rohini Commercial Hub (Near Lat: 28.714, Lon: 77.130)",110085,"Rohini, Delhi",In-Person Walk-in / Listed in Local Market,NO OFFICIAL WEBSITE (High Vulnerability),Rs. 8.0 - 30.0 Lakhs/mo,"Rs. 25,000 - 2,50,000",Senior Partner / Managing Consultant,10:00 AM - 9:00 PM (Regular Business Hours),"SahayShakti Corporate Suite: High-trust portfolio, floor-plan downloads, and direct investor inquiry funnel.",HOT (Zero Web Presence / High Revenue),Uncontacted
SST-REAL-ROH-1206,Chawla Stationery,"Real Estate, Legal & Professional Corporate","Rohini Commercial Hub (Near Lat: 28.734, Lon: 77.122)",110085,"Rohini, Delhi",In-Person Walk-in / Listed in Local Market,NO OFFICIAL WEBSITE (High Vulnerability),Rs. 8.0 - 30.0 Lakhs/mo,"Rs. 25,000 - 2,50,000",Senior Partner / Managing Consultant,10:00 AM - 9:00 PM (Regular Business Hours),"SahayShakti Corporate Suite: High-trust portfolio, floor-plan downloads, and direct investor inquiry funnel.",HOT (Zero Web Presence / High Revenue),Uncontacted
SST-REAL-ROH-1207,Durga Medicos,"Real Estate, Legal & Professional Corporate","Rohini Commercial Hub (Near Lat: 28.736, Lon: 77.121)",110085,"Rohini, Delhi",In-Person Walk-in / Listed in Local Market,NO OFFICIAL WEBSITE (High Vulnerability),Rs. 8.0 - 30.0 Lakhs/mo,"Rs. 25,000 - 2,50,000",Senior Partner / Managing Consultant,10:00 AM - 9:00 PM (Regular Business Hours),"SahayShakti Corporate Suite: High-trust portfolio, floor-plan downloads, and direct investor inquiry funnel.",HOT (Zero Web Presence / High Revenue),Uncontacted
SST-REAL-ROH-1216,HDFC Bank,"Real Estate, Legal & Professional Corporate",B34 Shaheed Lalit Narain Misra Marg North West,110052,"Rohini, Delhi",In-Person Walk-in / Listed in Local Market,NO OFFICIAL WEBSITE (High Vulnerability),Rs. 8.0 - 30.0 Lakhs/mo,"Rs. 25,000 - 2,50,000",Senior Partner / Managing Consultant,10:00 AM - 9:00 PM (Regular Business Hours),"SahayShakti Corporate Suite: High-trust portfolio, floor-plan downloads, and direct investor inquiry funnel.",HOT (Zero Web Presence / High Revenue),Uncontacted
SST-REAL-ROH-1217,Indian Oil,"Real Estate, Legal & Professional Corporate","Rohini Commercial Hub (Near Lat: 28.779, Lon: 77.045)",110085,"Rohini, Delhi",In-Person Walk-in / Listed in Local Market,NO OFFICIAL WEBSITE (High Vulnerability),Rs. 8.0 - 30.0 Lakhs/mo,"Rs. 25,000 - 2,50,000",Senior Partner / Managing Consultant,10:00 AM - 9:00 PM (Regular Business Hours),"SahayShakti Corporate Suite: High-trust portfolio, floor-plan downloads, and direct investor inquiry funnel.",HOT (Zero Web Presence / High Revenue),Uncontacted
SST-REAL-ROH-1224,Bunny,"Real Estate, Legal & Professional Corporate",A-11/3 Road Number B-7,110089,"Rohini, Delhi",In-Person Walk-in / Listed in Local Market,NO OFFICIAL WEBSITE (High Vulnerability),Rs. 8.0 - 30.0 Lakhs/mo,"Rs. 25,000 - 2,50,000",Senior Partner / Managing Consultant,10:00 AM - 9:00 PM (Regular Business Hours),"SahayShakti Corporate Suite: High-trust portfolio, floor-plan downloads, and direct investor inquiry funnel.",HOT (Zero Web Presence / High Revenue),Uncontacted
SST-REAL-ROH-1225,Go Colors,"Real Estate, Legal & Professional Corporate","Rohini Commercial Hub (Near Lat: 28.695, Lon: 77.154)",110085,"Rohini, Delhi",In-Person Walk-in / Listed in Local Market,NO OFFICIAL WEBSITE (High Vulnerability),Rs. 8.0 - 30.0 Lakhs/mo,"Rs. 25,000 - 2,50,000",Senior Partner / Managing Consultant,10:00 AM - 9:00 PM (Regular Business Hours),"SahayShakti Corporate Suite: High-trust portfolio, floor-plan downloads, and direct investor inquiry funnel.",HOT (Zero Web Presence / High Revenue),Uncontacted
SST-REAL-ROH-1226,D'Shoe Lounge,"Real Estate, Legal & Professional Corporate","Rohini Commercial Hub (Near Lat: 28.695, Lon: 77.154)",110085,"Rohini, Delhi",In-Person Walk-in / Listed in Local Market,NO OFFICIAL WEBSITE (High Vulnerability),Rs. 8.0 - 30.0 Lakhs/mo,"Rs. 25,000 - 2,50,000",Senior Partner / Managing Consultant,10:00 AM - 9:00 PM (Regular Business Hours),"SahayShakti Corporate Suite: High-trust portfolio, floor-plan downloads, and direct investor inquiry funnel.",HOT (Zero Web Presence / High Revenue),Uncontacted
SST-REAL-ROH-1227,Aurelia,"Real Estate, Legal & Professional Corporate","Rohini Commercial Hub (Near Lat: 28.695, Lon: 77.154)",110085,"Rohini, Delhi",In-Person Walk-in / Listed in Local Market,NO OFFICIAL WEBSITE (High Vulnerability),Rs. 8.0 - 30.0 Lakhs/mo,"Rs. 25,000 - 2,50,000",Senior Partner / Managing Consultant,10:00 AM - 9:00 PM (Regular Business Hours),"SahayShakti Corporate Suite: High-trust portfolio, floor-plan downloads, and direct investor inquiry funnel.",HOT (Zero Web Presence / High Revenue),Uncontacted
SST-REAL-ROH-1228,Mohanlal Sons,"Real Estate, Legal & Professional Corporate","Rohini Commercial Hub (Near Lat: 28.695, Lon: 77.154)",110085,"Rohini, Delhi",In-Person Walk-in / Listed in Local Market,NO OFFICIAL WEBSITE (High Vulnerability),Rs. 8.0 - 30.0 Lakhs/mo,"Rs. 25,000 - 2,50,000",Senior Partner / Managing Consultant,10:00 AM - 9:00 PM (Regular Business Hours),"SahayShakti Corporate Suite: High-trust portfolio, floor-plan downloads, and direct investor inquiry funnel.",HOT (Zero Web Presence / High Revenue),Uncontacted
SST-REAL-ROH-1229,Westside,"Real Estate, Legal & Professional Corporate","Rohini Commercial Hub (Near Lat: 28.695, Lon: 77.154)",110085,"Rohini, Delhi",In-Person Walk-in / Listed in Local Market,NO OFFICIAL WEBSITE (High Vulnerability),Rs. 8.0 - 30.0 Lakhs/mo,"Rs. 25,000 - 2,50,000",Senior Partner / Managing Consultant,10:00 AM - 9:00 PM (Regular Business Hours),"SahayShakti Corporate Suite: High-trust portfolio, floor-plan downloads, and direct investor inquiry funnel.",HOT (Zero Web Presence / High Revenue),Uncontacted
SST-REAL-ROH-1230,ICICI Bank,"Real Estate, Legal & Professional Corporate",Lok Vihar,110034,"Rohini, Delhi",In-Person Walk-in / Listed in Local Market,NO OFFICIAL WEBSITE (High Vulnerability),Rs. 8.0 - 30.0 Lakhs/mo,"Rs. 25,000 - 2,50,000",Senior Partner / Managing Consultant,Mo-Fr 09:00-17:00,"SahayShakti Corporate Suite: High-trust portfolio, floor-plan downloads, and direct investor inquiry funnel.",HOT (Zero Web Presence / High Revenue),Uncontacted
SST-REAL-ROH-1232,Van Heusen,"Real Estate, Legal & Professional Corporate","Rohini Commercial Hub (Near Lat: 28.717, Lon: 77.114)",110085,"Rohini, Delhi",In-Person Walk-in / Listed in Local Market,NO OFFICIAL WEBSITE (High Vulnerability),Rs. 8.0 - 30.0 Lakhs/mo,"Rs. 25,000 - 2,50,000",Senior Partner / Managing Consultant,10:00 AM - 9:00 PM (Regular Business Hours),"SahayShakti Corporate Suite: High-trust portfolio, floor-plan downloads, and direct investor inquiry funnel.",HOT (Zero Web Presence / High Revenue),Uncontacted
SST-REAL-ROH-1235,Safal,"Real Estate, Legal & Professional Corporate","Rohini Commercial Hub (Near Lat: 28.722, Lon: 77.137)",110085,"Rohini, Delhi",In-Person Walk-in / Listed in Local Market,NO OFFICIAL WEBSITE (High Vulnerability),Rs. 8.0 - 30.0 Lakhs/mo,"Rs. 25,000 - 2,50,000",Senior Partner / Managing Consultant,10:00 AM - 9:00 PM (Regular Business Hours),"SahayShakti Corporate Suite: High-trust portfolio, floor-plan downloads, and direct investor inquiry funnel.",HOT (Zero Web Presence / High Revenue),Uncontacted
SST-REAL-ROH-1236,Union Bank of India,"Real Estate, Legal & Professional Corporate","Rohini Commercial Hub (Near Lat: 28.721, Lon: 77.137)",110085,"Rohini, Delhi",In-Person Walk-in / Listed in Local Market,NO OFFICIAL WEBSITE (High Vulnerability),Rs. 8.0 - 30.0 Lakhs/mo,"Rs. 25,000 - 2,50,000",Senior Partner / Managing Consultant,10:00 AM - 9:00 PM (Regular Business Hours),"SahayShakti Corporate Suite: High-trust portfolio, floor-plan downloads, and direct investor inquiry funnel.",HOT (Zero Web Presence / High Revenue),Uncontacted
SST-REAL-ROH-1237,Mayur Store,"Real Estate, Legal & Professional Corporate","Rohini Commercial Hub (Near Lat: 28.722, Lon: 77.136)",110085,"Rohini, Delhi",In-Person Walk-in / Listed in Local Market,NO OFFICIAL WEBSITE (High Vulnerability),Rs. 8.0 - 30.0 Lakhs/mo,"Rs. 25,000 - 2,50,000",Senior Partner / Managing Consultant,10:00 AM - 9:00 PM (Regular Business Hours),"SahayShakti Corporate Suite: High-trust portfolio, floor-plan downloads, and direct investor inquiry funnel.",HOT (Zero Web Presence / High Revenue),Uncontacted
SST-REAL-ROH-1238,Ashirwad,"Real Estate, Legal & Professional Corporate","Rohini Commercial Hub (Near Lat: 28.722, Lon: 77.136)",110085,"Rohini, Delhi",In-Person Walk-in / Listed in Local Market,NO OFFICIAL WEBSITE (High Vulnerability),Rs. 8.0 - 30.0 Lakhs/mo,"Rs. 25,000 - 2,50,000",Senior Partner / Managing Consultant,10:00 AM - 9:00 PM (Regular Business Hours),"SahayShakti Corporate Suite: High-trust portfolio, floor-plan downloads, and direct investor inquiry funnel.",HOT (Zero Web Presence / High Revenue),Uncontacted
SST-REAL-ROH-1239,J.S. Fruits and Vegetables,"Real Estate, Legal & Professional Corporate","Rohini Commercial Hub (Near Lat: 28.721, Lon: 77.137)",110085,"Rohini, Delhi",In-Person Walk-in / Listed in Local Market,NO OFFICIAL WEBSITE (High Vulnerability),Rs. 8.0 - 30.0 Lakhs/mo,"Rs. 25,000 - 2,50,000",Senior Partner / Managing Consultant,10:00 AM - 9:00 PM (Regular Business Hours),"SahayShakti Corporate Suite: High-trust portfolio, floor-plan downloads, and direct investor inquiry funnel.",HOT (Zero Web Presence / High Revenue),Uncontacted
SST-REAL-ROH-1240,Canara Bank,"Real Estate, Legal & Professional Corporate","Rohini Commercial Hub (Near Lat: 28.724, Lon: 77.131)",110085,"Rohini, Delhi",In-Person Walk-in / Listed in Local Market,NO OFFICIAL WEBSITE (High Vulnerability),Rs. 8.0 - 30.0 Lakhs/mo,"Rs. 25,000 - 2,50,000",Senior Partner / Managing Consultant,10:00 AM - 9:00 PM (Regular Business Hours),"SahayShakti Corporate Suite: High-trust portfolio, floor-plan downloads, and direct investor inquiry funnel.",HOT (Zero Web Presence / High Revenue),Uncontacted
SST-REAL-ROH-1243,Jain Kulfi,"Real Estate, Legal & Professional Corporate","Rohini Commercial Hub (Near Lat: 28.721, Lon: 77.135)",110085,"Rohini, Delhi",In-Person Walk-in / Listed in Local Market,NO OFFICIAL WEBSITE (High Vulnerability),Rs. 8.0 - 30.0 Lakhs/mo,"Rs. 25,000 - 2,50,000",Senior Partner / Managing Consultant,10:00 AM - 9:00 PM (Regular Business Hours),"SahayShakti Corporate Suite: High-trust portfolio, floor-plan downloads, and direct investor inquiry funnel.",HOT (Zero Web Presence / High Revenue),Uncontacted
SST-REAL-ROH-1247,Suresh Paan Bhandar,"Real Estate, Legal & Professional Corporate","Rohini Commercial Hub (Near Lat: 28.709, Lon: 77.131)",110085,"Rohini, Delhi",In-Person Walk-in / Listed in Local Market,NO OFFICIAL WEBSITE (High Vulnerability),Rs. 8.0 - 30.0 Lakhs/mo,"Rs. 25,000 - 2,50,000",Senior Partner / Managing Consultant,10:00 AM - 9:00 PM (Regular Business Hours),"SahayShakti Corporate Suite: High-trust portfolio, floor-plan downloads, and direct investor inquiry funnel.",HOT (Zero Web Presence / High Revenue),Uncontacted
SST-REAL-ROH-1248,Safal,"Real Estate, Legal & Professional Corporate","Rohini Commercial Hub (Near Lat: 28.709, Lon: 77.132)",110085,"Rohini, Delhi",In-Person Walk-in / Listed in Local Market,NO OFFICIAL WEBSITE (High Vulnerability),Rs. 8.0 - 30.0 Lakhs/mo,"Rs. 25,000 - 2,50,000",Senior Partner / Managing Consultant,10:00 AM - 9:00 PM (Regular Business Hours),"SahayShakti Corporate Suite: High-trust portfolio, floor-plan downloads, and direct investor inquiry funnel.",HOT (Zero Web Presence / High Revenue),Uncontacted
SST-REAL-ROH-1249,Mother Dairy,"Real Estate, Legal & Professional Corporate","Rohini Commercial Hub (Near Lat: 28.709, Lon: 77.132)",110085,"Rohini, Delhi",In-Person Walk-in / Listed in Local Market,NO OFFICIAL WEBSITE (High Vulnerability),Rs. 8.0 - 30.0 Lakhs/mo,"Rs. 25,000 - 2,50,000",Senior Partner / Managing Consultant,10:00 AM - 9:00 PM (Regular Business Hours),"SahayShakti Corporate Suite: High-trust portfolio, floor-plan downloads, and direct investor inquiry funnel.",HOT (Zero Web Presence / High Revenue),Uncontacted
SST-REAL-ROH-1250,Relaxo,"Real Estate, Legal & Professional Corporate","Rohini Commercial Hub (Near Lat: 28.706, Lon: 77.123)",110085,"Rohini, Delhi",In-Person Walk-in / Listed in Local Market,NO OFFICIAL WEBSITE (High Vulnerability),Rs. 8.0 - 30.0 Lakhs/mo,"Rs. 25,000 - 2,50,000",Senior Partner / Managing Consultant,10:00 AM - 9:00 PM (Regular Business Hours),"SahayShakti Corporate Suite: High-trust portfolio, floor-plan downloads, and direct investor inquiry funnel.",HOT (Zero Web Presence / High Revenue),Uncontacted
SST-REAL-ROH-1251,Standard Ice Cream,"Real Estate, Legal & Professional Corporate","Rohini Commercial Hub (Near Lat: 28.706, Lon: 77.123)",110085,"Rohini, Delhi",In-Person Walk-in / Listed in Local Market,NO OFFICIAL WEBSITE (High Vulnerability),Rs. 8.0 - 30.0 Lakhs/mo,"Rs. 25,000 - 2,50,000",Senior Partner / Managing Consultant,10:00 AM - 9:00 PM (Regular Business Hours),"SahayShakti Corporate Suite: High-trust portfolio, floor-plan downloads, and direct investor inquiry funnel.",HOT (Zero Web Presence / High Revenue),Uncontacted
SST-REAL-ROH-1252,Indian Oil,"Real Estate, Legal & Professional Corporate","Rohini Commercial Hub (Near Lat: 28.719, Lon: 77.140)",110085,"Rohini, Delhi",In-Person Walk-in / Listed in Local Market,NO OFFICIAL WEBSITE (High Vulnerability),Rs. 8.0 - 30.0 Lakhs/mo,"Rs. 25,000 - 2,50,000",Senior Partner / Managing Consultant,10:00 AM - 9:00 PM (Regular Business Hours),"SahayShakti Corporate Suite: High-trust portfolio, floor-plan downloads, and direct investor inquiry funnel.",HOT (Zero Web Presence / High Revenue),Uncontacted
SST-REAL-ROH-1253,Mother Dairy,"Real Estate, Legal & Professional Corporate","Rohini Commercial Hub (Near Lat: 28.723, Lon: 77.128)",110085,"Rohini, Delhi",In-Person Walk-in / Listed in Local Market,NO OFFICIAL WEBSITE (High Vulnerability),Rs. 8.0 - 30.0 Lakhs/mo,"Rs. 25,000 - 2,50,000",Senior Partner / Managing Consultant,10:00 AM - 9:00 PM (Regular Business Hours),"SahayShakti Corporate Suite: High-trust portfolio, floor-plan downloads, and direct investor inquiry funnel.",HOT (Zero Web Presence / High Revenue),Uncontacted
SST-REAL-ROH-1254,Tailor Shop,"Real Estate, Legal & Professional Corporate","Rohini Commercial Hub (Near Lat: 28.723, Lon: 77.128)",110085,"Rohini, Delhi",In-Person Walk-in / Listed in Local Market,NO OFFICIAL WEBSITE (High Vulnerability),Rs. 8.0 - 30.0 Lakhs/mo,"Rs. 25,000 - 2,50,000",Senior Partner / Managing Consultant,10:00 AM - 9:00 PM (Regular Business Hours),"SahayShakti Corporate Suite: High-trust portfolio, floor-plan downloads, and direct investor inquiry funnel.",HOT (Zero Web Presence / High Revenue),Uncontacted
SST-REAL-ROH-1256,Safal,"Real Estate, Legal & Professional Corporate","Rohini Commercial Hub (Near Lat: 28.723, Lon: 77.128)",110085,"Rohini, Delhi",In-Person Walk-in / Listed in Local Market,NO OFFICIAL WEBSITE (High Vulnerability),Rs. 8.0 - 30.0 Lakhs/mo,"Rs. 25,000 - 2,50,000",Senior Partner / Managing Consultant,10:00 AM - 9:00 PM (Regular Business Hours),"SahayShakti Corporate Suite: High-trust portfolio, floor-plan downloads, and direct investor inquiry funnel.",HOT (Zero Web Presence / High Revenue),Uncontacted
SST-REAL-ROH-1257,Bhutani Juices & Shakes,"Real Estate, Legal & Professional Corporate","Rohini Commercial Hub (Near Lat: 28.723, Lon: 77.127)",110085,"Rohini, Delhi",In-Person Walk-in / Listed in Local Market,NO OFFICIAL WEBSITE (High Vulnerability),Rs. 8.0 - 30.0 Lakhs/mo,"Rs. 25,000 - 2,50,000",Senior Partner / Managing Consultant,10:00 AM - 9:00 PM (Regular Business Hours),"SahayShakti Corporate Suite: High-trust portfolio, floor-plan downloads, and direct investor inquiry funnel.",HOT (Zero Web Presence / High Revenue),Uncontacted
SST-REAL-ROH-1263,Holiday Freakers,"Real Estate, Legal & Professional Corporate","Rohini Commercial Hub (Near Lat: 28.715, Lon: 77.129)",110085,"Rohini, Delhi",91+ 9811474856,https://holidayfreakers.com/,Rs. 8.0 - 30.0 Lakhs/mo,"Rs. 25,000 - 2,50,000",Senior Partner / Managing Consultant,Mo-Fr 09:00-18:00; PH closed,"SahayShakti Corporate Suite: High-trust portfolio, floor-plan downloads, and direct investor inquiry funnel.",Warm (Needs Modern Revamp),Uncontacted
SST-REAL-ROH-1266,Navkaar Jeweler,"Real Estate, Legal & Professional Corporate","Rohini Commercial Hub (Near Lat: 28.707, Lon: 77.123)",110085,"Rohini, Delhi",In-Person Walk-in / Listed in Local Market,NO OFFICIAL WEBSITE (High Vulnerability),Rs. 8.0 - 30.0 Lakhs/mo,"Rs. 25,000 - 2,50,000",Senior Partner / Managing Consultant,10:00 AM - 9:00 PM (Regular Business Hours),"SahayShakti Corporate Suite: High-trust portfolio, floor-plan downloads, and direct investor inquiry funnel.",HOT (Zero Web Presence / High Revenue),Uncontacted
SST-REAL-ROH-1267,RK Jewels,"Real Estate, Legal & Professional Corporate","Rohini Commercial Hub (Near Lat: 28.708, Lon: 77.124)",110085,"Rohini, Delhi",In-Person Walk-in / Listed in Local Market,NO OFFICIAL WEBSITE (High Vulnerability),Rs. 8.0 - 30.0 Lakhs/mo,"Rs. 25,000 - 2,50,000",Senior Partner / Managing Consultant,10:00 AM - 9:00 PM (Regular Business Hours),"SahayShakti Corporate Suite: High-trust portfolio, floor-plan downloads, and direct investor inquiry funnel.",HOT (Zero Web Presence / High Revenue),Uncontacted
SST-REAL-ROH-1268,State Bank of India (e-Lobby),"Real Estate, Legal & Professional Corporate","Rohini Commercial Hub (Near Lat: 28.708, Lon: 77.124)",110085,"Rohini, Delhi",In-Person Walk-in / Listed in Local Market,NO OFFICIAL WEBSITE (High Vulnerability),Rs. 8.0 - 30.0 Lakhs/mo,"Rs. 25,000 - 2,50,000",Senior Partner / Managing Consultant,10:00 AM - 9:00 PM (Regular Business Hours),"SahayShakti Corporate Suite: High-trust portfolio, floor-plan downloads, and direct investor inquiry funnel.",HOT (Zero Web Presence / High Revenue),Uncontacted
SST-REAL-ROH-1269,Cobb Italy,"Real Estate, Legal & Professional Corporate","Rohini Commercial Hub (Near Lat: 28.708, Lon: 77.124)",110085,"Rohini, Delhi",In-Person Walk-in / Listed in Local Market,NO OFFICIAL WEBSITE (High Vulnerability),Rs. 8.0 - 30.0 Lakhs/mo,"Rs. 25,000 - 2,50,000",Senior Partner / Managing Consultant,10:00 AM - 9:00 PM (Regular Business Hours),"SahayShakti Corporate Suite: High-trust portfolio, floor-plan downloads, and direct investor inquiry funnel.",HOT (Zero Web Presence / High Revenue),Uncontacted
SST-REAL-ROH-1270,Sports Dukaan,"Real Estate, Legal & Professional Corporate","Rohini Commercial Hub (Near Lat: 28.708, Lon: 77.124)",110085,"Rohini, Delhi",In-Person Walk-in / Listed in Local Market,NO OFFICIAL WEBSITE (High Vulnerability),Rs. 8.0 - 30.0 Lakhs/mo,"Rs. 25,000 - 2,50,000",Senior Partner / Managing Consultant,10:00 AM - 9:00 PM (Regular Business Hours),"SahayShakti Corporate Suite: High-trust portfolio, floor-plan downloads, and direct investor inquiry funnel.",HOT (Zero Web Presence / High Revenue),Uncontacted
SST-REAL-ROH-1272,Adisports Adidas,"Real Estate, Legal & Professional Corporate","Rohini Commercial Hub (Near Lat: 28.708, Lon: 77.124)",110085,"Rohini, Delhi",In-Person Walk-in / Listed in Local Market,NO OFFICIAL WEBSITE (High Vulnerability),Rs. 8.0 - 30.0 Lakhs/mo,"Rs. 25,000 - 2,50,000",Senior Partner / Managing Consultant,10:00 AM - 9:00 PM (Regular Business Hours),"SahayShakti Corporate Suite: High-trust portfolio, floor-plan downloads, and direct investor inquiry funnel.",HOT (Zero Web Presence / High Revenue),Uncontacted
SST-REAL-ROH-1273,Octave,"Real Estate, Legal & Professional Corporate","Rohini Commercial Hub (Near Lat: 28.708, Lon: 77.124)",110085,"Rohini, Delhi",In-Person Walk-in / Listed in Local Market,NO OFFICIAL WEBSITE (High Vulnerability),Rs. 8.0 - 30.0 Lakhs/mo,"Rs. 25,000 - 2,50,000",Senior Partner / Managing Consultant,10:00 AM - 9:00 PM (Regular Business Hours),"SahayShakti Corporate Suite: High-trust portfolio, floor-plan downloads, and direct investor inquiry funnel.",HOT (Zero Web Presence / High Revenue),Uncontacted
SST-REAL-ROH-1274,Crimsoune Club,"Real Estate, Legal & Professional Corporate","Rohini Commercial Hub (Near Lat: 28.708, Lon: 77.124)",110085,"Rohini, Delhi",In-Person Walk-in / Listed in Local Market,NO OFFICIAL WEBSITE (High Vulnerability),Rs. 8.0 - 30.0 Lakhs/mo,"Rs. 25,000 - 2,50,000",Senior Partner / Managing Consultant,10:00 AM - 9:00 PM (Regular Business Hours),"SahayShakti Corporate Suite: High-trust portfolio, floor-plan downloads, and direct investor inquiry funnel.",HOT (Zero Web Presence / High Revenue),Uncontacted
SST-REAL-ROH-1275,Nav Veer Jeweller,"Real Estate, Legal & Professional Corporate","Rohini Commercial Hub (Near Lat: 28.707, Lon: 77.124)",110085,"Rohini, Delhi",In-Person Walk-in / Listed in Local Market,NO OFFICIAL WEBSITE (High Vulnerability),Rs. 8.0 - 30.0 Lakhs/mo,"Rs. 25,000 - 2,50,000",Senior Partner / Managing Consultant,10:00 AM - 9:00 PM (Regular Business Hours),"SahayShakti Corporate Suite: High-trust portfolio, floor-plan downloads, and direct investor inquiry funnel.",HOT (Zero Web Presence / High Revenue),Uncontacted
SST-REAL-ROH-1276,Gupta Electronics,"Real Estate, Legal & Professional Corporate","Rohini Commercial Hub (Near Lat: 28.707, Lon: 77.124)",110085,"Rohini, Delhi",In-Person Walk-in / Listed in Local Market,NO OFFICIAL WEBSITE (High Vulnerability),Rs. 8.0 - 30.0 Lakhs/mo,"Rs. 25,000 - 2,50,000",Senior Partner / Managing Consultant,10:00 AM - 9:00 PM (Regular Business Hours),"SahayShakti Corporate Suite: High-trust portfolio, floor-plan downloads, and direct investor inquiry funnel.",HOT (Zero Web Presence / High Revenue),Uncontacted
SST-REAL-ROH-1277,Charak Super Store,"Real Estate, Legal & Professional Corporate","Rohini Commercial Hub (Near Lat: 28.707, Lon: 77.124)",110085,"Rohini, Delhi",In-Person Walk-in / Listed in Local Market,NO OFFICIAL WEBSITE (High Vulnerability),Rs. 8.0 - 30.0 Lakhs/mo,"Rs. 25,000 - 2,50,000",Senior Partner / Managing Consultant,10:00 AM - 9:00 PM (Regular Business Hours),"SahayShakti Corporate Suite: High-trust portfolio, floor-plan downloads, and direct investor inquiry funnel.",HOT (Zero Web Presence / High Revenue),Uncontacted
SST-REAL-ROH-1278,Wildcraft,"Real Estate, Legal & Professional Corporate","Rohini Commercial Hub (Near Lat: 28.707, Lon: 77.124)",110085,"Rohini, Delhi",In-Person Walk-in / Listed in Local Market,NO OFFICIAL WEBSITE (High Vulnerability),Rs. 8.0 - 30.0 Lakhs/mo,"Rs. 25,000 - 2,50,000",Senior Partner / Managing Consultant,10:00 AM - 9:00 PM (Regular Business Hours),"SahayShakti Corporate Suite: High-trust portfolio, floor-plan downloads, and direct investor inquiry funnel.",HOT (Zero Web Presence / High Revenue),Uncontacted
SST-REAL-ROH-1279,Vitaag,"Real Estate, Legal & Professional Corporate","Rohini Commercial Hub (Near Lat: 28.707, Lon: 77.124)",110085,"Rohini, Delhi",In-Person Walk-in / Listed in Local Market,NO OFFICIAL WEBSITE (High Vulnerability),Rs. 8.0 - 30.0 Lakhs/mo,"Rs. 25,000 - 2,50,000",Senior Partner / Managing Consultant,10:00 AM - 9:00 PM (Regular Business Hours),"SahayShakti Corporate Suite: High-trust portfolio, floor-plan downloads, and direct investor inquiry funnel.",HOT (Zero Web Presence / High Revenue),Uncontacted
SST-REAL-ROH-1282,Mufti,"Real Estate, Legal & Professional Corporate","Rohini Commercial Hub (Near Lat: 28.707, Lon: 77.123)",110085,"Rohini, Delhi",In-Person Walk-in / Listed in Local Market,NO OFFICIAL WEBSITE (High Vulnerability),Rs. 8.0 - 30.0 Lakhs/mo,"Rs. 25,000 - 2,50,000",Senior Partner / Managing Consultant,10:00 AM - 9:00 PM (Regular Business Hours),"SahayShakti Corporate Suite: High-trust portfolio, floor-plan downloads, and direct investor inquiry funnel.",HOT (Zero Web Presence / High Revenue),Uncontacted
SST-REAL-ROH-1283,Himalaya Welness Company,"Real Estate, Legal & Professional Corporate","Rohini Commercial Hub (Near Lat: 28.707, Lon: 77.123)",110085,"Rohini, Delhi",In-Person Walk-in / Listed in Local Market,NO OFFICIAL WEBSITE (High Vulnerability),Rs. 8.0 - 30.0 Lakhs/mo,"Rs. 25,000 - 2,50,000",Senior Partner / Managing Consultant,10:00 AM - 9:00 PM (Regular Business Hours),"SahayShakti Corporate Suite: High-trust portfolio, floor-plan downloads, and direct investor inquiry funnel.",HOT (Zero Web Presence / High Revenue),Uncontacted
SST-REAL-ROH-1284,Scissors And Streak,"Real Estate, Legal & Professional Corporate","Rohini Commercial Hub (Near Lat: 28.707, Lon: 77.123)",110085,"Rohini, Delhi",In-Person Walk-in / Listed in Local Market,NO OFFICIAL WEBSITE (High Vulnerability),Rs. 8.0 - 30.0 Lakhs/mo,"Rs. 25,000 - 2,50,000",Senior Partner / Managing Consultant,10:00 AM - 9:00 PM (Regular Business Hours),"SahayShakti Corporate Suite: High-trust portfolio, floor-plan downloads, and direct investor inquiry funnel.",HOT (Zero Web Presence / High Revenue),Uncontacted
SST-REAL-ROH-1285,Grace,"Real Estate, Legal & Professional Corporate","Rohini Commercial Hub (Near Lat: 28.707, Lon: 77.124)",110085,"Rohini, Delhi",In-Person Walk-in / Listed in Local Market,NO OFFICIAL WEBSITE (High Vulnerability),Rs. 8.0 - 30.0 Lakhs/mo,"Rs. 25,000 - 2,50,000",Senior Partner / Managing Consultant,10:00 AM - 9:00 PM (Regular Business Hours),"SahayShakti Corporate Suite: High-trust portfolio, floor-plan downloads, and direct investor inquiry funnel.",HOT (Zero Web Presence / High Revenue),Uncontacted
SST-REAL-ROH-1286,Hide Out,"Real Estate, Legal & Professional Corporate","Rohini Commercial Hub (Near Lat: 28.707, Lon: 77.124)",110085,"Rohini, Delhi",In-Person Walk-in / Listed in Local Market,NO OFFICIAL WEBSITE (High Vulnerability),Rs. 8.0 - 30.0 Lakhs/mo,"Rs. 25,000 - 2,50,000",Senior Partner / Managing Consultant,10:00 AM - 9:00 PM (Regular Business Hours),"SahayShakti Corporate Suite: High-trust portfolio, floor-plan downloads, and direct investor inquiry funnel.",HOT (Zero Web Presence / High Revenue),Uncontacted
SST-REAL-ROH-1287,Exide,"Real Estate, Legal & Professional Corporate","Rohini Commercial Hub (Near Lat: 28.708, Lon: 77.125)",110085,"Rohini, Delhi",In-Person Walk-in / Listed in Local Market,NO OFFICIAL WEBSITE (High Vulnerability),Rs. 8.0 - 30.0 Lakhs/mo,"Rs. 25,000 - 2,50,000",Senior Partner / Managing Consultant,10:00 AM - 9:00 PM (Regular Business Hours),"SahayShakti Corporate Suite: High-trust portfolio, floor-plan downloads, and direct investor inquiry funnel.",HOT (Zero Web Presence / High Revenue),Uncontacted
SST-REAL-ROH-1289,Wonderchef,"Real Estate, Legal & Professional Corporate","Rohini Commercial Hub (Near Lat: 28.708, Lon: 77.124)",110085,"Rohini, Delhi",In-Person Walk-in / Listed in Local Market,NO OFFICIAL WEBSITE (High Vulnerability),Rs. 8.0 - 30.0 Lakhs/mo,"Rs. 25,000 - 2,50,000",Senior Partner / Managing Consultant,10:00 AM - 9:00 PM (Regular Business Hours),"SahayShakti Corporate Suite: High-trust portfolio, floor-plan downloads, and direct investor inquiry funnel.",HOT (Zero Web Presence / High Revenue),Uncontacted
SST-REAL-ROH-1290,VIP Lounge,"Real Estate, Legal & Professional Corporate","Rohini Commercial Hub (Near Lat: 28.708, Lon: 77.124)",110085,"Rohini, Delhi",In-Person Walk-in / Listed in Local Market,NO OFFICIAL WEBSITE (High Vulnerability),Rs. 8.0 - 30.0 Lakhs/mo,"Rs. 25,000 - 2,50,000",Senior Partner / Managing Consultant,10:00 AM - 9:00 PM (Regular Business Hours),"SahayShakti Corporate Suite: High-trust portfolio, floor-plan downloads, and direct investor inquiry funnel.",HOT (Zero Web Presence / High Revenue),Uncontacted
SST-REAL-ROH-1291,A.were fashion,"Real Estate, Legal & Professional Corporate",142 Rohini,110085,"Rohini, Delhi",In-Person Walk-in / Listed in Local Market,NO OFFICIAL WEBSITE (High Vulnerability),Rs. 8.0 - 30.0 Lakhs/mo,"Rs. 25,000 - 2,50,000",Senior Partner / Managing Consultant,10:00 AM - 9:00 PM (Regular Business Hours),"SahayShakti Corporate Suite: High-trust portfolio, floor-plan downloads, and direct investor inquiry funnel.",HOT (Zero Web Presence / High Revenue),Uncontacted
SST-REAL-ROH-1292,Bharti,"Real Estate, Legal & Professional Corporate","Rohini Commercial Hub (Near Lat: 28.707, Lon: 77.126)",110085,"Rohini, Delhi",In-Person Walk-in / Listed in Local Market,NO OFFICIAL WEBSITE (High Vulnerability),Rs. 8.0 - 30.0 Lakhs/mo,"Rs. 25,000 - 2,50,000",Senior Partner / Managing Consultant,10:00 AM - 9:00 PM (Regular Business Hours),"SahayShakti Corporate Suite: High-trust portfolio, floor-plan downloads, and direct investor inquiry funnel.",HOT (Zero Web Presence / High Revenue),Uncontacted
SST-REAL-ROH-1293,Frontier,"Real Estate, Legal & Professional Corporate","Rohini Commercial Hub (Near Lat: 28.707, Lon: 77.123)",110085,"Rohini, Delhi",In-Person Walk-in / Listed in Local Market,NO OFFICIAL WEBSITE (High Vulnerability),Rs. 8.0 - 30.0 Lakhs/mo,"Rs. 25,000 - 2,50,000",Senior Partner / Managing Consultant,10:00 AM - 9:00 PM (Regular Business Hours),"SahayShakti Corporate Suite: High-trust portfolio, floor-plan downloads, and direct investor inquiry funnel.",HOT (Zero Web Presence / High Revenue),Uncontacted
SST-REAL-ROH-1295,Jockey,"Real Estate, Legal & Professional Corporate","Rohini Commercial Hub (Near Lat: 28.708, Lon: 77.124)",110085,"Rohini, Delhi",In-Person Walk-in / Listed in Local Market,NO OFFICIAL WEBSITE (High Vulnerability),Rs. 8.0 - 30.0 Lakhs/mo,"Rs. 25,000 - 2,50,000",Senior Partner / Managing Consultant,10:00 AM - 9:00 PM (Regular Business Hours),"SahayShakti Corporate Suite: High-trust portfolio, floor-plan downloads, and direct investor inquiry funnel.",HOT (Zero Web Presence / High Revenue),Uncontacted
SST-REAL-ROH-1296,Nike,"Real Estate, Legal & Professional Corporate","Rohini Commercial Hub (Near Lat: 28.708, Lon: 77.124)",110085,"Rohini, Delhi",In-Person Walk-in / Listed in Local Market,NO OFFICIAL WEBSITE (High Vulnerability),Rs. 8.0 - 30.0 Lakhs/mo,"Rs. 25,000 - 2,50,000",Senior Partner / Managing Consultant,10:00 AM - 9:00 PM (Regular Business Hours),"SahayShakti Corporate Suite: High-trust portfolio, floor-plan downloads, and direct investor inquiry funnel.",HOT (Zero Web Presence / High Revenue),Uncontacted
SST-REAL-ROH-1297,Levi's,"Real Estate, Legal & Professional Corporate","Rohini Commercial Hub (Near Lat: 28.708, Lon: 77.124)",110085,"Rohini, Delhi",In-Person Walk-in / Listed in Local Market,NO OFFICIAL WEBSITE (High Vulnerability),Rs. 8.0 - 30.0 Lakhs/mo,"Rs. 25,000 - 2,50,000",Senior Partner / Managing Consultant,10:00 AM - 9:00 PM (Regular Business Hours),"SahayShakti Corporate Suite: High-trust portfolio, floor-plan downloads, and direct investor inquiry funnel.",HOT (Zero Web Presence / High Revenue),Uncontacted
SST-REAL-ROH-1298,Louis Philippe,"Real Estate, Legal & Professional Corporate","Rohini Commercial Hub (Near Lat: 28.707, Lon: 77.124)",110085,"Rohini, Delhi",In-Person Walk-in / Listed in Local Market,NO OFFICIAL WEBSITE (High Vulnerability),Rs. 8.0 - 30.0 Lakhs/mo,"Rs. 25,000 - 2,50,000",Senior Partner / Managing Consultant,10:00 AM - 9:00 PM (Regular Business Hours),"SahayShakti Corporate Suite: High-trust portfolio, floor-plan downloads, and direct investor inquiry funnel.",HOT (Zero Web Presence / High Revenue),Uncontacted
SST-REAL-ROH-1299,Manyavar,"Real Estate, Legal & Professional Corporate","Rohini Commercial Hub (Near Lat: 28.708, Lon: 77.124)",110085,"Rohini, Delhi",In-Person Walk-in / Listed in Local Market,NO OFFICIAL WEBSITE (High Vulnerability),Rs. 8.0 - 30.0 Lakhs/mo,"Rs. 25,000 - 2,50,000",Senior Partner / Managing Consultant,10:00 AM - 9:00 PM (Regular Business Hours),"SahayShakti Corporate Suite: High-trust portfolio, floor-plan downloads, and direct investor inquiry funnel.",HOT (Zero Web Presence / High Revenue),Uncontacted
SST-REAL-ROH-1301,spyker,"Real Estate, Legal & Professional Corporate","Rohini Commercial Hub (Near Lat: 28.708, Lon: 77.124)",110085,"Rohini, Delhi",In-Person Walk-in / Listed in Local Market,NO OFFICIAL WEBSITE (High Vulnerability),Rs. 8.0 - 30.0 Lakhs/mo,"Rs. 25,000 - 2,50,000",Senior Partner / Managing Consultant,10:00 AM - 9:00 PM (Regular Business Hours),"SahayShakti Corporate Suite: High-trust portfolio, floor-plan downloads, and direct investor inquiry funnel.",HOT (Zero Web Presence / High Revenue),Uncontacted
SST-REAL-ROH-1302,ASICS,"Real Estate, Legal & Professional Corporate","Rohini Commercial Hub (Near Lat: 28.708, Lon: 77.124)",110085,"Rohini, Delhi",In-Person Walk-in / Listed in Local Market,NO OFFICIAL WEBSITE (High Vulnerability),Rs. 8.0 - 30.0 Lakhs/mo,"Rs. 25,000 - 2,50,000",Senior Partner / Managing Consultant,10:00 AM - 9:00 PM (Regular Business Hours),"SahayShakti Corporate Suite: High-trust portfolio, floor-plan downloads, and direct investor inquiry funnel.",HOT (Zero Web Presence / High Revenue),Uncontacted
SST-REAL-ROH-1303,Raymond,"Real Estate, Legal & Professional Corporate","Rohini Commercial Hub (Near Lat: 28.708, Lon: 77.124)",110085,"Rohini, Delhi",In-Person Walk-in / Listed in Local Market,NO OFFICIAL WEBSITE (High Vulnerability),Rs. 8.0 - 30.0 Lakhs/mo,"Rs. 25,000 - 2,50,000",Senior Partner / Managing Consultant,10:00 AM - 9:00 PM (Regular Business Hours),"SahayShakti Corporate Suite: High-trust portfolio, floor-plan downloads, and direct investor inquiry funnel.",HOT (Zero Web Presence / High Revenue),Uncontacted
SST-REAL-ROH-1304,Raymond,"Real Estate, Legal & Professional Corporate","Rohini Commercial Hub (Near Lat: 28.708, Lon: 77.124)",110085,"Rohini, Delhi",In-Person Walk-in / Listed in Local Market,NO OFFICIAL WEBSITE (High Vulnerability),Rs. 8.0 - 30.0 Lakhs/mo,"Rs. 25,000 - 2,50,000",Senior Partner / Managing Consultant,10:00 AM - 9:00 PM (Regular Business Hours),"SahayShakti Corporate Suite: High-trust portfolio, floor-plan downloads, and direct investor inquiry funnel.",HOT (Zero Web Presence / High Revenue),Uncontacted
SST-REAL-ROH-1305,Rohini Jewellers,"Real Estate, Legal & Professional Corporate","Rohini Commercial Hub (Near Lat: 28.707, Lon: 77.124)",110085,"Rohini, Delhi",In-Person Walk-in / Listed in Local Market,NO OFFICIAL WEBSITE (High Vulnerability),Rs. 8.0 - 30.0 Lakhs/mo,"Rs. 25,000 - 2,50,000",Senior Partner / Managing Consultant,10:00 AM - 9:00 PM (Regular Business Hours),"SahayShakti Corporate Suite: High-trust portfolio, floor-plan downloads, and direct investor inquiry funnel.",HOT (Zero Web Presence / High Revenue),Uncontacted
SST-REAL-ROH-1306,Riya Jewellery,"Real Estate, Legal & Professional Corporate","Rohini Commercial Hub (Near Lat: 28.707, Lon: 77.124)",110085,"Rohini, Delhi",In-Person Walk-in / Listed in Local Market,NO OFFICIAL WEBSITE (High Vulnerability),Rs. 8.0 - 30.0 Lakhs/mo,"Rs. 25,000 - 2,50,000",Senior Partner / Managing Consultant,10:00 AM - 9:00 PM (Regular Business Hours),"SahayShakti Corporate Suite: High-trust portfolio, floor-plan downloads, and direct investor inquiry funnel.",HOT (Zero Web Presence / High Revenue),Uncontacted
SST-REAL-ROH-1307,Sona Musicals,"Real Estate, Legal & Professional Corporate","Rohini Commercial Hub (Near Lat: 28.707, Lon: 77.124)",110085,"Rohini, Delhi",In-Person Walk-in / Listed in Local Market,NO OFFICIAL WEBSITE (High Vulnerability),Rs. 8.0 - 30.0 Lakhs/mo,"Rs. 25,000 - 2,50,000",Senior Partner / Managing Consultant,10:00 AM - 9:00 PM (Regular Business Hours),"SahayShakti Corporate Suite: High-trust portfolio, floor-plan downloads, and direct investor inquiry funnel.",HOT (Zero Web Presence / High Revenue),Uncontacted
SST-REAL-ROH-1308,Vardhman Jewellers,"Real Estate, Legal & Professional Corporate","Rohini Commercial Hub (Near Lat: 28.708, Lon: 77.124)",110085,"Rohini, Delhi",In-Person Walk-in / Listed in Local Market,NO OFFICIAL WEBSITE (High Vulnerability),Rs. 8.0 - 30.0 Lakhs/mo,"Rs. 25,000 - 2,50,000",Senior Partner / Managing Consultant,10:00 AM - 9:00 PM (Regular Business Hours),"SahayShakti Corporate Suite: High-trust portfolio, floor-plan downloads, and direct investor inquiry funnel.",HOT (Zero Web Presence / High Revenue),Uncontacted
SST-REAL-ROH-1309,Campus Exclusive,"Real Estate, Legal & Professional Corporate","Rohini Commercial Hub (Near Lat: 28.707, Lon: 77.124)",110085,"Rohini, Delhi",In-Person Walk-in / Listed in Local Market,NO OFFICIAL WEBSITE (High Vulnerability),Rs. 8.0 - 30.0 Lakhs/mo,"Rs. 25,000 - 2,50,000",Senior Partner / Managing Consultant,10:00 AM - 9:00 PM (Regular Business Hours),"SahayShakti Corporate Suite: High-trust portfolio, floor-plan downloads, and direct investor inquiry funnel.",HOT (Zero Web Presence / High Revenue),Uncontacted
SST-REAL-ROH-1310,Aggarwal Garments,"Real Estate, Legal & Professional Corporate","Rohini Commercial Hub (Near Lat: 28.707, Lon: 77.123)",110085,"Rohini, Delhi",In-Person Walk-in / Listed in Local Market,NO OFFICIAL WEBSITE (High Vulnerability),Rs. 8.0 - 30.0 Lakhs/mo,"Rs. 25,000 - 2,50,000",Senior Partner / Managing Consultant,10:00 AM - 9:00 PM (Regular Business Hours),"SahayShakti Corporate Suite: High-trust portfolio, floor-plan downloads, and direct investor inquiry funnel.",HOT (Zero Web Presence / High Revenue),Uncontacted
SST-REAL-ROH-1313,MODISH OMBRE,"Real Estate, Legal & Professional Corporate",153 Rohini,110085,"Rohini, Delhi",In-Person Walk-in / Listed in Local Market,NO OFFICIAL WEBSITE (High Vulnerability),Rs. 8.0 - 30.0 Lakhs/mo,"Rs. 25,000 - 2,50,000",Senior Partner / Managing Consultant,10:00 AM - 9:00 PM (Regular Business Hours),"SahayShakti Corporate Suite: High-trust portfolio, floor-plan downloads, and direct investor inquiry funnel.",HOT (Zero Web Presence / High Revenue),Uncontacted
SST-REAL-ROH-1316,Vastu Housing Finance,"Real Estate, Legal & Professional Corporate","Rohini Commercial Hub (Near Lat: 28.707, Lon: 77.127)",110085,"Rohini, Delhi",In-Person Walk-in / Listed in Local Market,NO OFFICIAL WEBSITE (High Vulnerability),Rs. 8.0 - 30.0 Lakhs/mo,"Rs. 25,000 - 2,50,000",Senior Partner / Managing Consultant,10:00 AM - 9:00 PM (Regular Business Hours),"SahayShakti Corporate Suite: High-trust portfolio, floor-plan downloads, and direct investor inquiry funnel.",HOT (Zero Web Presence / High Revenue),Uncontacted
SST-REAL-ROH-1320,Skechers,"Real Estate, Legal & Professional Corporate","Rohini Commercial Hub (Near Lat: 28.708, Lon: 77.124)",110085,"Rohini, Delhi",In-Person Walk-in / Listed in Local Market,NO OFFICIAL WEBSITE (High Vulnerability),Rs. 8.0 - 30.0 Lakhs/mo,"Rs. 25,000 - 2,50,000",Senior Partner / Managing Consultant,10:00 AM - 9:00 PM (Regular Business Hours),"SahayShakti Corporate Suite: High-trust portfolio, floor-plan downloads, and direct investor inquiry funnel.",HOT (Zero Web Presence / High Revenue),Uncontacted
SST-REAL-ROH-1321,BlueMoon,"Real Estate, Legal & Professional Corporate","Rohini Commercial Hub (Near Lat: 28.708, Lon: 77.125)",110085,"Rohini, Delhi",In-Person Walk-in / Listed in Local Market,NO OFFICIAL WEBSITE (High Vulnerability),Rs. 8.0 - 30.0 Lakhs/mo,"Rs. 25,000 - 2,50,000",Senior Partner / Managing Consultant,10:00 AM - 9:00 PM (Regular Business Hours),"SahayShakti Corporate Suite: High-trust portfolio, floor-plan downloads, and direct investor inquiry funnel.",HOT (Zero Web Presence / High Revenue),Uncontacted
SST-REAL-ROH-1323,calcet9,"Real Estate, Legal & Professional Corporate","Rohini Commercial Hub (Near Lat: 28.708, Lon: 77.125)",110085,"Rohini, Delhi",In-Person Walk-in / Listed in Local Market,NO OFFICIAL WEBSITE (High Vulnerability),Rs. 8.0 - 30.0 Lakhs/mo,"Rs. 25,000 - 2,50,000",Senior Partner / Managing Consultant,10:00 AM - 9:00 PM (Regular Business Hours),"SahayShakti Corporate Suite: High-trust portfolio, floor-plan downloads, and direct investor inquiry funnel.",HOT (Zero Web Presence / High Revenue),Uncontacted
SST-REAL-ROH-1324,Siyarams,"Real Estate, Legal & Professional Corporate","Rohini Commercial Hub (Near Lat: 28.708, Lon: 77.125)",110085,"Rohini, Delhi",In-Person Walk-in / Listed in Local Market,NO OFFICIAL WEBSITE (High Vulnerability),Rs. 8.0 - 30.0 Lakhs/mo,"Rs. 25,000 - 2,50,000",Senior Partner / Managing Consultant,10:00 AM - 9:00 PM (Regular Business Hours),"SahayShakti Corporate Suite: High-trust portfolio, floor-plan downloads, and direct investor inquiry funnel.",HOT (Zero Web Presence / High Revenue),Uncontacted
SST-REAL-ROH-1326,Crocs,"Real Estate, Legal & Professional Corporate","Rohini Commercial Hub (Near Lat: 28.708, Lon: 77.125)",110085,"Rohini, Delhi",In-Person Walk-in / Listed in Local Market,NO OFFICIAL WEBSITE (High Vulnerability),Rs. 8.0 - 30.0 Lakhs/mo,"Rs. 25,000 - 2,50,000",Senior Partner / Managing Consultant,10:00 AM - 9:00 PM (Regular Business Hours),"SahayShakti Corporate Suite: High-trust portfolio, floor-plan downloads, and direct investor inquiry funnel.",HOT (Zero Web Presence / High Revenue),Uncontacted
SST-REAL-ROH-1327,Royal Occasion,"Real Estate, Legal & Professional Corporate","Rohini Commercial Hub (Near Lat: 28.708, Lon: 77.125)",110085,"Rohini, Delhi",In-Person Walk-in / Listed in Local Market,NO OFFICIAL WEBSITE (High Vulnerability),Rs. 8.0 - 30.0 Lakhs/mo,"Rs. 25,000 - 2,50,000",Senior Partner / Managing Consultant,10:00 AM - 9:00 PM (Regular Business Hours),"SahayShakti Corporate Suite: High-trust portfolio, floor-plan downloads, and direct investor inquiry funnel.",HOT (Zero Web Presence / High Revenue),Uncontacted
SST-REAL-ROH-1328,Miniso,"Real Estate, Legal & Professional Corporate","Rohini Commercial Hub (Near Lat: 28.708, Lon: 77.125)",110085,"Rohini, Delhi",In-Person Walk-in / Listed in Local Market,NO OFFICIAL WEBSITE (High Vulnerability),Rs. 8.0 - 30.0 Lakhs/mo,"Rs. 25,000 - 2,50,000",Senior Partner / Managing Consultant,10:00 AM - 9:00 PM (Regular Business Hours),"SahayShakti Corporate Suite: High-trust portfolio, floor-plan downloads, and direct investor inquiry funnel.",HOT (Zero Web Presence / High Revenue),Uncontacted
SST-REAL-ROH-1329,Shrimann,"Real Estate, Legal & Professional Corporate","Rohini Commercial Hub (Near Lat: 28.708, Lon: 77.124)",110085,"Rohini, Delhi",In-Person Walk-in / Listed in Local Market,NO OFFICIAL WEBSITE (High Vulnerability),Rs. 8.0 - 30.0 Lakhs/mo,"Rs. 25,000 - 2,50,000",Senior Partner / Managing Consultant,10:00 AM - 9:00 PM (Regular Business Hours),"SahayShakti Corporate Suite: High-trust portfolio, floor-plan downloads, and direct investor inquiry funnel.",HOT (Zero Web Presence / High Revenue),Uncontacted
SST-REAL-ROH-1330,Morning in Paris,"Real Estate, Legal & Professional Corporate","Rohini Commercial Hub (Near Lat: 28.708, Lon: 77.124)",110085,"Rohini, Delhi",In-Person Walk-in / Listed in Local Market,NO OFFICIAL WEBSITE (High Vulnerability),Rs. 8.0 - 30.0 Lakhs/mo,"Rs. 25,000 - 2,50,000",Senior Partner / Managing Consultant,10:00 AM - 9:00 PM (Regular Business Hours),"SahayShakti Corporate Suite: High-trust portfolio, floor-plan downloads, and direct investor inquiry funnel.",HOT (Zero Web Presence / High Revenue),Uncontacted
SST-REAL-ROH-1333,Keshav Shakari Bank Limited,"Real Estate, Legal & Professional Corporate","Rohini Commercial Hub (Near Lat: 28.707, Lon: 77.127)",110085,"Rohini, Delhi",+91 11 4950 6258;+91 11 4950 6258,https://www.keshavbank.com/,Rs. 8.0 - 30.0 Lakhs/mo,"Rs. 25,000 - 2,50,000",Senior Partner / Managing Consultant,10:00 AM - 9:00 PM (Regular Business Hours),"SahayShakti Corporate Suite: High-trust portfolio, floor-plan downloads, and direct investor inquiry funnel.",Warm (Needs Modern Revamp),Uncontacted
SST-REAL-ROH-1336,Brand Nation,"Real Estate, Legal & Professional Corporate","Rohini Commercial Hub (Near Lat: 28.708, Lon: 77.124)",110085,"Rohini, Delhi",In-Person Walk-in / Listed in Local Market,NO OFFICIAL WEBSITE (High Vulnerability),Rs. 8.0 - 30.0 Lakhs/mo,"Rs. 25,000 - 2,50,000",Senior Partner / Managing Consultant,10:00 AM - 9:00 PM (Regular Business Hours),"SahayShakti Corporate Suite: High-trust portfolio, floor-plan downloads, and direct investor inquiry funnel.",HOT (Zero Web Presence / High Revenue),Uncontacted
SST-REAL-ROH-1337,Civil Engineers and Architects,"Real Estate, Legal & Professional Corporate","Rohini Commercial Hub (Near Lat: 28.707, Lon: 77.123)",110085,"Rohini, Delhi",+91 97177 87930,NO OFFICIAL WEBSITE (High Vulnerability),Rs. 8.0 - 30.0 Lakhs/mo,"Rs. 25,000 - 2,50,000",Senior Partner / Managing Consultant,10:00 AM - 9:00 PM (Regular Business Hours),"SahayShakti Corporate Suite: High-trust portfolio, floor-plan downloads, and direct investor inquiry funnel.",HOT (Zero Web Presence / High Revenue),Uncontacted
SST-REAL-ROH-1344,Toni Properties,"Real Estate, Legal & Professional Corporate","Rohini Commercial Hub (Near Lat: 28.706, Lon: 77.123)",110085,"Rohini, Delhi",In-Person Walk-in / Listed in Local Market,NO OFFICIAL WEBSITE (High Vulnerability),Rs. 8.0 - 30.0 Lakhs/mo,"Rs. 25,000 - 2,50,000",Senior Partner / Managing Consultant,10:00 AM - 9:00 PM (Regular Business Hours),"SahayShakti Corporate Suite: High-trust portfolio, floor-plan downloads, and direct investor inquiry funnel.",HOT (Zero Web Presence / High Revenue),Uncontacted
SST-REAL-ROH-1345,Asli Raymond,"Real Estate, Legal & Professional Corporate","Rohini Commercial Hub (Near Lat: 28.707, Lon: 77.123)",110085,"Rohini, Delhi",In-Person Walk-in / Listed in Local Market,NO OFFICIAL WEBSITE (High Vulnerability),Rs. 8.0 - 30.0 Lakhs/mo,"Rs. 25,000 - 2,50,000",Senior Partner / Managing Consultant,10:00 AM - 9:00 PM (Regular Business Hours),"SahayShakti Corporate Suite: High-trust portfolio, floor-plan downloads, and direct investor inquiry funnel.",HOT (Zero Web Presence / High Revenue),Uncontacted
SST-REAL-ROH-1346,Bodybasic clothes,"Real Estate, Legal & Professional Corporate","Rohini Commercial Hub (Near Lat: 28.707, Lon: 77.123)",110085,"Rohini, Delhi",In-Person Walk-in / Listed in Local Market,NO OFFICIAL WEBSITE (High Vulnerability),Rs. 8.0 - 30.0 Lakhs/mo,"Rs. 25,000 - 2,50,000",Senior Partner / Managing Consultant,10:00 AM - 9:00 PM (Regular Business Hours),"SahayShakti Corporate Suite: High-trust portfolio, floor-plan downloads, and direct investor inquiry funnel.",HOT (Zero Web Presence / High Revenue),Uncontacted
SST-REAL-ROH-1347,Shagun Raymond,"Real Estate, Legal & Professional Corporate","Rohini Commercial Hub (Near Lat: 28.707, Lon: 77.123)",110085,"Rohini, Delhi",In-Person Walk-in / Listed in Local Market,NO OFFICIAL WEBSITE (High Vulnerability),Rs. 8.0 - 30.0 Lakhs/mo,"Rs. 25,000 - 2,50,000",Senior Partner / Managing Consultant,10:00 AM - 9:00 PM (Regular Business Hours),"SahayShakti Corporate Suite: High-trust portfolio, floor-plan downloads, and direct investor inquiry funnel.",HOT (Zero Web Presence / High Revenue),Uncontacted
SST-REAL-ROH-1349,Abros Exclusive,"Real Estate, Legal & Professional Corporate","Rohini Commercial Hub (Near Lat: 28.707, Lon: 77.123)",110085,"Rohini, Delhi",In-Person Walk-in / Listed in Local Market,NO OFFICIAL WEBSITE (High Vulnerability),Rs. 8.0 - 30.0 Lakhs/mo,"Rs. 25,000 - 2,50,000",Senior Partner / Managing Consultant,10:00 AM - 9:00 PM (Regular Business Hours),"SahayShakti Corporate Suite: High-trust portfolio, floor-plan downloads, and direct investor inquiry funnel.",HOT (Zero Web Presence / High Revenue),Uncontacted
SST-REAL-ROH-1350,Mahadev Properties,"Real Estate, Legal & Professional Corporate","Rohini Commercial Hub (Near Lat: 28.707, Lon: 77.123)",110085,"Rohini, Delhi",In-Person Walk-in / Listed in Local Market,NO OFFICIAL WEBSITE (High Vulnerability),Rs. 8.0 - 30.0 Lakhs/mo,"Rs. 25,000 - 2,50,000",Senior Partner / Managing Consultant,10:00 AM - 9:00 PM (Regular Business Hours),"SahayShakti Corporate Suite: High-trust portfolio, floor-plan downloads, and direct investor inquiry funnel.",HOT (Zero Web Presence / High Revenue),Uncontacted
SST-REAL-ROH-1354,Gupta Electric Co,"Real Estate, Legal & Professional Corporate","Rohini Commercial Hub (Near Lat: 28.708, Lon: 77.124)",110085,"Rohini, Delhi",+91 89205 70945,NO OFFICIAL WEBSITE (High Vulnerability),Rs. 8.0 - 30.0 Lakhs/mo,"Rs. 25,000 - 2,50,000",Senior Partner / Managing Consultant,10:00 AM - 9:00 PM (Regular Business Hours),"SahayShakti Corporate Suite: High-trust portfolio, floor-plan downloads, and direct investor inquiry funnel.",HOT (Zero Web Presence / High Revenue),Uncontacted
SST-REAL-ROH-1356,Demould,"Real Estate, Legal & Professional Corporate","Rohini Commercial Hub (Near Lat: 28.708, Lon: 77.124)",110085,"Rohini, Delhi",In-Person Walk-in / Listed in Local Market,NO OFFICIAL WEBSITE (High Vulnerability),Rs. 8.0 - 30.0 Lakhs/mo,"Rs. 25,000 - 2,50,000",Senior Partner / Managing Consultant,10:00 AM - 9:00 PM (Regular Business Hours),"SahayShakti Corporate Suite: High-trust portfolio, floor-plan downloads, and direct investor inquiry funnel.",HOT (Zero Web Presence / High Revenue),Uncontacted
SST-REAL-ROH-1357,Naturals,"Real Estate, Legal & Professional Corporate","Rohini Commercial Hub (Near Lat: 28.709, Lon: 77.123)",110085,"Rohini, Delhi",In-Person Walk-in / Listed in Local Market,NO OFFICIAL WEBSITE (High Vulnerability),Rs. 8.0 - 30.0 Lakhs/mo,"Rs. 25,000 - 2,50,000",Senior Partner / Managing Consultant,10:00 AM - 9:00 PM (Regular Business Hours),"SahayShakti Corporate Suite: High-trust portfolio, floor-plan downloads, and direct investor inquiry funnel.",HOT (Zero Web Presence / High Revenue),Uncontacted
SST-REAL-ROH-1358,Psimmoli,"Real Estate, Legal & Professional Corporate","Rohini Commercial Hub (Near Lat: 28.709, Lon: 77.123)",110085,"Rohini, Delhi",In-Person Walk-in / Listed in Local Market,NO OFFICIAL WEBSITE (High Vulnerability),Rs. 8.0 - 30.0 Lakhs/mo,"Rs. 25,000 - 2,50,000",Senior Partner / Managing Consultant,10:00 AM - 9:00 PM (Regular Business Hours),"SahayShakti Corporate Suite: High-trust portfolio, floor-plan downloads, and direct investor inquiry funnel.",HOT (Zero Web Presence / High Revenue),Uncontacted
SST-REAL-ROH-1359,Hanumant Jewels,"Real Estate, Legal & Professional Corporate","Rohini Commercial Hub (Near Lat: 28.708, Lon: 77.125)",110085,"Rohini, Delhi",In-Person Walk-in / Listed in Local Market,NO OFFICIAL WEBSITE (High Vulnerability),Rs. 8.0 - 30.0 Lakhs/mo,"Rs. 25,000 - 2,50,000",Senior Partner / Managing Consultant,10:00 AM - 9:00 PM (Regular Business Hours),"SahayShakti Corporate Suite: High-trust portfolio, floor-plan downloads, and direct investor inquiry funnel.",HOT (Zero Web Presence / High Revenue),Uncontacted
SST-REAL-ROH-1360,Shubham Collection,"Real Estate, Legal & Professional Corporate","Rohini Commercial Hub (Near Lat: 28.708, Lon: 77.125)",110085,"Rohini, Delhi",In-Person Walk-in / Listed in Local Market,NO OFFICIAL WEBSITE (High Vulnerability),Rs. 8.0 - 30.0 Lakhs/mo,"Rs. 25,000 - 2,50,000",Senior Partner / Managing Consultant,10:00 AM - 9:00 PM (Regular Business Hours),"SahayShakti Corporate Suite: High-trust portfolio, floor-plan downloads, and direct investor inquiry funnel.",HOT (Zero Web Presence / High Revenue),Uncontacted
SST-REAL-ROH-1364,Chacha Bhatija,"Real Estate, Legal & Professional Corporate","Rohini Commercial Hub (Near Lat: 28.709, Lon: 77.124)",110085,"Rohini, Delhi",In-Person Walk-in / Listed in Local Market,NO OFFICIAL WEBSITE (High Vulnerability),Rs. 8.0 - 30.0 Lakhs/mo,"Rs. 25,000 - 2,50,000",Senior Partner / Managing Consultant,10:00 AM - 9:00 PM (Regular Business Hours),"SahayShakti Corporate Suite: High-trust portfolio, floor-plan downloads, and direct investor inquiry funnel.",HOT (Zero Web Presence / High Revenue),Uncontacted
SST-REAL-ROH-1365,Invent,"Real Estate, Legal & Professional Corporate","Rohini Commercial Hub (Near Lat: 28.708, Lon: 77.125)",110085,"Rohini, Delhi",In-Person Walk-in / Listed in Local Market,NO OFFICIAL WEBSITE (High Vulnerability),Rs. 8.0 - 30.0 Lakhs/mo,"Rs. 25,000 - 2,50,000",Senior Partner / Managing Consultant,10:00 AM - 9:00 PM (Regular Business Hours),"SahayShakti Corporate Suite: High-trust portfolio, floor-plan downloads, and direct investor inquiry funnel.",HOT (Zero Web Presence / High Revenue),Uncontacted
SST-REAL-ROH-1366,Aurelia,"Real Estate, Legal & Professional Corporate","Rohini Commercial Hub (Near Lat: 28.707, Lon: 77.123)",110085,"Rohini, Delhi",In-Person Walk-in / Listed in Local Market,NO OFFICIAL WEBSITE (High Vulnerability),Rs. 8.0 - 30.0 Lakhs/mo,"Rs. 25,000 - 2,50,000",Senior Partner / Managing Consultant,10:00 AM - 9:00 PM (Regular Business Hours),"SahayShakti Corporate Suite: High-trust portfolio, floor-plan downloads, and direct investor inquiry funnel.",HOT (Zero Web Presence / High Revenue),Uncontacted
SST-REAL-ROH-1367,Onkar,"Real Estate, Legal & Professional Corporate","Rohini Commercial Hub (Near Lat: 28.707, Lon: 77.123)",110085,"Rohini, Delhi",In-Person Walk-in / Listed in Local Market,NO OFFICIAL WEBSITE (High Vulnerability),Rs. 8.0 - 30.0 Lakhs/mo,"Rs. 25,000 - 2,50,000",Senior Partner / Managing Consultant,10:00 AM - 9:00 PM (Regular Business Hours),"SahayShakti Corporate Suite: High-trust portfolio, floor-plan downloads, and direct investor inquiry funnel.",HOT (Zero Web Presence / High Revenue),Uncontacted
SST-REAL-ROH-1368,Cantabil Clothing,"Real Estate, Legal & Professional Corporate","Rohini Commercial Hub (Near Lat: 28.707, Lon: 77.123)",110085,"Rohini, Delhi",In-Person Walk-in / Listed in Local Market,NO OFFICIAL WEBSITE (High Vulnerability),Rs. 8.0 - 30.0 Lakhs/mo,"Rs. 25,000 - 2,50,000",Senior Partner / Managing Consultant,10:00 AM - 9:00 PM (Regular Business Hours),"SahayShakti Corporate Suite: High-trust portfolio, floor-plan downloads, and direct investor inquiry funnel.",HOT (Zero Web Presence / High Revenue),Uncontacted
SST-REAL-ROH-1369,Buy Brand,"Real Estate, Legal & Professional Corporate","Rohini Commercial Hub (Near Lat: 28.706, Lon: 77.123)",110085,"Rohini, Delhi",In-Person Walk-in / Listed in Local Market,NO OFFICIAL WEBSITE (High Vulnerability),Rs. 8.0 - 30.0 Lakhs/mo,"Rs. 25,000 - 2,50,000",Senior Partner / Managing Consultant,10:00 AM - 9:00 PM (Regular Business Hours),"SahayShakti Corporate Suite: High-trust portfolio, floor-plan downloads, and direct investor inquiry funnel.",HOT (Zero Web Presence / High Revenue),Uncontacted
SST-REAL-ROH-1370,Cheap Footware,"Real Estate, Legal & Professional Corporate","Rohini Commercial Hub (Near Lat: 28.706, Lon: 77.123)",110085,"Rohini, Delhi",9910485602,NO OFFICIAL WEBSITE (High Vulnerability),Rs. 8.0 - 30.0 Lakhs/mo,"Rs. 25,000 - 2,50,000",Senior Partner / Managing Consultant,10:00 AM - 9:00 PM (Regular Business Hours),"SahayShakti Corporate Suite: High-trust portfolio, floor-plan downloads, and direct investor inquiry funnel.",HOT (Zero Web Presence / High Revenue),Uncontacted
SST-REAL-ROH-1371,Standrad Rabri Faluda & Shakes,"Real Estate, Legal & Professional Corporate","Rohini Commercial Hub (Near Lat: 28.706, Lon: 77.123)",110085,"Rohini, Delhi",9811165175,NO OFFICIAL WEBSITE (High Vulnerability),Rs. 8.0 - 30.0 Lakhs/mo,"Rs. 25,000 - 2,50,000",Senior Partner / Managing Consultant,10:00 AM - 9:00 PM (Regular Business Hours),"SahayShakti Corporate Suite: High-trust portfolio, floor-plan downloads, and direct investor inquiry funnel.",HOT (Zero Web Presence / High Revenue),Uncontacted
SST-REAL-ROH-1372,Onax by Yuva,"Real Estate, Legal & Professional Corporate","Rohini Commercial Hub (Near Lat: 28.707, Lon: 77.123)",110085,"Rohini, Delhi",In-Person Walk-in / Listed in Local Market,NO OFFICIAL WEBSITE (High Vulnerability),Rs. 8.0 - 30.0 Lakhs/mo,"Rs. 25,000 - 2,50,000",Senior Partner / Managing Consultant,10:00 AM - 9:00 PM (Regular Business Hours),"SahayShakti Corporate Suite: High-trust portfolio, floor-plan downloads, and direct investor inquiry funnel.",HOT (Zero Web Presence / High Revenue),Uncontacted
SST-REAL-ROH-1373,Elini,"Real Estate, Legal & Professional Corporate","Rohini Commercial Hub (Near Lat: 28.707, Lon: 77.123)",110085,"Rohini, Delhi",In-Person Walk-in / Listed in Local Market,NO OFFICIAL WEBSITE (High Vulnerability),Rs. 8.0 - 30.0 Lakhs/mo,"Rs. 25,000 - 2,50,000",Senior Partner / Managing Consultant,10:00 AM - 9:00 PM (Regular Business Hours),"SahayShakti Corporate Suite: High-trust portfolio, floor-plan downloads, and direct investor inquiry funnel.",HOT (Zero Web Presence / High Revenue),Uncontacted
SST-REAL-ROH-1375,She Fashion,"Real Estate, Legal & Professional Corporate","Rohini Commercial Hub (Near Lat: 28.707, Lon: 77.123)",110085,"Rohini, Delhi",In-Person Walk-in / Listed in Local Market,NO OFFICIAL WEBSITE (High Vulnerability),Rs. 8.0 - 30.0 Lakhs/mo,"Rs. 25,000 - 2,50,000",Senior Partner / Managing Consultant,10:00 AM - 9:00 PM (Regular Business Hours),"SahayShakti Corporate Suite: High-trust portfolio, floor-plan downloads, and direct investor inquiry funnel.",HOT (Zero Web Presence / High Revenue),Uncontacted
SST-REAL-ROH-1376,Sarda Properties,"Real Estate, Legal & Professional Corporate","Rohini Commercial Hub (Near Lat: 28.707, Lon: 77.123)",110085,"Rohini, Delhi",In-Person Walk-in / Listed in Local Market,NO OFFICIAL WEBSITE (High Vulnerability),Rs. 8.0 - 30.0 Lakhs/mo,"Rs. 25,000 - 2,50,000",Senior Partner / Managing Consultant,10:00 AM - 9:00 PM (Regular Business Hours),"SahayShakti Corporate Suite: High-trust portfolio, floor-plan downloads, and direct investor inquiry funnel.",HOT (Zero Web Presence / High Revenue),Uncontacted
SST-REAL-ROH-1378,NG Retail,"Real Estate, Legal & Professional Corporate","Rohini Commercial Hub (Near Lat: 28.706, Lon: 77.123)",110085,"Rohini, Delhi",In-Person Walk-in / Listed in Local Market,NO OFFICIAL WEBSITE (High Vulnerability),Rs. 8.0 - 30.0 Lakhs/mo,"Rs. 25,000 - 2,50,000",Senior Partner / Managing Consultant,10:00 AM - 9:00 PM (Regular Business Hours),"SahayShakti Corporate Suite: High-trust portfolio, floor-plan downloads, and direct investor inquiry funnel.",HOT (Zero Web Presence / High Revenue),Uncontacted
SST-REAL-ROH-1382,Aggarwal Medicose,"Real Estate, Legal & Professional Corporate","Rohini Commercial Hub (Near Lat: 28.710, Lon: 77.123)",110085,"Rohini, Delhi",In-Person Walk-in / Listed in Local Market,NO OFFICIAL WEBSITE (High Vulnerability),Rs. 8.0 - 30.0 Lakhs/mo,"Rs. 25,000 - 2,50,000",Senior Partner / Managing Consultant,10:00 AM - 9:00 PM (Regular Business Hours),"SahayShakti Corporate Suite: High-trust portfolio, floor-plan downloads, and direct investor inquiry funnel.",HOT (Zero Web Presence / High Revenue),Uncontacted
SST-REAL-ROH-1383,Wine Beer Shop,"Real Estate, Legal & Professional Corporate","Rohini Commercial Hub (Near Lat: 28.709, Lon: 77.124)",110085,"Rohini, Delhi",In-Person Walk-in / Listed in Local Market,NO OFFICIAL WEBSITE (High Vulnerability),Rs. 8.0 - 30.0 Lakhs/mo,"Rs. 25,000 - 2,50,000",Senior Partner / Managing Consultant,10:00 AM - 9:00 PM (Regular Business Hours),"SahayShakti Corporate Suite: High-trust portfolio, floor-plan downloads, and direct investor inquiry funnel.",HOT (Zero Web Presence / High Revenue),Uncontacted
SST-REAL-ROH-1384,Nutristar,"Real Estate, Legal & Professional Corporate","Rohini Commercial Hub (Near Lat: 28.709, Lon: 77.123)",110085,"Rohini, Delhi",In-Person Walk-in / Listed in Local Market,NO OFFICIAL WEBSITE (High Vulnerability),Rs. 8.0 - 30.0 Lakhs/mo,"Rs. 25,000 - 2,50,000",Senior Partner / Managing Consultant,10:00 AM - 9:00 PM (Regular Business Hours),"SahayShakti Corporate Suite: High-trust portfolio, floor-plan downloads, and direct investor inquiry funnel.",HOT (Zero Web Presence / High Revenue),Uncontacted
SST-REAL-ROH-1385,JJ Comunication,"Real Estate, Legal & Professional Corporate","Rohini Commercial Hub (Near Lat: 28.709, Lon: 77.124)",110085,"Rohini, Delhi",In-Person Walk-in / Listed in Local Market,NO OFFICIAL WEBSITE (High Vulnerability),Rs. 8.0 - 30.0 Lakhs/mo,"Rs. 25,000 - 2,50,000",Senior Partner / Managing Consultant,10:00 AM - 9:00 PM (Regular Business Hours),"SahayShakti Corporate Suite: High-trust portfolio, floor-plan downloads, and direct investor inquiry funnel.",HOT (Zero Web Presence / High Revenue),Uncontacted
SST-REAL-ROH-1386,Liberty Exclusive Showroom,"Real Estate, Legal & Professional Corporate","Rohini Commercial Hub (Near Lat: 28.709, Lon: 77.124)",110085,"Rohini, Delhi",In-Person Walk-in / Listed in Local Market,NO OFFICIAL WEBSITE (High Vulnerability),Rs. 8.0 - 30.0 Lakhs/mo,"Rs. 25,000 - 2,50,000",Senior Partner / Managing Consultant,10:00 AM - 9:00 PM (Regular Business Hours),"SahayShakti Corporate Suite: High-trust portfolio, floor-plan downloads, and direct investor inquiry funnel.",HOT (Zero Web Presence / High Revenue),Uncontacted
SST-REAL-ROH-1388,Prince Associates,"Real Estate, Legal & Professional Corporate",D11/140 Rohini,110085,"Rohini, Delhi",In-Person Walk-in / Listed in Local Market,NO OFFICIAL WEBSITE (High Vulnerability),Rs. 8.0 - 30.0 Lakhs/mo,"Rs. 25,000 - 2,50,000",Senior Partner / Managing Consultant,10:00 AM - 9:00 PM (Regular Business Hours),"SahayShakti Corporate Suite: High-trust portfolio, floor-plan downloads, and direct investor inquiry funnel.",HOT (Zero Web Presence / High Revenue),Uncontacted
SST-REAL-ROH-1389,Jaideep Dryfruits and Spices,"Real Estate, Legal & Professional Corporate","Rohini Commercial Hub (Near Lat: 28.706, Lon: 77.123)",110085,"Rohini, Delhi",In-Person Walk-in / Listed in Local Market,NO OFFICIAL WEBSITE (High Vulnerability),Rs. 8.0 - 30.0 Lakhs/mo,"Rs. 25,000 - 2,50,000",Senior Partner / Managing Consultant,10:00 AM - 9:00 PM (Regular Business Hours),"SahayShakti Corporate Suite: High-trust portfolio, floor-plan downloads, and direct investor inquiry funnel.",HOT (Zero Web Presence / High Revenue),Uncontacted
SST-REAL-ROH-1391,A One Super Market,"Real Estate, Legal & Professional Corporate","Rohini Commercial Hub (Near Lat: 28.706, Lon: 77.123)",110085,"Rohini, Delhi",+91 11 4998 6722,NO OFFICIAL WEBSITE (High Vulnerability),Rs. 8.0 - 30.0 Lakhs/mo,"Rs. 25,000 - 2,50,000",Senior Partner / Managing Consultant,10:00 AM - 9:00 PM (Regular Business Hours),"SahayShakti Corporate Suite: High-trust portfolio, floor-plan downloads, and direct investor inquiry funnel.",HOT (Zero Web Presence / High Revenue),Uncontacted
SST-REAL-ROH-1392,Goyal Real Estate,"Real Estate, Legal & Professional Corporate","Rohini Commercial Hub (Near Lat: 28.706, Lon: 77.123)",110085,"Rohini, Delhi",In-Person Walk-in / Listed in Local Market,NO OFFICIAL WEBSITE (High Vulnerability),Rs. 8.0 - 30.0 Lakhs/mo,"Rs. 25,000 - 2,50,000",Senior Partner / Managing Consultant,10:00 AM - 9:00 PM (Regular Business Hours),"SahayShakti Corporate Suite: High-trust portfolio, floor-plan downloads, and direct investor inquiry funnel.",HOT (Zero Web Presence / High Revenue),Uncontacted
SST-REAL-ROH-1394,Aggarwal Associates & Property Dealer,"Real Estate, Legal & Professional Corporate","Rohini Commercial Hub (Near Lat: 28.706, Lon: 77.122)",110085,"Rohini, Delhi",In-Person Walk-in / Listed in Local Market,NO OFFICIAL WEBSITE (High Vulnerability),Rs. 8.0 - 30.0 Lakhs/mo,"Rs. 25,000 - 2,50,000",Senior Partner / Managing Consultant,10:00 AM - 9:00 PM (Regular Business Hours),"SahayShakti Corporate Suite: High-trust portfolio, floor-plan downloads, and direct investor inquiry funnel.",HOT (Zero Web Presence / High Revenue),Uncontacted
SST-REAL-ROH-1395,Goyal Associates and Property Dealer,"Real Estate, Legal & Professional Corporate","Rohini Commercial Hub (Near Lat: 28.706, Lon: 77.122)",110085,"Rohini, Delhi",In-Person Walk-in / Listed in Local Market,NO OFFICIAL WEBSITE (High Vulnerability),Rs. 8.0 - 30.0 Lakhs/mo,"Rs. 25,000 - 2,50,000",Senior Partner / Managing Consultant,10:00 AM - 9:00 PM (Regular Business Hours),"SahayShakti Corporate Suite: High-trust portfolio, floor-plan downloads, and direct investor inquiry funnel.",HOT (Zero Web Presence / High Revenue),Uncontacted
SST-REAL-ROH-1397,Ekta Suit and Dupatta,"Real Estate, Legal & Professional Corporate","Rohini Commercial Hub (Near Lat: 28.706, Lon: 77.123)",110085,"Rohini, Delhi",In-Person Walk-in / Listed in Local Market,NO OFFICIAL WEBSITE (High Vulnerability),Rs. 8.0 - 30.0 Lakhs/mo,"Rs. 25,000 - 2,50,000",Senior Partner / Managing Consultant,10:00 AM - 9:00 PM (Regular Business Hours),"SahayShakti Corporate Suite: High-trust portfolio, floor-plan downloads, and direct investor inquiry funnel.",HOT (Zero Web Presence / High Revenue),Uncontacted
SST-REAL-ROH-1398,Bindra Undergarment,"Real Estate, Legal & Professional Corporate","Rohini Commercial Hub (Near Lat: 28.706, Lon: 77.123)",110085,"Rohini, Delhi",In-Person Walk-in / Listed in Local Market,NO OFFICIAL WEBSITE (High Vulnerability),Rs. 8.0 - 30.0 Lakhs/mo,"Rs. 25,000 - 2,50,000",Senior Partner / Managing Consultant,10:00 AM - 9:00 PM (Regular Business Hours),"SahayShakti Corporate Suite: High-trust portfolio, floor-plan downloads, and direct investor inquiry funnel.",HOT (Zero Web Presence / High Revenue),Uncontacted
SST-REAL-ROH-1399,Baweja Footwear,"Real Estate, Legal & Professional Corporate","Rohini Commercial Hub (Near Lat: 28.706, Lon: 77.123)",110085,"Rohini, Delhi",In-Person Walk-in / Listed in Local Market,NO OFFICIAL WEBSITE (High Vulnerability),Rs. 8.0 - 30.0 Lakhs/mo,"Rs. 25,000 - 2,50,000",Senior Partner / Managing Consultant,10:00 AM - 9:00 PM (Regular Business Hours),"SahayShakti Corporate Suite: High-trust portfolio, floor-plan downloads, and direct investor inquiry funnel.",HOT (Zero Web Presence / High Revenue),Uncontacted
SST-REAL-ROH-1401,Giani's,"Real Estate, Legal & Professional Corporate","Rohini Commercial Hub (Near Lat: 28.709, Lon: 77.123)",110085,"Rohini, Delhi",In-Person Walk-in / Listed in Local Market,NO OFFICIAL WEBSITE (High Vulnerability),Rs. 8.0 - 30.0 Lakhs/mo,"Rs. 25,000 - 2,50,000",Senior Partner / Managing Consultant,10:00 AM - 9:00 PM (Regular Business Hours),"SahayShakti Corporate Suite: High-trust portfolio, floor-plan downloads, and direct investor inquiry funnel.",HOT (Zero Web Presence / High Revenue),Uncontacted
SST-REAL-ROH-1403,Nirula's,"Real Estate, Legal & Professional Corporate","Rohini Commercial Hub (Near Lat: 28.710, Lon: 77.122)",110085,"Rohini, Delhi",In-Person Walk-in / Listed in Local Market,NO OFFICIAL WEBSITE (High Vulnerability),Rs. 8.0 - 30.0 Lakhs/mo,"Rs. 25,000 - 2,50,000",Senior Partner / Managing Consultant,10:00 AM - 9:00 PM (Regular Business Hours),"SahayShakti Corporate Suite: High-trust portfolio, floor-plan downloads, and direct investor inquiry funnel.",HOT (Zero Web Presence / High Revenue),Uncontacted
SST-REAL-ROH-1404,Richie's World,"Real Estate, Legal & Professional Corporate","Rohini Commercial Hub (Near Lat: 28.709, Lon: 77.124)",110085,"Rohini, Delhi",In-Person Walk-in / Listed in Local Market,NO OFFICIAL WEBSITE (High Vulnerability),Rs. 8.0 - 30.0 Lakhs/mo,"Rs. 25,000 - 2,50,000",Senior Partner / Managing Consultant,10:00 AM - 9:00 PM (Regular Business Hours),"SahayShakti Corporate Suite: High-trust portfolio, floor-plan downloads, and direct investor inquiry funnel.",HOT (Zero Web Presence / High Revenue),Uncontacted
SST-REAL-ROH-1406,Shiv Shakti Hanuman Mandir,"Real Estate, Legal & Professional Corporate","Rohini Commercial Hub (Near Lat: 28.710, Lon: 77.121)",110085,"Rohini, Delhi",In-Person Walk-in / Listed in Local Market,NO OFFICIAL WEBSITE (High Vulnerability),Rs. 8.0 - 30.0 Lakhs/mo,"Rs. 25,000 - 2,50,000",Senior Partner / Managing Consultant,10:00 AM - 9:00 PM (Regular Business Hours),"SahayShakti Corporate Suite: High-trust portfolio, floor-plan downloads, and direct investor inquiry funnel.",HOT (Zero Web Presence / High Revenue),Uncontacted
SST-REAL-ROH-1407,Lakshita,"Real Estate, Legal & Professional Corporate","Rohini Commercial Hub (Near Lat: 28.708, Lon: 77.125)",110085,"Rohini, Delhi",In-Person Walk-in / Listed in Local Market,NO OFFICIAL WEBSITE (High Vulnerability),Rs. 8.0 - 30.0 Lakhs/mo,"Rs. 25,000 - 2,50,000",Senior Partner / Managing Consultant,10:00 AM - 9:00 PM (Regular Business Hours),"SahayShakti Corporate Suite: High-trust portfolio, floor-plan downloads, and direct investor inquiry funnel.",HOT (Zero Web Presence / High Revenue),Uncontacted
SST-REAL-ROH-1409,Mr. Crust,"Real Estate, Legal & Professional Corporate","Rohini Commercial Hub (Near Lat: 28.710, Lon: 77.123)",110085,"Rohini, Delhi",In-Person Walk-in / Listed in Local Market,NO OFFICIAL WEBSITE (High Vulnerability),Rs. 8.0 - 30.0 Lakhs/mo,"Rs. 25,000 - 2,50,000",Senior Partner / Managing Consultant,10:00 AM - 9:00 PM (Regular Business Hours),"SahayShakti Corporate Suite: High-trust portfolio, floor-plan downloads, and direct investor inquiry funnel.",HOT (Zero Web Presence / High Revenue),Uncontacted
SST-REAL-ROH-1410,Sky Real Estate,"Real Estate, Legal & Professional Corporate","Rohini Commercial Hub (Near Lat: 28.709, Lon: 77.124)",110085,"Rohini, Delhi",In-Person Walk-in / Listed in Local Market,NO OFFICIAL WEBSITE (High Vulnerability),Rs. 8.0 - 30.0 Lakhs/mo,"Rs. 25,000 - 2,50,000",Senior Partner / Managing Consultant,10:00 AM - 9:00 PM (Regular Business Hours),"SahayShakti Corporate Suite: High-trust portfolio, floor-plan downloads, and direct investor inquiry funnel.",HOT (Zero Web Presence / High Revenue),Uncontacted
SST-REAL-ROH-1418,King's,"Real Estate, Legal & Professional Corporate","Rohini Commercial Hub (Near Lat: 28.710, Lon: 77.122)",110085,"Rohini, Delhi",In-Person Walk-in / Listed in Local Market,NO OFFICIAL WEBSITE (High Vulnerability),Rs. 8.0 - 30.0 Lakhs/mo,"Rs. 25,000 - 2,50,000",Senior Partner / Managing Consultant,10:00 AM - 9:00 PM (Regular Business Hours),"SahayShakti Corporate Suite: High-trust portfolio, floor-plan downloads, and direct investor inquiry funnel.",HOT (Zero Web Presence / High Revenue),Uncontacted
SST-REAL-ROH-1419,Punjab National Bank,"Real Estate, Legal & Professional Corporate","Rohini Commercial Hub (Near Lat: 28.707, Lon: 77.126)",110085,"Rohini, Delhi",In-Person Walk-in / Listed in Local Market,NO OFFICIAL WEBSITE (High Vulnerability),Rs. 8.0 - 30.0 Lakhs/mo,"Rs. 25,000 - 2,50,000",Senior Partner / Managing Consultant,10:00 AM - 9:00 PM (Regular Business Hours),"SahayShakti Corporate Suite: High-trust portfolio, floor-plan downloads, and direct investor inquiry funnel.",HOT (Zero Web Presence / High Revenue),Uncontacted
SST-REAL-ROH-1420,Cromā,"Real Estate, Legal & Professional Corporate","Rohini Commercial Hub (Near Lat: 28.700, Lon: 77.118)",110085,"Rohini, Delhi",In-Person Walk-in / Listed in Local Market,NO OFFICIAL WEBSITE (High Vulnerability),Rs. 8.0 - 30.0 Lakhs/mo,"Rs. 25,000 - 2,50,000",Senior Partner / Managing Consultant,10:00 AM - 9:00 PM (Regular Business Hours),"SahayShakti Corporate Suite: High-trust portfolio, floor-plan downloads, and direct investor inquiry funnel.",HOT (Zero Web Presence / High Revenue),Uncontacted
SST-REAL-ROH-1421,IDBI Bank,"Real Estate, Legal & Professional Corporate","Rohini Commercial Hub (Near Lat: 28.700, Lon: 77.118)",110085,"Rohini, Delhi",In-Person Walk-in / Listed in Local Market,NO OFFICIAL WEBSITE (High Vulnerability),Rs. 8.0 - 30.0 Lakhs/mo,"Rs. 25,000 - 2,50,000",Senior Partner / Managing Consultant,10:00 AM - 9:00 PM (Regular Business Hours),"SahayShakti Corporate Suite: High-trust portfolio, floor-plan downloads, and direct investor inquiry funnel.",HOT (Zero Web Presence / High Revenue),Uncontacted
SST-REAL-ROH-1422,Go Colors!,"Real Estate, Legal & Professional Corporate","Rohini Commercial Hub (Near Lat: 28.707, Lon: 77.123)",110085,"Rohini, Delhi",In-Person Walk-in / Listed in Local Market,NO OFFICIAL WEBSITE (High Vulnerability),Rs. 8.0 - 30.0 Lakhs/mo,"Rs. 25,000 - 2,50,000",Senior Partner / Managing Consultant,10:00 AM - 9:00 PM (Regular Business Hours),"SahayShakti Corporate Suite: High-trust portfolio, floor-plan downloads, and direct investor inquiry funnel.",HOT (Zero Web Presence / High Revenue),Uncontacted
SST-REAL-ROH-1423,Vittag,"Real Estate, Legal & Professional Corporate","Rohini Commercial Hub (Near Lat: 28.707, Lon: 77.124)",110085,"Rohini, Delhi",In-Person Walk-in / Listed in Local Market,NO OFFICIAL WEBSITE (High Vulnerability),Rs. 8.0 - 30.0 Lakhs/mo,"Rs. 25,000 - 2,50,000",Senior Partner / Managing Consultant,10:00 AM - 9:00 PM (Regular Business Hours),"SahayShakti Corporate Suite: High-trust portfolio, floor-plan downloads, and direct investor inquiry funnel.",HOT (Zero Web Presence / High Revenue),Uncontacted
SST-REAL-ROH-1424,Muthoot Fincorp,"Real Estate, Legal & Professional Corporate","Rohini Commercial Hub (Near Lat: 28.707, Lon: 77.124)",110085,"Rohini, Delhi",In-Person Walk-in / Listed in Local Market,NO OFFICIAL WEBSITE (High Vulnerability),Rs. 8.0 - 30.0 Lakhs/mo,"Rs. 25,000 - 2,50,000",Senior Partner / Managing Consultant,10:00 AM - 9:00 PM (Regular Business Hours),"SahayShakti Corporate Suite: High-trust portfolio, floor-plan downloads, and direct investor inquiry funnel.",HOT (Zero Web Presence / High Revenue),Uncontacted
SST-REAL-ROH-1427,Aapka Dawa Bazaar,"Real Estate, Legal & Professional Corporate",Chotu Ram Marg,110085,"Rohini, Delhi",In-Person Walk-in / Listed in Local Market,NO OFFICIAL WEBSITE (High Vulnerability),Rs. 8.0 - 30.0 Lakhs/mo,"Rs. 25,000 - 2,50,000",Senior Partner / Managing Consultant,Mo-Su 09:00-22:00,"SahayShakti Corporate Suite: High-trust portfolio, floor-plan downloads, and direct investor inquiry funnel.",HOT (Zero Web Presence / High Revenue),Uncontacted
SST-REAL-ROH-1431,Mosque,"Real Estate, Legal & Professional Corporate","Rohini Commercial Hub (Near Lat: 28.713, Lon: 77.173)",110085,"Rohini, Delhi",In-Person Walk-in / Listed in Local Market,NO OFFICIAL WEBSITE (High Vulnerability),Rs. 8.0 - 30.0 Lakhs/mo,"Rs. 25,000 - 2,50,000",Senior Partner / Managing Consultant,10:00 AM - 9:00 PM (Regular Business Hours),"SahayShakti Corporate Suite: High-trust portfolio, floor-plan downloads, and direct investor inquiry funnel.",HOT (Zero Web Presence / High Revenue),Uncontacted
SST-REAL-ROH-1432,Insecticides India Limited,"Real Estate, Legal & Professional Corporate","Rohini Commercial Hub (Near Lat: 28.708, Lon: 77.179)",110085,"Rohini, Delhi",In-Person Walk-in / Listed in Local Market,NO OFFICIAL WEBSITE (High Vulnerability),Rs. 8.0 - 30.0 Lakhs/mo,"Rs. 25,000 - 2,50,000",Senior Partner / Managing Consultant,10:00 AM - 9:00 PM (Regular Business Hours),"SahayShakti Corporate Suite: High-trust portfolio, floor-plan downloads, and direct investor inquiry funnel.",HOT (Zero Web Presence / High Revenue),Uncontacted
SST-REAL-ROH-1433,IGL,"Real Estate, Legal & Professional Corporate","Rohini Commercial Hub (Near Lat: 28.775, Lon: 77.065)",110085,"Rohini, Delhi",In-Person Walk-in / Listed in Local Market,NO OFFICIAL WEBSITE (High Vulnerability),Rs. 8.0 - 30.0 Lakhs/mo,"Rs. 25,000 - 2,50,000",Senior Partner / Managing Consultant,10:00 AM - 9:00 PM (Regular Business Hours),"SahayShakti Corporate Suite: High-trust portfolio, floor-plan downloads, and direct investor inquiry funnel.",HOT (Zero Web Presence / High Revenue),Uncontacted
SST-REAL-ROH-1434,Hindu Temple,"Real Estate, Legal & Professional Corporate","Rohini Commercial Hub (Near Lat: 28.756, Lon: 77.056)",110085,"Rohini, Delhi",In-Person Walk-in / Listed in Local Market,NO OFFICIAL WEBSITE (High Vulnerability),Rs. 8.0 - 30.0 Lakhs/mo,"Rs. 25,000 - 2,50,000",Senior Partner / Managing Consultant,10:00 AM - 9:00 PM (Regular Business Hours),"SahayShakti Corporate Suite: High-trust portfolio, floor-plan downloads, and direct investor inquiry funnel.",HOT (Zero Web Presence / High Revenue),Uncontacted
SST-REAL-ROH-1435,Wine & Beer Shop,"Real Estate, Legal & Professional Corporate","Rohini Commercial Hub (Near Lat: 28.714, Lon: 77.172)",110085,"Rohini, Delhi",In-Person Walk-in / Listed in Local Market,NO OFFICIAL WEBSITE (High Vulnerability),Rs. 8.0 - 30.0 Lakhs/mo,"Rs. 25,000 - 2,50,000",Senior Partner / Managing Consultant,10:00 AM - 9:00 PM (Regular Business Hours),"SahayShakti Corporate Suite: High-trust portfolio, floor-plan downloads, and direct investor inquiry funnel.",HOT (Zero Web Presence / High Revenue),Uncontacted
SST-REAL-ROH-1436,Sher E Punjab Jhatka Meat Shop,"Real Estate, Legal & Professional Corporate","Rohini Commercial Hub (Near Lat: 28.716, Lon: 77.170)",110085,"Rohini, Delhi",In-Person Walk-in / Listed in Local Market,NO OFFICIAL WEBSITE (High Vulnerability),Rs. 8.0 - 30.0 Lakhs/mo,"Rs. 25,000 - 2,50,000",Senior Partner / Managing Consultant,10:00 AM - 9:00 PM (Regular Business Hours),"SahayShakti Corporate Suite: High-trust portfolio, floor-plan downloads, and direct investor inquiry funnel.",HOT (Zero Web Presence / High Revenue),Uncontacted
SST-REAL-ROH-1438,Azadpur Mandi Office,"Real Estate, Legal & Professional Corporate","Rohini Commercial Hub (Near Lat: 28.722, Lon: 77.165)",110085,"Rohini, Delhi",In-Person Walk-in / Listed in Local Market,NO OFFICIAL WEBSITE (High Vulnerability),Rs. 8.0 - 30.0 Lakhs/mo,"Rs. 25,000 - 2,50,000",Senior Partner / Managing Consultant,10:00 AM - 9:00 PM (Regular Business Hours),"SahayShakti Corporate Suite: High-trust portfolio, floor-plan downloads, and direct investor inquiry funnel.",HOT (Zero Web Presence / High Revenue),Uncontacted
SST-REAL-ROH-1439,TVS,"Real Estate, Legal & Professional Corporate","Rohini Commercial Hub (Near Lat: 28.725, Lon: 77.163)",110085,"Rohini, Delhi",In-Person Walk-in / Listed in Local Market,NO OFFICIAL WEBSITE (High Vulnerability),Rs. 8.0 - 30.0 Lakhs/mo,"Rs. 25,000 - 2,50,000",Senior Partner / Managing Consultant,10:00 AM - 9:00 PM (Regular Business Hours),"SahayShakti Corporate Suite: High-trust portfolio, floor-plan downloads, and direct investor inquiry funnel.",HOT (Zero Web Presence / High Revenue),Uncontacted
SST-REAL-ROH-1440,Wine & Beer Shop,"Real Estate, Legal & Professional Corporate","Rohini Commercial Hub (Near Lat: 28.725, Lon: 77.163)",110085,"Rohini, Delhi",In-Person Walk-in / Listed in Local Market,NO OFFICIAL WEBSITE (High Vulnerability),Rs. 8.0 - 30.0 Lakhs/mo,"Rs. 25,000 - 2,50,000",Senior Partner / Managing Consultant,10:00 AM - 9:00 PM (Regular Business Hours),"SahayShakti Corporate Suite: High-trust portfolio, floor-plan downloads, and direct investor inquiry funnel.",HOT (Zero Web Presence / High Revenue),Uncontacted
SST-REAL-ROH-1441,Shree Maruti Logistics,"Real Estate, Legal & Professional Corporate","Rohini Commercial Hub (Near Lat: 28.729, Lon: 77.161)",110085,"Rohini, Delhi",In-Person Walk-in / Listed in Local Market,NO OFFICIAL WEBSITE (High Vulnerability),Rs. 8.0 - 30.0 Lakhs/mo,"Rs. 25,000 - 2,50,000",Senior Partner / Managing Consultant,10:00 AM - 9:00 PM (Regular Business Hours),"SahayShakti Corporate Suite: High-trust portfolio, floor-plan downloads, and direct investor inquiry funnel.",HOT (Zero Web Presence / High Revenue),Uncontacted
SST-REAL-ROH-1443,Hero,"Real Estate, Legal & Professional Corporate","Rohini Commercial Hub (Near Lat: 28.730, Lon: 77.160)",110085,"Rohini, Delhi",In-Person Walk-in / Listed in Local Market,NO OFFICIAL WEBSITE (High Vulnerability),Rs. 8.0 - 30.0 Lakhs/mo,"Rs. 25,000 - 2,50,000",Senior Partner / Managing Consultant,10:00 AM - 9:00 PM (Regular Business Hours),"SahayShakti Corporate Suite: High-trust portfolio, floor-plan downloads, and direct investor inquiry funnel.",HOT (Zero Web Presence / High Revenue),Uncontacted
SST-REAL-ROH-1446,Indian Oil,"Real Estate, Legal & Professional Corporate","Rohini Commercial Hub (Near Lat: 28.712, Lon: 77.110)",110085,"Rohini, Delhi",In-Person Walk-in / Listed in Local Market,NO OFFICIAL WEBSITE (High Vulnerability),Rs. 8.0 - 30.0 Lakhs/mo,"Rs. 25,000 - 2,50,000",Senior Partner / Managing Consultant,10:00 AM - 9:00 PM (Regular Business Hours),"SahayShakti Corporate Suite: High-trust portfolio, floor-plan downloads, and direct investor inquiry funnel.",HOT (Zero Web Presence / High Revenue),Uncontacted
SST-REAL-ROH-1447,Mother Dairy,"Real Estate, Legal & Professional Corporate","Rohini Commercial Hub (Near Lat: 28.711, Lon: 77.107)",110085,"Rohini, Delhi",In-Person Walk-in / Listed in Local Market,NO OFFICIAL WEBSITE (High Vulnerability),Rs. 8.0 - 30.0 Lakhs/mo,"Rs. 25,000 - 2,50,000",Senior Partner / Managing Consultant,10:00 AM - 9:00 PM (Regular Business Hours),"SahayShakti Corporate Suite: High-trust portfolio, floor-plan downloads, and direct investor inquiry funnel.",HOT (Zero Web Presence / High Revenue),Uncontacted
SST-REAL-ROH-1448,Nebula Infotech,"Real Estate, Legal & Professional Corporate","S. G. Shopping Mall, 210, D. C. Chowk, Rajapur, Sector 9 D.C. Chowk North West Delhi",110085,"Rohini, Delhi",+91- 9818089933,https://www.nebulainfotech.com/,Rs. 8.0 - 30.0 Lakhs/mo,"Rs. 25,000 - 2,50,000",Senior Partner / Managing Consultant,24/7,"SahayShakti Corporate Suite: High-trust portfolio, floor-plan downloads, and direct investor inquiry funnel.",Warm (Needs Modern Revamp),Uncontacted
SST-REAL-ROH-1449,Loan Resolve Services,"Real Estate, Legal & Professional Corporate",Sector 9 D.C. Chowk North West Delhi,110085,"Rohini, Delhi",+91-8851724148,https://www.loanresolve.in/,Rs. 8.0 - 30.0 Lakhs/mo,"Rs. 25,000 - 2,50,000",Senior Partner / Managing Consultant,24/7,"SahayShakti Corporate Suite: High-trust portfolio, floor-plan downloads, and direct investor inquiry funnel.",Warm (Needs Modern Revamp),Uncontacted
SST-REAL-ROH-1450,Jantec Pharma,"Real Estate, Legal & Professional Corporate","Phase - I, DSIIDC, 302, 3rd Floor, Plot No. B-9/2 Badli Industrial Area North Delhi",110042,"Rohini, Delhi",+91-9910488720,https://www.jantecpharma.in/,Rs. 8.0 - 30.0 Lakhs/mo,"Rs. 25,000 - 2,50,000",Senior Partner / Managing Consultant,24/7,"SahayShakti Corporate Suite: High-trust portfolio, floor-plan downloads, and direct investor inquiry funnel.",Warm (Needs Modern Revamp),Uncontacted
SST-REAL-ROH-1454,Reliance Digital,"Real Estate, Legal & Professional Corporate","Rohini Commercial Hub (Near Lat: 28.715, Lon: 77.116)",110085,"Rohini, Delhi",In-Person Walk-in / Listed in Local Market,NO OFFICIAL WEBSITE (High Vulnerability),Rs. 8.0 - 30.0 Lakhs/mo,"Rs. 25,000 - 2,50,000",Senior Partner / Managing Consultant,10:00 AM - 9:00 PM (Regular Business Hours),"SahayShakti Corporate Suite: High-trust portfolio, floor-plan downloads, and direct investor inquiry funnel.",HOT (Zero Web Presence / High Revenue),Uncontacted
SST-REAL-ROH-1456,Vodafone Idea,"Real Estate, Legal & Professional Corporate","Rohini Commercial Hub (Near Lat: 28.716, Lon: 77.114)",110085,"Rohini, Delhi",In-Person Walk-in / Listed in Local Market,NO OFFICIAL WEBSITE (High Vulnerability),Rs. 8.0 - 30.0 Lakhs/mo,"Rs. 25,000 - 2,50,000",Senior Partner / Managing Consultant,10:00 AM - 9:00 PM (Regular Business Hours),"SahayShakti Corporate Suite: High-trust portfolio, floor-plan downloads, and direct investor inquiry funnel.",HOT (Zero Web Presence / High Revenue),Uncontacted
SST-REAL-ROH-1461,Nothing & Reliance ResQ Repair Centre,"Real Estate, Legal & Professional Corporate","Rohini Commercial Hub (Near Lat: 28.710, Lon: 77.106)",110085,"Rohini, Delhi",+91 85068 10668,NO OFFICIAL WEBSITE (High Vulnerability),Rs. 8.0 - 30.0 Lakhs/mo,"Rs. 25,000 - 2,50,000",Senior Partner / Managing Consultant,Mo-Sa 10:00-18:00,"SahayShakti Corporate Suite: High-trust portfolio, floor-plan downloads, and direct investor inquiry funnel.",HOT (Zero Web Presence / High Revenue),Uncontacted
SST-REAL-ROH-1462,Shoppers Stop,"Real Estate, Legal & Professional Corporate","Rohini Commercial Hub (Near Lat: 28.703, Lon: 77.131)",110085,"Rohini, Delhi",In-Person Walk-in / Listed in Local Market,NO OFFICIAL WEBSITE (High Vulnerability),Rs. 8.0 - 30.0 Lakhs/mo,"Rs. 25,000 - 2,50,000",Senior Partner / Managing Consultant,10:00 AM - 9:00 PM (Regular Business Hours),"SahayShakti Corporate Suite: High-trust portfolio, floor-plan downloads, and direct investor inquiry funnel.",HOT (Zero Web Presence / High Revenue),Uncontacted
SST-REAL-ROH-1467,Verma Jewellers,"Real Estate, Legal & Professional Corporate","Rohini Commercial Hub (Near Lat: 28.718, Lon: 77.126)",110085,"Rohini, Delhi",In-Person Walk-in / Listed in Local Market,NO OFFICIAL WEBSITE (High Vulnerability),Rs. 8.0 - 30.0 Lakhs/mo,"Rs. 25,000 - 2,50,000",Senior Partner / Managing Consultant,10:00 AM - 9:00 PM (Regular Business Hours),"SahayShakti Corporate Suite: High-trust portfolio, floor-plan downloads, and direct investor inquiry funnel.",HOT (Zero Web Presence / High Revenue),Uncontacted
SST-REAL-ROH-1469,Indian Oil,"Real Estate, Legal & Professional Corporate","Rohini Commercial Hub (Near Lat: 28.701, Lon: 77.092)",110085,"Rohini, Delhi",In-Person Walk-in / Listed in Local Market,NO OFFICIAL WEBSITE (High Vulnerability),Rs. 8.0 - 30.0 Lakhs/mo,"Rs. 25,000 - 2,50,000",Senior Partner / Managing Consultant,10:00 AM - 9:00 PM (Regular Business Hours),"SahayShakti Corporate Suite: High-trust portfolio, floor-plan downloads, and direct investor inquiry funnel.",HOT (Zero Web Presence / High Revenue),Uncontacted
SST-REAL-ROH-1471,Living Green Installation,"Real Estate, Legal & Professional Corporate","Rohini Commercial Hub (Near Lat: 28.722, Lon: 77.120)",110085,"Rohini, Delhi",In-Person Walk-in / Listed in Local Market,NO OFFICIAL WEBSITE (High Vulnerability),Rs. 8.0 - 30.0 Lakhs/mo,"Rs. 25,000 - 2,50,000",Senior Partner / Managing Consultant,10:00 AM - 9:00 PM (Regular Business Hours),"SahayShakti Corporate Suite: High-trust portfolio, floor-plan downloads, and direct investor inquiry funnel.",HOT (Zero Web Presence / High Revenue),Uncontacted
SST-REAL-ROH-1472,Picnic Hut,"Real Estate, Legal & Professional Corporate","Rohini Commercial Hub (Near Lat: 28.721, Lon: 77.120)",110085,"Rohini, Delhi",In-Person Walk-in / Listed in Local Market,NO OFFICIAL WEBSITE (High Vulnerability),Rs. 8.0 - 30.0 Lakhs/mo,"Rs. 25,000 - 2,50,000",Senior Partner / Managing Consultant,10:00 AM - 9:00 PM (Regular Business Hours),"SahayShakti Corporate Suite: High-trust portfolio, floor-plan downloads, and direct investor inquiry funnel.",HOT (Zero Web Presence / High Revenue),Uncontacted
SST-REAL-ROH-1473,Uttam Jewlellers,"Real Estate, Legal & Professional Corporate","Rohini Commercial Hub (Near Lat: 28.718, Lon: 77.126)",110085,"Rohini, Delhi",In-Person Walk-in / Listed in Local Market,NO OFFICIAL WEBSITE (High Vulnerability),Rs. 8.0 - 30.0 Lakhs/mo,"Rs. 25,000 - 2,50,000",Senior Partner / Managing Consultant,10:00 AM - 9:00 PM (Regular Business Hours),"SahayShakti Corporate Suite: High-trust portfolio, floor-plan downloads, and direct investor inquiry funnel.",HOT (Zero Web Presence / High Revenue),Uncontacted
SST-REAL-ROH-1484,Dr Khanna Nursing Home,"Real Estate, Legal & Professional Corporate","Rohini Commercial Hub (Near Lat: 28.718, Lon: 77.169)",110085,"Rohini, Delhi",In-Person Walk-in / Listed in Local Market,NO OFFICIAL WEBSITE (High Vulnerability),Rs. 8.0 - 30.0 Lakhs/mo,"Rs. 25,000 - 2,50,000",Senior Partner / Managing Consultant,10:00 AM - 9:00 PM (Regular Business Hours),"SahayShakti Corporate Suite: High-trust portfolio, floor-plan downloads, and direct investor inquiry funnel.",HOT (Zero Web Presence / High Revenue),Uncontacted
SST-REAL-ROH-1485,Hero,"Real Estate, Legal & Professional Corporate","Rohini Commercial Hub (Near Lat: 28.752, Lon: 77.149)",110085,"Rohini, Delhi",In-Person Walk-in / Listed in Local Market,NO OFFICIAL WEBSITE (High Vulnerability),Rs. 8.0 - 30.0 Lakhs/mo,"Rs. 25,000 - 2,50,000",Senior Partner / Managing Consultant,10:00 AM - 9:00 PM (Regular Business Hours),"SahayShakti Corporate Suite: High-trust portfolio, floor-plan downloads, and direct investor inquiry funnel.",HOT (Zero Web Presence / High Revenue),Uncontacted
SST-REAL-ROH-1491,Dera Baba Anand Singh Ji Maharaj Nirmal,"Real Estate, Legal & Professional Corporate","Rohini Commercial Hub (Near Lat: 28.674, Lon: 77.137)",110085,"Rohini, Delhi",In-Person Walk-in / Listed in Local Market,NO OFFICIAL WEBSITE (High Vulnerability),Rs. 8.0 - 30.0 Lakhs/mo,"Rs. 25,000 - 2,50,000",Senior Partner / Managing Consultant,10:00 AM - 9:00 PM (Regular Business Hours),"SahayShakti Corporate Suite: High-trust portfolio, floor-plan downloads, and direct investor inquiry funnel.",HOT (Zero Web Presence / High Revenue),Uncontacted
SST-REAL-ROH-1493,Vardhaman Plaza,"Real Estate, Legal & Professional Corporate","Rohini Commercial Hub (Near Lat: 28.739, Lon: 77.154)",110085,"Rohini, Delhi",In-Person Walk-in / Listed in Local Market,NO OFFICIAL WEBSITE (High Vulnerability),Rs. 8.0 - 30.0 Lakhs/mo,"Rs. 25,000 - 2,50,000",Senior Partner / Managing Consultant,10:00 AM - 9:00 PM (Regular Business Hours),"SahayShakti Corporate Suite: High-trust portfolio, floor-plan downloads, and direct investor inquiry funnel.",HOT (Zero Web Presence / High Revenue),Uncontacted
SST-REAL-ROH-1494,Wine And Beer Shop,"Real Estate, Legal & Professional Corporate","Rohini Commercial Hub (Near Lat: 28.739, Lon: 77.154)",110085,"Rohini, Delhi",In-Person Walk-in / Listed in Local Market,NO OFFICIAL WEBSITE (High Vulnerability),Rs. 8.0 - 30.0 Lakhs/mo,"Rs. 25,000 - 2,50,000",Senior Partner / Managing Consultant,10:00 AM - 9:00 PM (Regular Business Hours),"SahayShakti Corporate Suite: High-trust portfolio, floor-plan downloads, and direct investor inquiry funnel.",HOT (Zero Web Presence / High Revenue),Uncontacted
SST-REAL-ROH-1496,Meena Bazaar,"Real Estate, Legal & Professional Corporate","Rohini Commercial Hub (Near Lat: 28.706, Lon: 77.123)",110085,"Rohini, Delhi",In-Person Walk-in / Listed in Local Market,NO OFFICIAL WEBSITE (High Vulnerability),Rs. 8.0 - 30.0 Lakhs/mo,"Rs. 25,000 - 2,50,000",Senior Partner / Managing Consultant,10:00 AM - 9:00 PM (Regular Business Hours),"SahayShakti Corporate Suite: High-trust portfolio, floor-plan downloads, and direct investor inquiry funnel.",HOT (Zero Web Presence / High Revenue),Uncontacted
SST-REAL-ROH-1498,The Sleep Company,"Real Estate, Legal & Professional Corporate","Rohini Commercial Hub (Near Lat: 28.704, Lon: 77.121)",110085,"Rohini, Delhi",In-Person Walk-in / Listed in Local Market,NO OFFICIAL WEBSITE (High Vulnerability),Rs. 8.0 - 30.0 Lakhs/mo,"Rs. 25,000 - 2,50,000",Senior Partner / Managing Consultant,10:00 AM - 9:00 PM (Regular Business Hours),"SahayShakti Corporate Suite: High-trust portfolio, floor-plan downloads, and direct investor inquiry funnel.",HOT (Zero Web Presence / High Revenue),Uncontacted
SST-REAL-ROH-1500,Laxmi Dairy & Confectionery,"Real Estate, Legal & Professional Corporate","Rohini Commercial Hub (Near Lat: 28.721, Lon: 77.137)",110085,"Rohini, Delhi",In-Person Walk-in / Listed in Local Market,NO OFFICIAL WEBSITE (High Vulnerability),Rs. 8.0 - 30.0 Lakhs/mo,"Rs. 25,000 - 2,50,000",Senior Partner / Managing Consultant,10:00 AM - 9:00 PM (Regular Business Hours),"SahayShakti Corporate Suite: High-trust portfolio, floor-plan downloads, and direct investor inquiry funnel.",HOT (Zero Web Presence / High Revenue),Uncontacted
SST-REAL-ROH-1501,Tiwari Electricals,"Real Estate, Legal & Professional Corporate","Rohini Commercial Hub (Near Lat: 28.713, Lon: 77.113)",110085,"Rohini, Delhi",In-Person Walk-in / Listed in Local Market,NO OFFICIAL WEBSITE (High Vulnerability),Rs. 8.0 - 30.0 Lakhs/mo,"Rs. 25,000 - 2,50,000",Senior Partner / Managing Consultant,10:00 AM - 9:00 PM (Regular Business Hours),"SahayShakti Corporate Suite: High-trust portfolio, floor-plan downloads, and direct investor inquiry funnel.",HOT (Zero Web Presence / High Revenue),Uncontacted
SST-REAL-ROH-1502,Satguru Electricals,"Real Estate, Legal & Professional Corporate","Rohini Commercial Hub (Near Lat: 28.712, Lon: 77.113)",110085,"Rohini, Delhi",In-Person Walk-in / Listed in Local Market,NO OFFICIAL WEBSITE (High Vulnerability),Rs. 8.0 - 30.0 Lakhs/mo,"Rs. 25,000 - 2,50,000",Senior Partner / Managing Consultant,10:00 AM - 9:00 PM (Regular Business Hours),"SahayShakti Corporate Suite: High-trust portfolio, floor-plan downloads, and direct investor inquiry funnel.",HOT (Zero Web Presence / High Revenue),Uncontacted
SST-REAL-ROH-1503,P.M. Electricals,"Real Estate, Legal & Professional Corporate","Rohini Commercial Hub (Near Lat: 28.713, Lon: 77.113)",110085,"Rohini, Delhi",In-Person Walk-in / Listed in Local Market,NO OFFICIAL WEBSITE (High Vulnerability),Rs. 8.0 - 30.0 Lakhs/mo,"Rs. 25,000 - 2,50,000",Senior Partner / Managing Consultant,10:00 AM - 9:00 PM (Regular Business Hours),"SahayShakti Corporate Suite: High-trust portfolio, floor-plan downloads, and direct investor inquiry funnel.",HOT (Zero Web Presence / High Revenue),Uncontacted
SST-REAL-ROH-1504,Kirti Gas Service,"Real Estate, Legal & Professional Corporate","Rohini Commercial Hub (Near Lat: 28.684, Lon: 77.168)",110085,"Rohini, Delhi",In-Person Walk-in / Listed in Local Market,NO OFFICIAL WEBSITE (High Vulnerability),Rs. 8.0 - 30.0 Lakhs/mo,"Rs. 25,000 - 2,50,000",Senior Partner / Managing Consultant,10:00 AM - 9:00 PM (Regular Business Hours),"SahayShakti Corporate Suite: High-trust portfolio, floor-plan downloads, and direct investor inquiry funnel.",HOT (Zero Web Presence / High Revenue),Uncontacted
SST-REAL-ROH-1506,Indian Oil,"Real Estate, Legal & Professional Corporate","Rohini Commercial Hub (Near Lat: 28.682, Lon: 77.154)",110085,"Rohini, Delhi",In-Person Walk-in / Listed in Local Market,NO OFFICIAL WEBSITE (High Vulnerability),Rs. 8.0 - 30.0 Lakhs/mo,"Rs. 25,000 - 2,50,000",Senior Partner / Managing Consultant,10:00 AM - 9:00 PM (Regular Business Hours),"SahayShakti Corporate Suite: High-trust portfolio, floor-plan downloads, and direct investor inquiry funnel.",HOT (Zero Web Presence / High Revenue),Uncontacted
SST-REAL-ROH-1507,Keshavpuram Fire Station,"Real Estate, Legal & Professional Corporate","Rohini Commercial Hub (Near Lat: 28.682, Lon: 77.148)",110085,"Rohini, Delhi",In-Person Walk-in / Listed in Local Market,NO OFFICIAL WEBSITE (High Vulnerability),Rs. 8.0 - 30.0 Lakhs/mo,"Rs. 25,000 - 2,50,000",Senior Partner / Managing Consultant,10:00 AM - 9:00 PM (Regular Business Hours),"SahayShakti Corporate Suite: High-trust portfolio, floor-plan downloads, and direct investor inquiry funnel.",HOT (Zero Web Presence / High Revenue),Uncontacted
SST-REAL-ROH-1513,Shree Narayan Stationery,"Real Estate, Legal & Professional Corporate","Rohini Commercial Hub (Near Lat: 28.727, Lon: 77.085)",110085,"Rohini, Delhi",In-Person Walk-in / Listed in Local Market,NO OFFICIAL WEBSITE (High Vulnerability),Rs. 8.0 - 30.0 Lakhs/mo,"Rs. 25,000 - 2,50,000",Senior Partner / Managing Consultant,10:00 AM - 9:00 PM (Regular Business Hours),"SahayShakti Corporate Suite: High-trust portfolio, floor-plan downloads, and direct investor inquiry funnel.",HOT (Zero Web Presence / High Revenue),Uncontacted
SST-REAL-ROH-1514,Wine & Beer Shop,"Real Estate, Legal & Professional Corporate","Rohini Commercial Hub (Near Lat: 28.729, Lon: 77.086)",110085,"Rohini, Delhi",In-Person Walk-in / Listed in Local Market,NO OFFICIAL WEBSITE (High Vulnerability),Rs. 8.0 - 30.0 Lakhs/mo,"Rs. 25,000 - 2,50,000",Senior Partner / Managing Consultant,10:00 AM - 9:00 PM (Regular Business Hours),"SahayShakti Corporate Suite: High-trust portfolio, floor-plan downloads, and direct investor inquiry funnel.",HOT (Zero Web Presence / High Revenue),Uncontacted
SST-REAL-ROH-1515,Metro Walk,"Real Estate, Legal & Professional Corporate","Rohini Commercial Hub (Near Lat: 28.722, Lon: 77.111)",110085,"Rohini, Delhi",In-Person Walk-in / Listed in Local Market,NO OFFICIAL WEBSITE (High Vulnerability),Rs. 8.0 - 30.0 Lakhs/mo,"Rs. 25,000 - 2,50,000",Senior Partner / Managing Consultant,10:00 AM - 9:00 PM (Regular Business Hours),"SahayShakti Corporate Suite: High-trust portfolio, floor-plan downloads, and direct investor inquiry funnel.",HOT (Zero Web Presence / High Revenue),Uncontacted
SST-REAL-ROH-1516,GIVA,"Real Estate, Legal & Professional Corporate","Rohini Commercial Hub (Near Lat: 28.717, Lon: 77.114)",110085,"Rohini, Delhi",In-Person Walk-in / Listed in Local Market,NO OFFICIAL WEBSITE (High Vulnerability),Rs. 8.0 - 30.0 Lakhs/mo,"Rs. 25,000 - 2,50,000",Senior Partner / Managing Consultant,10:00 AM - 9:00 PM (Regular Business Hours),"SahayShakti Corporate Suite: High-trust portfolio, floor-plan downloads, and direct investor inquiry funnel.",HOT (Zero Web Presence / High Revenue),Uncontacted
SST-REAL-ROH-1519,HDFC Bank,"Real Estate, Legal & Professional Corporate","Rohini Commercial Hub (Near Lat: 28.714, Lon: 77.130)",110085,"Rohini, Delhi",In-Person Walk-in / Listed in Local Market,NO OFFICIAL WEBSITE (High Vulnerability),Rs. 8.0 - 30.0 Lakhs/mo,"Rs. 25,000 - 2,50,000",Senior Partner / Managing Consultant,10:00 AM - 9:00 PM (Regular Business Hours),"SahayShakti Corporate Suite: High-trust portfolio, floor-plan downloads, and direct investor inquiry funnel.",HOT (Zero Web Presence / High Revenue),Uncontacted
SST-REAL-ROH-1520,Ram Paan Corner,"Real Estate, Legal & Professional Corporate","Rohini Commercial Hub (Near Lat: 28.716, Lon: 77.131)",110085,"Rohini, Delhi",In-Person Walk-in / Listed in Local Market,NO OFFICIAL WEBSITE (High Vulnerability),Rs. 8.0 - 30.0 Lakhs/mo,"Rs. 25,000 - 2,50,000",Senior Partner / Managing Consultant,10:00 AM - 9:00 PM (Regular Business Hours),"SahayShakti Corporate Suite: High-trust portfolio, floor-plan downloads, and direct investor inquiry funnel.",HOT (Zero Web Presence / High Revenue),Uncontacted
SST-REAL-ROH-1523,Northern Snookers,"Real Estate, Legal & Professional Corporate","Rohini Commercial Hub (Near Lat: 28.716, Lon: 77.139)",110085,"Rohini, Delhi",In-Person Walk-in / Listed in Local Market,NO OFFICIAL WEBSITE (High Vulnerability),Rs. 8.0 - 30.0 Lakhs/mo,"Rs. 25,000 - 2,50,000",Senior Partner / Managing Consultant,10:00 AM - 9:00 PM (Regular Business Hours),"SahayShakti Corporate Suite: High-trust portfolio, floor-plan downloads, and direct investor inquiry funnel.",HOT (Zero Web Presence / High Revenue),Uncontacted
SST-REAL-ROH-1526,HDFC Bank,"Real Estate, Legal & Professional Corporate","Rohini Commercial Hub (Near Lat: 28.716, Lon: 77.139)",110085,"Rohini, Delhi",In-Person Walk-in / Listed in Local Market,NO OFFICIAL WEBSITE (High Vulnerability),Rs. 8.0 - 30.0 Lakhs/mo,"Rs. 25,000 - 2,50,000",Senior Partner / Managing Consultant,10:00 AM - 9:00 PM (Regular Business Hours),"SahayShakti Corporate Suite: High-trust portfolio, floor-plan downloads, and direct investor inquiry funnel.",HOT (Zero Web Presence / High Revenue),Uncontacted
SST-REAL-ROH-1527,National Gift Bazaar,"Real Estate, Legal & Professional Corporate","Rohini Commercial Hub (Near Lat: 28.715, Lon: 77.139)",110085,"Rohini, Delhi",In-Person Walk-in / Listed in Local Market,NO OFFICIAL WEBSITE (High Vulnerability),Rs. 8.0 - 30.0 Lakhs/mo,"Rs. 25,000 - 2,50,000",Senior Partner / Managing Consultant,10:00 AM - 9:00 PM (Regular Business Hours),"SahayShakti Corporate Suite: High-trust portfolio, floor-plan downloads, and direct investor inquiry funnel.",HOT (Zero Web Presence / High Revenue),Uncontacted
SST-REAL-ROH-1529,IDFC First Bank,"Real Estate, Legal & Professional Corporate","Rohini Commercial Hub (Near Lat: 28.716, Lon: 77.139)",110085,"Rohini, Delhi",In-Person Walk-in / Listed in Local Market,NO OFFICIAL WEBSITE (High Vulnerability),Rs. 8.0 - 30.0 Lakhs/mo,"Rs. 25,000 - 2,50,000",Senior Partner / Managing Consultant,10:00 AM - 9:00 PM (Regular Business Hours),"SahayShakti Corporate Suite: High-trust portfolio, floor-plan downloads, and direct investor inquiry funnel.",HOT (Zero Web Presence / High Revenue),Uncontacted
SST-REAL-ROH-1530,Vishvakarma Tea Stall,"Real Estate, Legal & Professional Corporate","Rohini Commercial Hub (Near Lat: 28.715, Lon: 77.139)",110085,"Rohini, Delhi",In-Person Walk-in / Listed in Local Market,NO OFFICIAL WEBSITE (High Vulnerability),Rs. 8.0 - 30.0 Lakhs/mo,"Rs. 25,000 - 2,50,000",Senior Partner / Managing Consultant,10:00 AM - 9:00 PM (Regular Business Hours),"SahayShakti Corporate Suite: High-trust portfolio, floor-plan downloads, and direct investor inquiry funnel.",HOT (Zero Web Presence / High Revenue),Uncontacted
SST-REAL-ROH-1531,Canara Bank,"Real Estate, Legal & Professional Corporate","Rohini Commercial Hub (Near Lat: 28.714, Lon: 77.138)",110085,"Rohini, Delhi",In-Person Walk-in / Listed in Local Market,NO OFFICIAL WEBSITE (High Vulnerability),Rs. 8.0 - 30.0 Lakhs/mo,"Rs. 25,000 - 2,50,000",Senior Partner / Managing Consultant,10:00 AM - 9:00 PM (Regular Business Hours),"SahayShakti Corporate Suite: High-trust portfolio, floor-plan downloads, and direct investor inquiry funnel.",HOT (Zero Web Presence / High Revenue),Uncontacted
SST-REAL-ROH-1532,Axis Bank,"Real Estate, Legal & Professional Corporate","Rohini Commercial Hub (Near Lat: 28.714, Lon: 77.138)",110085,"Rohini, Delhi",In-Person Walk-in / Listed in Local Market,NO OFFICIAL WEBSITE (High Vulnerability),Rs. 8.0 - 30.0 Lakhs/mo,"Rs. 25,000 - 2,50,000",Senior Partner / Managing Consultant,10:00 AM - 9:00 PM (Regular Business Hours),"SahayShakti Corporate Suite: High-trust portfolio, floor-plan downloads, and direct investor inquiry funnel.",HOT (Zero Web Presence / High Revenue),Uncontacted
SST-REAL-ROH-1540,SuperChai,"Real Estate, Legal & Professional Corporate","Rohini Commercial Hub (Near Lat: 28.721, Lon: 77.141)",110085,"Rohini, Delhi",In-Person Walk-in / Listed in Local Market,NO OFFICIAL WEBSITE (High Vulnerability),Rs. 8.0 - 30.0 Lakhs/mo,"Rs. 25,000 - 2,50,000",Senior Partner / Managing Consultant,10:00 AM - 9:00 PM (Regular Business Hours),"SahayShakti Corporate Suite: High-trust portfolio, floor-plan downloads, and direct investor inquiry funnel.",HOT (Zero Web Presence / High Revenue),Uncontacted
SST-REAL-ROH-1541,Gurudwara Baba Sahib Singh Ji,"Real Estate, Legal & Professional Corporate","Rohini Commercial Hub (Near Lat: 28.703, Lon: 77.131)",110085,"Rohini, Delhi",In-Person Walk-in / Listed in Local Market,NO OFFICIAL WEBSITE (High Vulnerability),Rs. 8.0 - 30.0 Lakhs/mo,"Rs. 25,000 - 2,50,000",Senior Partner / Managing Consultant,10:00 AM - 9:00 PM (Regular Business Hours),"SahayShakti Corporate Suite: High-trust portfolio, floor-plan downloads, and direct investor inquiry funnel.",HOT (Zero Web Presence / High Revenue),Uncontacted
SST-REAL-ROH-1542,IGL,"Real Estate, Legal & Professional Corporate","Rohini Commercial Hub (Near Lat: 28.690, Lon: 77.097)",110085,"Rohini, Delhi",In-Person Walk-in / Listed in Local Market,NO OFFICIAL WEBSITE (High Vulnerability),Rs. 8.0 - 30.0 Lakhs/mo,"Rs. 25,000 - 2,50,000",Senior Partner / Managing Consultant,10:00 AM - 9:00 PM (Regular Business Hours),"SahayShakti Corporate Suite: High-trust portfolio, floor-plan downloads, and direct investor inquiry funnel.",HOT (Zero Web Presence / High Revenue),Uncontacted
SST-REAL-ROH-1544,Modern Bazaar Express,"Real Estate, Legal & Professional Corporate","Rohini Commercial Hub (Near Lat: 28.704, Lon: 77.131)",110085,"Rohini, Delhi",In-Person Walk-in / Listed in Local Market,NO OFFICIAL WEBSITE (High Vulnerability),Rs. 8.0 - 30.0 Lakhs/mo,"Rs. 25,000 - 2,50,000",Senior Partner / Managing Consultant,10:00 AM - 9:00 PM (Regular Business Hours),"SahayShakti Corporate Suite: High-trust portfolio, floor-plan downloads, and direct investor inquiry funnel.",HOT (Zero Web Presence / High Revenue),Uncontacted
SST-REAL-ROH-1545,MM EGG SHOP WHOLESALE & RETAIL,"Real Estate, Legal & Professional Corporate","Rohini Commercial Hub (Near Lat: 28.727, Lon: 77.150)",110085,"Rohini, Delhi",In-Person Walk-in / Listed in Local Market,NO OFFICIAL WEBSITE (High Vulnerability),Rs. 8.0 - 30.0 Lakhs/mo,"Rs. 25,000 - 2,50,000",Senior Partner / Managing Consultant,10:00 AM - 9:00 PM (Regular Business Hours),"SahayShakti Corporate Suite: High-trust portfolio, floor-plan downloads, and direct investor inquiry funnel.",HOT (Zero Web Presence / High Revenue),Uncontacted
SST-REAL-ROH-1546,My Baby Yard,"Real Estate, Legal & Professional Corporate",D-12/222 Bhagwan mahavir marg,110085,"Rohini, Delhi",8076769694,NO OFFICIAL WEBSITE (High Vulnerability),Rs. 8.0 - 30.0 Lakhs/mo,"Rs. 25,000 - 2,50,000",Senior Partner / Managing Consultant,Tu-Su 11:00-21:00,"SahayShakti Corporate Suite: High-trust portfolio, floor-plan downloads, and direct investor inquiry funnel.",HOT (Zero Web Presence / High Revenue),Uncontacted
SST-REAL-ROH-1553,P.S. Construction,"Real Estate, Legal & Professional Corporate","Rohini Commercial Hub (Near Lat: 28.720, Lon: 77.175)",110085,"Rohini, Delhi",In-Person Walk-in / Listed in Local Market,NO OFFICIAL WEBSITE (High Vulnerability),Rs. 8.0 - 30.0 Lakhs/mo,"Rs. 25,000 - 2,50,000",Senior Partner / Managing Consultant,10:00 AM - 9:00 PM (Regular Business Hours),"SahayShakti Corporate Suite: High-trust portfolio, floor-plan downloads, and direct investor inquiry funnel.",HOT (Zero Web Presence / High Revenue),Uncontacted
SST-REAL-ROH-1554,Pandit Ji Properties,"Real Estate, Legal & Professional Corporate","Rohini Commercial Hub (Near Lat: 28.720, Lon: 77.175)",110085,"Rohini, Delhi",In-Person Walk-in / Listed in Local Market,NO OFFICIAL WEBSITE (High Vulnerability),Rs. 8.0 - 30.0 Lakhs/mo,"Rs. 25,000 - 2,50,000",Senior Partner / Managing Consultant,10:00 AM - 9:00 PM (Regular Business Hours),"SahayShakti Corporate Suite: High-trust portfolio, floor-plan downloads, and direct investor inquiry funnel.",HOT (Zero Web Presence / High Revenue),Uncontacted
SST-REAL-ROH-1555,Hi Tech Airconditioning Co,"Real Estate, Legal & Professional Corporate","Rohini Commercial Hub (Near Lat: 28.720, Lon: 77.175)",110085,"Rohini, Delhi",In-Person Walk-in / Listed in Local Market,NO OFFICIAL WEBSITE (High Vulnerability),Rs. 8.0 - 30.0 Lakhs/mo,"Rs. 25,000 - 2,50,000",Senior Partner / Managing Consultant,10:00 AM - 9:00 PM (Regular Business Hours),"SahayShakti Corporate Suite: High-trust portfolio, floor-plan downloads, and direct investor inquiry funnel.",HOT (Zero Web Presence / High Revenue),Uncontacted
SST-REAL-ROH-1556,Kaushik Confectionery,"Real Estate, Legal & Professional Corporate","Rohini Commercial Hub (Near Lat: 28.720, Lon: 77.175)",110085,"Rohini, Delhi",In-Person Walk-in / Listed in Local Market,NO OFFICIAL WEBSITE (High Vulnerability),Rs. 8.0 - 30.0 Lakhs/mo,"Rs. 25,000 - 2,50,000",Senior Partner / Managing Consultant,10:00 AM - 9:00 PM (Regular Business Hours),"SahayShakti Corporate Suite: High-trust portfolio, floor-plan downloads, and direct investor inquiry funnel.",HOT (Zero Web Presence / High Revenue),Uncontacted
SST-REAL-ROH-1558,Jain Department Store,"Real Estate, Legal & Professional Corporate","Rohini Commercial Hub (Near Lat: 28.720, Lon: 77.175)",110085,"Rohini, Delhi",In-Person Walk-in / Listed in Local Market,NO OFFICIAL WEBSITE (High Vulnerability),Rs. 8.0 - 30.0 Lakhs/mo,"Rs. 25,000 - 2,50,000",Senior Partner / Managing Consultant,10:00 AM - 9:00 PM (Regular Business Hours),"SahayShakti Corporate Suite: High-trust portfolio, floor-plan downloads, and direct investor inquiry funnel.",HOT (Zero Web Presence / High Revenue),Uncontacted
SST-REAL-ROH-1561,Balaji Enterprises,"Real Estate, Legal & Professional Corporate","Rohini Commercial Hub (Near Lat: 28.720, Lon: 77.175)",110085,"Rohini, Delhi",In-Person Walk-in / Listed in Local Market,NO OFFICIAL WEBSITE (High Vulnerability),Rs. 8.0 - 30.0 Lakhs/mo,"Rs. 25,000 - 2,50,000",Senior Partner / Managing Consultant,10:00 AM - 9:00 PM (Regular Business Hours),"SahayShakti Corporate Suite: High-trust portfolio, floor-plan downloads, and direct investor inquiry funnel.",HOT (Zero Web Presence / High Revenue),Uncontacted
SST-REAL-ROH-1563,JP Electricals,"Real Estate, Legal & Professional Corporate","Rohini Commercial Hub (Near Lat: 28.721, Lon: 77.176)",110085,"Rohini, Delhi",In-Person Walk-in / Listed in Local Market,NO OFFICIAL WEBSITE (High Vulnerability),Rs. 8.0 - 30.0 Lakhs/mo,"Rs. 25,000 - 2,50,000",Senior Partner / Managing Consultant,10:00 AM - 9:00 PM (Regular Business Hours),"SahayShakti Corporate Suite: High-trust portfolio, floor-plan downloads, and direct investor inquiry funnel.",HOT (Zero Web Presence / High Revenue),Uncontacted
SST-REAL-ROH-1564,Coolon India Pvt Ltd,"Real Estate, Legal & Professional Corporate","Rohini Commercial Hub (Near Lat: 28.721, Lon: 77.176)",110085,"Rohini, Delhi",In-Person Walk-in / Listed in Local Market,NO OFFICIAL WEBSITE (High Vulnerability),Rs. 8.0 - 30.0 Lakhs/mo,"Rs. 25,000 - 2,50,000",Senior Partner / Managing Consultant,10:00 AM - 9:00 PM (Regular Business Hours),"SahayShakti Corporate Suite: High-trust portfolio, floor-plan downloads, and direct investor inquiry funnel.",HOT (Zero Web Presence / High Revenue),Uncontacted
SST-REAL-ROH-1566,Saturday Market,"Real Estate, Legal & Professional Corporate","Rohini Commercial Hub (Near Lat: 28.722, Lon: 77.177)",110085,"Rohini, Delhi",In-Person Walk-in / Listed in Local Market,NO OFFICIAL WEBSITE (High Vulnerability),Rs. 8.0 - 30.0 Lakhs/mo,"Rs. 25,000 - 2,50,000",Senior Partner / Managing Consultant,Sa 15:00-21:00,"SahayShakti Corporate Suite: High-trust portfolio, floor-plan downloads, and direct investor inquiry funnel.",HOT (Zero Web Presence / High Revenue),Uncontacted
SST-REAL-ROH-1567,Saturday Market,"Real Estate, Legal & Professional Corporate","Rohini Commercial Hub (Near Lat: 28.721, Lon: 77.177)",110085,"Rohini, Delhi",In-Person Walk-in / Listed in Local Market,NO OFFICIAL WEBSITE (High Vulnerability),Rs. 8.0 - 30.0 Lakhs/mo,"Rs. 25,000 - 2,50,000",Senior Partner / Managing Consultant,Sa 15:00-21:00,"SahayShakti Corporate Suite: High-trust portfolio, floor-plan downloads, and direct investor inquiry funnel.",HOT (Zero Web Presence / High Revenue),Uncontacted
SST-REAL-ROH-1569,Kotak Mahindra,"Real Estate, Legal & Professional Corporate","Rohini Commercial Hub (Near Lat: 28.714, Lon: 77.173)",110085,"Rohini, Delhi",In-Person Walk-in / Listed in Local Market,NO OFFICIAL WEBSITE (High Vulnerability),Rs. 8.0 - 30.0 Lakhs/mo,"Rs. 25,000 - 2,50,000",Senior Partner / Managing Consultant,10:00 AM - 9:00 PM (Regular Business Hours),"SahayShakti Corporate Suite: High-trust portfolio, floor-plan downloads, and direct investor inquiry funnel.",HOT (Zero Web Presence / High Revenue),Uncontacted
SST-REAL-ROH-1571,IGL Gas Station,"Real Estate, Legal & Professional Corporate",Sir Chotu Ram marg,110085,"Rohini, Delhi",In-Person Walk-in / Listed in Local Market,NO OFFICIAL WEBSITE (High Vulnerability),Rs. 8.0 - 30.0 Lakhs/mo,"Rs. 25,000 - 2,50,000",Senior Partner / Managing Consultant,10:00 AM - 9:00 PM (Regular Business Hours),"SahayShakti Corporate Suite: High-trust portfolio, floor-plan downloads, and direct investor inquiry funnel.",HOT (Zero Web Presence / High Revenue),Uncontacted
SST-REAL-ROH-1577,Krishna Properties,"Real Estate, Legal & Professional Corporate","Rohini Commercial Hub (Near Lat: 28.714, Lon: 77.130)",110085,"Rohini, Delhi",In-Person Walk-in / Listed in Local Market,NO OFFICIAL WEBSITE (High Vulnerability),Rs. 8.0 - 30.0 Lakhs/mo,"Rs. 25,000 - 2,50,000",Senior Partner / Managing Consultant,10:00 AM - 9:00 PM (Regular Business Hours),"SahayShakti Corporate Suite: High-trust portfolio, floor-plan downloads, and direct investor inquiry funnel.",HOT (Zero Web Presence / High Revenue),Uncontacted
SST-REAL-ROH-1578,Euphoria,"Real Estate, Legal & Professional Corporate","Rohini Commercial Hub (Near Lat: 28.714, Lon: 77.130)",110085,"Rohini, Delhi",In-Person Walk-in / Listed in Local Market,NO OFFICIAL WEBSITE (High Vulnerability),Rs. 8.0 - 30.0 Lakhs/mo,"Rs. 25,000 - 2,50,000",Senior Partner / Managing Consultant,10:00 AM - 9:00 PM (Regular Business Hours),"SahayShakti Corporate Suite: High-trust portfolio, floor-plan downloads, and direct investor inquiry funnel.",HOT (Zero Web Presence / High Revenue),Uncontacted
SST-REAL-ROH-1579,Bandhan Bank,"Real Estate, Legal & Professional Corporate","Rohini Commercial Hub (Near Lat: 28.714, Lon: 77.130)",110085,"Rohini, Delhi",In-Person Walk-in / Listed in Local Market,NO OFFICIAL WEBSITE (High Vulnerability),Rs. 8.0 - 30.0 Lakhs/mo,"Rs. 25,000 - 2,50,000",Senior Partner / Managing Consultant,10:00 AM - 9:00 PM (Regular Business Hours),"SahayShakti Corporate Suite: High-trust portfolio, floor-plan downloads, and direct investor inquiry funnel.",HOT (Zero Web Presence / High Revenue),Uncontacted
SST-REAL-ROH-1584,Hindu temple,"Real Estate, Legal & Professional Corporate",Guru harkrishan nagar,110085,"Rohini, Delhi",In-Person Walk-in / Listed in Local Market,NO OFFICIAL WEBSITE (High Vulnerability),Rs. 8.0 - 30.0 Lakhs/mo,"Rs. 25,000 - 2,50,000",Senior Partner / Managing Consultant,10:00 AM - 9:00 PM (Regular Business Hours),"SahayShakti Corporate Suite: High-trust portfolio, floor-plan downloads, and direct investor inquiry funnel.",HOT (Zero Web Presence / High Revenue),Uncontacted
SST-REAL-ROH-1585,Bansal service station,"Real Estate, Legal & Professional Corporate",Nangloi road,110041,"Rohini, Delhi",In-Person Walk-in / Listed in Local Market,NO OFFICIAL WEBSITE (High Vulnerability),Rs. 8.0 - 30.0 Lakhs/mo,"Rs. 25,000 - 2,50,000",Senior Partner / Managing Consultant,10:00 AM - 9:00 PM (Regular Business Hours),"SahayShakti Corporate Suite: High-trust portfolio, floor-plan downloads, and direct investor inquiry funnel.",HOT (Zero Web Presence / High Revenue),Uncontacted
SST-REAL-ROH-1587,Dough & Cream,"Real Estate, Legal & Professional Corporate","Rohini Commercial Hub (Near Lat: 28.675, Lon: 77.104)",110085,"Rohini, Delhi",In-Person Walk-in / Listed in Local Market,NO OFFICIAL WEBSITE (High Vulnerability),Rs. 8.0 - 30.0 Lakhs/mo,"Rs. 25,000 - 2,50,000",Senior Partner / Managing Consultant,10:00 AM - 9:00 PM (Regular Business Hours),"SahayShakti Corporate Suite: High-trust portfolio, floor-plan downloads, and direct investor inquiry funnel.",HOT (Zero Web Presence / High Revenue),Uncontacted
SST-REAL-ROH-1590,PVR Cinemas,"Real Estate, Legal & Professional Corporate","Rohini Commercial Hub (Near Lat: 28.696, Lon: 77.153)",110085,"Rohini, Delhi",In-Person Walk-in / Listed in Local Market,NO OFFICIAL WEBSITE (High Vulnerability),Rs. 8.0 - 30.0 Lakhs/mo,"Rs. 25,000 - 2,50,000",Senior Partner / Managing Consultant,10:00 AM - 9:00 PM (Regular Business Hours),"SahayShakti Corporate Suite: High-trust portfolio, floor-plan downloads, and direct investor inquiry funnel.",HOT (Zero Web Presence / High Revenue),Uncontacted
SST-REAL-ROH-1591,Hamleys,"Real Estate, Legal & Professional Corporate","Rohini Commercial Hub (Near Lat: 28.696, Lon: 77.153)",110085,"Rohini, Delhi",In-Person Walk-in / Listed in Local Market,NO OFFICIAL WEBSITE (High Vulnerability),Rs. 8.0 - 30.0 Lakhs/mo,"Rs. 25,000 - 2,50,000",Senior Partner / Managing Consultant,10:00 AM - 9:00 PM (Regular Business Hours),"SahayShakti Corporate Suite: High-trust portfolio, floor-plan downloads, and direct investor inquiry funnel.",HOT (Zero Web Presence / High Revenue),Uncontacted
SST-REAL-ROH-1594,Sukhlal Market,"Real Estate, Legal & Professional Corporate",Pradeep Bhatia Marg,110085,"Rohini, Delhi",In-Person Walk-in / Listed in Local Market,NO OFFICIAL WEBSITE (High Vulnerability),Rs. 8.0 - 30.0 Lakhs/mo,"Rs. 25,000 - 2,50,000",Senior Partner / Managing Consultant,10:00 AM - 9:00 PM (Regular Business Hours),"SahayShakti Corporate Suite: High-trust portfolio, floor-plan downloads, and direct investor inquiry funnel.",HOT (Zero Web Presence / High Revenue),Uncontacted
SST-REAL-ROH-1599,HDFC Bank,"Real Estate, Legal & Professional Corporate","Garg Trade Center, Anushka Tower, PN 2 Doctor Kailash Nath Katju Marg",110085,"Rohini, Delhi",In-Person Walk-in / Listed in Local Market,NO OFFICIAL WEBSITE (High Vulnerability),Rs. 8.0 - 30.0 Lakhs/mo,"Rs. 25,000 - 2,50,000",Senior Partner / Managing Consultant,Mo-Sa 09:30-15:30,"SahayShakti Corporate Suite: High-trust portfolio, floor-plan downloads, and direct investor inquiry funnel.",HOT (Zero Web Presence / High Revenue),Uncontacted
SST-REAL-ROH-1600,Manchala Mushafir Private Limited,"Real Estate, Legal & Professional Corporate","3rd floor E-15/94-95, Halar Rd, Pocket 15, Sector 8, Rohini North West Delhi",110085,"Rohini, Delhi",+91 9311052232,https://www.manchalamushafir.com,Rs. 8.0 - 30.0 Lakhs/mo,"Rs. 25,000 - 2,50,000",Senior Partner / Managing Consultant,Mo-Su 09:00-18:00,"SahayShakti Corporate Suite: High-trust portfolio, floor-plan downloads, and direct investor inquiry funnel.",Warm (Needs Modern Revamp),Uncontacted
SST-REAL-ROH-1601,Mashallah Pg,"Real Estate, Legal & Professional Corporate",A-57 Bawana road,110089,"Rohini, Delhi",+919650143245,https://mashallah.rentok.com/,Rs. 8.0 - 30.0 Lakhs/mo,"Rs. 25,000 - 2,50,000",Senior Partner / Managing Consultant,Mo-Su 10:00-19:00,"SahayShakti Corporate Suite: High-trust portfolio, floor-plan downloads, and direct investor inquiry funnel.",Warm (Needs Modern Revamp),Uncontacted
SST-REAL-ROH-1603,Mother Dairy,"Real Estate, Legal & Professional Corporate",A-88 Amar Jyoti Colony Gate no.1,110042,"Rohini, Delhi",In-Person Walk-in / Listed in Local Market,https://www.motherdairy.com/,Rs. 8.0 - 30.0 Lakhs/mo,"Rs. 25,000 - 2,50,000",Senior Partner / Managing Consultant,Mo-Su 06:00-22:00,"SahayShakti Corporate Suite: High-trust portfolio, floor-plan downloads, and direct investor inquiry funnel.",Warm (Needs Modern Revamp),Uncontacted
SST-REAL-ROH-1605,Wedding Opera,"Real Estate, Legal & Professional Corporate","Rohini Commercial Hub (Near Lat: 28.682, Lon: 77.146)",110085,"Rohini, Delhi",In-Person Walk-in / Listed in Local Market,NO OFFICIAL WEBSITE (High Vulnerability),Rs. 8.0 - 30.0 Lakhs/mo,"Rs. 25,000 - 2,50,000",Senior Partner / Managing Consultant,10:00 AM - 9:00 PM (Regular Business Hours),"SahayShakti Corporate Suite: High-trust portfolio, floor-plan downloads, and direct investor inquiry funnel.",HOT (Zero Web Presence / High Revenue),Uncontacted
SST-REAL-ROH-1606,Hindustan Petroleum,"Real Estate, Legal & Professional Corporate","Rohini Commercial Hub (Near Lat: 28.690, Lon: 77.154)",110085,"Rohini, Delhi",In-Person Walk-in / Listed in Local Market,NO OFFICIAL WEBSITE (High Vulnerability),Rs. 8.0 - 30.0 Lakhs/mo,"Rs. 25,000 - 2,50,000",Senior Partner / Managing Consultant,10:00 AM - 9:00 PM (Regular Business Hours),"SahayShakti Corporate Suite: High-trust portfolio, floor-plan downloads, and direct investor inquiry funnel.",HOT (Zero Web Presence / High Revenue),Uncontacted
SST-REAL-ROH-1607,Insecticides (India) Limited,"Real Estate, Legal & Professional Corporate","Rohini Commercial Hub (Near Lat: 28.709, Lon: 77.178)",110085,"Rohini, Delhi",In-Person Walk-in / Listed in Local Market,NO OFFICIAL WEBSITE (High Vulnerability),Rs. 8.0 - 30.0 Lakhs/mo,"Rs. 25,000 - 2,50,000",Senior Partner / Managing Consultant,10:00 AM - 9:00 PM (Regular Business Hours),"SahayShakti Corporate Suite: High-trust portfolio, floor-plan downloads, and direct investor inquiry funnel.",HOT (Zero Web Presence / High Revenue),Uncontacted
SST-REAL-ROH-1614,Hostel Office,"Real Estate, Legal & Professional Corporate","Rohini Commercial Hub (Near Lat: 28.748, Lon: 77.120)",110085,"Rohini, Delhi",In-Person Walk-in / Listed in Local Market,NO OFFICIAL WEBSITE (High Vulnerability),Rs. 8.0 - 30.0 Lakhs/mo,"Rs. 25,000 - 2,50,000",Senior Partner / Managing Consultant,10:00 AM - 9:00 PM (Regular Business Hours),"SahayShakti Corporate Suite: High-trust portfolio, floor-plan downloads, and direct investor inquiry funnel.",HOT (Zero Web Presence / High Revenue),Uncontacted
SST-REAL-ROH-1616,Sardar,"Real Estate, Legal & Professional Corporate","Rohini Commercial Hub (Near Lat: 28.712, Lon: 77.125)",110085,"Rohini, Delhi",In-Person Walk-in / Listed in Local Market,NO OFFICIAL WEBSITE (High Vulnerability),Rs. 8.0 - 30.0 Lakhs/mo,"Rs. 25,000 - 2,50,000",Senior Partner / Managing Consultant,10:00 AM - 9:00 PM (Regular Business Hours),"SahayShakti Corporate Suite: High-trust portfolio, floor-plan downloads, and direct investor inquiry funnel.",HOT (Zero Web Presence / High Revenue),Uncontacted
SST-REAL-ROH-1617,Hariram,"Real Estate, Legal & Professional Corporate","Rohini Commercial Hub (Near Lat: 28.712, Lon: 77.125)",110085,"Rohini, Delhi",In-Person Walk-in / Listed in Local Market,NO OFFICIAL WEBSITE (High Vulnerability),Rs. 8.0 - 30.0 Lakhs/mo,"Rs. 25,000 - 2,50,000",Senior Partner / Managing Consultant,10:00 AM - 9:00 PM (Regular Business Hours),"SahayShakti Corporate Suite: High-trust portfolio, floor-plan downloads, and direct investor inquiry funnel.",HOT (Zero Web Presence / High Revenue),Uncontacted
SST-REAL-ROH-1619,Metro Walk Mall,"Real Estate, Legal & Professional Corporate","Rohini Commercial Hub (Near Lat: 28.724, Lon: 77.114)",110085,"Rohini, Delhi",In-Person Walk-in / Listed in Local Market,NO OFFICIAL WEBSITE (High Vulnerability),Rs. 8.0 - 30.0 Lakhs/mo,"Rs. 25,000 - 2,50,000",Senior Partner / Managing Consultant,10:00 AM - 9:00 PM (Regular Business Hours),"SahayShakti Corporate Suite: High-trust portfolio, floor-plan downloads, and direct investor inquiry funnel.",HOT (Zero Web Presence / High Revenue),Uncontacted
SST-REAL-ROH-1624,Shani Mandir,"Real Estate, Legal & Professional Corporate","Rohini Commercial Hub (Near Lat: 28.688, Lon: 77.169)",110052,"Rohini, Delhi",In-Person Walk-in / Listed in Local Market,NO OFFICIAL WEBSITE (High Vulnerability),Rs. 8.0 - 30.0 Lakhs/mo,"Rs. 25,000 - 2,50,000",Senior Partner / Managing Consultant,10:00 AM - 9:00 PM (Regular Business Hours),"SahayShakti Corporate Suite: High-trust portfolio, floor-plan downloads, and direct investor inquiry funnel.",HOT (Zero Web Presence / High Revenue),Uncontacted
SST-REAL-ROH-1633,Azadpur,"Real Estate, Legal & Professional Corporate","Rohini Commercial Hub (Near Lat: 28.707, Lon: 77.178)",110085,"Rohini, Delhi",In-Person Walk-in / Listed in Local Market,NO OFFICIAL WEBSITE (High Vulnerability),Rs. 8.0 - 30.0 Lakhs/mo,"Rs. 25,000 - 2,50,000",Senior Partner / Managing Consultant,10:00 AM - 9:00 PM (Regular Business Hours),"SahayShakti Corporate Suite: High-trust portfolio, floor-plan downloads, and direct investor inquiry funnel.",HOT (Zero Web Presence / High Revenue),Uncontacted
SST-REAL-ROH-1644,Rohini II DTC Bus Depot,"Real Estate, Legal & Professional Corporate","Rohini Commercial Hub (Near Lat: 28.730, Lon: 77.123)",110085,"Rohini, Delhi",In-Person Walk-in / Listed in Local Market,NO OFFICIAL WEBSITE (High Vulnerability),Rs. 8.0 - 30.0 Lakhs/mo,"Rs. 25,000 - 2,50,000",Senior Partner / Managing Consultant,10:00 AM - 9:00 PM (Regular Business Hours),"SahayShakti Corporate Suite: High-trust portfolio, floor-plan downloads, and direct investor inquiry funnel.",HOT (Zero Web Presence / High Revenue),Uncontacted
SST-REAL-ROH-1645,Rohini Prison Complex,"Real Estate, Legal & Professional Corporate","Rohini Commercial Hub (Near Lat: 28.728, Lon: 77.143)",110085,"Rohini, Delhi",In-Person Walk-in / Listed in Local Market,NO OFFICIAL WEBSITE (High Vulnerability),Rs. 8.0 - 30.0 Lakhs/mo,"Rs. 25,000 - 2,50,000",Senior Partner / Managing Consultant,10:00 AM - 9:00 PM (Regular Business Hours),"SahayShakti Corporate Suite: High-trust portfolio, floor-plan downloads, and direct investor inquiry funnel.",HOT (Zero Web Presence / High Revenue),Uncontacted
SST-REAL-ROH-1647,Rohini Court,"Real Estate, Legal & Professional Corporate",Nr Madhuban Chowk Outer Ring Road,110085,"Rohini, Delhi",011-27554450,https://rohini.dcourts.gov.in/,Rs. 8.0 - 30.0 Lakhs/mo,"Rs. 25,000 - 2,50,000",Senior Partner / Managing Consultant,10:00 AM - 9:00 PM (Regular Business Hours),"SahayShakti Corporate Suite: High-trust portfolio, floor-plan downloads, and direct investor inquiry funnel.",Warm (Needs Modern Revamp),Uncontacted
SST-REAL-ROH-1667,Fountain,"Real Estate, Legal & Professional Corporate","Rohini Commercial Hub (Near Lat: 28.676, Lon: 77.113)",110085,"Rohini, Delhi",In-Person Walk-in / Listed in Local Market,NO OFFICIAL WEBSITE (High Vulnerability),Rs. 8.0 - 30.0 Lakhs/mo,"Rs. 25,000 - 2,50,000",Senior Partner / Managing Consultant,10:00 AM - 9:00 PM (Regular Business Hours),"SahayShakti Corporate Suite: High-trust portfolio, floor-plan downloads, and direct investor inquiry funnel.",HOT (Zero Web Presence / High Revenue),Uncontacted
SST-REAL-ROH-1683,Samrat Cinema,"Real Estate, Legal & Professional Corporate","Rohini Commercial Hub (Near Lat: 28.687, Lon: 77.147)",110085,"Rohini, Delhi",In-Person Walk-in / Listed in Local Market,NO OFFICIAL WEBSITE (High Vulnerability),Rs. 8.0 - 30.0 Lakhs/mo,"Rs. 25,000 - 2,50,000",Senior Partner / Managing Consultant,10:00 AM - 9:00 PM (Regular Business Hours),"SahayShakti Corporate Suite: High-trust portfolio, floor-plan downloads, and direct investor inquiry funnel.",HOT (Zero Web Presence / High Revenue),Uncontacted
SST-REAL-ROH-1684,M2k Pitampura,"Real Estate, Legal & Professional Corporate","Rohini Commercial Hub (Near Lat: 28.689, Lon: 77.133)",110085,"Rohini, Delhi",In-Person Walk-in / Listed in Local Market,NO OFFICIAL WEBSITE (High Vulnerability),Rs. 8.0 - 30.0 Lakhs/mo,"Rs. 25,000 - 2,50,000",Senior Partner / Managing Consultant,10:00 AM - 9:00 PM (Regular Business Hours),"SahayShakti Corporate Suite: High-trust portfolio, floor-plan downloads, and direct investor inquiry funnel.",HOT (Zero Web Presence / High Revenue),Uncontacted
SST-REAL-ROH-1685,Aggarwal City Mall,"Real Estate, Legal & Professional Corporate","Rohini Commercial Hub (Near Lat: 28.690, Lon: 77.134)",110085,"Rohini, Delhi",In-Person Walk-in / Listed in Local Market,NO OFFICIAL WEBSITE (High Vulnerability),Rs. 8.0 - 30.0 Lakhs/mo,"Rs. 25,000 - 2,50,000",Senior Partner / Managing Consultant,10:00 AM - 9:00 PM (Regular Business Hours),"SahayShakti Corporate Suite: High-trust portfolio, floor-plan downloads, and direct investor inquiry funnel.",HOT (Zero Web Presence / High Revenue),Uncontacted
SST-REAL-ROH-1686,Kalamandir Cinema,"Real Estate, Legal & Professional Corporate","Rohini Commercial Hub (Near Lat: 28.695, Lon: 77.091)",110085,"Rohini, Delhi",In-Person Walk-in / Listed in Local Market,NO OFFICIAL WEBSITE (High Vulnerability),Rs. 8.0 - 30.0 Lakhs/mo,"Rs. 25,000 - 2,50,000",Senior Partner / Managing Consultant,10:00 AM - 9:00 PM (Regular Business Hours),"SahayShakti Corporate Suite: High-trust portfolio, floor-plan downloads, and direct investor inquiry funnel.",HOT (Zero Web Presence / High Revenue),Uncontacted
SST-REAL-ROH-1691,D-Block Market,"Real Estate, Legal & Professional Corporate","Rohini Commercial Hub (Near Lat: 28.691, Lon: 77.164)",110085,"Rohini, Delhi",In-Person Walk-in / Listed in Local Market,NO OFFICIAL WEBSITE (High Vulnerability),Rs. 8.0 - 30.0 Lakhs/mo,"Rs. 25,000 - 2,50,000",Senior Partner / Managing Consultant,10:00 AM - 9:00 PM (Regular Business Hours),"SahayShakti Corporate Suite: High-trust portfolio, floor-plan downloads, and direct investor inquiry funnel.",HOT (Zero Web Presence / High Revenue),Uncontacted
SST-REAL-ROH-1692,Delhi Transport Corporation,"Real Estate, Legal & Professional Corporate","Rohini Commercial Hub (Near Lat: 28.683, Lon: 77.078)",110085,"Rohini, Delhi",In-Person Walk-in / Listed in Local Market,NO OFFICIAL WEBSITE (High Vulnerability),Rs. 8.0 - 30.0 Lakhs/mo,"Rs. 25,000 - 2,50,000",Senior Partner / Managing Consultant,10:00 AM - 9:00 PM (Regular Business Hours),"SahayShakti Corporate Suite: High-trust portfolio, floor-plan downloads, and direct investor inquiry funnel.",HOT (Zero Web Presence / High Revenue),Uncontacted
SST-REAL-ROH-1700,Dhobi Ghat,"Real Estate, Legal & Professional Corporate","Rohini Commercial Hub (Near Lat: 28.676, Lon: 77.077)",110085,"Rohini, Delhi",In-Person Walk-in / Listed in Local Market,NO OFFICIAL WEBSITE (High Vulnerability),Rs. 8.0 - 30.0 Lakhs/mo,"Rs. 25,000 - 2,50,000",Senior Partner / Managing Consultant,10:00 AM - 9:00 PM (Regular Business Hours),"SahayShakti Corporate Suite: High-trust portfolio, floor-plan downloads, and direct investor inquiry funnel.",HOT (Zero Web Presence / High Revenue),Uncontacted
SST-REAL-ROH-1701,Ayurvedic Research Centre,"Real Estate, Legal & Professional Corporate","Rohini Commercial Hub (Near Lat: 28.670, Lon: 77.125)",110085,"Rohini, Delhi",In-Person Walk-in / Listed in Local Market,NO OFFICIAL WEBSITE (High Vulnerability),Rs. 8.0 - 30.0 Lakhs/mo,"Rs. 25,000 - 2,50,000",Senior Partner / Managing Consultant,10:00 AM - 9:00 PM (Regular Business Hours),"SahayShakti Corporate Suite: High-trust portfolio, floor-plan downloads, and direct investor inquiry funnel.",HOT (Zero Web Presence / High Revenue),Uncontacted
SST-REAL-ROH-1705,Shri Aishwarya Maha Ganpati Temple,"Real Estate, Legal & Professional Corporate","Rohini Commercial Hub (Near Lat: 28.686, Lon: 77.155)",110085,"Rohini, Delhi",In-Person Walk-in / Listed in Local Market,NO OFFICIAL WEBSITE (High Vulnerability),Rs. 8.0 - 30.0 Lakhs/mo,"Rs. 25,000 - 2,50,000",Senior Partner / Managing Consultant,10:00 AM - 9:00 PM (Regular Business Hours),"SahayShakti Corporate Suite: High-trust portfolio, floor-plan downloads, and direct investor inquiry funnel.",HOT (Zero Web Presence / High Revenue),Uncontacted
SST-REAL-ROH-1706,C2 Market,"Real Estate, Legal & Professional Corporate","Rohini Commercial Hub (Near Lat: 28.687, Lon: 77.156)",110085,"Rohini, Delhi",In-Person Walk-in / Listed in Local Market,NO OFFICIAL WEBSITE (High Vulnerability),Rs. 8.0 - 30.0 Lakhs/mo,"Rs. 25,000 - 2,50,000",Senior Partner / Managing Consultant,10:00 AM - 9:00 PM (Regular Business Hours),"SahayShakti Corporate Suite: High-trust portfolio, floor-plan downloads, and direct investor inquiry funnel.",HOT (Zero Web Presence / High Revenue),Uncontacted
SST-REAL-ROH-1707,C7 Market,"Real Estate, Legal & Professional Corporate","Rohini Commercial Hub (Near Lat: 28.692, Lon: 77.158)",110085,"Rohini, Delhi",In-Person Walk-in / Listed in Local Market,NO OFFICIAL WEBSITE (High Vulnerability),Rs. 8.0 - 30.0 Lakhs/mo,"Rs. 25,000 - 2,50,000",Senior Partner / Managing Consultant,10:00 AM - 9:00 PM (Regular Business Hours),"SahayShakti Corporate Suite: High-trust portfolio, floor-plan downloads, and direct investor inquiry funnel.",HOT (Zero Web Presence / High Revenue),Uncontacted
SST-REAL-ROH-1712,Akshar inc ( PCWALE),"Real Estate, Legal & Professional Corporate",B Block Sector - 11,110085,"Rohini, Delhi",In-Person Walk-in / Listed in Local Market,NO OFFICIAL WEBSITE (High Vulnerability),Rs. 8.0 - 30.0 Lakhs/mo,"Rs. 25,000 - 2,50,000",Senior Partner / Managing Consultant,10:00 AM - 9:00 PM (Regular Business Hours),"SahayShakti Corporate Suite: High-trust portfolio, floor-plan downloads, and direct investor inquiry funnel.",HOT (Zero Web Presence / High Revenue),Uncontacted
SST-REAL-ROH-1715,Unity One,"Real Estate, Legal & Professional Corporate","Rohini Commercial Hub (Near Lat: 28.715, Lon: 77.116)",110085,"Rohini, Delhi",011-61246666,https://unityone.in/rohini.html,Rs. 8.0 - 30.0 Lakhs/mo,"Rs. 25,000 - 2,50,000",Senior Partner / Managing Consultant,10:00 AM - 9:00 PM (Regular Business Hours),"SahayShakti Corporate Suite: High-trust portfolio, floor-plan downloads, and direct investor inquiry funnel.",Warm (Needs Modern Revamp),Uncontacted
SST-REAL-ROH-1716,Railway Reservation,"Real Estate, Legal & Professional Corporate","Rohini Commercial Hub (Near Lat: 28.737, Lon: 77.113)",110085,"Rohini, Delhi",In-Person Walk-in / Listed in Local Market,NO OFFICIAL WEBSITE (High Vulnerability),Rs. 8.0 - 30.0 Lakhs/mo,"Rs. 25,000 - 2,50,000",Senior Partner / Managing Consultant,10:00 AM - 9:00 PM (Regular Business Hours),"SahayShakti Corporate Suite: High-trust portfolio, floor-plan downloads, and direct investor inquiry funnel.",HOT (Zero Web Presence / High Revenue),Uncontacted
SST-REAL-ROH-1718,Balaji Mandir,"Real Estate, Legal & Professional Corporate","Rohini Commercial Hub (Near Lat: 28.730, Lon: 77.107)",110085,"Rohini, Delhi",In-Person Walk-in / Listed in Local Market,NO OFFICIAL WEBSITE (High Vulnerability),Rs. 8.0 - 30.0 Lakhs/mo,"Rs. 25,000 - 2,50,000",Senior Partner / Managing Consultant,10:00 AM - 9:00 PM (Regular Business Hours),"SahayShakti Corporate Suite: High-trust portfolio, floor-plan downloads, and direct investor inquiry funnel.",HOT (Zero Web Presence / High Revenue),Uncontacted
SST-REAL-ROH-1721,Bharat Petroleum,"Real Estate, Legal & Professional Corporate","Rohini Commercial Hub (Near Lat: 28.739, Lon: 77.136)",110089,"Rohini, Delhi",In-Person Walk-in / Listed in Local Market,NO OFFICIAL WEBSITE (High Vulnerability),Rs. 8.0 - 30.0 Lakhs/mo,"Rs. 25,000 - 2,50,000",Senior Partner / Managing Consultant,10:00 AM - 9:00 PM (Regular Business Hours),"SahayShakti Corporate Suite: High-trust portfolio, floor-plan downloads, and direct investor inquiry funnel.",HOT (Zero Web Presence / High Revenue),Uncontacted
SST-REAL-ROH-1722,PVR Unity Mall,"Real Estate, Legal & Professional Corporate","Vaishno Mata Mandir Road, Prashant Vihar",110085,"Rohini, Delhi",In-Person Walk-in / Listed in Local Market,NO OFFICIAL WEBSITE (High Vulnerability),Rs. 8.0 - 30.0 Lakhs/mo,"Rs. 25,000 - 2,50,000",Senior Partner / Managing Consultant,10:00 AM - 9:00 PM (Regular Business Hours),"SahayShakti Corporate Suite: High-trust portfolio, floor-plan downloads, and direct investor inquiry funnel.",HOT (Zero Web Presence / High Revenue),Uncontacted
SST-REAL-ROH-1723,North Ex Mall,"Real Estate, Legal & Professional Corporate",Sector 9 Rohini,110085,"Rohini, Delhi",In-Person Walk-in / Listed in Local Market,NO OFFICIAL WEBSITE (High Vulnerability),Rs. 8.0 - 30.0 Lakhs/mo,"Rs. 25,000 - 2,50,000",Senior Partner / Managing Consultant,Mo-Su 11:00-23:00,"SahayShakti Corporate Suite: High-trust portfolio, floor-plan downloads, and direct investor inquiry funnel.",HOT (Zero Web Presence / High Revenue),Uncontacted
SST-REAL-ROH-1725,Bala Sahab Devras Community Centre,"Real Estate, Legal & Professional Corporate","Rohini Commercial Hub (Near Lat: 28.719, Lon: 77.129)",110085,"Rohini, Delhi",In-Person Walk-in / Listed in Local Market,NO OFFICIAL WEBSITE (High Vulnerability),Rs. 8.0 - 30.0 Lakhs/mo,"Rs. 25,000 - 2,50,000",Senior Partner / Managing Consultant,10:00 AM - 9:00 PM (Regular Business Hours),"SahayShakti Corporate Suite: High-trust portfolio, floor-plan downloads, and direct investor inquiry funnel.",HOT (Zero Web Presence / High Revenue),Uncontacted
SST-REAL-ROH-1730,City Centre,"Real Estate, Legal & Professional Corporate","Rohini Commercial Hub (Near Lat: 28.717, Lon: 77.114)",110085,"Rohini, Delhi",In-Person Walk-in / Listed in Local Market,NO OFFICIAL WEBSITE (High Vulnerability),Rs. 8.0 - 30.0 Lakhs/mo,"Rs. 25,000 - 2,50,000",Senior Partner / Managing Consultant,10:00 AM - 9:00 PM (Regular Business Hours),"SahayShakti Corporate Suite: High-trust portfolio, floor-plan downloads, and direct investor inquiry funnel.",HOT (Zero Web Presence / High Revenue),Uncontacted
SST-REAL-ROH-1731,King's Mall,"Real Estate, Legal & Professional Corporate","Rohini Commercial Hub (Near Lat: 28.716, Lon: 77.115)",110085,"Rohini, Delhi",In-Person Walk-in / Listed in Local Market,NO OFFICIAL WEBSITE (High Vulnerability),Rs. 8.0 - 30.0 Lakhs/mo,"Rs. 25,000 - 2,50,000",Senior Partner / Managing Consultant,10:00 AM - 9:00 PM (Regular Business Hours),"SahayShakti Corporate Suite: High-trust portfolio, floor-plan downloads, and direct investor inquiry funnel.",HOT (Zero Web Presence / High Revenue),Uncontacted
SST-REAL-ROH-1732,D Mall,"Real Estate, Legal & Professional Corporate","Rohini Commercial Hub (Near Lat: 28.716, Lon: 77.114)",110085,"Rohini, Delhi",In-Person Walk-in / Listed in Local Market,NO OFFICIAL WEBSITE (High Vulnerability),Rs. 8.0 - 30.0 Lakhs/mo,"Rs. 25,000 - 2,50,000",Senior Partner / Managing Consultant,10:00 AM - 9:00 PM (Regular Business Hours),"SahayShakti Corporate Suite: High-trust portfolio, floor-plan downloads, and direct investor inquiry funnel.",HOT (Zero Web Presence / High Revenue),Uncontacted
SST-REAL-ROH-1733,MCD Community Centre,"Real Estate, Legal & Professional Corporate","Rohini Commercial Hub (Near Lat: 28.683, Lon: 77.177)",110085,"Rohini, Delhi",In-Person Walk-in / Listed in Local Market,NO OFFICIAL WEBSITE (High Vulnerability),Rs. 8.0 - 30.0 Lakhs/mo,"Rs. 25,000 - 2,50,000",Senior Partner / Managing Consultant,10:00 AM - 9:00 PM (Regular Business Hours),"SahayShakti Corporate Suite: High-trust portfolio, floor-plan downloads, and direct investor inquiry funnel.",HOT (Zero Web Presence / High Revenue),Uncontacted
SST-REAL-ROH-1735,Arya Samaj Mandir,"Real Estate, Legal & Professional Corporate",New Sainik Viahr,110034,"Rohini, Delhi",In-Person Walk-in / Listed in Local Market,NO OFFICIAL WEBSITE (High Vulnerability),Rs. 8.0 - 30.0 Lakhs/mo,"Rs. 25,000 - 2,50,000",Senior Partner / Managing Consultant,10:00 AM - 9:00 PM (Regular Business Hours),"SahayShakti Corporate Suite: High-trust portfolio, floor-plan downloads, and direct investor inquiry funnel.",HOT (Zero Web Presence / High Revenue),Uncontacted
SST-REAL-ROH-1743,Union Bank of India,"Real Estate, Legal & Professional Corporate","Rohini Commercial Hub (Near Lat: 28.719, Lon: 77.065)",110085,"Rohini, Delhi",In-Person Walk-in / Listed in Local Market,NO OFFICIAL WEBSITE (High Vulnerability),Rs. 8.0 - 30.0 Lakhs/mo,"Rs. 25,000 - 2,50,000",Senior Partner / Managing Consultant,10:00 AM - 9:00 PM (Regular Business Hours),"SahayShakti Corporate Suite: High-trust portfolio, floor-plan downloads, and direct investor inquiry funnel.",HOT (Zero Web Presence / High Revenue),Uncontacted
SST-REAL-ROH-1744,Maharaja Agarsen Auditorium,"Real Estate, Legal & Professional Corporate","Rohini Commercial Hub (Near Lat: 28.719, Lon: 77.066)",110085,"Rohini, Delhi",In-Person Walk-in / Listed in Local Market,NO OFFICIAL WEBSITE (High Vulnerability),Rs. 8.0 - 30.0 Lakhs/mo,"Rs. 25,000 - 2,50,000",Senior Partner / Managing Consultant,10:00 AM - 9:00 PM (Regular Business Hours),"SahayShakti Corporate Suite: High-trust portfolio, floor-plan downloads, and direct investor inquiry funnel.",HOT (Zero Web Presence / High Revenue),Uncontacted
SST-REAL-ROH-1745,Maha Shakti Mandir,"Real Estate, Legal & Professional Corporate","Rohini Commercial Hub (Near Lat: 28.752, Lon: 77.174)",110085,"Rohini, Delhi",In-Person Walk-in / Listed in Local Market,NO OFFICIAL WEBSITE (High Vulnerability),Rs. 8.0 - 30.0 Lakhs/mo,"Rs. 25,000 - 2,50,000",Senior Partner / Managing Consultant,10:00 AM - 9:00 PM (Regular Business Hours),"SahayShakti Corporate Suite: High-trust portfolio, floor-plan downloads, and direct investor inquiry funnel.",HOT (Zero Web Presence / High Revenue),Uncontacted
SST-REAL-ROH-1749,Xiaomi,"Real Estate, Legal & Professional Corporate","Rohini Commercial Hub (Near Lat: 28.703, Lon: 77.116)",110085,"Rohini, Delhi",In-Person Walk-in / Listed in Local Market,NO OFFICIAL WEBSITE (High Vulnerability),Rs. 8.0 - 30.0 Lakhs/mo,"Rs. 25,000 - 2,50,000",Senior Partner / Managing Consultant,10:00 AM - 9:00 PM (Regular Business Hours),"SahayShakti Corporate Suite: High-trust portfolio, floor-plan downloads, and direct investor inquiry funnel.",HOT (Zero Web Presence / High Revenue),Uncontacted
SST-REAL-ROH-1750,Central Bank,"Real Estate, Legal & Professional Corporate","Rohini Commercial Hub (Near Lat: 28.692, Lon: 77.131)",110085,"Rohini, Delhi",In-Person Walk-in / Listed in Local Market,NO OFFICIAL WEBSITE (High Vulnerability),Rs. 8.0 - 30.0 Lakhs/mo,"Rs. 25,000 - 2,50,000",Senior Partner / Managing Consultant,10:00 AM - 9:00 PM (Regular Business Hours),"SahayShakti Corporate Suite: High-trust portfolio, floor-plan downloads, and direct investor inquiry funnel.",HOT (Zero Web Presence / High Revenue),Uncontacted
SST-REAL-ROH-1752,Indian Oil,"Real Estate, Legal & Professional Corporate","Rohini Commercial Hub (Near Lat: 28.697, Lon: 77.113)",110085,"Rohini, Delhi",In-Person Walk-in / Listed in Local Market,NO OFFICIAL WEBSITE (High Vulnerability),Rs. 8.0 - 30.0 Lakhs/mo,"Rs. 25,000 - 2,50,000",Senior Partner / Managing Consultant,10:00 AM - 9:00 PM (Regular Business Hours),"SahayShakti Corporate Suite: High-trust portfolio, floor-plan downloads, and direct investor inquiry funnel.",HOT (Zero Web Presence / High Revenue),Uncontacted
SST-REAL-ROH-1753,Laxmi Narayan Mandir,"Real Estate, Legal & Professional Corporate","Rohini Commercial Hub (Near Lat: 28.680, Lon: 77.083)",110085,"Rohini, Delhi",In-Person Walk-in / Listed in Local Market,NO OFFICIAL WEBSITE (High Vulnerability),Rs. 8.0 - 30.0 Lakhs/mo,"Rs. 25,000 - 2,50,000",Senior Partner / Managing Consultant,10:00 AM - 9:00 PM (Regular Business Hours),"SahayShakti Corporate Suite: High-trust portfolio, floor-plan downloads, and direct investor inquiry funnel.",HOT (Zero Web Presence / High Revenue),Uncontacted
SST-REAL-ROH-1754,Makki Masjid,"Real Estate, Legal & Professional Corporate","C block, Index Enclave, Phase -2",110086,"Rohini, Delhi",In-Person Walk-in / Listed in Local Market,NO OFFICIAL WEBSITE (High Vulnerability),Rs. 8.0 - 30.0 Lakhs/mo,"Rs. 25,000 - 2,50,000",Senior Partner / Managing Consultant,24/7,"SahayShakti Corporate Suite: High-trust portfolio, floor-plan downloads, and direct investor inquiry funnel.",HOT (Zero Web Presence / High Revenue),Uncontacted
SST-REAL-ROH-1756,Shree Shiv Sanatan Dharm Mandir,"Real Estate, Legal & Professional Corporate",Adarsh Nagar,110033,"Rohini, Delhi",In-Person Walk-in / Listed in Local Market,NO OFFICIAL WEBSITE (High Vulnerability),Rs. 8.0 - 30.0 Lakhs/mo,"Rs. 25,000 - 2,50,000",Senior Partner / Managing Consultant,10:00 AM - 9:00 PM (Regular Business Hours),"SahayShakti Corporate Suite: High-trust portfolio, floor-plan downloads, and direct investor inquiry funnel.",HOT (Zero Web Presence / High Revenue),Uncontacted
SST-REAL-ROH-1758,Gurudwara Shri Guru Singh Sabha,"Real Estate, Legal & Professional Corporate","Rohini Commercial Hub (Near Lat: 28.723, Lon: 77.165)",110085,"Rohini, Delhi",In-Person Walk-in / Listed in Local Market,NO OFFICIAL WEBSITE (High Vulnerability),Rs. 8.0 - 30.0 Lakhs/mo,"Rs. 25,000 - 2,50,000",Senior Partner / Managing Consultant,10:00 AM - 9:00 PM (Regular Business Hours),"SahayShakti Corporate Suite: High-trust portfolio, floor-plan downloads, and direct investor inquiry funnel.",HOT (Zero Web Presence / High Revenue),Uncontacted
SST-REAL-ROH-1759,Millenium Methodist Church,"Real Estate, Legal & Professional Corporate","Rohini Commercial Hub (Near Lat: 28.734, Lon: 77.104)",110085,"Rohini, Delhi",In-Person Walk-in / Listed in Local Market,NO OFFICIAL WEBSITE (High Vulnerability),Rs. 8.0 - 30.0 Lakhs/mo,"Rs. 25,000 - 2,50,000",Senior Partner / Managing Consultant,10:00 AM - 9:00 PM (Regular Business Hours),"SahayShakti Corporate Suite: High-trust portfolio, floor-plan downloads, and direct investor inquiry funnel.",HOT (Zero Web Presence / High Revenue),Uncontacted
SST-REAL-ROH-1761,Gyan Shakti Mandir,"Real Estate, Legal & Professional Corporate",Maharaja Agrasen Marg,110085,"Rohini, Delhi",In-Person Walk-in / Listed in Local Market,NO OFFICIAL WEBSITE (High Vulnerability),Rs. 8.0 - 30.0 Lakhs/mo,"Rs. 25,000 - 2,50,000",Senior Partner / Managing Consultant,10:00 AM - 9:00 PM (Regular Business Hours),"SahayShakti Corporate Suite: High-trust portfolio, floor-plan downloads, and direct investor inquiry funnel.",HOT (Zero Web Presence / High Revenue),Uncontacted
SST-REAL-ROH-1762,eDataIndia,"Real Estate, Legal & Professional Corporate","Plot no. 11 Entire Second Floor, DC Chowk",110085,"Rohini, Delhi",In-Person Walk-in / Listed in Local Market,NO OFFICIAL WEBSITE (High Vulnerability),Rs. 8.0 - 30.0 Lakhs/mo,"Rs. 25,000 - 2,50,000",Senior Partner / Managing Consultant,24/7,"SahayShakti Corporate Suite: High-trust portfolio, floor-plan downloads, and direct investor inquiry funnel.",HOT (Zero Web Presence / High Revenue),Uncontacted
SST-REAL-ROH-1766,Shiv Mandir,"Real Estate, Legal & Professional Corporate","Rohini Commercial Hub (Near Lat: 28.688, Lon: 77.133)",110085,"Rohini, Delhi",In-Person Walk-in / Listed in Local Market,NO OFFICIAL WEBSITE (High Vulnerability),Rs. 8.0 - 30.0 Lakhs/mo,"Rs. 25,000 - 2,50,000",Senior Partner / Managing Consultant,10:00 AM - 9:00 PM (Regular Business Hours),"SahayShakti Corporate Suite: High-trust portfolio, floor-plan downloads, and direct investor inquiry funnel.",HOT (Zero Web Presence / High Revenue),Uncontacted
SST-REAL-ROH-1767,Gurudwara,"Real Estate, Legal & Professional Corporate","Rohini Commercial Hub (Near Lat: 28.685, Lon: 77.130)",110085,"Rohini, Delhi",In-Person Walk-in / Listed in Local Market,NO OFFICIAL WEBSITE (High Vulnerability),Rs. 8.0 - 30.0 Lakhs/mo,"Rs. 25,000 - 2,50,000",Senior Partner / Managing Consultant,10:00 AM - 9:00 PM (Regular Business Hours),"SahayShakti Corporate Suite: High-trust portfolio, floor-plan downloads, and direct investor inquiry funnel.",HOT (Zero Web Presence / High Revenue),Uncontacted
SST-REAL-ROH-1768,Krishna Temple,"Real Estate, Legal & Professional Corporate","Rohini Commercial Hub (Near Lat: 28.686, Lon: 77.133)",110085,"Rohini, Delhi",In-Person Walk-in / Listed in Local Market,NO OFFICIAL WEBSITE (High Vulnerability),Rs. 8.0 - 30.0 Lakhs/mo,"Rs. 25,000 - 2,50,000",Senior Partner / Managing Consultant,10:00 AM - 9:00 PM (Regular Business Hours),"SahayShakti Corporate Suite: High-trust portfolio, floor-plan downloads, and direct investor inquiry funnel.",HOT (Zero Web Presence / High Revenue),Uncontacted
SST-REAL-ROH-1769,Mother Dairy,"Real Estate, Legal & Professional Corporate","Rohini Commercial Hub (Near Lat: 28.688, Lon: 77.132)",110085,"Rohini, Delhi",In-Person Walk-in / Listed in Local Market,NO OFFICIAL WEBSITE (High Vulnerability),Rs. 8.0 - 30.0 Lakhs/mo,"Rs. 25,000 - 2,50,000",Senior Partner / Managing Consultant,10:00 AM - 9:00 PM (Regular Business Hours),"SahayShakti Corporate Suite: High-trust portfolio, floor-plan downloads, and direct investor inquiry funnel.",HOT (Zero Web Presence / High Revenue),Uncontacted
SST-REAL-ROH-1773,IGL,"Real Estate, Legal & Professional Corporate","Rohini Commercial Hub (Near Lat: 28.746, Lon: 77.151)",110085,"Rohini, Delhi",In-Person Walk-in / Listed in Local Market,NO OFFICIAL WEBSITE (High Vulnerability),Rs. 8.0 - 30.0 Lakhs/mo,"Rs. 25,000 - 2,50,000",Senior Partner / Managing Consultant,10:00 AM - 9:00 PM (Regular Business Hours),"SahayShakti Corporate Suite: High-trust portfolio, floor-plan downloads, and direct investor inquiry funnel.",HOT (Zero Web Presence / High Revenue),Uncontacted
SST-REAL-ROH-1774,Indraprastha Gas Limited,"Real Estate, Legal & Professional Corporate","Rohini Commercial Hub (Near Lat: 28.747, Lon: 77.151)",110085,"Rohini, Delhi",In-Person Walk-in / Listed in Local Market,NO OFFICIAL WEBSITE (High Vulnerability),Rs. 8.0 - 30.0 Lakhs/mo,"Rs. 25,000 - 2,50,000",Senior Partner / Managing Consultant,10:00 AM - 9:00 PM (Regular Business Hours),"SahayShakti Corporate Suite: High-trust portfolio, floor-plan downloads, and direct investor inquiry funnel.",HOT (Zero Web Presence / High Revenue),Uncontacted
SST-REAL-ROH-1779,Hiraa Jewellers,"Real Estate, Legal & Professional Corporate","G-18/48 sector-15, rohini",110089,"Rohini, Delhi",In-Person Walk-in / Listed in Local Market,NO OFFICIAL WEBSITE (High Vulnerability),Rs. 8.0 - 30.0 Lakhs/mo,"Rs. 25,000 - 2,50,000",Senior Partner / Managing Consultant,10:00 AM - 9:00 PM (Regular Business Hours),"SahayShakti Corporate Suite: High-trust portfolio, floor-plan downloads, and direct investor inquiry funnel.",HOT (Zero Web Presence / High Revenue),Uncontacted
SST-REAL-ROH-1781,MCD Community Centre,"Real Estate, Legal & Professional Corporate","Vaishno Mata Mandir Road, Prashant Vihar",110085,"Rohini, Delhi",In-Person Walk-in / Listed in Local Market,NO OFFICIAL WEBSITE (High Vulnerability),Rs. 8.0 - 30.0 Lakhs/mo,"Rs. 25,000 - 2,50,000",Senior Partner / Managing Consultant,10:00 AM - 9:00 PM (Regular Business Hours),"SahayShakti Corporate Suite: High-trust portfolio, floor-plan downloads, and direct investor inquiry funnel.",HOT (Zero Web Presence / High Revenue),Uncontacted
SST-REAL-ROH-1782,Aggarwal Bhawan,"Real Estate, Legal & Professional Corporate","Block B, Prashant Vihar Rd, Prashant Vihar, Sector 14, Rohini;Sakand Mata Road",110085,"Rohini, Delhi",In-Person Walk-in / Listed in Local Market,NO OFFICIAL WEBSITE (High Vulnerability),Rs. 8.0 - 30.0 Lakhs/mo,"Rs. 25,000 - 2,50,000",Senior Partner / Managing Consultant,10:00 AM - 9:00 PM (Regular Business Hours),"SahayShakti Corporate Suite: High-trust portfolio, floor-plan downloads, and direct investor inquiry funnel.",HOT (Zero Web Presence / High Revenue),Uncontacted
SST-REAL-ROH-1789,Open Air Theatre,"Real Estate, Legal & Professional Corporate","Rohini Commercial Hub (Near Lat: 28.750, Lon: 77.117)",110085,"Rohini, Delhi",In-Person Walk-in / Listed in Local Market,NO OFFICIAL WEBSITE (High Vulnerability),Rs. 8.0 - 30.0 Lakhs/mo,"Rs. 25,000 - 2,50,000",Senior Partner / Managing Consultant,10:00 AM - 9:00 PM (Regular Business Hours),"SahayShakti Corporate Suite: High-trust portfolio, floor-plan downloads, and direct investor inquiry funnel.",HOT (Zero Web Presence / High Revenue),Uncontacted
SST-REAL-ROH-1792,Shani Mandir,"Real Estate, Legal & Professional Corporate","Rohini Commercial Hub (Near Lat: 28.684, Lon: 77.172)",110085,"Rohini, Delhi",In-Person Walk-in / Listed in Local Market,NO OFFICIAL WEBSITE (High Vulnerability),Rs. 8.0 - 30.0 Lakhs/mo,"Rs. 25,000 - 2,50,000",Senior Partner / Managing Consultant,10:00 AM - 9:00 PM (Regular Business Hours),"SahayShakti Corporate Suite: High-trust portfolio, floor-plan downloads, and direct investor inquiry funnel.",HOT (Zero Web Presence / High Revenue),Uncontacted
SST-REAL-ROH-1793,Subzi Mandi,"Real Estate, Legal & Professional Corporate","Rohini Commercial Hub (Near Lat: 28.682, Lon: 77.162)",110085,"Rohini, Delhi",In-Person Walk-in / Listed in Local Market,NO OFFICIAL WEBSITE (High Vulnerability),Rs. 8.0 - 30.0 Lakhs/mo,"Rs. 25,000 - 2,50,000",Senior Partner / Managing Consultant,10:00 AM - 9:00 PM (Regular Business Hours),"SahayShakti Corporate Suite: High-trust portfolio, floor-plan downloads, and direct investor inquiry funnel.",HOT (Zero Web Presence / High Revenue),Uncontacted
SST-REAL-ROH-1794,Study Centre (Library),"Real Estate, Legal & Professional Corporate",Police Colony Shalimar Bagh,110088,"Rohini, Delhi",In-Person Walk-in / Listed in Local Market,NO OFFICIAL WEBSITE (High Vulnerability),Rs. 8.0 - 30.0 Lakhs/mo,"Rs. 25,000 - 2,50,000",Senior Partner / Managing Consultant,10:00 AM - 9:00 PM (Regular Business Hours),"SahayShakti Corporate Suite: High-trust portfolio, floor-plan downloads, and direct investor inquiry funnel.",HOT (Zero Web Presence / High Revenue),Uncontacted
SST-REAL-ROH-1797,Indian petrol pump,"Real Estate, Legal & Professional Corporate","Rohini Commercial Hub (Near Lat: 28.689, Lon: 77.104)",110085,"Rohini, Delhi",In-Person Walk-in / Listed in Local Market,NO OFFICIAL WEBSITE (High Vulnerability),Rs. 8.0 - 30.0 Lakhs/mo,"Rs. 25,000 - 2,50,000",Senior Partner / Managing Consultant,10:00 AM - 9:00 PM (Regular Business Hours),"SahayShakti Corporate Suite: High-trust portfolio, floor-plan downloads, and direct investor inquiry funnel.",HOT (Zero Web Presence / High Revenue),Uncontacted
SST-REAL-ROH-1799,Shiv Temple,"Real Estate, Legal & Professional Corporate","305 A Block, Majlis Park",110033,"Rohini, Delhi",In-Person Walk-in / Listed in Local Market,NO OFFICIAL WEBSITE (High Vulnerability),Rs. 8.0 - 30.0 Lakhs/mo,"Rs. 25,000 - 2,50,000",Senior Partner / Managing Consultant,10:00 AM - 9:00 PM (Regular Business Hours),"SahayShakti Corporate Suite: High-trust portfolio, floor-plan downloads, and direct investor inquiry funnel.",HOT (Zero Web Presence / High Revenue),Uncontacted
SST-REAL-ROH-1800,Gurudwara Sri Guru Ramdas Niwas,"Real Estate, Legal & Professional Corporate",Arya Samaj Road Adarsh Nagar,110033,"Rohini, Delhi",In-Person Walk-in / Listed in Local Market,NO OFFICIAL WEBSITE (High Vulnerability),Rs. 8.0 - 30.0 Lakhs/mo,"Rs. 25,000 - 2,50,000",Senior Partner / Managing Consultant,10:00 AM - 9:00 PM (Regular Business Hours),"SahayShakti Corporate Suite: High-trust portfolio, floor-plan downloads, and direct investor inquiry funnel.",HOT (Zero Web Presence / High Revenue),Uncontacted
SST-REAL-ROH-1803,Satyapal Gupta Memorial Library,"Real Estate, Legal & Professional Corporate","Rohini Commercial Hub (Near Lat: 28.720, Lon: 77.067)",110085,"Rohini, Delhi",In-Person Walk-in / Listed in Local Market,NO OFFICIAL WEBSITE (High Vulnerability),Rs. 8.0 - 30.0 Lakhs/mo,"Rs. 25,000 - 2,50,000",Senior Partner / Managing Consultant,10:00 AM - 9:00 PM (Regular Business Hours),"SahayShakti Corporate Suite: High-trust portfolio, floor-plan downloads, and direct investor inquiry funnel.",HOT (Zero Web Presence / High Revenue),Uncontacted
SST-REAL-ROH-1805,Heat Engine Lab,"Real Estate, Legal & Professional Corporate","Rohini Commercial Hub (Near Lat: 28.719, Lon: 77.068)",110085,"Rohini, Delhi",In-Person Walk-in / Listed in Local Market,NO OFFICIAL WEBSITE (High Vulnerability),Rs. 8.0 - 30.0 Lakhs/mo,"Rs. 25,000 - 2,50,000",Senior Partner / Managing Consultant,10:00 AM - 9:00 PM (Regular Business Hours),"SahayShakti Corporate Suite: High-trust portfolio, floor-plan downloads, and direct investor inquiry funnel.",HOT (Zero Web Presence / High Revenue),Uncontacted
SST-REAL-ROH-1807,Saint Vincent De Paul Church,"Real Estate, Legal & Professional Corporate","Rohini Commercial Hub (Near Lat: 28.725, Lon: 77.172)",110085,"Rohini, Delhi",In-Person Walk-in / Listed in Local Market,NO OFFICIAL WEBSITE (High Vulnerability),Rs. 8.0 - 30.0 Lakhs/mo,"Rs. 25,000 - 2,50,000",Senior Partner / Managing Consultant,10:00 AM - 9:00 PM (Regular Business Hours),"SahayShakti Corporate Suite: High-trust portfolio, floor-plan downloads, and direct investor inquiry funnel.",HOT (Zero Web Presence / High Revenue),Uncontacted
SST-REAL-ROH-1809,Siddhu Service Station,"Real Estate, Legal & Professional Corporate","Rohini Commercial Hub (Near Lat: 28.724, Lon: 77.165)",110085,"Rohini, Delhi",In-Person Walk-in / Listed in Local Market,NO OFFICIAL WEBSITE (High Vulnerability),Rs. 8.0 - 30.0 Lakhs/mo,"Rs. 25,000 - 2,50,000",Senior Partner / Managing Consultant,10:00 AM - 9:00 PM (Regular Business Hours),"SahayShakti Corporate Suite: High-trust portfolio, floor-plan downloads, and direct investor inquiry funnel.",HOT (Zero Web Presence / High Revenue),Uncontacted
SST-REAL-ROH-1810,Kushal Road Mosque,"Real Estate, Legal & Professional Corporate","Rohini Commercial Hub (Near Lat: 28.727, Lon: 77.172)",110085,"Rohini, Delhi",In-Person Walk-in / Listed in Local Market,NO OFFICIAL WEBSITE (High Vulnerability),Rs. 8.0 - 30.0 Lakhs/mo,"Rs. 25,000 - 2,50,000",Senior Partner / Managing Consultant,10:00 AM - 9:00 PM (Regular Business Hours),"SahayShakti Corporate Suite: High-trust portfolio, floor-plan downloads, and direct investor inquiry funnel.",HOT (Zero Web Presence / High Revenue),Uncontacted
SST-REAL-ROH-1811,Prayas Children's Home for Boys,"Real Estate, Legal & Professional Corporate","Rohini Commercial Hub (Near Lat: 28.731, Lon: 77.177)",110085,"Rohini, Delhi",+91 11 2763 4856,https://www.prayaschildren.org,Rs. 8.0 - 30.0 Lakhs/mo,"Rs. 25,000 - 2,50,000",Senior Partner / Managing Consultant,10:00 AM - 9:00 PM (Regular Business Hours),"SahayShakti Corporate Suite: High-trust portfolio, floor-plan downloads, and direct investor inquiry funnel.",Warm (Needs Modern Revamp),Uncontacted
SST-REAL-ROH-1812,Valmiki Mandir,"Real Estate, Legal & Professional Corporate","Rohini Commercial Hub (Near Lat: 28.730, Lon: 77.170)",110085,"Rohini, Delhi",In-Person Walk-in / Listed in Local Market,NO OFFICIAL WEBSITE (High Vulnerability),Rs. 8.0 - 30.0 Lakhs/mo,"Rs. 25,000 - 2,50,000",Senior Partner / Managing Consultant,10:00 AM - 9:00 PM (Regular Business Hours),"SahayShakti Corporate Suite: High-trust portfolio, floor-plan downloads, and direct investor inquiry funnel.",HOT (Zero Web Presence / High Revenue),Uncontacted
SST-REAL-ROH-1813,Gurudwara Shri Kalgidhar Singh Sabha,"Real Estate, Legal & Professional Corporate",Jahangir Puri,110033,"Rohini, Delhi",In-Person Walk-in / Listed in Local Market,NO OFFICIAL WEBSITE (High Vulnerability),Rs. 8.0 - 30.0 Lakhs/mo,"Rs. 25,000 - 2,50,000",Senior Partner / Managing Consultant,10:00 AM - 9:00 PM (Regular Business Hours),"SahayShakti Corporate Suite: High-trust portfolio, floor-plan downloads, and direct investor inquiry funnel.",HOT (Zero Web Presence / High Revenue),Uncontacted
SST-REAL-ROH-1815,Durga Mandir,"Real Estate, Legal & Professional Corporate","Rohini Commercial Hub (Near Lat: 28.726, Lon: 77.165)",110085,"Rohini, Delhi",In-Person Walk-in / Listed in Local Market,NO OFFICIAL WEBSITE (High Vulnerability),Rs. 8.0 - 30.0 Lakhs/mo,"Rs. 25,000 - 2,50,000",Senior Partner / Managing Consultant,10:00 AM - 9:00 PM (Regular Business Hours),"SahayShakti Corporate Suite: High-trust portfolio, floor-plan downloads, and direct investor inquiry funnel.",HOT (Zero Web Presence / High Revenue),Uncontacted
SST-REAL-ROH-1816,"Doctor Sahib Singh Verma Community Center, Sant Ravidas Nagar","Real Estate, Legal & Professional Corporate","Rohini Commercial Hub (Near Lat: 28.732, Lon: 77.167)",110085,"Rohini, Delhi",In-Person Walk-in / Listed in Local Market,NO OFFICIAL WEBSITE (High Vulnerability),Rs. 8.0 - 30.0 Lakhs/mo,"Rs. 25,000 - 2,50,000",Senior Partner / Managing Consultant,10:00 AM - 9:00 PM (Regular Business Hours),"SahayShakti Corporate Suite: High-trust portfolio, floor-plan downloads, and direct investor inquiry funnel.",HOT (Zero Web Presence / High Revenue),Uncontacted
SST-REAL-ROH-1817,Gurudwara Shri Guru Singh Sabha,"Real Estate, Legal & Professional Corporate","Rohini Commercial Hub (Near Lat: 28.731, Lon: 77.163)",110085,"Rohini, Delhi",In-Person Walk-in / Listed in Local Market,NO OFFICIAL WEBSITE (High Vulnerability),Rs. 8.0 - 30.0 Lakhs/mo,"Rs. 25,000 - 2,50,000",Senior Partner / Managing Consultant,10:00 AM - 9:00 PM (Regular Business Hours),"SahayShakti Corporate Suite: High-trust portfolio, floor-plan downloads, and direct investor inquiry funnel.",HOT (Zero Web Presence / High Revenue),Uncontacted
SST-REAL-ROH-1818,Shri Ram Mandir,"Real Estate, Legal & Professional Corporate","Rohini Commercial Hub (Near Lat: 28.726, Lon: 77.173)",110085,"Rohini, Delhi",+91-807-699-7004,NO OFFICIAL WEBSITE (High Vulnerability),Rs. 8.0 - 30.0 Lakhs/mo,"Rs. 25,000 - 2,50,000",Senior Partner / Managing Consultant,10:00 AM - 9:00 PM (Regular Business Hours),"SahayShakti Corporate Suite: High-trust portfolio, floor-plan downloads, and direct investor inquiry funnel.",HOT (Zero Web Presence / High Revenue),Uncontacted
SST-REAL-ROH-1819,Shri Hanuman Mandir,"Real Estate, Legal & Professional Corporate","Rohini Commercial Hub (Near Lat: 28.732, Lon: 77.169)",110085,"Rohini, Delhi",In-Person Walk-in / Listed in Local Market,NO OFFICIAL WEBSITE (High Vulnerability),Rs. 8.0 - 30.0 Lakhs/mo,"Rs. 25,000 - 2,50,000",Senior Partner / Managing Consultant,10:00 AM - 9:00 PM (Regular Business Hours),"SahayShakti Corporate Suite: High-trust portfolio, floor-plan downloads, and direct investor inquiry funnel.",HOT (Zero Web Presence / High Revenue),Uncontacted
SST-REAL-ROH-1820,Shri Jhoole Lal Bala Ji Mandir,"Real Estate, Legal & Professional Corporate","Rohini Commercial Hub (Near Lat: 28.733, Lon: 77.167)",110085,"Rohini, Delhi",In-Person Walk-in / Listed in Local Market,NO OFFICIAL WEBSITE (High Vulnerability),Rs. 8.0 - 30.0 Lakhs/mo,"Rs. 25,000 - 2,50,000",Senior Partner / Managing Consultant,10:00 AM - 9:00 PM (Regular Business Hours),"SahayShakti Corporate Suite: High-trust portfolio, floor-plan downloads, and direct investor inquiry funnel.",HOT (Zero Web Presence / High Revenue),Uncontacted
SST-REAL-ROH-1821,City center,"Real Estate, Legal & Professional Corporate","Rohini Commercial Hub (Near Lat: 28.703, Lon: 77.158)",110085,"Rohini, Delhi",In-Person Walk-in / Listed in Local Market,NO OFFICIAL WEBSITE (High Vulnerability),Rs. 8.0 - 30.0 Lakhs/mo,"Rs. 25,000 - 2,50,000",Senior Partner / Managing Consultant,10:00 AM - 9:00 PM (Regular Business Hours),"SahayShakti Corporate Suite: High-trust portfolio, floor-plan downloads, and direct investor inquiry funnel.",HOT (Zero Web Presence / High Revenue),Uncontacted
SST-REAL-ROH-1822,Jai Sheetla Mata Mandir,"Real Estate, Legal & Professional Corporate","Rohini Commercial Hub (Near Lat: 28.728, Lon: 77.177)",110085,"Rohini, Delhi",In-Person Walk-in / Listed in Local Market,NO OFFICIAL WEBSITE (High Vulnerability),Rs. 8.0 - 30.0 Lakhs/mo,"Rs. 25,000 - 2,50,000",Senior Partner / Managing Consultant,10:00 AM - 9:00 PM (Regular Business Hours),"SahayShakti Corporate Suite: High-trust portfolio, floor-plan downloads, and direct investor inquiry funnel.",HOT (Zero Web Presence / High Revenue),Uncontacted
SST-REAL-ROH-1823,Srishti Rachayita Bhagawan Valmiki Mandir,"Real Estate, Legal & Professional Corporate","Rohini Commercial Hub (Near Lat: 28.728, Lon: 77.178)",110085,"Rohini, Delhi",In-Person Walk-in / Listed in Local Market,NO OFFICIAL WEBSITE (High Vulnerability),Rs. 8.0 - 30.0 Lakhs/mo,"Rs. 25,000 - 2,50,000",Senior Partner / Managing Consultant,10:00 AM - 9:00 PM (Regular Business Hours),"SahayShakti Corporate Suite: High-trust portfolio, floor-plan downloads, and direct investor inquiry funnel.",HOT (Zero Web Presence / High Revenue),Uncontacted
SST-REAL-ROH-1825,Radha Soami Satsang,"Real Estate, Legal & Professional Corporate","Rohini Commercial Hub (Near Lat: 28.724, Lon: 77.168)",110085,"Rohini, Delhi",In-Person Walk-in / Listed in Local Market,NO OFFICIAL WEBSITE (High Vulnerability),Rs. 8.0 - 30.0 Lakhs/mo,"Rs. 25,000 - 2,50,000",Senior Partner / Managing Consultant,10:00 AM - 9:00 PM (Regular Business Hours),"SahayShakti Corporate Suite: High-trust portfolio, floor-plan downloads, and direct investor inquiry funnel.",HOT (Zero Web Presence / High Revenue),Uncontacted
SST-REAL-ROH-1826,Durga Mandir,"Real Estate, Legal & Professional Corporate","Rohini Commercial Hub (Near Lat: 28.733, Lon: 77.167)",110085,"Rohini, Delhi",In-Person Walk-in / Listed in Local Market,NO OFFICIAL WEBSITE (High Vulnerability),Rs. 8.0 - 30.0 Lakhs/mo,"Rs. 25,000 - 2,50,000",Senior Partner / Managing Consultant,10:00 AM - 9:00 PM (Regular Business Hours),"SahayShakti Corporate Suite: High-trust portfolio, floor-plan downloads, and direct investor inquiry funnel.",HOT (Zero Web Presence / High Revenue),Uncontacted
SST-REAL-ROH-1828,Shani Mandir,"Real Estate, Legal & Professional Corporate","Rohini Commercial Hub (Near Lat: 28.728, Lon: 77.163)",110085,"Rohini, Delhi",In-Person Walk-in / Listed in Local Market,NO OFFICIAL WEBSITE (High Vulnerability),Rs. 8.0 - 30.0 Lakhs/mo,"Rs. 25,000 - 2,50,000",Senior Partner / Managing Consultant,10:00 AM - 9:00 PM (Regular Business Hours),"SahayShakti Corporate Suite: High-trust portfolio, floor-plan downloads, and direct investor inquiry funnel.",HOT (Zero Web Presence / High Revenue),Uncontacted
SST-REAL-ROH-1829,Prachin Shiv Durga Mandir,"Real Estate, Legal & Professional Corporate",Bhalaswa Dairy,110085,"Rohini, Delhi",In-Person Walk-in / Listed in Local Market,NO OFFICIAL WEBSITE (High Vulnerability),Rs. 8.0 - 30.0 Lakhs/mo,"Rs. 25,000 - 2,50,000",Senior Partner / Managing Consultant,10:00 AM - 9:00 PM (Regular Business Hours),"SahayShakti Corporate Suite: High-trust portfolio, floor-plan downloads, and direct investor inquiry funnel.",HOT (Zero Web Presence / High Revenue),Uncontacted
SST-REAL-ROH-1830,Ward Office,"Real Estate, Legal & Professional Corporate","Rohini Commercial Hub (Near Lat: 28.741, Lon: 77.165)",110085,"Rohini, Delhi",In-Person Walk-in / Listed in Local Market,NO OFFICIAL WEBSITE (High Vulnerability),Rs. 8.0 - 30.0 Lakhs/mo,"Rs. 25,000 - 2,50,000",Senior Partner / Managing Consultant,10:00 AM - 9:00 PM (Regular Business Hours),"SahayShakti Corporate Suite: High-trust portfolio, floor-plan downloads, and direct investor inquiry funnel.",HOT (Zero Web Presence / High Revenue),Uncontacted
SST-REAL-ROH-1832,Senior Citizen Entertainment Center,"Real Estate, Legal & Professional Corporate","Rohini Commercial Hub (Near Lat: 28.731, Lon: 77.170)",110085,"Rohini, Delhi",In-Person Walk-in / Listed in Local Market,NO OFFICIAL WEBSITE (High Vulnerability),Rs. 8.0 - 30.0 Lakhs/mo,"Rs. 25,000 - 2,50,000",Senior Partner / Managing Consultant,10:00 AM - 9:00 PM (Regular Business Hours),"SahayShakti Corporate Suite: High-trust portfolio, floor-plan downloads, and direct investor inquiry funnel.",HOT (Zero Web Presence / High Revenue),Uncontacted
SST-REAL-ROH-1833,Shiv Shakti Mandir,"Real Estate, Legal & Professional Corporate",Jahangirpuri,110033,"Rohini, Delhi",In-Person Walk-in / Listed in Local Market,NO OFFICIAL WEBSITE (High Vulnerability),Rs. 8.0 - 30.0 Lakhs/mo,"Rs. 25,000 - 2,50,000",Senior Partner / Managing Consultant,10:00 AM - 9:00 PM (Regular Business Hours),"SahayShakti Corporate Suite: High-trust portfolio, floor-plan downloads, and direct investor inquiry funnel.",HOT (Zero Web Presence / High Revenue),Uncontacted
SST-REAL-ROH-1834,Ramlila Maidan,"Real Estate, Legal & Professional Corporate","Rohini Commercial Hub (Near Lat: 28.713, Lon: 77.177)",110085,"Rohini, Delhi",In-Person Walk-in / Listed in Local Market,NO OFFICIAL WEBSITE (High Vulnerability),Rs. 8.0 - 30.0 Lakhs/mo,"Rs. 25,000 - 2,50,000",Senior Partner / Managing Consultant,10:00 AM - 9:00 PM (Regular Business Hours),"SahayShakti Corporate Suite: High-trust portfolio, floor-plan downloads, and direct investor inquiry funnel.",HOT (Zero Web Presence / High Revenue),Uncontacted
SST-REAL-ROH-1835,Indian Oil,"Real Estate, Legal & Professional Corporate","Rohini Commercial Hub (Near Lat: 28.722, Lon: 77.165)",110085,"Rohini, Delhi",In-Person Walk-in / Listed in Local Market,NO OFFICIAL WEBSITE (High Vulnerability),Rs. 8.0 - 30.0 Lakhs/mo,"Rs. 25,000 - 2,50,000",Senior Partner / Managing Consultant,10:00 AM - 9:00 PM (Regular Business Hours),"SahayShakti Corporate Suite: High-trust portfolio, floor-plan downloads, and direct investor inquiry funnel.",HOT (Zero Web Presence / High Revenue),Uncontacted
SST-REAL-ROH-1837,Abubakr Jama Masjid,"Real Estate, Legal & Professional Corporate",CN-5/89  Bhalswa Dairy,110042,"Rohini, Delhi",In-Person Walk-in / Listed in Local Market,NO OFFICIAL WEBSITE (High Vulnerability),Rs. 8.0 - 30.0 Lakhs/mo,"Rs. 25,000 - 2,50,000",Senior Partner / Managing Consultant,10:00 AM - 9:00 PM (Regular Business Hours),"SahayShakti Corporate Suite: High-trust portfolio, floor-plan downloads, and direct investor inquiry funnel.",HOT (Zero Web Presence / High Revenue),Uncontacted
SST-REAL-ROH-1840,Prachin Kalika Mandir,"Real Estate, Legal & Professional Corporate","Rohini Commercial Hub (Near Lat: 28.714, Lon: 77.172)",110085,"Rohini, Delhi",In-Person Walk-in / Listed in Local Market,NO OFFICIAL WEBSITE (High Vulnerability),Rs. 8.0 - 30.0 Lakhs/mo,"Rs. 25,000 - 2,50,000",Senior Partner / Managing Consultant,10:00 AM - 9:00 PM (Regular Business Hours),"SahayShakti Corporate Suite: High-trust portfolio, floor-plan downloads, and direct investor inquiry funnel.",HOT (Zero Web Presence / High Revenue),Uncontacted
SST-REAL-ROH-1841,Sabzi Mandi,"Real Estate, Legal & Professional Corporate","Rohini Commercial Hub (Near Lat: 28.742, Lon: 77.163)",110085,"Rohini, Delhi",In-Person Walk-in / Listed in Local Market,NO OFFICIAL WEBSITE (High Vulnerability),Rs. 8.0 - 30.0 Lakhs/mo,"Rs. 25,000 - 2,50,000",Senior Partner / Managing Consultant,Mo-Su 16:00-22:00,"SahayShakti Corporate Suite: High-trust portfolio, floor-plan downloads, and direct investor inquiry funnel.",HOT (Zero Web Presence / High Revenue),Uncontacted
SST-REAL-ROH-1843,Rohini Bus Terminal,"Real Estate, Legal & Professional Corporate","Rohini Commercial Hub (Near Lat: 28.718, Lon: 77.064)",110085,"Rohini, Delhi",In-Person Walk-in / Listed in Local Market,NO OFFICIAL WEBSITE (High Vulnerability),Rs. 8.0 - 30.0 Lakhs/mo,"Rs. 25,000 - 2,50,000",Senior Partner / Managing Consultant,10:00 AM - 9:00 PM (Regular Business Hours),"SahayShakti Corporate Suite: High-trust portfolio, floor-plan downloads, and direct investor inquiry funnel.",HOT (Zero Web Presence / High Revenue),Uncontacted
SST-REAL-ROH-1844,Crime Branch,"Real Estate, Legal & Professional Corporate","Rohini Commercial Hub (Near Lat: 28.741, Lon: 77.132)",110085,"Rohini, Delhi",In-Person Walk-in / Listed in Local Market,NO OFFICIAL WEBSITE (High Vulnerability),Rs. 8.0 - 30.0 Lakhs/mo,"Rs. 25,000 - 2,50,000",Senior Partner / Managing Consultant,10:00 AM - 9:00 PM (Regular Business Hours),"SahayShakti Corporate Suite: High-trust portfolio, floor-plan downloads, and direct investor inquiry funnel.",HOT (Zero Web Presence / High Revenue),Uncontacted
SST-REAL-ROH-1845,Ram Mandir,"Real Estate, Legal & Professional Corporate","Rohini Commercial Hub (Near Lat: 28.714, Lon: 77.179)",110085,"Rohini, Delhi",In-Person Walk-in / Listed in Local Market,NO OFFICIAL WEBSITE (High Vulnerability),Rs. 8.0 - 30.0 Lakhs/mo,"Rs. 25,000 - 2,50,000",Senior Partner / Managing Consultant,10:00 AM - 9:00 PM (Regular Business Hours),"SahayShakti Corporate Suite: High-trust portfolio, floor-plan downloads, and direct investor inquiry funnel.",HOT (Zero Web Presence / High Revenue),Uncontacted
SST-REAL-ROH-1846,Tyagi Palace,"Real Estate, Legal & Professional Corporate","Rohini Commercial Hub (Near Lat: 28.746, Lon: 77.167)",110085,"Rohini, Delhi",+91-92127-28694;+91-98736-56566,NO OFFICIAL WEBSITE (High Vulnerability),Rs. 8.0 - 30.0 Lakhs/mo,"Rs. 25,000 - 2,50,000",Senior Partner / Managing Consultant,10:00 AM - 9:00 PM (Regular Business Hours),"SahayShakti Corporate Suite: High-trust portfolio, floor-plan downloads, and direct investor inquiry funnel.",HOT (Zero Web Presence / High Revenue),Uncontacted
SST-REAL-ROH-1847,Hanuman Mandir,"Real Estate, Legal & Professional Corporate","Rohini Commercial Hub (Near Lat: 28.754, Lon: 77.163)",110085,"Rohini, Delhi",In-Person Walk-in / Listed in Local Market,NO OFFICIAL WEBSITE (High Vulnerability),Rs. 8.0 - 30.0 Lakhs/mo,"Rs. 25,000 - 2,50,000",Senior Partner / Managing Consultant,10:00 AM - 9:00 PM (Regular Business Hours),"SahayShakti Corporate Suite: High-trust portfolio, floor-plan downloads, and direct investor inquiry funnel.",HOT (Zero Web Presence / High Revenue),Uncontacted
SST-REAL-ROH-1848,Masjid Hazrat Nizamuddin Auliya,"Real Estate, Legal & Professional Corporate",JJ Colony Bhalswa,110042,"Rohini, Delhi",In-Person Walk-in / Listed in Local Market,NO OFFICIAL WEBSITE (High Vulnerability),Rs. 8.0 - 30.0 Lakhs/mo,"Rs. 25,000 - 2,50,000",Senior Partner / Managing Consultant,10:00 AM - 9:00 PM (Regular Business Hours),"SahayShakti Corporate Suite: High-trust portfolio, floor-plan downloads, and direct investor inquiry funnel.",HOT (Zero Web Presence / High Revenue),Uncontacted
SST-REAL-ROH-1849,Shiv Mandir,"Real Estate, Legal & Professional Corporate","Rohini Commercial Hub (Near Lat: 28.752, Lon: 77.164)",110085,"Rohini, Delhi",In-Person Walk-in / Listed in Local Market,NO OFFICIAL WEBSITE (High Vulnerability),Rs. 8.0 - 30.0 Lakhs/mo,"Rs. 25,000 - 2,50,000",Senior Partner / Managing Consultant,10:00 AM - 9:00 PM (Regular Business Hours),"SahayShakti Corporate Suite: High-trust portfolio, floor-plan downloads, and direct investor inquiry funnel.",HOT (Zero Web Presence / High Revenue),Uncontacted
SST-REAL-ROH-1850,Social Development Programme,"Real Estate, Legal & Professional Corporate",Bhalswa,110042,"Rohini, Delhi",In-Person Walk-in / Listed in Local Market,NO OFFICIAL WEBSITE (High Vulnerability),Rs. 8.0 - 30.0 Lakhs/mo,"Rs. 25,000 - 2,50,000",Senior Partner / Managing Consultant,10:00 AM - 9:00 PM (Regular Business Hours),"SahayShakti Corporate Suite: High-trust portfolio, floor-plan downloads, and direct investor inquiry funnel.",HOT (Zero Web Presence / High Revenue),Uncontacted
SST-REAL-ROH-1851,Radha Krishna Mandir,"Real Estate, Legal & Professional Corporate","Rohini Commercial Hub (Near Lat: 28.755, Lon: 77.162)",110085,"Rohini, Delhi",In-Person Walk-in / Listed in Local Market,NO OFFICIAL WEBSITE (High Vulnerability),Rs. 8.0 - 30.0 Lakhs/mo,"Rs. 25,000 - 2,50,000",Senior Partner / Managing Consultant,10:00 AM - 9:00 PM (Regular Business Hours),"SahayShakti Corporate Suite: High-trust portfolio, floor-plan downloads, and direct investor inquiry funnel.",HOT (Zero Web Presence / High Revenue),Uncontacted
SST-REAL-ROH-1855,Shiv Mandir,"Real Estate, Legal & Professional Corporate","Rohini Commercial Hub (Near Lat: 28.725, Lon: 77.161)",110085,"Rohini, Delhi",In-Person Walk-in / Listed in Local Market,NO OFFICIAL WEBSITE (High Vulnerability),Rs. 8.0 - 30.0 Lakhs/mo,"Rs. 25,000 - 2,50,000",Senior Partner / Managing Consultant,10:00 AM - 9:00 PM (Regular Business Hours),"SahayShakti Corporate Suite: High-trust portfolio, floor-plan downloads, and direct investor inquiry funnel.",HOT (Zero Web Presence / High Revenue),Uncontacted
SST-REAL-ROH-1861,Bhole Shankar Mandir,"Real Estate, Legal & Professional Corporate","Rohini Commercial Hub (Near Lat: 28.755, Lon: 77.160)",110085,"Rohini, Delhi",In-Person Walk-in / Listed in Local Market,NO OFFICIAL WEBSITE (High Vulnerability),Rs. 8.0 - 30.0 Lakhs/mo,"Rs. 25,000 - 2,50,000",Senior Partner / Managing Consultant,10:00 AM - 9:00 PM (Regular Business Hours),"SahayShakti Corporate Suite: High-trust portfolio, floor-plan downloads, and direct investor inquiry funnel.",HOT (Zero Web Presence / High Revenue),Uncontacted
SST-REAL-ROH-1863,Prem Shiv Mandir,"Real Estate, Legal & Professional Corporate","Rohini Commercial Hub (Near Lat: 28.744, Lon: 77.160)",110085,"Rohini, Delhi",In-Person Walk-in / Listed in Local Market,NO OFFICIAL WEBSITE (High Vulnerability),Rs. 8.0 - 30.0 Lakhs/mo,"Rs. 25,000 - 2,50,000",Senior Partner / Managing Consultant,10:00 AM - 9:00 PM (Regular Business Hours),"SahayShakti Corporate Suite: High-trust portfolio, floor-plan downloads, and direct investor inquiry funnel.",HOT (Zero Web Presence / High Revenue),Uncontacted
SST-REAL-ROH-1866,Registrar Office,"Real Estate, Legal & Professional Corporate","Rohini Commercial Hub (Near Lat: 28.753, Lon: 77.151)",110085,"Rohini, Delhi",In-Person Walk-in / Listed in Local Market,NO OFFICIAL WEBSITE (High Vulnerability),Rs. 8.0 - 30.0 Lakhs/mo,"Rs. 25,000 - 2,50,000",Senior Partner / Managing Consultant,10:00 AM - 9:00 PM (Regular Business Hours),"SahayShakti Corporate Suite: High-trust portfolio, floor-plan downloads, and direct investor inquiry funnel.",HOT (Zero Web Presence / High Revenue),Uncontacted
SST-REAL-ROH-1867,Jai Baliya Baba Sheshnag Mandir,"Real Estate, Legal & Professional Corporate",335/1 Gali Number 8 Bhalaswa Dairy,110042,"Rohini, Delhi",In-Person Walk-in / Listed in Local Market,NO OFFICIAL WEBSITE (High Vulnerability),Rs. 8.0 - 30.0 Lakhs/mo,"Rs. 25,000 - 2,50,000",Senior Partner / Managing Consultant,10:00 AM - 9:00 PM (Regular Business Hours),"SahayShakti Corporate Suite: High-trust portfolio, floor-plan downloads, and direct investor inquiry funnel.",HOT (Zero Web Presence / High Revenue),Uncontacted
SST-REAL-ROH-1869,Rose Petal Vatika,"Real Estate, Legal & Professional Corporate",Swaroop Nagar Pusta Road,110042,"Rohini, Delhi",+91-98101-05699;+91-70653-23486;+91-96548-03026,NO OFFICIAL WEBSITE (High Vulnerability),Rs. 8.0 - 30.0 Lakhs/mo,"Rs. 25,000 - 2,50,000",Senior Partner / Managing Consultant,10:00 AM - 9:00 PM (Regular Business Hours),"SahayShakti Corporate Suite: High-trust portfolio, floor-plan downloads, and direct investor inquiry funnel.",HOT (Zero Web Presence / High Revenue),Uncontacted
SST-REAL-ROH-1870,Rajdhani Properties,"Real Estate, Legal & Professional Corporate",Main Pusta Road,110042,"Rohini, Delhi",+91-98111-77108,NO OFFICIAL WEBSITE (High Vulnerability),Rs. 8.0 - 30.0 Lakhs/mo,"Rs. 25,000 - 2,50,000",Senior Partner / Managing Consultant,10:00 AM - 9:00 PM (Regular Business Hours),"SahayShakti Corporate Suite: High-trust portfolio, floor-plan downloads, and direct investor inquiry funnel.",HOT (Zero Web Presence / High Revenue),Uncontacted
SST-REAL-ROH-1871,RK Saini and Associate,"Real Estate, Legal & Professional Corporate",A-2,110042,"Rohini, Delhi",+91-96509-82916;+91-99105-01500,NO OFFICIAL WEBSITE (High Vulnerability),Rs. 8.0 - 30.0 Lakhs/mo,"Rs. 25,000 - 2,50,000",Senior Partner / Managing Consultant,10:00 AM - 9:00 PM (Regular Business Hours),"SahayShakti Corporate Suite: High-trust portfolio, floor-plan downloads, and direct investor inquiry funnel.",HOT (Zero Web Presence / High Revenue),Uncontacted
SST-REAL-ROH-1872,Hospity Mart,"Real Estate, Legal & Professional Corporate",Tandoor Wali Gali,110085,"Rohini, Delhi",In-Person Walk-in / Listed in Local Market,NO OFFICIAL WEBSITE (High Vulnerability),Rs. 8.0 - 30.0 Lakhs/mo,"Rs. 25,000 - 2,50,000",Senior Partner / Managing Consultant,10:00 AM - 9:00 PM (Regular Business Hours),"SahayShakti Corporate Suite: High-trust portfolio, floor-plan downloads, and direct investor inquiry funnel.",HOT (Zero Web Presence / High Revenue),Uncontacted
SST-REAL-ROH-1873,Lā Mauryā,"Real Estate, Legal & Professional Corporate","Rohini Commercial Hub (Near Lat: 28.724, Lon: 77.163)",110085,"Rohini, Delhi",In-Person Walk-in / Listed in Local Market,NO OFFICIAL WEBSITE (High Vulnerability),Rs. 8.0 - 30.0 Lakhs/mo,"Rs. 25,000 - 2,50,000",Senior Partner / Managing Consultant,10:00 AM - 9:00 PM (Regular Business Hours),"SahayShakti Corporate Suite: High-trust portfolio, floor-plan downloads, and direct investor inquiry funnel.",HOT (Zero Web Presence / High Revenue),Uncontacted
SST-REAL-ROH-1874,Noori Masjid,"Real Estate, Legal & Professional Corporate","Rohini Commercial Hub (Near Lat: 28.746, Lon: 77.161)",110085,"Rohini, Delhi",In-Person Walk-in / Listed in Local Market,NO OFFICIAL WEBSITE (High Vulnerability),Rs. 8.0 - 30.0 Lakhs/mo,"Rs. 25,000 - 2,50,000",Senior Partner / Managing Consultant,10:00 AM - 9:00 PM (Regular Business Hours),"SahayShakti Corporate Suite: High-trust portfolio, floor-plan downloads, and direct investor inquiry funnel.",HOT (Zero Web Presence / High Revenue),Uncontacted
SST-REAL-ROH-1875,Chhat Ghat,"Real Estate, Legal & Professional Corporate","Rohini Commercial Hub (Near Lat: 28.759, Lon: 77.175)",110085,"Rohini, Delhi",In-Person Walk-in / Listed in Local Market,NO OFFICIAL WEBSITE (High Vulnerability),Rs. 8.0 - 30.0 Lakhs/mo,"Rs. 25,000 - 2,50,000",Senior Partner / Managing Consultant,10:00 AM - 9:00 PM (Regular Business Hours),"SahayShakti Corporate Suite: High-trust portfolio, floor-plan downloads, and direct investor inquiry funnel.",HOT (Zero Web Presence / High Revenue),Uncontacted
SST-REAL-ROH-1876,Jai Shri Balaji Mandir,"Real Estate, Legal & Professional Corporate","Rohini Commercial Hub (Near Lat: 28.758, Lon: 77.178)",110085,"Rohini, Delhi",In-Person Walk-in / Listed in Local Market,NO OFFICIAL WEBSITE (High Vulnerability),Rs. 8.0 - 30.0 Lakhs/mo,"Rs. 25,000 - 2,50,000",Senior Partner / Managing Consultant,10:00 AM - 9:00 PM (Regular Business Hours),"SahayShakti Corporate Suite: High-trust portfolio, floor-plan downloads, and direct investor inquiry funnel.",HOT (Zero Web Presence / High Revenue),Uncontacted
SST-REAL-ROH-1877,Vishwa Manav Ruhani Kendra,"Real Estate, Legal & Professional Corporate","Rohini Commercial Hub (Near Lat: 28.745, Lon: 77.165)",110085,"Rohini, Delhi",In-Person Walk-in / Listed in Local Market,NO OFFICIAL WEBSITE (High Vulnerability),Rs. 8.0 - 30.0 Lakhs/mo,"Rs. 25,000 - 2,50,000",Senior Partner / Managing Consultant,10:00 AM - 9:00 PM (Regular Business Hours),"SahayShakti Corporate Suite: High-trust portfolio, floor-plan downloads, and direct investor inquiry funnel.",HOT (Zero Web Presence / High Revenue),Uncontacted
SST-REAL-ROH-1880,Shri Mahavir Digambar Jain Mandir,"Real Estate, Legal & Professional Corporate",80  Rajeev Nagar Extension,110042,"Rohini, Delhi",In-Person Walk-in / Listed in Local Market,NO OFFICIAL WEBSITE (High Vulnerability),Rs. 8.0 - 30.0 Lakhs/mo,"Rs. 25,000 - 2,50,000",Senior Partner / Managing Consultant,10:00 AM - 9:00 PM (Regular Business Hours),"SahayShakti Corporate Suite: High-trust portfolio, floor-plan downloads, and direct investor inquiry funnel.",HOT (Zero Web Presence / High Revenue),Uncontacted
SST-REAL-ROH-1883,Sangam Dharm Kanta,"Real Estate, Legal & Professional Corporate",Gali Number 13A Swaroop Nagar,110085,"Rohini, Delhi",+91-99102-25495,NO OFFICIAL WEBSITE (High Vulnerability),Rs. 8.0 - 30.0 Lakhs/mo,"Rs. 25,000 - 2,50,000",Senior Partner / Managing Consultant,24/7,"SahayShakti Corporate Suite: High-trust portfolio, floor-plan downloads, and direct investor inquiry funnel.",HOT (Zero Web Presence / High Revenue),Uncontacted
SST-REAL-ROH-1884,Kali Mandir,"Real Estate, Legal & Professional Corporate","Rohini Commercial Hub (Near Lat: 28.732, Lon: 77.170)",110085,"Rohini, Delhi",In-Person Walk-in / Listed in Local Market,NO OFFICIAL WEBSITE (High Vulnerability),Rs. 8.0 - 30.0 Lakhs/mo,"Rs. 25,000 - 2,50,000",Senior Partner / Managing Consultant,10:00 AM - 9:00 PM (Regular Business Hours),"SahayShakti Corporate Suite: High-trust portfolio, floor-plan downloads, and direct investor inquiry funnel.",HOT (Zero Web Presence / High Revenue),Uncontacted
SST-REAL-ROH-1886,Fish Market,"Real Estate, Legal & Professional Corporate","Rohini Commercial Hub (Near Lat: 28.728, Lon: 77.172)",110085,"Rohini, Delhi",In-Person Walk-in / Listed in Local Market,NO OFFICIAL WEBSITE (High Vulnerability),Rs. 8.0 - 30.0 Lakhs/mo,"Rs. 25,000 - 2,50,000",Senior Partner / Managing Consultant,"Mo, We-Su 2:30-21:00","SahayShakti Corporate Suite: High-trust portfolio, floor-plan downloads, and direct investor inquiry funnel.",HOT (Zero Web Presence / High Revenue),Uncontacted
SST-REAL-ROH-1887,Param Leela Moksha Dwaar,"Real Estate, Legal & Professional Corporate","Rohini Commercial Hub (Near Lat: 28.712, Lon: 77.177)",110085,"Rohini, Delhi",In-Person Walk-in / Listed in Local Market,NO OFFICIAL WEBSITE (High Vulnerability),Rs. 8.0 - 30.0 Lakhs/mo,"Rs. 25,000 - 2,50,000",Senior Partner / Managing Consultant,10:00 AM - 9:00 PM (Regular Business Hours),"SahayShakti Corporate Suite: High-trust portfolio, floor-plan downloads, and direct investor inquiry funnel.",HOT (Zero Web Presence / High Revenue),Uncontacted
SST-REAL-ROH-1889,Pasco JCB,"Real Estate, Legal & Professional Corporate","Rohini Commercial Hub (Near Lat: 28.768, Lon: 77.145)",110085,"Rohini, Delhi",In-Person Walk-in / Listed in Local Market,NO OFFICIAL WEBSITE (High Vulnerability),Rs. 8.0 - 30.0 Lakhs/mo,"Rs. 25,000 - 2,50,000",Senior Partner / Managing Consultant,10:00 AM - 9:00 PM (Regular Business Hours),"SahayShakti Corporate Suite: High-trust portfolio, floor-plan downloads, and direct investor inquiry funnel.",HOT (Zero Web Presence / High Revenue),Uncontacted
SST-REAL-ROH-1890,VMT Motors,"Real Estate, Legal & Professional Corporate","Rohini Commercial Hub (Near Lat: 28.777, Lon: 77.143)",110085,"Rohini, Delhi",In-Person Walk-in / Listed in Local Market,NO OFFICIAL WEBSITE (High Vulnerability),Rs. 8.0 - 30.0 Lakhs/mo,"Rs. 25,000 - 2,50,000",Senior Partner / Managing Consultant,10:00 AM - 9:00 PM (Regular Business Hours),"SahayShakti Corporate Suite: High-trust portfolio, floor-plan downloads, and direct investor inquiry funnel.",HOT (Zero Web Presence / High Revenue),Uncontacted
SST-REAL-ROH-1891,Department of Social Welfare,"Real Estate, Legal & Professional Corporate","NPS Building, Sector 4, Rohini Delhi",110085,"Rohini, Delhi",In-Person Walk-in / Listed in Local Market,NO OFFICIAL WEBSITE (High Vulnerability),Rs. 8.0 - 30.0 Lakhs/mo,"Rs. 25,000 - 2,50,000",Senior Partner / Managing Consultant,Mo-Fr 10:00-13:00,"SahayShakti Corporate Suite: High-trust portfolio, floor-plan downloads, and direct investor inquiry funnel.",HOT (Zero Web Presence / High Revenue),Uncontacted
SST-REAL-ROH-1892,Pacific Mall,"Real Estate, Legal & Professional Corporate","Rohini Commercial Hub (Near Lat: 28.695, Lon: 77.154)",110085,"Rohini, Delhi",In-Person Walk-in / Listed in Local Market,https://www.pacificmalls.in/nsp,Rs. 8.0 - 30.0 Lakhs/mo,"Rs. 25,000 - 2,50,000",Senior Partner / Managing Consultant,10:00 AM - 9:00 PM (Regular Business Hours),"SahayShakti Corporate Suite: High-trust portfolio, floor-plan downloads, and direct investor inquiry funnel.",Warm (Needs Modern Revamp),Uncontacted
SST-REAL-ROH-1894,Kamala Bakshi Elders Homes Society,"Real Estate, Legal & Professional Corporate","Rohini Commercial Hub (Near Lat: 28.737, Lon: 77.114)",110085,"Rohini, Delhi",+91-99715-39254;+91-93105-66955,NO OFFICIAL WEBSITE (High Vulnerability),Rs. 8.0 - 30.0 Lakhs/mo,"Rs. 25,000 - 2,50,000",Senior Partner / Managing Consultant,10:00 AM - 9:00 PM (Regular Business Hours),"SahayShakti Corporate Suite: High-trust portfolio, floor-plan downloads, and direct investor inquiry funnel.",HOT (Zero Web Presence / High Revenue),Uncontacted
SST-REAL-ROH-1896,Karun Filling Station,"Real Estate, Legal & Professional Corporate",Rohini,110085,"Rohini, Delhi",In-Person Walk-in / Listed in Local Market,NO OFFICIAL WEBSITE (High Vulnerability),Rs. 8.0 - 30.0 Lakhs/mo,"Rs. 25,000 - 2,50,000",Senior Partner / Managing Consultant,10:00 AM - 9:00 PM (Regular Business Hours),"SahayShakti Corporate Suite: High-trust portfolio, floor-plan downloads, and direct investor inquiry funnel.",HOT (Zero Web Presence / High Revenue),Uncontacted
SST-REAL-ROH-1899,Mother Dairy,"Real Estate, Legal & Professional Corporate","Rohini Commercial Hub (Near Lat: 28.736, Lon: 77.107)",110085,"Rohini, Delhi",In-Person Walk-in / Listed in Local Market,NO OFFICIAL WEBSITE (High Vulnerability),Rs. 8.0 - 30.0 Lakhs/mo,"Rs. 25,000 - 2,50,000",Senior Partner / Managing Consultant,Mo-Su 5:30-13:00 14:00-22:00,"SahayShakti Corporate Suite: High-trust portfolio, floor-plan downloads, and direct investor inquiry funnel.",HOT (Zero Web Presence / High Revenue),Uncontacted
SST-REAL-ROH-1901,Movie Time,"Real Estate, Legal & Professional Corporate","Rohini Commercial Hub (Near Lat: 28.706, Lon: 77.143)",110085,"Rohini, Delhi",In-Person Walk-in / Listed in Local Market,NO OFFICIAL WEBSITE (High Vulnerability),Rs. 8.0 - 30.0 Lakhs/mo,"Rs. 25,000 - 2,50,000",Senior Partner / Managing Consultant,10:00 AM - 9:00 PM (Regular Business Hours),"SahayShakti Corporate Suite: High-trust portfolio, floor-plan downloads, and direct investor inquiry funnel.",HOT (Zero Web Presence / High Revenue),Uncontacted
SST-REAL-ROH-1903,Shri Balaji Mandir,"Real Estate, Legal & Professional Corporate","Rohini Commercial Hub (Near Lat: 28.738, Lon: 77.110)",110085,"Rohini, Delhi",In-Person Walk-in / Listed in Local Market,NO OFFICIAL WEBSITE (High Vulnerability),Rs. 8.0 - 30.0 Lakhs/mo,"Rs. 25,000 - 2,50,000",Senior Partner / Managing Consultant,10:00 AM - 9:00 PM (Regular Business Hours),"SahayShakti Corporate Suite: High-trust portfolio, floor-plan downloads, and direct investor inquiry funnel.",HOT (Zero Web Presence / High Revenue),Uncontacted
SST-REAL-ROH-1907,The Green Aura By Shakti Tents,"Real Estate, Legal & Professional Corporate","Sector 10 Japnese Park, Rohini",110085,"Rohini, Delhi",In-Person Walk-in / Listed in Local Market,https://weds.guru/pro/greenaura/,Rs. 8.0 - 30.0 Lakhs/mo,"Rs. 25,000 - 2,50,000",Senior Partner / Managing Consultant,10:00 AM - 9:00 PM (Regular Business Hours),"SahayShakti Corporate Suite: High-trust portfolio, floor-plan downloads, and direct investor inquiry funnel.",Warm (Needs Modern Revamp),Uncontacted
SST-REAL-ROH-1908,Grand Moments By JMD Tents,"Real Estate, Legal & Professional Corporate","Rohini Commercial Hub (Near Lat: 28.731, Lon: 77.119)",110085,"Rohini, Delhi",In-Person Walk-in / Listed in Local Market,https://weds.guru/pro/jmd,Rs. 8.0 - 30.0 Lakhs/mo,"Rs. 25,000 - 2,50,000",Senior Partner / Managing Consultant,10:00 AM - 9:00 PM (Regular Business Hours),"SahayShakti Corporate Suite: High-trust portfolio, floor-plan downloads, and direct investor inquiry funnel.",Warm (Needs Modern Revamp),Uncontacted
SST-REAL-ROH-1909,The Golden By Shakti Tents,"Real Estate, Legal & Professional Corporate","Rohini Commercial Hub (Near Lat: 28.730, Lon: 77.119)",110085,"Rohini, Delhi",In-Person Walk-in / Listed in Local Market,https://weds.guru/pro/golden,Rs. 8.0 - 30.0 Lakhs/mo,"Rs. 25,000 - 2,50,000",Senior Partner / Managing Consultant,10:00 AM - 9:00 PM (Regular Business Hours),"SahayShakti Corporate Suite: High-trust portfolio, floor-plan downloads, and direct investor inquiry funnel.",Warm (Needs Modern Revamp),Uncontacted
SST-REAL-ROH-1910,Saawariya Seth Tents,"Real Estate, Legal & Professional Corporate","Rohini Commercial Hub (Near Lat: 28.729, Lon: 77.119)",110085,"Rohini, Delhi",In-Person Walk-in / Listed in Local Market,https://weds.guru/pro/saawariya,Rs. 8.0 - 30.0 Lakhs/mo,"Rs. 25,000 - 2,50,000",Senior Partner / Managing Consultant,10:00 AM - 9:00 PM (Regular Business Hours),"SahayShakti Corporate Suite: High-trust portfolio, floor-plan downloads, and direct investor inquiry funnel.",Warm (Needs Modern Revamp),Uncontacted
SST-REAL-ROH-1911,Aura Bhawan,"Real Estate, Legal & Professional Corporate",BU Block outer Ring Road Pitampura,110085,"Rohini, Delhi",In-Person Walk-in / Listed in Local Market,https://weds.guru/pro/aura/,Rs. 8.0 - 30.0 Lakhs/mo,"Rs. 25,000 - 2,50,000",Senior Partner / Managing Consultant,10:00 AM - 9:00 PM (Regular Business Hours),"SahayShakti Corporate Suite: High-trust portfolio, floor-plan downloads, and direct investor inquiry funnel.",Warm (Needs Modern Revamp),Uncontacted
SST-REAL-ROH-1914,SR Royal Kingdom,"Real Estate, Legal & Professional Corporate",Haiderpur Mor Metro Station,110088,"Rohini, Delhi",In-Person Walk-in / Listed in Local Market,https://weds.guru/pro/royalkingdom/,Rs. 8.0 - 30.0 Lakhs/mo,"Rs. 25,000 - 2,50,000",Senior Partner / Managing Consultant,10:00 AM - 9:00 PM (Regular Business Hours),"SahayShakti Corporate Suite: High-trust portfolio, floor-plan downloads, and direct investor inquiry funnel.",Warm (Needs Modern Revamp),Uncontacted
SST-REAL-ROH-1915,Weds Guru,"Real Estate, Legal & Professional Corporate",E1/41 Rohini Sector 16 North West Delhi,110089,"Rohini, Delhi",+918181812352,https://weds.guru,Rs. 8.0 - 30.0 Lakhs/mo,"Rs. 25,000 - 2,50,000",Senior Partner / Managing Consultant,10:00 AM - 9:00 PM (Regular Business Hours),"SahayShakti Corporate Suite: High-trust portfolio, floor-plan downloads, and direct investor inquiry funnel.",Warm (Needs Modern Revamp),Uncontacted
SST-REAL-ROH-1920,Babosa Mandir,"Real Estate, Legal & Professional Corporate","Rohini Commercial Hub (Near Lat: 28.729, Lon: 77.091)",110085,"Rohini, Delhi",In-Person Walk-in / Listed in Local Market,NO OFFICIAL WEBSITE (High Vulnerability),Rs. 8.0 - 30.0 Lakhs/mo,"Rs. 25,000 - 2,50,000",Senior Partner / Managing Consultant,10:00 AM - 9:00 PM (Regular Business Hours),"SahayShakti Corporate Suite: High-trust portfolio, floor-plan downloads, and direct investor inquiry funnel.",HOT (Zero Web Presence / High Revenue),Uncontacted
SST-REAL-ROH-1921,Goodwill Plaza,"Real Estate, Legal & Professional Corporate","Rohini Commercial Hub (Near Lat: 28.722, Lon: 77.136)",110085,"Rohini, Delhi",In-Person Walk-in / Listed in Local Market,NO OFFICIAL WEBSITE (High Vulnerability),Rs. 8.0 - 30.0 Lakhs/mo,"Rs. 25,000 - 2,50,000",Senior Partner / Managing Consultant,"""Depends on shop-to-shop basis""","SahayShakti Corporate Suite: High-trust portfolio, floor-plan downloads, and direct investor inquiry funnel.",HOT (Zero Web Presence / High Revenue),Uncontacted
SST-REAL-ROH-1922,DDA Market,"Real Estate, Legal & Professional Corporate","Rohini Commercial Hub (Near Lat: 28.724, Lon: 77.128)",110085,"Rohini, Delhi",In-Person Walk-in / Listed in Local Market,NO OFFICIAL WEBSITE (High Vulnerability),Rs. 8.0 - 30.0 Lakhs/mo,"Rs. 25,000 - 2,50,000",Senior Partner / Managing Consultant,10:00 AM - 9:00 PM (Regular Business Hours),"SahayShakti Corporate Suite: High-trust portfolio, floor-plan downloads, and direct investor inquiry funnel.",HOT (Zero Web Presence / High Revenue),Uncontacted
SST-REAL-ROH-1923,Admin,"Real Estate, Legal & Professional Corporate","Rohini Commercial Hub (Near Lat: 28.727, Lon: 77.087)",110085,"Rohini, Delhi",In-Person Walk-in / Listed in Local Market,NO OFFICIAL WEBSITE (High Vulnerability),Rs. 8.0 - 30.0 Lakhs/mo,"Rs. 25,000 - 2,50,000",Senior Partner / Managing Consultant,10:00 AM - 9:00 PM (Regular Business Hours),"SahayShakti Corporate Suite: High-trust portfolio, floor-plan downloads, and direct investor inquiry funnel.",HOT (Zero Web Presence / High Revenue),Uncontacted
SST-REAL-ROH-1929,Raj Soin Hall,"Real Estate, Legal & Professional Corporate","Rohini Commercial Hub (Near Lat: 28.751, Lon: 77.114)",110085,"Rohini, Delhi",In-Person Walk-in / Listed in Local Market,NO OFFICIAL WEBSITE (High Vulnerability),Rs. 8.0 - 30.0 Lakhs/mo,"Rs. 25,000 - 2,50,000",Senior Partner / Managing Consultant,10:00 AM - 9:00 PM (Regular Business Hours),"SahayShakti Corporate Suite: High-trust portfolio, floor-plan downloads, and direct investor inquiry funnel.",HOT (Zero Web Presence / High Revenue),Uncontacted
SST-REAL-ROH-1932,Tanishq,"Real Estate, Legal & Professional Corporate","Rohini Commercial Hub (Near Lat: 28.703, Lon: 77.116)",110085,"Rohini, Delhi",In-Person Walk-in / Listed in Local Market,NO OFFICIAL WEBSITE (High Vulnerability),Rs. 8.0 - 30.0 Lakhs/mo,"Rs. 25,000 - 2,50,000",Senior Partner / Managing Consultant,10:00 AM - 9:00 PM (Regular Business Hours),"SahayShakti Corporate Suite: High-trust portfolio, floor-plan downloads, and direct investor inquiry funnel.",HOT (Zero Web Presence / High Revenue),Uncontacted
SST-REAL-ROH-1933,Gram Devta Sri Dada Mandu,"Real Estate, Legal & Professional Corporate","Rohini Commercial Hub (Near Lat: 28.738, Lon: 77.036)",110085,"Rohini, Delhi",In-Person Walk-in / Listed in Local Market,NO OFFICIAL WEBSITE (High Vulnerability),Rs. 8.0 - 30.0 Lakhs/mo,"Rs. 25,000 - 2,50,000",Senior Partner / Managing Consultant,10:00 AM - 9:00 PM (Regular Business Hours),"SahayShakti Corporate Suite: High-trust portfolio, floor-plan downloads, and direct investor inquiry funnel.",HOT (Zero Web Presence / High Revenue),Uncontacted
SST-REAL-ROH-1938,Sector-16,"Real Estate, Legal & Professional Corporate","Rohini Commercial Hub (Near Lat: 28.744, Lon: 77.124)",110085,"Rohini, Delhi",In-Person Walk-in / Listed in Local Market,NO OFFICIAL WEBSITE (High Vulnerability),Rs. 8.0 - 30.0 Lakhs/mo,"Rs. 25,000 - 2,50,000",Senior Partner / Managing Consultant,10:00 AM - 9:00 PM (Regular Business Hours),"SahayShakti Corporate Suite: High-trust portfolio, floor-plan downloads, and direct investor inquiry funnel.",HOT (Zero Web Presence / High Revenue),Uncontacted
SST-REAL-ROH-1939,R Cube Monad,"Real Estate, Legal & Professional Corporate","Rohini Commercial Hub (Near Lat: 28.703, Lon: 77.131)",110085,"Rohini, Delhi",In-Person Walk-in / Listed in Local Market,NO OFFICIAL WEBSITE (High Vulnerability),Rs. 8.0 - 30.0 Lakhs/mo,"Rs. 25,000 - 2,50,000",Senior Partner / Managing Consultant,10:00 AM - 9:00 PM (Regular Business Hours),"SahayShakti Corporate Suite: High-trust portfolio, floor-plan downloads, and direct investor inquiry funnel.",HOT (Zero Web Presence / High Revenue),Uncontacted
SST-REAL-ROH-1940,Unity One Elegante,"Real Estate, Legal & Professional Corporate","Rohini Commercial Hub (Near Lat: 28.695, Lon: 77.153)",110085,"Rohini, Delhi",In-Person Walk-in / Listed in Local Market,NO OFFICIAL WEBSITE (High Vulnerability),Rs. 8.0 - 30.0 Lakhs/mo,"Rs. 25,000 - 2,50,000",Senior Partner / Managing Consultant,10:00 AM - 9:00 PM (Regular Business Hours),"SahayShakti Corporate Suite: High-trust portfolio, floor-plan downloads, and direct investor inquiry funnel.",HOT (Zero Web Presence / High Revenue),Uncontacted
SST-REAL-ROH-1948,DMSWSL,"Real Estate, Legal & Professional Corporate","Rohini Commercial Hub (Near Lat: 28.722, Lon: 77.177)",110085,"Rohini, Delhi",1800114243,NO OFFICIAL WEBSITE (High Vulnerability),Rs. 8.0 - 30.0 Lakhs/mo,"Rs. 25,000 - 2,50,000",Senior Partner / Managing Consultant,10:00 AM - 9:00 PM (Regular Business Hours),"SahayShakti Corporate Suite: High-trust portfolio, floor-plan downloads, and direct investor inquiry funnel.",HOT (Zero Web Presence / High Revenue),Uncontacted
SST-REAL-ROH-1952,Bhalswa Lake Boating Point,"Real Estate, Legal & Professional Corporate","Rohini Commercial Hub (Near Lat: 28.742, Lon: 77.172)",110085,"Rohini, Delhi",In-Person Walk-in / Listed in Local Market,NO OFFICIAL WEBSITE (High Vulnerability),Rs. 8.0 - 30.0 Lakhs/mo,"Rs. 25,000 - 2,50,000",Senior Partner / Managing Consultant,Mo-Sa 08:00-20:00,"SahayShakti Corporate Suite: High-trust portfolio, floor-plan downloads, and direct investor inquiry funnel.",HOT (Zero Web Presence / High Revenue),Uncontacted
SST-REAL-ROH-1953,ICICI Bank,"Real Estate, Legal & Professional Corporate","Rohini Commercial Hub (Near Lat: 28.749, Lon: 77.119)",110085,"Rohini, Delhi",In-Person Walk-in / Listed in Local Market,NO OFFICIAL WEBSITE (High Vulnerability),Rs. 8.0 - 30.0 Lakhs/mo,"Rs. 25,000 - 2,50,000",Senior Partner / Managing Consultant,10:00 AM - 9:00 PM (Regular Business Hours),"SahayShakti Corporate Suite: High-trust portfolio, floor-plan downloads, and direct investor inquiry funnel.",HOT (Zero Web Presence / High Revenue),Uncontacted
