Lead_ID,Business_Name,Category,Sub_Specialization,Exact_Physical_Address,City_Region,Est_Monthly_Revenue,Avg_Ticket_Size,Current_Website_Status,Decision_Maker,SahayShakti_Pitch_Hook,Lead_Priority,Outreach_Status
SST-COUTURE-001,Inaya Couture Designer Bridal Studio,"Branded Clothing, Custom Boutiques & Bridal Wear",High-End Bridal Lehengas & Gowns,"Pitampura Main Road / Kapil Vihar, Delhi - 110034",Pitampura / Rani Bagh / Rohini Commercial Hubs,Rs. 15.0 - 40.0 Lakhs/mo,"Rs. 35,000 - 2,50,000",NO DEDICATED E-COMMERCE / LOOKBOOK WEBSITE,Fashion Designer / Boutique Founder,"Pitch 'SahayShakti Couture & Lookbook Suite': Interactive bridal lookbook, video showcase for designer lehengas, custom measurements booking, and direct UPI token deposit system.",HOT (High Demand Bridal & Festive Client Base),Uncontacted
SST-COUTURE-002,Studio Samridhi Sarees & Couture,"Branded Clothing, Custom Boutiques & Bridal Wear",Designer Bridal Sarees & Indo-Western,"Kapil Vihar, Pitampura, Delhi - 110034",Pitampura / Rani Bagh / Rohini Commercial Hubs,Rs. 12.0 - 35.0 Lakhs/mo,"Rs. 20,000 - 1,50,000",NO DEDICATED E-COMMERCE / LOOKBOOK WEBSITE,Fashion Designer / Boutique Founder,"Pitch 'SahayShakti Couture & Lookbook Suite': Interactive bridal lookbook, video showcase for designer lehengas, custom measurements booking, and direct UPI token deposit system.",HOT (High Demand Bridal & Festive Client Base),Uncontacted
SST-COUTURE-003,Rakhi and Tarak Designer Studio,"Branded Clothing, Custom Boutiques & Bridal Wear",Custom Wedding Ensembles & Sherwanis,"Pitampura Commercial Complex, Delhi - 110034",Pitampura / Rani Bagh / Rohini Commercial Hubs,Rs. 16.0 - 45.0 Lakhs/mo,"Rs. 30,000 - 2,00,000",NO DEDICATED E-COMMERCE / LOOKBOOK WEBSITE,Fashion Designer / Boutique Founder,"Pitch 'SahayShakti Couture & Lookbook Suite': Interactive bridal lookbook, video showcase for designer lehengas, custom measurements booking, and direct UPI token deposit system.",HOT (High Demand Bridal & Festive Client Base),Uncontacted
SST-COUTURE-004,New Kumars The Designer Studio,"Branded Clothing, Custom Boutiques & Bridal Wear","Ethnic Wear, Lehengas & Kurti Sets","Near Rani Bagh / Pitampura Road, Delhi - 110034",Pitampura / Rani Bagh / Rohini Commercial Hubs,Rs. 14.0 - 38.0 Lakhs/mo,"Rs. 15,000 - 1,20,000",NO DEDICATED E-COMMERCE / LOOKBOOK WEBSITE,Fashion Designer / Boutique Founder,"Pitch 'SahayShakti Couture & Lookbook Suite': Interactive bridal lookbook, video showcase for designer lehengas, custom measurements booking, and direct UPI token deposit system.",HOT (High Demand Bridal & Festive Client Base),Uncontacted
SST-COUTURE-005,Vastrachowk Custom Ethnic Hub,"Branded Clothing, Custom Boutiques & Bridal Wear",Customized Lehengas & Festive Outfits,"Rani Bagh Main Market, Delhi - 110034",Pitampura / Rani Bagh / Rohini Commercial Hubs,Rs. 10.0 - 28.0 Lakhs/mo,"Rs. 12,000 - 95,000",NO DEDICATED E-COMMERCE / LOOKBOOK WEBSITE,Fashion Designer / Boutique Founder,"Pitch 'SahayShakti Couture & Lookbook Suite': Interactive bridal lookbook, video showcase for designer lehengas, custom measurements booking, and direct UPI token deposit system.",HOT (High Demand Bridal & Festive Client Base),Uncontacted
SST-COUTURE-006,Apnaa Darzi Custom Tailoring & Boutique,"Branded Clothing, Custom Boutiques & Bridal Wear",Doorstep Custom Tailoring & Designer Cuts,"Rani Bagh Market, Delhi - 110034",Pitampura / Rani Bagh / Rohini Commercial Hubs,Rs. 8.0 - 22.0 Lakhs/mo,"Rs. 3,500 - 45,000",NO DEDICATED E-COMMERCE / LOOKBOOK WEBSITE,Fashion Designer / Boutique Founder,"Pitch 'SahayShakti Couture & Lookbook Suite': Interactive bridal lookbook, video showcase for designer lehengas, custom measurements booking, and direct UPI token deposit system.",HOT (High Demand Bridal & Festive Client Base),Uncontacted
SST-COUTURE-007,Raja Ram & Sons Bridal & Ethnic Hub,"Branded Clothing, Custom Boutiques & Bridal Wear",Vibrant Occasion Lehengas & Sarees,"Rani Bagh Main Market, Delhi - 110034",Pitampura / Rani Bagh / Rohini Commercial Hubs,Rs. 18.0 - 50.0 Lakhs/mo,"Rs. 25,000 - 1,80,000",NO DEDICATED E-COMMERCE / LOOKBOOK WEBSITE,Fashion Designer / Boutique Founder,"Pitch 'SahayShakti Couture & Lookbook Suite': Interactive bridal lookbook, video showcase for designer lehengas, custom measurements booking, and direct UPI token deposit system.",HOT (High Demand Bridal & Festive Client Base),Uncontacted
SST-COUTURE-008,Femina Designer Studio & Tailors,"Branded Clothing, Custom Boutiques & Bridal Wear",Custom Stitching & Designer Blouses,"Rohit Kunj / Rani Bagh, Delhi - 110034",Pitampura / Rani Bagh / Rohini Commercial Hubs,Rs. 7.5 - 20.0 Lakhs/mo,"Rs. 5,000 - 40,000",NO DEDICATED E-COMMERCE / LOOKBOOK WEBSITE,Fashion Designer / Boutique Founder,"Pitch 'SahayShakti Couture & Lookbook Suite': Interactive bridal lookbook, video showcase for designer lehengas, custom measurements booking, and direct UPI token deposit system.",HOT (High Demand Bridal & Festive Client Base),Uncontacted
SST-COUTURE-009,Chhabra 555 Rani Bagh Exclusive,"Branded Clothing, Custom Boutiques & Bridal Wear",Bridal Lehengas & Silk Sarees,"Rani Bagh Market, Delhi - 110034",Pitampura / Rani Bagh / Rohini Commercial Hubs,Rs. 20.0 - 55.0 Lakhs/mo,"Rs. 20,000 - 2,00,000",NO DEDICATED E-COMMERCE / LOOKBOOK WEBSITE,Fashion Designer / Boutique Founder,"Pitch 'SahayShakti Couture & Lookbook Suite': Interactive bridal lookbook, video showcase for designer lehengas, custom measurements booking, and direct UPI token deposit system.",HOT (High Demand Bridal & Festive Client Base),Uncontacted
SST-COUTURE-010,Bombay Selections Pitampura,"Branded Clothing, Custom Boutiques & Bridal Wear",Luxury Bridal Wear & Suits,"Kapil Vihar, Pitampura, Delhi - 110034",Pitampura / Rani Bagh / Rohini Commercial Hubs,Rs. 25.0 - 70.0 Lakhs/mo,"Rs. 18,000 - 2,20,000",NO DEDICATED E-COMMERCE / LOOKBOOK WEBSITE,Fashion Designer / Boutique Founder,"Pitch 'SahayShakti Couture & Lookbook Suite': Interactive bridal lookbook, video showcase for designer lehengas, custom measurements booking, and direct UPI token deposit system.",HOT (High Demand Bridal & Festive Client Base),Uncontacted
SST-COUTURE-011,Odhni Ethnic & Bridal Wear,"Branded Clothing, Custom Boutiques & Bridal Wear",Traditional Designer Sarees & Lehengas,"Pitampura / Nishant Kunj, Delhi - 110034",Pitampura / Rani Bagh / Rohini Commercial Hubs,Rs. 30.0 - 85.0 Lakhs/mo,"Rs. 25,000 - 3,00,000",NO DEDICATED E-COMMERCE / LOOKBOOK WEBSITE,Fashion Designer / Boutique Founder,"Pitch 'SahayShakti Couture & Lookbook Suite': Interactive bridal lookbook, video showcase for designer lehengas, custom measurements booking, and direct UPI token deposit system.",HOT (High Demand Bridal & Festive Client Base),Uncontacted
SST-COUTURE-012,Pari Designer Boutique Sector 7,"Branded Clothing, Custom Boutiques & Bridal Wear","Custom Gowns, Suits & Embroidery","Sector 7 Market, Rohini, Delhi - 110085",Pitampura / Rani Bagh / Rohini Commercial Hubs,Rs. 6.5 - 18.0 Lakhs/mo,"Rs. 4,000 - 35,000",NO DEDICATED E-COMMERCE / LOOKBOOK WEBSITE,Fashion Designer / Boutique Founder,"Pitch 'SahayShakti Couture & Lookbook Suite': Interactive bridal lookbook, video showcase for designer lehengas, custom measurements booking, and direct UPI token deposit system.",HOT (High Demand Bridal & Festive Client Base),Uncontacted
SST-COUTURE-013,Kavita Bridal Couture Sector 8,"Branded Clothing, Custom Boutiques & Bridal Wear","Bridal Outfits, Custom Drape Sarees","Sector 8 Main Market, Rohini, Delhi - 110085",Pitampura / Rani Bagh / Rohini Commercial Hubs,Rs. 8.0 - 24.0 Lakhs/mo,"Rs. 8,000 - 75,000",NO DEDICATED E-COMMERCE / LOOKBOOK WEBSITE,Fashion Designer / Boutique Founder,"Pitch 'SahayShakti Couture & Lookbook Suite': Interactive bridal lookbook, video showcase for designer lehengas, custom measurements booking, and direct UPI token deposit system.",HOT (High Demand Bridal & Festive Client Base),Uncontacted
SST-COUTURE-014,Ritu Wears Boutique & Custom Studio,"Branded Clothing, Custom Boutiques & Bridal Wear","Designer Kurtis, Gowns & Indo-Western","Sector 9 Commercial Complex, Rohini - 110085",Pitampura / Rani Bagh / Rohini Commercial Hubs,Rs. 9.0 - 26.0 Lakhs/mo,"Rs. 6,000 - 50,000",NO DEDICATED E-COMMERCE / LOOKBOOK WEBSITE,Fashion Designer / Boutique Founder,"Pitch 'SahayShakti Couture & Lookbook Suite': Interactive bridal lookbook, video showcase for designer lehengas, custom measurements booking, and direct UPI token deposit system.",HOT (High Demand Bridal & Festive Client Base),Uncontacted
SST-COUTURE-015,The Royal Thread Custom Men's Suits,"Branded Clothing, Custom Boutiques & Bridal Wear","Bespoke Tuxedos, Sherwanis & Blazers","Sector 14 Prashant Vihar, Rohini - 110085",Pitampura / Rani Bagh / Rohini Commercial Hubs,Rs. 11.0 - 32.0 Lakhs/mo,"Rs. 15,000 - 1,10,000",NO DEDICATED E-COMMERCE / LOOKBOOK WEBSITE,Fashion Designer / Boutique Founder,"Pitch 'SahayShakti Couture & Lookbook Suite': Interactive bridal lookbook, video showcase for designer lehengas, custom measurements booking, and direct UPI token deposit system.",HOT (High Demand Bridal & Festive Client Base),Uncontacted
SST-COUTURE-016,Mehak Designer Studio Sector 11,"Branded Clothing, Custom Boutiques & Bridal Wear",Handcrafted Lehengas & Anarkalis,"Sector 11 G3S Mall Area, Rohini - 110085",Pitampura / Rani Bagh / Rohini Commercial Hubs,Rs. 7.0 - 19.0 Lakhs/mo,"Rs. 5,500 - 48,000",NO DEDICATED E-COMMERCE / LOOKBOOK WEBSITE,Fashion Designer / Boutique Founder,"Pitch 'SahayShakti Couture & Lookbook Suite': Interactive bridal lookbook, video showcase for designer lehengas, custom measurements booking, and direct UPI token deposit system.",HOT (High Demand Bridal & Festive Client Base),Uncontacted
SST-COUTURE-017,Gulati Sarees & Bridal Studio,"Branded Clothing, Custom Boutiques & Bridal Wear","Silk Sarees, Bridal Dupattas & Suits","Sector 15 Market, Rohini - 110089",Pitampura / Rani Bagh / Rohini Commercial Hubs,Rs. 10.0 - 30.0 Lakhs/mo,"Rs. 8,000 - 85,000",NO DEDICATED E-COMMERCE / LOOKBOOK WEBSITE,Fashion Designer / Boutique Founder,"Pitch 'SahayShakti Couture & Lookbook Suite': Interactive bridal lookbook, video showcase for designer lehengas, custom measurements booking, and direct UPI token deposit system.",HOT (High Demand Bridal & Festive Client Base),Uncontacted
SST-COUTURE-018,Shree Ganesh Designer Fabrics & Tailoring,"Branded Clothing, Custom Boutiques & Bridal Wear",Wholesale Fabrics & Custom Bridal Karigari,"Mangolpuri Textile Market Hub, Delhi - 110083",Pitampura / Rani Bagh / Rohini Commercial Hubs,Rs. 16.0 - 45.0 Lakhs/mo,"Rs. 10,000 - 90,000",NO DEDICATED E-COMMERCE / LOOKBOOK WEBSITE,Fashion Designer / Boutique Founder,"Pitch 'SahayShakti Couture & Lookbook Suite': Interactive bridal lookbook, video showcase for designer lehengas, custom measurements booking, and direct UPI token deposit system.",HOT (High Demand Bridal & Festive Client Base),Uncontacted
SST-COUTURE-019,Manav Tailors & Bespoke Suits,"Branded Clothing, Custom Boutiques & Bridal Wear",High-End Suit Stitching & Safari Suits,"Sector 7 Market, Rohini, Delhi - 110085",Pitampura / Rani Bagh / Rohini Commercial Hubs,Rs. 6.0 - 16.0 Lakhs/mo,"Rs. 4,500 - 35,000",NO DEDICATED E-COMMERCE / LOOKBOOK WEBSITE,Fashion Designer / Boutique Founder,"Pitch 'SahayShakti Couture & Lookbook Suite': Interactive bridal lookbook, video showcase for designer lehengas, custom measurements booking, and direct UPI token deposit system.",HOT (High Demand Bridal & Festive Client Base),Uncontacted
SST-COUTURE-020,Aanchal Bridal Studio & Boutique,"Branded Clothing, Custom Boutiques & Bridal Wear","Custom Lehengas, Trousseau & Gowns","Sector 24 Market, Rohini, Delhi - 110085",Pitampura / Rani Bagh / Rohini Commercial Hubs,Rs. 7.5 - 21.0 Lakhs/mo,"Rs. 6,000 - 60,000",NO DEDICATED E-COMMERCE / LOOKBOOK WEBSITE,Fashion Designer / Boutique Founder,"Pitch 'SahayShakti Couture & Lookbook Suite': Interactive bridal lookbook, video showcase for designer lehengas, custom measurements booking, and direct UPI token deposit system.",HOT (High Demand Bridal & Festive Client Base),Uncontacted
SST-OSM-CLOTH-0001,Pyare Lal Ashok Leyland,"Branded Clothing, Custom Boutiques & Bridal Wear",Custom Apparel / Tailoring Shop / Custom Studio,"Rohini / North-West Commercial Belt (Lat: 28.779, Lon: 77.143)",Rohini / Pitampura / Rani Bagh,Rs. 6.0 - 22.0 Lakhs/mo,"Rs. 3,500 - 45,000",NO OFFICIAL WEBSITE,Boutique Owner / Senior Master Tailor,"Pitch 'SahayShakti Glamour Suite': Mobile catalog, online custom order booking, and direct Instagram-to-WhatsApp client conversion funnel.",HOT (Zero Web Presence),Uncontacted
SST-OSM-CLOTH-0002,Matta Sports,"Branded Clothing, Custom Boutiques & Bridal Wear",Sports Shop / Custom Studio,"Rohini / North-West Commercial Belt (Lat: 28.685, Lon: 77.130)",Rohini / Pitampura / Rani Bagh,Rs. 6.0 - 22.0 Lakhs/mo,"Rs. 3,500 - 45,000",NO OFFICIAL WEBSITE,Boutique Owner / Senior Master Tailor,"Pitch 'SahayShakti Glamour Suite': Mobile catalog, online custom order booking, and direct Instagram-to-WhatsApp client conversion funnel.",HOT (Zero Web Presence),Uncontacted
SST-OSM-CLOTH-0003,Westside,"Branded Clothing, Custom Boutiques & Bridal Wear",Clothes Shop / Custom Studio,"Rohini / North-West Commercial Belt (Lat: 28.651, Lon: 77.121)",Rohini / Pitampura / Rani Bagh,Rs. 6.0 - 22.0 Lakhs/mo,"Rs. 3,500 - 45,000",NO OFFICIAL WEBSITE,Boutique Owner / Senior Master Tailor,"Pitch 'SahayShakti Glamour Suite': Mobile catalog, online custom order booking, and direct Instagram-to-WhatsApp client conversion funnel.",HOT (Zero Web Presence),Uncontacted
SST-OSM-CLOTH-0004,Singla Garments,"Branded Clothing, Custom Boutiques & Bridal Wear",Clothes Shop / Custom Studio,"Rohini / North-West Commercial Belt (Lat: 28.739, Lon: 77.125)",Rohini / Pitampura / Rani Bagh,Rs. 6.0 - 22.0 Lakhs/mo,"Rs. 3,500 - 45,000",NO OFFICIAL WEBSITE,Boutique Owner / Senior Master Tailor,"Pitch 'SahayShakti Glamour Suite': Mobile catalog, online custom order booking, and direct Instagram-to-WhatsApp client conversion funnel.",HOT (Zero Web Presence),Uncontacted
SST-OSM-CLOTH-0005,The Rock Gym,"Branded Clothing, Custom Boutiques & Bridal Wear",Custom Apparel / Tailoring Shop / Custom Studio,"Rohini / North-West Commercial Belt (Lat: 28.737, Lon: 77.125)",Rohini / Pitampura / Rani Bagh,Rs. 6.0 - 22.0 Lakhs/mo,"Rs. 3,500 - 45,000",NO OFFICIAL WEBSITE,Boutique Owner / Senior Master Tailor,"Pitch 'SahayShakti Glamour Suite': Mobile catalog, online custom order booking, and direct Instagram-to-WhatsApp client conversion funnel.",HOT (Zero Web Presence),Uncontacted
SST-OSM-CLOTH-0006,Anytime Fitness,"Branded Clothing, Custom Boutiques & Bridal Wear",Custom Apparel / Tailoring Shop / Custom Studio,"Rohini / North-West Commercial Belt (Lat: 28.719, Lon: 77.110)",Rohini / Pitampura / Rani Bagh,Rs. 6.0 - 22.0 Lakhs/mo,"Rs. 3,500 - 45,000",NO OFFICIAL WEBSITE,Boutique Owner / Senior Master Tailor,"Pitch 'SahayShakti Glamour Suite': Mobile catalog, online custom order booking, and direct Instagram-to-WhatsApp client conversion funnel.",HOT (Zero Web Presence),Uncontacted
SST-OSM-CLOTH-0007,Sunny Jewellers,"Branded Clothing, Custom Boutiques & Bridal Wear",Jewelry Shop / Custom Studio,"Rohini / North-West Commercial Belt (Lat: 28.652, Lon: 77.096)",Rohini / Pitampura / Rani Bagh,Rs. 6.0 - 22.0 Lakhs/mo,"Rs. 3,500 - 45,000",NO OFFICIAL WEBSITE,Boutique Owner / Senior Master Tailor,"Pitch 'SahayShakti Glamour Suite': Mobile catalog, online custom order booking, and direct Instagram-to-WhatsApp client conversion funnel.",HOT (Zero Web Presence),Uncontacted
SST-OSM-CLOTH-0008,Baldev Raj Jewellers,"Branded Clothing, Custom Boutiques & Bridal Wear",Jewelry Shop / Custom Studio,"Rohini / North-West Commercial Belt (Lat: 28.652, Lon: 77.096)",Rohini / Pitampura / Rani Bagh,Rs. 6.0 - 22.0 Lakhs/mo,"Rs. 3,500 - 45,000",NO OFFICIAL WEBSITE,Boutique Owner / Senior Master Tailor,"Pitch 'SahayShakti Glamour Suite': Mobile catalog, online custom order booking, and direct Instagram-to-WhatsApp client conversion funnel.",HOT (Zero Web Presence),Uncontacted
SST-OSM-CLOTH-0009,Gems India,"Branded Clothing, Custom Boutiques & Bridal Wear",Jewelry Shop / Custom Studio,"Rohini / North-West Commercial Belt (Lat: 28.719, Lon: 77.110)",Rohini / Pitampura / Rani Bagh,Rs. 6.0 - 22.0 Lakhs/mo,"Rs. 3,500 - 45,000",NO OFFICIAL WEBSITE,Boutique Owner / Senior Master Tailor,"Pitch 'SahayShakti Glamour Suite': Mobile catalog, online custom order booking, and direct Instagram-to-WhatsApp client conversion funnel.",HOT (Zero Web Presence),Uncontacted
SST-OSM-CLOTH-0010,Diamond Palace Jewellers,"Branded Clothing, Custom Boutiques & Bridal Wear",Jewelry Shop / Custom Studio,"Rohini / North-West Commercial Belt (Lat: 28.701, Lon: 77.136)",Rohini / Pitampura / Rani Bagh,Rs. 6.0 - 22.0 Lakhs/mo,"Rs. 3,500 - 45,000",NO OFFICIAL WEBSITE,Boutique Owner / Senior Master Tailor,"Pitch 'SahayShakti Glamour Suite': Mobile catalog, online custom order booking, and direct Instagram-to-WhatsApp client conversion funnel.",HOT (Zero Web Presence),Uncontacted
SST-OSM-CLOTH-0011,जगर्नॉट फ़िट्नेस क्लब,"Branded Clothing, Custom Boutiques & Bridal Wear",Custom Apparel / Tailoring Shop / Custom Studio,"Rohini / North-West Commercial Belt (Lat: 28.681, Lon: 77.177)",Rohini / Pitampura / Rani Bagh,Rs. 6.0 - 22.0 Lakhs/mo,"Rs. 3,500 - 45,000",NO OFFICIAL WEBSITE,Boutique Owner / Senior Master Tailor,"Pitch 'SahayShakti Glamour Suite': Mobile catalog, online custom order booking, and direct Instagram-to-WhatsApp client conversion funnel.",HOT (Zero Web Presence),Uncontacted
SST-OSM-CLOTH-0012,Max,"Branded Clothing, Custom Boutiques & Bridal Wear",Clothes Shop / Custom Studio,"Rohini / North-West Commercial Belt (Lat: 28.717, Lon: 77.114)",Rohini / Pitampura / Rani Bagh,Rs. 6.0 - 22.0 Lakhs/mo,"Rs. 3,500 - 45,000",https://www.maxfashion.in/,Boutique Owner / Senior Master Tailor,"Pitch 'SahayShakti Glamour Suite': Mobile catalog, online custom order booking, and direct Instagram-to-WhatsApp client conversion funnel.",HOT (Zero Web Presence),Uncontacted
SST-OSM-CLOTH-0013,Max,"Branded Clothing, Custom Boutiques & Bridal Wear",Clothes Shop / Custom Studio,"Rohini / North-West Commercial Belt (Lat: 28.657, Lon: 77.146)",Rohini / Pitampura / Rani Bagh,Rs. 6.0 - 22.0 Lakhs/mo,"Rs. 3,500 - 45,000",https://www.maxfashion.in/,Boutique Owner / Senior Master Tailor,"Pitch 'SahayShakti Glamour Suite': Mobile catalog, online custom order booking, and direct Instagram-to-WhatsApp client conversion funnel.",HOT (Zero Web Presence),Uncontacted
SST-OSM-CLOTH-0014,fabindia,"Branded Clothing, Custom Boutiques & Bridal Wear",Clothes Shop / Custom Studio,"Rohini / North-West Commercial Belt (Lat: 28.700, Lon: 77.136)",Rohini / Pitampura / Rani Bagh,Rs. 6.0 - 22.0 Lakhs/mo,"Rs. 3,500 - 45,000",https://www.fabindia.com/,Boutique Owner / Senior Master Tailor,"Pitch 'SahayShakti Glamour Suite': Mobile catalog, online custom order booking, and direct Instagram-to-WhatsApp client conversion funnel.",HOT (Zero Web Presence),Uncontacted
SST-OSM-CLOTH-0015,Fabindia,"Branded Clothing, Custom Boutiques & Bridal Wear",Clothes Shop / Custom Studio,"Rohini / North-West Commercial Belt (Lat: 28.661, Lon: 77.088)",Rohini / Pitampura / Rani Bagh,Rs. 6.0 - 22.0 Lakhs/mo,"Rs. 3,500 - 45,000",https://www.fabindia.com/,Boutique Owner / Senior Master Tailor,"Pitch 'SahayShakti Glamour Suite': Mobile catalog, online custom order booking, and direct Instagram-to-WhatsApp client conversion funnel.",HOT (Zero Web Presence),Uncontacted
SST-OSM-CLOTH-0016,Fabindia,"Branded Clothing, Custom Boutiques & Bridal Wear",Clothes Shop / Custom Studio,"Rohini / North-West Commercial Belt (Lat: 28.709, Lon: 77.135)",Rohini / Pitampura / Rani Bagh,Rs. 6.0 - 22.0 Lakhs/mo,"Rs. 3,500 - 45,000",https://www.fabindia.com/,Boutique Owner / Senior Master Tailor,"Pitch 'SahayShakti Glamour Suite': Mobile catalog, online custom order booking, and direct Instagram-to-WhatsApp client conversion funnel.",HOT (Zero Web Presence),Uncontacted
SST-OSM-CLOTH-0017,Nikhar Jewellery,"Branded Clothing, Custom Boutiques & Bridal Wear",Jewelry Shop / Custom Studio,"Rohini / North-West Commercial Belt (Lat: 28.694, Lon: 77.172)",Rohini / Pitampura / Rani Bagh,Rs. 6.0 - 22.0 Lakhs/mo,"Rs. 3,500 - 45,000",NO OFFICIAL WEBSITE,Boutique Owner / Senior Master Tailor,"Pitch 'SahayShakti Glamour Suite': Mobile catalog, online custom order booking, and direct Instagram-to-WhatsApp client conversion funnel.",HOT (Zero Web Presence),Uncontacted
SST-OSM-CLOTH-0018,Fitholic Gym,"Branded Clothing, Custom Boutiques & Bridal Wear",Custom Apparel / Tailoring Shop / Custom Studio,"Rohini / North-West Commercial Belt (Lat: 28.680, Lon: 77.089)",Rohini / Pitampura / Rani Bagh,Rs. 6.0 - 22.0 Lakhs/mo,"Rs. 3,500 - 45,000",NO OFFICIAL WEBSITE,Boutique Owner / Senior Master Tailor,"Pitch 'SahayShakti Glamour Suite': Mobile catalog, online custom order booking, and direct Instagram-to-WhatsApp client conversion funnel.",HOT (Zero Web Presence),Uncontacted
SST-OSM-CLOTH-0019,Sunita Tailor,"Branded Clothing, Custom Boutiques & Bridal Wear",Tailor Shop / Custom Studio,"Rohini / North-West Commercial Belt (Lat: 28.688, Lon: 77.186)",Rohini / Pitampura / Rani Bagh,Rs. 6.0 - 22.0 Lakhs/mo,"Rs. 3,500 - 45,000",NO OFFICIAL WEBSITE,Boutique Owner / Senior Master Tailor,"Pitch 'SahayShakti Glamour Suite': Mobile catalog, online custom order booking, and direct Instagram-to-WhatsApp client conversion funnel.",HOT (Zero Web Presence),Uncontacted
SST-OSM-CLOTH-0020,Colors,"Branded Clothing, Custom Boutiques & Bridal Wear",Clothes Shop / Custom Studio,"Rohini / North-West Commercial Belt (Lat: 28.688, Lon: 77.184)",Rohini / Pitampura / Rani Bagh,Rs. 6.0 - 22.0 Lakhs/mo,"Rs. 3,500 - 45,000",NO OFFICIAL WEBSITE,Boutique Owner / Senior Master Tailor,"Pitch 'SahayShakti Glamour Suite': Mobile catalog, online custom order booking, and direct Instagram-to-WhatsApp client conversion funnel.",HOT (Zero Web Presence),Uncontacted
SST-OSM-CLOTH-0021,Mittal Atta Chakki,"Branded Clothing, Custom Boutiques & Bridal Wear",Wholesale Shop / Custom Studio,"Rohini / North-West Commercial Belt (Lat: 28.690, Lon: 77.160)",Rohini / Pitampura / Rani Bagh,Rs. 6.0 - 22.0 Lakhs/mo,"Rs. 3,500 - 45,000",NO OFFICIAL WEBSITE,Boutique Owner / Senior Master Tailor,"Pitch 'SahayShakti Glamour Suite': Mobile catalog, online custom order booking, and direct Instagram-to-WhatsApp client conversion funnel.",HOT (Zero Web Presence),Uncontacted
SST-OSM-CLOTH-0022,Many Selection,"Branded Clothing, Custom Boutiques & Bridal Wear",Clothes Shop / Custom Studio,"Rohini / North-West Commercial Belt (Lat: 28.728, Lon: 77.170)",Rohini / Pitampura / Rani Bagh,Rs. 6.0 - 22.0 Lakhs/mo,"Rs. 3,500 - 45,000",NO OFFICIAL WEBSITE,Boutique Owner / Senior Master Tailor,"Pitch 'SahayShakti Glamour Suite': Mobile catalog, online custom order booking, and direct Instagram-to-WhatsApp client conversion funnel.",HOT (Zero Web Presence),Uncontacted
SST-OSM-CLOTH-0023,Sai Kambal House,"Branded Clothing, Custom Boutiques & Bridal Wear",Tailor Shop / Custom Studio,"Rohini / North-West Commercial Belt (Lat: 28.725, Lon: 77.170)",Rohini / Pitampura / Rani Bagh,Rs. 6.0 - 22.0 Lakhs/mo,"Rs. 3,500 - 45,000",NO OFFICIAL WEBSITE,Boutique Owner / Senior Master Tailor,"Pitch 'SahayShakti Glamour Suite': Mobile catalog, online custom order booking, and direct Instagram-to-WhatsApp client conversion funnel.",HOT (Zero Web Presence),Uncontacted
SST-OSM-CLOTH-0024,Mohammad Fahad Bangles,"Branded Clothing, Custom Boutiques & Bridal Wear",Jewelry Shop / Custom Studio,"Rohini / North-West Commercial Belt (Lat: 28.730, Lon: 77.175)",Rohini / Pitampura / Rani Bagh,Rs. 6.0 - 22.0 Lakhs/mo,"Rs. 3,500 - 45,000",NO OFFICIAL WEBSITE,Boutique Owner / Senior Master Tailor,"Pitch 'SahayShakti Glamour Suite': Mobile catalog, online custom order booking, and direct Instagram-to-WhatsApp client conversion funnel.",HOT (Zero Web Presence),Uncontacted
SST-OSM-CLOTH-0025,Unique Collection,"Branded Clothing, Custom Boutiques & Bridal Wear",Tailor Shop / Custom Studio,"Rohini / North-West Commercial Belt (Lat: 28.727, Lon: 77.171)",Rohini / Pitampura / Rani Bagh,Rs. 6.0 - 22.0 Lakhs/mo,"Rs. 3,500 - 45,000",NO OFFICIAL WEBSITE,Boutique Owner / Senior Master Tailor,"Pitch 'SahayShakti Glamour Suite': Mobile catalog, online custom order booking, and direct Instagram-to-WhatsApp client conversion funnel.",HOT (Zero Web Presence),Uncontacted
SST-OSM-CLOTH-0026,Meenu Jewellers,"Branded Clothing, Custom Boutiques & Bridal Wear",Jewelry Shop / Custom Studio,"Rohini / North-West Commercial Belt (Lat: 28.730, Lon: 77.170)",Rohini / Pitampura / Rani Bagh,Rs. 6.0 - 22.0 Lakhs/mo,"Rs. 3,500 - 45,000",NO OFFICIAL WEBSITE,Boutique Owner / Senior Master Tailor,"Pitch 'SahayShakti Glamour Suite': Mobile catalog, online custom order booking, and direct Instagram-to-WhatsApp client conversion funnel.",HOT (Zero Web Presence),Uncontacted
SST-OSM-CLOTH-0027,New Style Tailors,"Branded Clothing, Custom Boutiques & Bridal Wear",Tailor Shop / Custom Studio,"Rohini / North-West Commercial Belt (Lat: 28.730, Lon: 77.164)",Rohini / Pitampura / Rani Bagh,Rs. 6.0 - 22.0 Lakhs/mo,"Rs. 3,500 - 45,000",NO OFFICIAL WEBSITE,Boutique Owner / Senior Master Tailor,"Pitch 'SahayShakti Glamour Suite': Mobile catalog, online custom order booking, and direct Instagram-to-WhatsApp client conversion funnel.",HOT (Zero Web Presence),Uncontacted
SST-OSM-CLOTH-0028,Ravi Garments,"Branded Clothing, Custom Boutiques & Bridal Wear",Clothes Shop / Custom Studio,"Rohini / North-West Commercial Belt (Lat: 28.730, Lon: 77.164)",Rohini / Pitampura / Rani Bagh,Rs. 6.0 - 22.0 Lakhs/mo,"Rs. 3,500 - 45,000",NO OFFICIAL WEBSITE,Boutique Owner / Senior Master Tailor,"Pitch 'SahayShakti Glamour Suite': Mobile catalog, online custom order booking, and direct Instagram-to-WhatsApp client conversion funnel.",HOT (Zero Web Presence),Uncontacted
SST-OSM-CLOTH-0029,Sethi Cloth House,"Branded Clothing, Custom Boutiques & Bridal Wear",Fabric Shop / Custom Studio,"Rohini / North-West Commercial Belt (Lat: 28.730, Lon: 77.164)",Rohini / Pitampura / Rani Bagh,Rs. 6.0 - 22.0 Lakhs/mo,"Rs. 3,500 - 45,000",NO OFFICIAL WEBSITE,Boutique Owner / Senior Master Tailor,"Pitch 'SahayShakti Glamour Suite': Mobile catalog, online custom order booking, and direct Instagram-to-WhatsApp client conversion funnel.",HOT (Zero Web Presence),Uncontacted
SST-OSM-CLOTH-0030,Bhola Jewellers,"Branded Clothing, Custom Boutiques & Bridal Wear",Jewelry Shop / Custom Studio,"Rohini / North-West Commercial Belt (Lat: 28.730, Lon: 77.164)",Rohini / Pitampura / Rani Bagh,Rs. 6.0 - 22.0 Lakhs/mo,"Rs. 3,500 - 45,000",NO OFFICIAL WEBSITE,Boutique Owner / Senior Master Tailor,"Pitch 'SahayShakti Glamour Suite': Mobile catalog, online custom order booking, and direct Instagram-to-WhatsApp client conversion funnel.",HOT (Zero Web Presence),Uncontacted
SST-OSM-CLOTH-0031,Jai Ma Santoshi Tailor,"Branded Clothing, Custom Boutiques & Bridal Wear",Tailor Shop / Custom Studio,"Rohini / North-West Commercial Belt (Lat: 28.730, Lon: 77.164)",Rohini / Pitampura / Rani Bagh,Rs. 6.0 - 22.0 Lakhs/mo,"Rs. 3,500 - 45,000",NO OFFICIAL WEBSITE,Boutique Owner / Senior Master Tailor,"Pitch 'SahayShakti Glamour Suite': Mobile catalog, online custom order booking, and direct Instagram-to-WhatsApp client conversion funnel.",HOT (Zero Web Presence),Uncontacted
SST-OSM-CLOTH-0032,Raj Tailors,"Branded Clothing, Custom Boutiques & Bridal Wear",Tailor Shop / Custom Studio,"Rohini / North-West Commercial Belt (Lat: 28.732, Lon: 77.169)",Rohini / Pitampura / Rani Bagh,Rs. 6.0 - 22.0 Lakhs/mo,"Rs. 3,500 - 45,000",NO OFFICIAL WEBSITE,Boutique Owner / Senior Master Tailor,"Pitch 'SahayShakti Glamour Suite': Mobile catalog, online custom order booking, and direct Instagram-to-WhatsApp client conversion funnel.",HOT (Zero Web Presence),Uncontacted
SST-OSM-CLOTH-0033,Fashion Club,"Branded Clothing, Custom Boutiques & Bridal Wear",Clothes Shop / Custom Studio,"Rohini / North-West Commercial Belt (Lat: 28.722, Lon: 77.169)",Rohini / Pitampura / Rani Bagh,Rs. 6.0 - 22.0 Lakhs/mo,"Rs. 3,500 - 45,000",NO OFFICIAL WEBSITE,Boutique Owner / Senior Master Tailor,"Pitch 'SahayShakti Glamour Suite': Mobile catalog, online custom order booking, and direct Instagram-to-WhatsApp client conversion funnel.",HOT (Zero Web Presence),Uncontacted
SST-OSM-CLOTH-0034,Champion Unisex Gym,"Branded Clothing, Custom Boutiques & Bridal Wear",Custom Apparel / Tailoring Shop / Custom Studio,"Rohini / North-West Commercial Belt (Lat: 28.722, Lon: 77.169)",Rohini / Pitampura / Rani Bagh,Rs. 6.0 - 22.0 Lakhs/mo,"Rs. 3,500 - 45,000",NO OFFICIAL WEBSITE,Boutique Owner / Senior Master Tailor,"Pitch 'SahayShakti Glamour Suite': Mobile catalog, online custom order booking, and direct Instagram-to-WhatsApp client conversion funnel.",HOT (Zero Web Presence),Uncontacted
SST-OSM-CLOTH-0035,Fashion Club,"Branded Clothing, Custom Boutiques & Bridal Wear",Clothes Shop / Custom Studio,"Rohini / North-West Commercial Belt (Lat: 28.722, Lon: 77.169)",Rohini / Pitampura / Rani Bagh,Rs. 6.0 - 22.0 Lakhs/mo,"Rs. 3,500 - 45,000",NO OFFICIAL WEBSITE,Boutique Owner / Senior Master Tailor,"Pitch 'SahayShakti Glamour Suite': Mobile catalog, online custom order booking, and direct Instagram-to-WhatsApp client conversion funnel.",HOT (Zero Web Presence),Uncontacted
SST-OSM-CLOTH-0036,The New Gym,"Branded Clothing, Custom Boutiques & Bridal Wear",Custom Apparel / Tailoring Shop / Custom Studio,"Rohini / North-West Commercial Belt (Lat: 28.722, Lon: 77.168)",Rohini / Pitampura / Rani Bagh,Rs. 6.0 - 22.0 Lakhs/mo,"Rs. 3,500 - 45,000",NO OFFICIAL WEBSITE,Boutique Owner / Senior Master Tailor,"Pitch 'SahayShakti Glamour Suite': Mobile catalog, online custom order booking, and direct Instagram-to-WhatsApp client conversion funnel.",HOT (Zero Web Presence),Uncontacted
SST-OSM-CLOTH-0037,Rameshwari Cloth House,"Branded Clothing, Custom Boutiques & Bridal Wear",Fabric Shop / Custom Studio,"Rohini / North-West Commercial Belt (Lat: 28.722, Lon: 77.170)",Rohini / Pitampura / Rani Bagh,Rs. 6.0 - 22.0 Lakhs/mo,"Rs. 3,500 - 45,000",NO OFFICIAL WEBSITE,Boutique Owner / Senior Master Tailor,"Pitch 'SahayShakti Glamour Suite': Mobile catalog, online custom order booking, and direct Instagram-to-WhatsApp client conversion funnel.",HOT (Zero Web Presence),Uncontacted
SST-OSM-CLOTH-0038,Jain Selection,"Branded Clothing, Custom Boutiques & Bridal Wear",Clothes Shop / Custom Studio,"Rohini / North-West Commercial Belt (Lat: 28.723, Lon: 77.166)",Rohini / Pitampura / Rani Bagh,Rs. 6.0 - 22.0 Lakhs/mo,"Rs. 3,500 - 45,000",NO OFFICIAL WEBSITE,Boutique Owner / Senior Master Tailor,"Pitch 'SahayShakti Glamour Suite': Mobile catalog, online custom order booking, and direct Instagram-to-WhatsApp client conversion funnel.",HOT (Zero Web Presence),Uncontacted
SST-OSM-CLOTH-0039,Selection Garments,"Branded Clothing, Custom Boutiques & Bridal Wear",Clothes Shop / Custom Studio,"Rohini / North-West Commercial Belt (Lat: 28.730, Lon: 77.166)",Rohini / Pitampura / Rani Bagh,Rs. 6.0 - 22.0 Lakhs/mo,"Rs. 3,500 - 45,000",NO OFFICIAL WEBSITE,Boutique Owner / Senior Master Tailor,"Pitch 'SahayShakti Glamour Suite': Mobile catalog, online custom order booking, and direct Instagram-to-WhatsApp client conversion funnel.",HOT (Zero Web Presence),Uncontacted
SST-OSM-CLOTH-0040,Hare Krishna Traders Ramgarh,"Branded Clothing, Custom Boutiques & Bridal Wear",Wholesale Shop / Custom Studio,"Rohini / North-West Commercial Belt (Lat: 28.728, Lon: 77.162)",Rohini / Pitampura / Rani Bagh,Rs. 6.0 - 22.0 Lakhs/mo,"Rs. 3,500 - 45,000",NO OFFICIAL WEBSITE,Boutique Owner / Senior Master Tailor,"Pitch 'SahayShakti Glamour Suite': Mobile catalog, online custom order booking, and direct Instagram-to-WhatsApp client conversion funnel.",HOT (Zero Web Presence),Uncontacted
SST-OSM-CLOTH-0041,Mohammad Yusuf,"Branded Clothing, Custom Boutiques & Bridal Wear",Tailor Shop / Custom Studio,"Rohini / North-West Commercial Belt (Lat: 28.718, Lon: 77.175)",Rohini / Pitampura / Rani Bagh,Rs. 6.0 - 22.0 Lakhs/mo,"Rs. 3,500 - 45,000",NO OFFICIAL WEBSITE,Boutique Owner / Senior Master Tailor,"Pitch 'SahayShakti Glamour Suite': Mobile catalog, online custom order booking, and direct Instagram-to-WhatsApp client conversion funnel.",HOT (Zero Web Presence),Uncontacted
SST-OSM-CLOTH-0042,SK Tailors,"Branded Clothing, Custom Boutiques & Bridal Wear",Tailor Shop / Custom Studio,"Rohini / North-West Commercial Belt (Lat: 28.714, Lon: 77.178)",Rohini / Pitampura / Rani Bagh,Rs. 6.0 - 22.0 Lakhs/mo,"Rs. 3,500 - 45,000",NO OFFICIAL WEBSITE,Boutique Owner / Senior Master Tailor,"Pitch 'SahayShakti Glamour Suite': Mobile catalog, online custom order booking, and direct Instagram-to-WhatsApp client conversion funnel.",HOT (Zero Web Presence),Uncontacted
SST-OSM-CLOTH-0043,Fitness Hub,"Branded Clothing, Custom Boutiques & Bridal Wear",Custom Apparel / Tailoring Shop / Custom Studio,"Rohini / North-West Commercial Belt (Lat: 28.741, Lon: 77.133)",Rohini / Pitampura / Rani Bagh,Rs. 6.0 - 22.0 Lakhs/mo,"Rs. 3,500 - 45,000",NO OFFICIAL WEBSITE,Boutique Owner / Senior Master Tailor,"Pitch 'SahayShakti Glamour Suite': Mobile catalog, online custom order booking, and direct Instagram-to-WhatsApp client conversion funnel.",HOT (Zero Web Presence),Uncontacted
SST-OSM-CLOTH-0044,Xpose Fitness,"Branded Clothing, Custom Boutiques & Bridal Wear",Custom Apparel / Tailoring Shop / Custom Studio,"Rohini / North-West Commercial Belt (Lat: 28.743, Lon: 77.132)",Rohini / Pitampura / Rani Bagh,Rs. 6.0 - 22.0 Lakhs/mo,"Rs. 3,500 - 45,000",NO OFFICIAL WEBSITE,Boutique Owner / Senior Master Tailor,"Pitch 'SahayShakti Glamour Suite': Mobile catalog, online custom order booking, and direct Instagram-to-WhatsApp client conversion funnel.",HOT (Zero Web Presence),Uncontacted
SST-OSM-CLOTH-0045,ORBITE SOCKS,"Branded Clothing, Custom Boutiques & Bridal Wear",Clothes Shop / Custom Studio,"Rohini / North-West Commercial Belt (Lat: 28.742, Lon: 77.133)",Rohini / Pitampura / Rani Bagh,Rs. 6.0 - 22.0 Lakhs/mo,"Rs. 3,500 - 45,000",NO OFFICIAL WEBSITE,Boutique Owner / Senior Master Tailor,"Pitch 'SahayShakti Glamour Suite': Mobile catalog, online custom order booking, and direct Instagram-to-WhatsApp client conversion funnel.",HOT (Zero Web Presence),Uncontacted
SST-OSM-CLOTH-0046,Sadgi Boutique,"Branded Clothing, Custom Boutiques & Bridal Wear",Clothes Shop / Custom Studio,"Rohini / North-West Commercial Belt (Lat: 28.742, Lon: 77.133)",Rohini / Pitampura / Rani Bagh,Rs. 6.0 - 22.0 Lakhs/mo,"Rs. 3,500 - 45,000",NO OFFICIAL WEBSITE,Boutique Owner / Senior Master Tailor,"Pitch 'SahayShakti Glamour Suite': Mobile catalog, online custom order booking, and direct Instagram-to-WhatsApp client conversion funnel.",HOT (Zero Web Presence),Uncontacted
SST-OSM-CLOTH-0047,Tofiq Sons,"Branded Clothing, Custom Boutiques & Bridal Wear",Tailor Shop / Custom Studio,"Rohini / North-West Commercial Belt (Lat: 28.715, Lon: 77.177)",Rohini / Pitampura / Rani Bagh,Rs. 6.0 - 22.0 Lakhs/mo,"Rs. 3,500 - 45,000",NO OFFICIAL WEBSITE,Boutique Owner / Senior Master Tailor,"Pitch 'SahayShakti Glamour Suite': Mobile catalog, online custom order booking, and direct Instagram-to-WhatsApp client conversion funnel.",HOT (Zero Web Presence),Uncontacted
SST-OSM-CLOTH-0048,Afshana Boutique,"Branded Clothing, Custom Boutiques & Bridal Wear",Clothes Shop / Custom Studio,"Rohini / North-West Commercial Belt (Lat: 28.754, Lon: 77.162)",Rohini / Pitampura / Rani Bagh,Rs. 6.0 - 22.0 Lakhs/mo,"Rs. 3,500 - 45,000",NO OFFICIAL WEBSITE,Boutique Owner / Senior Master Tailor,"Pitch 'SahayShakti Glamour Suite': Mobile catalog, online custom order booking, and direct Instagram-to-WhatsApp client conversion funnel.",HOT (Zero Web Presence),Uncontacted
SST-OSM-CLOTH-0049,M/s Sunny Store,"Branded Clothing, Custom Boutiques & Bridal Wear",Wholesale Shop / Custom Studio,"Rohini / North-West Commercial Belt (Lat: 28.726, Lon: 77.174)",Rohini / Pitampura / Rani Bagh,Rs. 6.0 - 22.0 Lakhs/mo,"Rs. 3,500 - 45,000",NO OFFICIAL WEBSITE,Boutique Owner / Senior Master Tailor,"Pitch 'SahayShakti Glamour Suite': Mobile catalog, online custom order booking, and direct Instagram-to-WhatsApp client conversion funnel.",HOT (Zero Web Presence),Uncontacted
SST-OSM-CLOTH-0050,Dynamic Fitness & Crossfit,"Branded Clothing, Custom Boutiques & Bridal Wear",Custom Apparel / Tailoring Shop / Custom Studio,"Rohini / North-West Commercial Belt (Lat: 28.721, Lon: 77.177)",Rohini / Pitampura / Rani Bagh,Rs. 6.0 - 22.0 Lakhs/mo,"Rs. 3,500 - 45,000",NO OFFICIAL WEBSITE,Boutique Owner / Senior Master Tailor,"Pitch 'SahayShakti Glamour Suite': Mobile catalog, online custom order booking, and direct Instagram-to-WhatsApp client conversion funnel.",HOT (Zero Web Presence),Uncontacted
SST-OSM-CLOTH-0051,Jaipur Diamond,"Branded Clothing, Custom Boutiques & Bridal Wear",Tailor Shop / Custom Studio,"Rohini / North-West Commercial Belt (Lat: 28.723, Lon: 77.169)",Rohini / Pitampura / Rani Bagh,Rs. 6.0 - 22.0 Lakhs/mo,"Rs. 3,500 - 45,000",NO OFFICIAL WEBSITE,Boutique Owner / Senior Master Tailor,"Pitch 'SahayShakti Glamour Suite': Mobile catalog, online custom order booking, and direct Instagram-to-WhatsApp client conversion funnel.",HOT (Zero Web Presence),Uncontacted
SST-OSM-CLOTH-0052,New Simran Tailors,"Branded Clothing, Custom Boutiques & Bridal Wear",Tailor Shop / Custom Studio,"Rohini / North-West Commercial Belt (Lat: 28.723, Lon: 77.169)",Rohini / Pitampura / Rani Bagh,Rs. 6.0 - 22.0 Lakhs/mo,"Rs. 3,500 - 45,000",NO OFFICIAL WEBSITE,Boutique Owner / Senior Master Tailor,"Pitch 'SahayShakti Glamour Suite': Mobile catalog, online custom order booking, and direct Instagram-to-WhatsApp client conversion funnel.",HOT (Zero Web Presence),Uncontacted
SST-OSM-CLOTH-0053,g for gym,"Branded Clothing, Custom Boutiques & Bridal Wear",Custom Apparel / Tailoring Shop / Custom Studio,"Rohini / North-West Commercial Belt (Lat: 28.741, Lon: 77.133)",Rohini / Pitampura / Rani Bagh,Rs. 6.0 - 22.0 Lakhs/mo,"Rs. 3,500 - 45,000",NO OFFICIAL WEBSITE,Boutique Owner / Senior Master Tailor,"Pitch 'SahayShakti Glamour Suite': Mobile catalog, online custom order booking, and direct Instagram-to-WhatsApp client conversion funnel.",HOT (Zero Web Presence),Uncontacted
SST-OSM-CLOTH-0054,RC Enterprises,"Branded Clothing, Custom Boutiques & Bridal Wear",Wholesale Shop / Custom Studio,"Rohini / North-West Commercial Belt (Lat: 28.746, Lon: 77.160)",Rohini / Pitampura / Rani Bagh,Rs. 6.0 - 22.0 Lakhs/mo,"Rs. 3,500 - 45,000",NO OFFICIAL WEBSITE,Boutique Owner / Senior Master Tailor,"Pitch 'SahayShakti Glamour Suite': Mobile catalog, online custom order booking, and direct Instagram-to-WhatsApp client conversion funnel.",HOT (Zero Web Presence),Uncontacted
SST-OSM-CLOTH-0055,Vijay Footwear,"Branded Clothing, Custom Boutiques & Bridal Wear",Shoes Shop / Custom Studio,"Rohini / North-West Commercial Belt (Lat: 28.746, Lon: 77.160)",Rohini / Pitampura / Rani Bagh,Rs. 6.0 - 22.0 Lakhs/mo,"Rs. 3,500 - 45,000",NO OFFICIAL WEBSITE,Boutique Owner / Senior Master Tailor,"Pitch 'SahayShakti Glamour Suite': Mobile catalog, online custom order booking, and direct Instagram-to-WhatsApp client conversion funnel.",HOT (Zero Web Presence),Uncontacted
SST-OSM-CLOTH-0056,Hansraj and Sons,"Branded Clothing, Custom Boutiques & Bridal Wear",Custom Apparel / Tailoring Shop / Custom Studio,"Rohini / North-West Commercial Belt (Lat: 28.744, Lon: 77.154)",Rohini / Pitampura / Rani Bagh,Rs. 6.0 - 22.0 Lakhs/mo,"Rs. 3,500 - 45,000",NO OFFICIAL WEBSITE,Boutique Owner / Senior Master Tailor,"Pitch 'SahayShakti Glamour Suite': Mobile catalog, online custom order booking, and direct Instagram-to-WhatsApp client conversion funnel.",HOT (Zero Web Presence),Uncontacted
SST-OSM-CLOTH-0057,Family Fitness Gym,"Branded Clothing, Custom Boutiques & Bridal Wear",Custom Apparel / Tailoring Shop / Custom Studio,"Rohini / North-West Commercial Belt (Lat: 28.751, Lon: 77.160)",Rohini / Pitampura / Rani Bagh,Rs. 6.0 - 22.0 Lakhs/mo,"Rs. 3,500 - 45,000",NO OFFICIAL WEBSITE,Boutique Owner / Senior Master Tailor,"Pitch 'SahayShakti Glamour Suite': Mobile catalog, online custom order booking, and direct Instagram-to-WhatsApp client conversion funnel.",HOT (Zero Web Presence),Uncontacted
SST-OSM-CLOTH-0058,Jockey,"Branded Clothing, Custom Boutiques & Bridal Wear",Clothes Shop / Custom Studio,"Rohini / North-West Commercial Belt (Lat: 28.731, Lon: 77.087)",Rohini / Pitampura / Rani Bagh,Rs. 6.0 - 22.0 Lakhs/mo,"Rs. 3,500 - 45,000",NO OFFICIAL WEBSITE,Boutique Owner / Senior Master Tailor,"Pitch 'SahayShakti Glamour Suite': Mobile catalog, online custom order booking, and direct Instagram-to-WhatsApp client conversion funnel.",HOT (Zero Web Presence),Uncontacted
SST-OSM-CLOTH-0059,Decathlon,"Branded Clothing, Custom Boutiques & Bridal Wear",Sports Shop / Custom Studio,"Rohini / North-West Commercial Belt (Lat: 28.724, Lon: 77.113)",Rohini / Pitampura / Rani Bagh,Rs. 6.0 - 22.0 Lakhs/mo,"Rs. 3,500 - 45,000",NO OFFICIAL WEBSITE,Boutique Owner / Senior Master Tailor,"Pitch 'SahayShakti Glamour Suite': Mobile catalog, online custom order booking, and direct Instagram-to-WhatsApp client conversion funnel.",HOT (Zero Web Presence),Uncontacted
SST-OSM-CLOTH-0060,Himalayan Engineering Services,"Branded Clothing, Custom Boutiques & Bridal Wear",Custom Apparel / Tailoring Shop / Custom Studio,"Rohini / North-West Commercial Belt (Lat: 28.748, Lon: 77.165)",Rohini / Pitampura / Rani Bagh,Rs. 6.0 - 22.0 Lakhs/mo,"Rs. 3,500 - 45,000",NO OFFICIAL WEBSITE,Boutique Owner / Senior Master Tailor,"Pitch 'SahayShakti Glamour Suite': Mobile catalog, online custom order booking, and direct Instagram-to-WhatsApp client conversion funnel.",HOT (Zero Web Presence),Uncontacted
SST-OSM-CLOTH-0061,Mahira Designer Boutique,"Branded Clothing, Custom Boutiques & Bridal Wear",Tailor Shop / Custom Studio,"Rohini / North-West Commercial Belt (Lat: 28.717, Lon: 77.175)",Rohini / Pitampura / Rani Bagh,Rs. 6.0 - 22.0 Lakhs/mo,"Rs. 3,500 - 45,000",NO OFFICIAL WEBSITE,Boutique Owner / Senior Master Tailor,"Pitch 'SahayShakti Glamour Suite': Mobile catalog, online custom order booking, and direct Instagram-to-WhatsApp client conversion funnel.",HOT (Zero Web Presence),Uncontacted
SST-OSM-CLOTH-0062,Only Brands,"Branded Clothing, Custom Boutiques & Bridal Wear",Shoes Shop / Custom Studio,"Rohini / North-West Commercial Belt (Lat: 28.716, Lon: 77.174)",Rohini / Pitampura / Rani Bagh,Rs. 6.0 - 22.0 Lakhs/mo,"Rs. 3,500 - 45,000",NO OFFICIAL WEBSITE,Boutique Owner / Senior Master Tailor,"Pitch 'SahayShakti Glamour Suite': Mobile catalog, online custom order booking, and direct Instagram-to-WhatsApp client conversion funnel.",HOT (Zero Web Presence),Uncontacted
SST-OSM-CLOTH-0063,Hustle 365 Gym,"Branded Clothing, Custom Boutiques & Bridal Wear",Custom Apparel / Tailoring Shop / Custom Studio,"Rohini / North-West Commercial Belt (Lat: 28.716, Lon: 77.174)",Rohini / Pitampura / Rani Bagh,Rs. 6.0 - 22.0 Lakhs/mo,"Rs. 3,500 - 45,000",NO OFFICIAL WEBSITE,Boutique Owner / Senior Master Tailor,"Pitch 'SahayShakti Glamour Suite': Mobile catalog, online custom order booking, and direct Instagram-to-WhatsApp client conversion funnel.",HOT (Zero Web Presence),Uncontacted
SST-OSM-CLOTH-0064,Bunty Tailor,"Branded Clothing, Custom Boutiques & Bridal Wear",Tailor Shop / Custom Studio,"Rohini / North-West Commercial Belt (Lat: 28.746, Lon: 77.162)",Rohini / Pitampura / Rani Bagh,Rs. 6.0 - 22.0 Lakhs/mo,"Rs. 3,500 - 45,000",NO OFFICIAL WEBSITE,Boutique Owner / Senior Master Tailor,"Pitch 'SahayShakti Glamour Suite': Mobile catalog, online custom order booking, and direct Instagram-to-WhatsApp client conversion funnel.",HOT (Zero Web Presence),Uncontacted
SST-OSM-CLOTH-0065,Lifestyle,"Branded Clothing, Custom Boutiques & Bridal Wear",Clothes Shop / Custom Studio,"Rohini / North-West Commercial Belt (Lat: 28.717, Lon: 77.114)",Rohini / Pitampura / Rani Bagh,Rs. 6.0 - 22.0 Lakhs/mo,"Rs. 3,500 - 45,000",NO OFFICIAL WEBSITE,Boutique Owner / Senior Master Tailor,"Pitch 'SahayShakti Glamour Suite': Mobile catalog, online custom order booking, and direct Instagram-to-WhatsApp client conversion funnel.",HOT (Zero Web Presence),Uncontacted
SST-OSM-CLOTH-0066,Ramesh Jewellers,"Branded Clothing, Custom Boutiques & Bridal Wear",Jewelry Shop / Custom Studio,"Rohini / North-West Commercial Belt (Lat: 28.733, Lon: 77.164)",Rohini / Pitampura / Rani Bagh,Rs. 6.0 - 22.0 Lakhs/mo,"Rs. 3,500 - 45,000",NO OFFICIAL WEBSITE,Boutique Owner / Senior Master Tailor,"Pitch 'SahayShakti Glamour Suite': Mobile catalog, online custom order booking, and direct Instagram-to-WhatsApp client conversion funnel.",HOT (Zero Web Presence),Uncontacted
SST-OSM-CLOTH-0067,Reet Collection,"Branded Clothing, Custom Boutiques & Bridal Wear",Clothes Shop / Custom Studio,"Rohini / North-West Commercial Belt (Lat: 28.750, Lon: 77.175)",Rohini / Pitampura / Rani Bagh,Rs. 6.0 - 22.0 Lakhs/mo,"Rs. 3,500 - 45,000",NO OFFICIAL WEBSITE,Boutique Owner / Senior Master Tailor,"Pitch 'SahayShakti Glamour Suite': Mobile catalog, online custom order booking, and direct Instagram-to-WhatsApp client conversion funnel.",HOT (Zero Web Presence),Uncontacted
SST-OSM-CLOTH-0068,Komal Boutique,"Branded Clothing, Custom Boutiques & Bridal Wear",Tailor Shop / Custom Studio,"Rohini / North-West Commercial Belt (Lat: 28.751, Lon: 77.175)",Rohini / Pitampura / Rani Bagh,Rs. 6.0 - 22.0 Lakhs/mo,"Rs. 3,500 - 45,000",NO OFFICIAL WEBSITE,Boutique Owner / Senior Master Tailor,"Pitch 'SahayShakti Glamour Suite': Mobile catalog, online custom order booking, and direct Instagram-to-WhatsApp client conversion funnel.",HOT (Zero Web Presence),Uncontacted
SST-OSM-CLOTH-0069,Xtreme Fit Gym,"Branded Clothing, Custom Boutiques & Bridal Wear",Custom Apparel / Tailoring Shop / Custom Studio,"Rohini / North-West Commercial Belt (Lat: 28.743, Lon: 77.168)",Rohini / Pitampura / Rani Bagh,Rs. 6.0 - 22.0 Lakhs/mo,"Rs. 3,500 - 45,000",NO OFFICIAL WEBSITE,Boutique Owner / Senior Master Tailor,"Pitch 'SahayShakti Glamour Suite': Mobile catalog, online custom order booking, and direct Instagram-to-WhatsApp client conversion funnel.",HOT (Zero Web Presence),Uncontacted
SST-OSM-CLOTH-0070,A2 Traders,"Branded Clothing, Custom Boutiques & Bridal Wear",Wholesale Shop / Custom Studio,"Rohini / North-West Commercial Belt (Lat: 28.742, Lon: 77.166)",Rohini / Pitampura / Rani Bagh,Rs. 6.0 - 22.0 Lakhs/mo,"Rs. 3,500 - 45,000",NO OFFICIAL WEBSITE,Boutique Owner / Senior Master Tailor,"Pitch 'SahayShakti Glamour Suite': Mobile catalog, online custom order booking, and direct Instagram-to-WhatsApp client conversion funnel.",HOT (Zero Web Presence),Uncontacted
SST-OSM-CLOTH-0071,Snip Fitness,"Branded Clothing, Custom Boutiques & Bridal Wear",Custom Apparel / Tailoring Shop / Custom Studio,"Rohini / North-West Commercial Belt (Lat: 28.730, Lon: 77.116)",Rohini / Pitampura / Rani Bagh,Rs. 6.0 - 22.0 Lakhs/mo,"Rs. 3,500 - 45,000",NO OFFICIAL WEBSITE,Boutique Owner / Senior Master Tailor,"Pitch 'SahayShakti Glamour Suite': Mobile catalog, online custom order booking, and direct Instagram-to-WhatsApp client conversion funnel.",HOT (Zero Web Presence),Uncontacted
SST-OSM-CLOTH-0072,V FNN,"Branded Clothing, Custom Boutiques & Bridal Wear",Custom Apparel / Tailoring Shop / Custom Studio,"Rohini / North-West Commercial Belt (Lat: 28.737, Lon: 77.110)",Rohini / Pitampura / Rani Bagh,Rs. 6.0 - 22.0 Lakhs/mo,"Rs. 3,500 - 45,000",NO OFFICIAL WEBSITE,Boutique Owner / Senior Master Tailor,"Pitch 'SahayShakti Glamour Suite': Mobile catalog, online custom order booking, and direct Instagram-to-WhatsApp client conversion funnel.",HOT (Zero Web Presence),Uncontacted
SST-OSM-CLOTH-0073,Smash To Fashion,"Branded Clothing, Custom Boutiques & Bridal Wear",Clothes Shop / Custom Studio,"Rohini / North-West Commercial Belt (Lat: 28.735, Lon: 77.110)",Rohini / Pitampura / Rani Bagh,Rs. 6.0 - 22.0 Lakhs/mo,"Rs. 3,500 - 45,000",NO OFFICIAL WEBSITE,Boutique Owner / Senior Master Tailor,"Pitch 'SahayShakti Glamour Suite': Mobile catalog, online custom order booking, and direct Instagram-to-WhatsApp client conversion funnel.",HOT (Zero Web Presence),Uncontacted
SST-OSM-CLOTH-0074,Saloni Creations,"Branded Clothing, Custom Boutiques & Bridal Wear",Clothes Shop / Custom Studio,"Rohini / North-West Commercial Belt (Lat: 28.735, Lon: 77.110)",Rohini / Pitampura / Rani Bagh,Rs. 6.0 - 22.0 Lakhs/mo,"Rs. 3,500 - 45,000",NO OFFICIAL WEBSITE,Boutique Owner / Senior Master Tailor,"Pitch 'SahayShakti Glamour Suite': Mobile catalog, online custom order booking, and direct Instagram-to-WhatsApp client conversion funnel.",HOT (Zero Web Presence),Uncontacted
SST-OSM-CLOTH-0075,Sport Sun,"Branded Clothing, Custom Boutiques & Bridal Wear",Sports Shop / Custom Studio,"Rohini / North-West Commercial Belt (Lat: 28.738, Lon: 77.116)",Rohini / Pitampura / Rani Bagh,Rs. 6.0 - 22.0 Lakhs/mo,"Rs. 3,500 - 45,000",NO OFFICIAL WEBSITE,Boutique Owner / Senior Master Tailor,"Pitch 'SahayShakti Glamour Suite': Mobile catalog, online custom order booking, and direct Instagram-to-WhatsApp client conversion funnel.",HOT (Zero Web Presence),Uncontacted
SST-OSM-CLOTH-0076,Eden Sports,"Branded Clothing, Custom Boutiques & Bridal Wear",Sports Shop / Custom Studio,"Rohini / North-West Commercial Belt (Lat: 28.738, Lon: 77.116)",Rohini / Pitampura / Rani Bagh,Rs. 6.0 - 22.0 Lakhs/mo,"Rs. 3,500 - 45,000",NO OFFICIAL WEBSITE,Boutique Owner / Senior Master Tailor,"Pitch 'SahayShakti Glamour Suite': Mobile catalog, online custom order booking, and direct Instagram-to-WhatsApp client conversion funnel.",HOT (Zero Web Presence),Uncontacted
SST-OSM-CLOTH-0077,Cric8InNet,"Branded Clothing, Custom Boutiques & Bridal Wear",Sports Shop / Custom Studio,"Rohini / North-West Commercial Belt (Lat: 28.710, Lon: 77.136)",Rohini / Pitampura / Rani Bagh,Rs. 6.0 - 22.0 Lakhs/mo,"Rs. 3,500 - 45,000",NO OFFICIAL WEBSITE,Boutique Owner / Senior Master Tailor,"Pitch 'SahayShakti Glamour Suite': Mobile catalog, online custom order booking, and direct Instagram-to-WhatsApp client conversion funnel.",HOT (Zero Web Presence),Uncontacted
SST-OSM-CLOTH-0078,Her Fitness,"Branded Clothing, Custom Boutiques & Bridal Wear",Custom Apparel / Tailoring Shop / Custom Studio,"Rohini / North-West Commercial Belt (Lat: 28.713, Lon: 77.138)",Rohini / Pitampura / Rani Bagh,Rs. 6.0 - 22.0 Lakhs/mo,"Rs. 3,500 - 45,000",NO OFFICIAL WEBSITE,Boutique Owner / Senior Master Tailor,"Pitch 'SahayShakti Glamour Suite': Mobile catalog, online custom order booking, and direct Instagram-to-WhatsApp client conversion funnel.",HOT (Zero Web Presence),Uncontacted
SST-OSM-CLOTH-0079,Sapna Opticians,"Branded Clothing, Custom Boutiques & Bridal Wear",Optician Shop / Custom Studio,"Rohini / North-West Commercial Belt (Lat: 28.653, Lon: 77.156)",Rohini / Pitampura / Rani Bagh,Rs. 6.0 - 22.0 Lakhs/mo,"Rs. 3,500 - 45,000",NO OFFICIAL WEBSITE,Boutique Owner / Senior Master Tailor,"Pitch 'SahayShakti Glamour Suite': Mobile catalog, online custom order booking, and direct Instagram-to-WhatsApp client conversion funnel.",HOT (Zero Web Presence),Uncontacted
SST-OSM-CLOTH-0080,Decathlon,"Branded Clothing, Custom Boutiques & Bridal Wear",Sports Shop / Custom Studio,"Rohini / North-West Commercial Belt (Lat: 28.658, Lon: 77.127)",Rohini / Pitampura / Rani Bagh,Rs. 6.0 - 22.0 Lakhs/mo,"Rs. 3,500 - 45,000",NO OFFICIAL WEBSITE,Boutique Owner / Senior Master Tailor,"Pitch 'SahayShakti Glamour Suite': Mobile catalog, online custom order booking, and direct Instagram-to-WhatsApp client conversion funnel.",HOT (Zero Web Presence),Uncontacted
SST-OSM-CLOTH-0081,Dare 2 Fit,"Branded Clothing, Custom Boutiques & Bridal Wear",Custom Apparel / Tailoring Shop / Custom Studio,"Rohini / North-West Commercial Belt (Lat: 28.732, Lon: 77.088)",Rohini / Pitampura / Rani Bagh,Rs. 6.0 - 22.0 Lakhs/mo,"Rs. 3,500 - 45,000",NO OFFICIAL WEBSITE,Boutique Owner / Senior Master Tailor,"Pitch 'SahayShakti Glamour Suite': Mobile catalog, online custom order booking, and direct Instagram-to-WhatsApp client conversion funnel.",HOT (Zero Web Presence),Uncontacted
SST-OSM-CLOTH-0082,MN Fitness Club,"Branded Clothing, Custom Boutiques & Bridal Wear",Custom Apparel / Tailoring Shop / Custom Studio,"Rohini / North-West Commercial Belt (Lat: 28.732, Lon: 77.088)",Rohini / Pitampura / Rani Bagh,Rs. 6.0 - 22.0 Lakhs/mo,"Rs. 3,500 - 45,000",NO OFFICIAL WEBSITE,Boutique Owner / Senior Master Tailor,"Pitch 'SahayShakti Glamour Suite': Mobile catalog, online custom order booking, and direct Instagram-to-WhatsApp client conversion funnel.",HOT (Zero Web Presence),Uncontacted
SST-OSM-CLOTH-0083,Push Up Gym & Spa,"Branded Clothing, Custom Boutiques & Bridal Wear",Custom Apparel / Tailoring Shop / Custom Studio,"Rohini / North-West Commercial Belt (Lat: 28.732, Lon: 77.088)",Rohini / Pitampura / Rani Bagh,Rs. 6.0 - 22.0 Lakhs/mo,"Rs. 3,500 - 45,000",NO OFFICIAL WEBSITE,Boutique Owner / Senior Master Tailor,"Pitch 'SahayShakti Glamour Suite': Mobile catalog, online custom order booking, and direct Instagram-to-WhatsApp client conversion funnel.",HOT (Zero Web Presence),Uncontacted
SST-OSM-CLOTH-0084,Shree Ji,"Branded Clothing, Custom Boutiques & Bridal Wear",Clothes Shop / Custom Studio,"Rohini / North-West Commercial Belt (Lat: 28.731, Lon: 77.088)",Rohini / Pitampura / Rani Bagh,Rs. 6.0 - 22.0 Lakhs/mo,"Rs. 3,500 - 45,000",NO OFFICIAL WEBSITE,Boutique Owner / Senior Master Tailor,"Pitch 'SahayShakti Glamour Suite': Mobile catalog, online custom order booking, and direct Instagram-to-WhatsApp client conversion funnel.",HOT (Zero Web Presence),Uncontacted
SST-OSM-CLOTH-0085,Westside,"Branded Clothing, Custom Boutiques & Bridal Wear",Clothes Shop / Custom Studio,"Rohini / North-West Commercial Belt (Lat: 28.715, Lon: 77.116)",Rohini / Pitampura / Rani Bagh,Rs. 6.0 - 22.0 Lakhs/mo,"Rs. 3,500 - 45,000",NO OFFICIAL WEBSITE,Boutique Owner / Senior Master Tailor,"Pitch 'SahayShakti Glamour Suite': Mobile catalog, online custom order booking, and direct Instagram-to-WhatsApp client conversion funnel.",HOT (Zero Web Presence),Uncontacted
SST-OSM-CLOTH-0086,Pantaloons,"Branded Clothing, Custom Boutiques & Bridal Wear",Clothes Shop / Custom Studio,"Rohini / North-West Commercial Belt (Lat: 28.715, Lon: 77.116)",Rohini / Pitampura / Rani Bagh,Rs. 6.0 - 22.0 Lakhs/mo,"Rs. 3,500 - 45,000",NO OFFICIAL WEBSITE,Boutique Owner / Senior Master Tailor,"Pitch 'SahayShakti Glamour Suite': Mobile catalog, online custom order booking, and direct Instagram-to-WhatsApp client conversion funnel.",HOT (Zero Web Presence),Uncontacted
SST-OSM-CLOTH-0087,Lenskart,"Branded Clothing, Custom Boutiques & Bridal Wear",Optician Shop / Custom Studio,"Rohini / North-West Commercial Belt (Lat: 28.718, Lon: 77.126)",Rohini / Pitampura / Rani Bagh,Rs. 6.0 - 22.0 Lakhs/mo,"Rs. 3,500 - 45,000",NO OFFICIAL WEBSITE,Boutique Owner / Senior Master Tailor,"Pitch 'SahayShakti Glamour Suite': Mobile catalog, online custom order booking, and direct Instagram-to-WhatsApp client conversion funnel.",HOT (Zero Web Presence),Uncontacted
SST-OSM-CLOTH-0088,Pinkstrings,"Branded Clothing, Custom Boutiques & Bridal Wear",Clothes Shop / Custom Studio,"Rohini / North-West Commercial Belt (Lat: 28.717, Lon: 77.114)",Rohini / Pitampura / Rani Bagh,Rs. 6.0 - 22.0 Lakhs/mo,"Rs. 3,500 - 45,000",NO OFFICIAL WEBSITE,Boutique Owner / Senior Master Tailor,"Pitch 'SahayShakti Glamour Suite': Mobile catalog, online custom order booking, and direct Instagram-to-WhatsApp client conversion funnel.",HOT (Zero Web Presence),Uncontacted
SST-OSM-CLOTH-0089,Woodland,"Branded Clothing, Custom Boutiques & Bridal Wear",Clothes Shop / Custom Studio,"Rohini / North-West Commercial Belt (Lat: 28.724, Lon: 77.113)",Rohini / Pitampura / Rani Bagh,Rs. 6.0 - 22.0 Lakhs/mo,"Rs. 3,500 - 45,000",NO OFFICIAL WEBSITE,Boutique Owner / Senior Master Tailor,"Pitch 'SahayShakti Glamour Suite': Mobile catalog, online custom order booking, and direct Instagram-to-WhatsApp client conversion funnel.",HOT (Zero Web Presence),Uncontacted
SST-OSM-CLOTH-0090,Go Colors,"Branded Clothing, Custom Boutiques & Bridal Wear",Clothes Shop / Custom Studio,"Rohini / North-West Commercial Belt (Lat: 28.695, Lon: 77.154)",Rohini / Pitampura / Rani Bagh,Rs. 6.0 - 22.0 Lakhs/mo,"Rs. 3,500 - 45,000",NO OFFICIAL WEBSITE,Boutique Owner / Senior Master Tailor,"Pitch 'SahayShakti Glamour Suite': Mobile catalog, online custom order booking, and direct Instagram-to-WhatsApp client conversion funnel.",HOT (Zero Web Presence),Uncontacted
SST-OSM-CLOTH-0091,D'Shoe Lounge,"Branded Clothing, Custom Boutiques & Bridal Wear",Shoes Shop / Custom Studio,"Rohini / North-West Commercial Belt (Lat: 28.695, Lon: 77.154)",Rohini / Pitampura / Rani Bagh,Rs. 6.0 - 22.0 Lakhs/mo,"Rs. 3,500 - 45,000",NO OFFICIAL WEBSITE,Boutique Owner / Senior Master Tailor,"Pitch 'SahayShakti Glamour Suite': Mobile catalog, online custom order booking, and direct Instagram-to-WhatsApp client conversion funnel.",HOT (Zero Web Presence),Uncontacted
SST-OSM-CLOTH-0092,Aurelia,"Branded Clothing, Custom Boutiques & Bridal Wear",Clothes Shop / Custom Studio,"Rohini / North-West Commercial Belt (Lat: 28.695, Lon: 77.154)",Rohini / Pitampura / Rani Bagh,Rs. 6.0 - 22.0 Lakhs/mo,"Rs. 3,500 - 45,000",NO OFFICIAL WEBSITE,Boutique Owner / Senior Master Tailor,"Pitch 'SahayShakti Glamour Suite': Mobile catalog, online custom order booking, and direct Instagram-to-WhatsApp client conversion funnel.",HOT (Zero Web Presence),Uncontacted
SST-OSM-CLOTH-0093,Mohanlal Sons,"Branded Clothing, Custom Boutiques & Bridal Wear",Clothes Shop / Custom Studio,"Rohini / North-West Commercial Belt (Lat: 28.695, Lon: 77.154)",Rohini / Pitampura / Rani Bagh,Rs. 6.0 - 22.0 Lakhs/mo,"Rs. 3,500 - 45,000",NO OFFICIAL WEBSITE,Boutique Owner / Senior Master Tailor,"Pitch 'SahayShakti Glamour Suite': Mobile catalog, online custom order booking, and direct Instagram-to-WhatsApp client conversion funnel.",HOT (Zero Web Presence),Uncontacted
SST-OSM-CLOTH-0094,Westside,"Branded Clothing, Custom Boutiques & Bridal Wear",Clothes Shop / Custom Studio,"Rohini / North-West Commercial Belt (Lat: 28.695, Lon: 77.154)",Rohini / Pitampura / Rani Bagh,Rs. 6.0 - 22.0 Lakhs/mo,"Rs. 3,500 - 45,000",NO OFFICIAL WEBSITE,Boutique Owner / Senior Master Tailor,"Pitch 'SahayShakti Glamour Suite': Mobile catalog, online custom order booking, and direct Instagram-to-WhatsApp client conversion funnel.",HOT (Zero Web Presence),Uncontacted
SST-OSM-CLOTH-0095,Van Heusen,"Branded Clothing, Custom Boutiques & Bridal Wear",Clothes Shop / Custom Studio,"Rohini / North-West Commercial Belt (Lat: 28.717, Lon: 77.114)",Rohini / Pitampura / Rani Bagh,Rs. 6.0 - 22.0 Lakhs/mo,"Rs. 3,500 - 45,000",NO OFFICIAL WEBSITE,Boutique Owner / Senior Master Tailor,"Pitch 'SahayShakti Glamour Suite': Mobile catalog, online custom order booking, and direct Instagram-to-WhatsApp client conversion funnel.",HOT (Zero Web Presence),Uncontacted
SST-OSM-CLOTH-0096,Relaxo,"Branded Clothing, Custom Boutiques & Bridal Wear",Shoes Shop / Custom Studio,"Rohini / North-West Commercial Belt (Lat: 28.706, Lon: 77.123)",Rohini / Pitampura / Rani Bagh,Rs. 6.0 - 22.0 Lakhs/mo,"Rs. 3,500 - 45,000",NO OFFICIAL WEBSITE,Boutique Owner / Senior Master Tailor,"Pitch 'SahayShakti Glamour Suite': Mobile catalog, online custom order booking, and direct Instagram-to-WhatsApp client conversion funnel.",HOT (Zero Web Presence),Uncontacted
SST-OSM-CLOTH-0097,Tailor Shop,"Branded Clothing, Custom Boutiques & Bridal Wear",Tailor Shop / Custom Studio,"Rohini / North-West Commercial Belt (Lat: 28.723, Lon: 77.128)",Rohini / Pitampura / Rani Bagh,Rs. 6.0 - 22.0 Lakhs/mo,"Rs. 3,500 - 45,000",NO OFFICIAL WEBSITE,Boutique Owner / Senior Master Tailor,"Pitch 'SahayShakti Glamour Suite': Mobile catalog, online custom order booking, and direct Instagram-to-WhatsApp client conversion funnel.",HOT (Zero Web Presence),Uncontacted
SST-OSM-CLOTH-0098,Navkaar Jeweler,"Branded Clothing, Custom Boutiques & Bridal Wear",Jeweller Shop / Custom Studio,"Rohini / North-West Commercial Belt (Lat: 28.707, Lon: 77.123)",Rohini / Pitampura / Rani Bagh,Rs. 6.0 - 22.0 Lakhs/mo,"Rs. 3,500 - 45,000",NO OFFICIAL WEBSITE,Boutique Owner / Senior Master Tailor,"Pitch 'SahayShakti Glamour Suite': Mobile catalog, online custom order booking, and direct Instagram-to-WhatsApp client conversion funnel.",HOT (Zero Web Presence),Uncontacted
SST-OSM-CLOTH-0099,RK Jewels,"Branded Clothing, Custom Boutiques & Bridal Wear",Jewelry Shop / Custom Studio,"Rohini / North-West Commercial Belt (Lat: 28.708, Lon: 77.124)",Rohini / Pitampura / Rani Bagh,Rs. 6.0 - 22.0 Lakhs/mo,"Rs. 3,500 - 45,000",NO OFFICIAL WEBSITE,Boutique Owner / Senior Master Tailor,"Pitch 'SahayShakti Glamour Suite': Mobile catalog, online custom order booking, and direct Instagram-to-WhatsApp client conversion funnel.",HOT (Zero Web Presence),Uncontacted
SST-OSM-CLOTH-0100,Cobb Italy,"Branded Clothing, Custom Boutiques & Bridal Wear",Clothes Shop / Custom Studio,"Rohini / North-West Commercial Belt (Lat: 28.708, Lon: 77.124)",Rohini / Pitampura / Rani Bagh,Rs. 6.0 - 22.0 Lakhs/mo,"Rs. 3,500 - 45,000",NO OFFICIAL WEBSITE,Boutique Owner / Senior Master Tailor,"Pitch 'SahayShakti Glamour Suite': Mobile catalog, online custom order booking, and direct Instagram-to-WhatsApp client conversion funnel.",HOT (Zero Web Presence),Uncontacted
SST-OSM-CLOTH-0101,Sports Dukaan,"Branded Clothing, Custom Boutiques & Bridal Wear",Sports Shop / Custom Studio,"Rohini / North-West Commercial Belt (Lat: 28.708, Lon: 77.124)",Rohini / Pitampura / Rani Bagh,Rs. 6.0 - 22.0 Lakhs/mo,"Rs. 3,500 - 45,000",NO OFFICIAL WEBSITE,Boutique Owner / Senior Master Tailor,"Pitch 'SahayShakti Glamour Suite': Mobile catalog, online custom order booking, and direct Instagram-to-WhatsApp client conversion funnel.",HOT (Zero Web Presence),Uncontacted
SST-OSM-CLOTH-0102,Monte Carlo,"Branded Clothing, Custom Boutiques & Bridal Wear",Clothes Shop / Custom Studio,"Rohini / North-West Commercial Belt (Lat: 28.708, Lon: 77.124)",Rohini / Pitampura / Rani Bagh,Rs. 6.0 - 22.0 Lakhs/mo,"Rs. 3,500 - 45,000",NO OFFICIAL WEBSITE,Boutique Owner / Senior Master Tailor,"Pitch 'SahayShakti Glamour Suite': Mobile catalog, online custom order booking, and direct Instagram-to-WhatsApp client conversion funnel.",HOT (Zero Web Presence),Uncontacted
SST-OSM-CLOTH-0103,Adisports Adidas,"Branded Clothing, Custom Boutiques & Bridal Wear",Clothes Shop / Custom Studio,"Rohini / North-West Commercial Belt (Lat: 28.708, Lon: 77.124)",Rohini / Pitampura / Rani Bagh,Rs. 6.0 - 22.0 Lakhs/mo,"Rs. 3,500 - 45,000",NO OFFICIAL WEBSITE,Boutique Owner / Senior Master Tailor,"Pitch 'SahayShakti Glamour Suite': Mobile catalog, online custom order booking, and direct Instagram-to-WhatsApp client conversion funnel.",HOT (Zero Web Presence),Uncontacted
SST-OSM-CLOTH-0104,Octave,"Branded Clothing, Custom Boutiques & Bridal Wear",Clothes Shop / Custom Studio,"Rohini / North-West Commercial Belt (Lat: 28.708, Lon: 77.124)",Rohini / Pitampura / Rani Bagh,Rs. 6.0 - 22.0 Lakhs/mo,"Rs. 3,500 - 45,000",NO OFFICIAL WEBSITE,Boutique Owner / Senior Master Tailor,"Pitch 'SahayShakti Glamour Suite': Mobile catalog, online custom order booking, and direct Instagram-to-WhatsApp client conversion funnel.",HOT (Zero Web Presence),Uncontacted
SST-OSM-CLOTH-0105,Crimsoune Club,"Branded Clothing, Custom Boutiques & Bridal Wear",Clothes Shop / Custom Studio,"Rohini / North-West Commercial Belt (Lat: 28.708, Lon: 77.124)",Rohini / Pitampura / Rani Bagh,Rs. 6.0 - 22.0 Lakhs/mo,"Rs. 3,500 - 45,000",NO OFFICIAL WEBSITE,Boutique Owner / Senior Master Tailor,"Pitch 'SahayShakti Glamour Suite': Mobile catalog, online custom order booking, and direct Instagram-to-WhatsApp client conversion funnel.",HOT (Zero Web Presence),Uncontacted
SST-OSM-CLOTH-0106,Nav Veer Jeweller,"Branded Clothing, Custom Boutiques & Bridal Wear",Jeweller Shop / Custom Studio,"Rohini / North-West Commercial Belt (Lat: 28.707, Lon: 77.124)",Rohini / Pitampura / Rani Bagh,Rs. 6.0 - 22.0 Lakhs/mo,"Rs. 3,500 - 45,000",NO OFFICIAL WEBSITE,Boutique Owner / Senior Master Tailor,"Pitch 'SahayShakti Glamour Suite': Mobile catalog, online custom order booking, and direct Instagram-to-WhatsApp client conversion funnel.",HOT (Zero Web Presence),Uncontacted
SST-OSM-CLOTH-0107,Mufti,"Branded Clothing, Custom Boutiques & Bridal Wear",Clothes Shop / Custom Studio,"Rohini / North-West Commercial Belt (Lat: 28.707, Lon: 77.123)",Rohini / Pitampura / Rani Bagh,Rs. 6.0 - 22.0 Lakhs/mo,"Rs. 3,500 - 45,000",NO OFFICIAL WEBSITE,Boutique Owner / Senior Master Tailor,"Pitch 'SahayShakti Glamour Suite': Mobile catalog, online custom order booking, and direct Instagram-to-WhatsApp client conversion funnel.",HOT (Zero Web Presence),Uncontacted
SST-OSM-CLOTH-0108,Grace,"Branded Clothing, Custom Boutiques & Bridal Wear",Clothes Shop / Custom Studio,"Rohini / North-West Commercial Belt (Lat: 28.707, Lon: 77.124)",Rohini / Pitampura / Rani Bagh,Rs. 6.0 - 22.0 Lakhs/mo,"Rs. 3,500 - 45,000",NO OFFICIAL WEBSITE,Boutique Owner / Senior Master Tailor,"Pitch 'SahayShakti Glamour Suite': Mobile catalog, online custom order booking, and direct Instagram-to-WhatsApp client conversion funnel.",HOT (Zero Web Presence),Uncontacted
SST-OSM-CLOTH-0109,A.were fashion,"Branded Clothing, Custom Boutiques & Bridal Wear",Clothes Shop / Custom Studio,"Rohini / North-West Commercial Belt (Lat: 28.707, Lon: 77.126)",Rohini / Pitampura / Rani Bagh,Rs. 6.0 - 22.0 Lakhs/mo,"Rs. 3,500 - 45,000",NO OFFICIAL WEBSITE,Boutique Owner / Senior Master Tailor,"Pitch 'SahayShakti Glamour Suite': Mobile catalog, online custom order booking, and direct Instagram-to-WhatsApp client conversion funnel.",HOT (Zero Web Presence),Uncontacted
SST-OSM-CLOTH-0110,Bharti,"Branded Clothing, Custom Boutiques & Bridal Wear",Clothes Shop / Custom Studio,"Rohini / North-West Commercial Belt (Lat: 28.707, Lon: 77.126)",Rohini / Pitampura / Rani Bagh,Rs. 6.0 - 22.0 Lakhs/mo,"Rs. 3,500 - 45,000",NO OFFICIAL WEBSITE,Boutique Owner / Senior Master Tailor,"Pitch 'SahayShakti Glamour Suite': Mobile catalog, online custom order booking, and direct Instagram-to-WhatsApp client conversion funnel.",HOT (Zero Web Presence),Uncontacted
SST-OSM-CLOTH-0111,Jockey,"Branded Clothing, Custom Boutiques & Bridal Wear",Clothes Shop / Custom Studio,"Rohini / North-West Commercial Belt (Lat: 28.708, Lon: 77.124)",Rohini / Pitampura / Rani Bagh,Rs. 6.0 - 22.0 Lakhs/mo,"Rs. 3,500 - 45,000",NO OFFICIAL WEBSITE,Boutique Owner / Senior Master Tailor,"Pitch 'SahayShakti Glamour Suite': Mobile catalog, online custom order booking, and direct Instagram-to-WhatsApp client conversion funnel.",HOT (Zero Web Presence),Uncontacted
SST-OSM-CLOTH-0112,Nike,"Branded Clothing, Custom Boutiques & Bridal Wear",Clothes Shop / Custom Studio,"Rohini / North-West Commercial Belt (Lat: 28.708, Lon: 77.124)",Rohini / Pitampura / Rani Bagh,Rs. 6.0 - 22.0 Lakhs/mo,"Rs. 3,500 - 45,000",NO OFFICIAL WEBSITE,Boutique Owner / Senior Master Tailor,"Pitch 'SahayShakti Glamour Suite': Mobile catalog, online custom order booking, and direct Instagram-to-WhatsApp client conversion funnel.",HOT (Zero Web Presence),Uncontacted
SST-OSM-CLOTH-0113,Levi's,"Branded Clothing, Custom Boutiques & Bridal Wear",Clothes Shop / Custom Studio,"Rohini / North-West Commercial Belt (Lat: 28.708, Lon: 77.124)",Rohini / Pitampura / Rani Bagh,Rs. 6.0 - 22.0 Lakhs/mo,"Rs. 3,500 - 45,000",NO OFFICIAL WEBSITE,Boutique Owner / Senior Master Tailor,"Pitch 'SahayShakti Glamour Suite': Mobile catalog, online custom order booking, and direct Instagram-to-WhatsApp client conversion funnel.",HOT (Zero Web Presence),Uncontacted
SST-OSM-CLOTH-0114,Louis Philippe,"Branded Clothing, Custom Boutiques & Bridal Wear",Clothes Shop / Custom Studio,"Rohini / North-West Commercial Belt (Lat: 28.707, Lon: 77.124)",Rohini / Pitampura / Rani Bagh,Rs. 6.0 - 22.0 Lakhs/mo,"Rs. 3,500 - 45,000",NO OFFICIAL WEBSITE,Boutique Owner / Senior Master Tailor,"Pitch 'SahayShakti Glamour Suite': Mobile catalog, online custom order booking, and direct Instagram-to-WhatsApp client conversion funnel.",HOT (Zero Web Presence),Uncontacted
SST-OSM-CLOTH-0115,Manyavar,"Branded Clothing, Custom Boutiques & Bridal Wear",Clothes Shop / Custom Studio,"Rohini / North-West Commercial Belt (Lat: 28.708, Lon: 77.124)",Rohini / Pitampura / Rani Bagh,Rs. 6.0 - 22.0 Lakhs/mo,"Rs. 3,500 - 45,000",NO OFFICIAL WEBSITE,Boutique Owner / Senior Master Tailor,"Pitch 'SahayShakti Glamour Suite': Mobile catalog, online custom order booking, and direct Instagram-to-WhatsApp client conversion funnel.",HOT (Zero Web Presence),Uncontacted
SST-OSM-CLOTH-0116,spyker,"Branded Clothing, Custom Boutiques & Bridal Wear",Clothes Shop / Custom Studio,"Rohini / North-West Commercial Belt (Lat: 28.708, Lon: 77.124)",Rohini / Pitampura / Rani Bagh,Rs. 6.0 - 22.0 Lakhs/mo,"Rs. 3,500 - 45,000",NO OFFICIAL WEBSITE,Boutique Owner / Senior Master Tailor,"Pitch 'SahayShakti Glamour Suite': Mobile catalog, online custom order booking, and direct Instagram-to-WhatsApp client conversion funnel.",HOT (Zero Web Presence),Uncontacted
SST-OSM-CLOTH-0117,ASICS,"Branded Clothing, Custom Boutiques & Bridal Wear",Shoes Shop / Custom Studio,"Rohini / North-West Commercial Belt (Lat: 28.708, Lon: 77.124)",Rohini / Pitampura / Rani Bagh,Rs. 6.0 - 22.0 Lakhs/mo,"Rs. 3,500 - 45,000",NO OFFICIAL WEBSITE,Boutique Owner / Senior Master Tailor,"Pitch 'SahayShakti Glamour Suite': Mobile catalog, online custom order booking, and direct Instagram-to-WhatsApp client conversion funnel.",HOT (Zero Web Presence),Uncontacted
SST-OSM-CLOTH-0118,Raymond,"Branded Clothing, Custom Boutiques & Bridal Wear",Clothes Shop / Custom Studio,"Rohini / North-West Commercial Belt (Lat: 28.708, Lon: 77.124)",Rohini / Pitampura / Rani Bagh,Rs. 6.0 - 22.0 Lakhs/mo,"Rs. 3,500 - 45,000",NO OFFICIAL WEBSITE,Boutique Owner / Senior Master Tailor,"Pitch 'SahayShakti Glamour Suite': Mobile catalog, online custom order booking, and direct Instagram-to-WhatsApp client conversion funnel.",HOT (Zero Web Presence),Uncontacted
SST-OSM-CLOTH-0119,Raymond,"Branded Clothing, Custom Boutiques & Bridal Wear",Clothes Shop / Custom Studio,"Rohini / North-West Commercial Belt (Lat: 28.708, Lon: 77.124)",Rohini / Pitampura / Rani Bagh,Rs. 6.0 - 22.0 Lakhs/mo,"Rs. 3,500 - 45,000",NO OFFICIAL WEBSITE,Boutique Owner / Senior Master Tailor,"Pitch 'SahayShakti Glamour Suite': Mobile catalog, online custom order booking, and direct Instagram-to-WhatsApp client conversion funnel.",HOT (Zero Web Presence),Uncontacted
SST-OSM-CLOTH-0120,Rohini Jewellers,"Branded Clothing, Custom Boutiques & Bridal Wear",Jewelry Shop / Custom Studio,"Rohini / North-West Commercial Belt (Lat: 28.707, Lon: 77.124)",Rohini / Pitampura / Rani Bagh,Rs. 6.0 - 22.0 Lakhs/mo,"Rs. 3,500 - 45,000",NO OFFICIAL WEBSITE,Boutique Owner / Senior Master Tailor,"Pitch 'SahayShakti Glamour Suite': Mobile catalog, online custom order booking, and direct Instagram-to-WhatsApp client conversion funnel.",HOT (Zero Web Presence),Uncontacted
SST-OSM-CLOTH-0121,Riya Jewellery,"Branded Clothing, Custom Boutiques & Bridal Wear",Jewelry Shop / Custom Studio,"Rohini / North-West Commercial Belt (Lat: 28.707, Lon: 77.124)",Rohini / Pitampura / Rani Bagh,Rs. 6.0 - 22.0 Lakhs/mo,"Rs. 3,500 - 45,000",NO OFFICIAL WEBSITE,Boutique Owner / Senior Master Tailor,"Pitch 'SahayShakti Glamour Suite': Mobile catalog, online custom order booking, and direct Instagram-to-WhatsApp client conversion funnel.",HOT (Zero Web Presence),Uncontacted
SST-OSM-CLOTH-0122,Vardhman Jewellers,"Branded Clothing, Custom Boutiques & Bridal Wear",Jewelry Shop / Custom Studio,"Rohini / North-West Commercial Belt (Lat: 28.708, Lon: 77.124)",Rohini / Pitampura / Rani Bagh,Rs. 6.0 - 22.0 Lakhs/mo,"Rs. 3,500 - 45,000",NO OFFICIAL WEBSITE,Boutique Owner / Senior Master Tailor,"Pitch 'SahayShakti Glamour Suite': Mobile catalog, online custom order booking, and direct Instagram-to-WhatsApp client conversion funnel.",HOT (Zero Web Presence),Uncontacted
SST-OSM-CLOTH-0123,Campus Exclusive,"Branded Clothing, Custom Boutiques & Bridal Wear",Shoes Shop / Custom Studio,"Rohini / North-West Commercial Belt (Lat: 28.707, Lon: 77.124)",Rohini / Pitampura / Rani Bagh,Rs. 6.0 - 22.0 Lakhs/mo,"Rs. 3,500 - 45,000",NO OFFICIAL WEBSITE,Boutique Owner / Senior Master Tailor,"Pitch 'SahayShakti Glamour Suite': Mobile catalog, online custom order booking, and direct Instagram-to-WhatsApp client conversion funnel.",HOT (Zero Web Presence),Uncontacted
SST-OSM-CLOTH-0124,Aggarwal Garments,"Branded Clothing, Custom Boutiques & Bridal Wear",Clothes Shop / Custom Studio,"Rohini / North-West Commercial Belt (Lat: 28.707, Lon: 77.123)",Rohini / Pitampura / Rani Bagh,Rs. 6.0 - 22.0 Lakhs/mo,"Rs. 3,500 - 45,000",NO OFFICIAL WEBSITE,Boutique Owner / Senior Master Tailor,"Pitch 'SahayShakti Glamour Suite': Mobile catalog, online custom order booking, and direct Instagram-to-WhatsApp client conversion funnel.",HOT (Zero Web Presence),Uncontacted
SST-OSM-CLOTH-0125,Skechers,"Branded Clothing, Custom Boutiques & Bridal Wear",Shoes Shop / Custom Studio,"Rohini / North-West Commercial Belt (Lat: 28.708, Lon: 77.124)",Rohini / Pitampura / Rani Bagh,Rs. 6.0 - 22.0 Lakhs/mo,"Rs. 3,500 - 45,000",NO OFFICIAL WEBSITE,Boutique Owner / Senior Master Tailor,"Pitch 'SahayShakti Glamour Suite': Mobile catalog, online custom order booking, and direct Instagram-to-WhatsApp client conversion funnel.",HOT (Zero Web Presence),Uncontacted
SST-OSM-CLOTH-0126,calcet9,"Branded Clothing, Custom Boutiques & Bridal Wear",Shoes Shop / Custom Studio,"Rohini / North-West Commercial Belt (Lat: 28.708, Lon: 77.125)",Rohini / Pitampura / Rani Bagh,Rs. 6.0 - 22.0 Lakhs/mo,"Rs. 3,500 - 45,000",NO OFFICIAL WEBSITE,Boutique Owner / Senior Master Tailor,"Pitch 'SahayShakti Glamour Suite': Mobile catalog, online custom order booking, and direct Instagram-to-WhatsApp client conversion funnel.",HOT (Zero Web Presence),Uncontacted
SST-OSM-CLOTH-0127,Siyarams,"Branded Clothing, Custom Boutiques & Bridal Wear",Clothes Shop / Custom Studio,"Rohini / North-West Commercial Belt (Lat: 28.708, Lon: 77.125)",Rohini / Pitampura / Rani Bagh,Rs. 6.0 - 22.0 Lakhs/mo,"Rs. 3,500 - 45,000",NO OFFICIAL WEBSITE,Boutique Owner / Senior Master Tailor,"Pitch 'SahayShakti Glamour Suite': Mobile catalog, online custom order booking, and direct Instagram-to-WhatsApp client conversion funnel.",HOT (Zero Web Presence),Uncontacted
SST-OSM-CLOTH-0128,Crocs,"Branded Clothing, Custom Boutiques & Bridal Wear",Shoes Shop / Custom Studio,"Rohini / North-West Commercial Belt (Lat: 28.708, Lon: 77.125)",Rohini / Pitampura / Rani Bagh,Rs. 6.0 - 22.0 Lakhs/mo,"Rs. 3,500 - 45,000",NO OFFICIAL WEBSITE,Boutique Owner / Senior Master Tailor,"Pitch 'SahayShakti Glamour Suite': Mobile catalog, online custom order booking, and direct Instagram-to-WhatsApp client conversion funnel.",HOT (Zero Web Presence),Uncontacted
SST-OSM-CLOTH-0129,Shrimann,"Branded Clothing, Custom Boutiques & Bridal Wear",Clothes Shop / Custom Studio,"Rohini / North-West Commercial Belt (Lat: 28.708, Lon: 77.124)",Rohini / Pitampura / Rani Bagh,Rs. 6.0 - 22.0 Lakhs/mo,"Rs. 3,500 - 45,000",NO OFFICIAL WEBSITE,Boutique Owner / Senior Master Tailor,"Pitch 'SahayShakti Glamour Suite': Mobile catalog, online custom order booking, and direct Instagram-to-WhatsApp client conversion funnel.",HOT (Zero Web Presence),Uncontacted
SST-OSM-CLOTH-0130,Bodycare,"Branded Clothing, Custom Boutiques & Bridal Wear",Clothes Shop / Custom Studio,"Rohini / North-West Commercial Belt (Lat: 28.708, Lon: 77.124)",Rohini / Pitampura / Rani Bagh,Rs. 6.0 - 22.0 Lakhs/mo,"Rs. 3,500 - 45,000",NO OFFICIAL WEBSITE,Boutique Owner / Senior Master Tailor,"Pitch 'SahayShakti Glamour Suite': Mobile catalog, online custom order booking, and direct Instagram-to-WhatsApp client conversion funnel.",HOT (Zero Web Presence),Uncontacted
SST-OSM-CLOTH-0131,Brand Nation,"Branded Clothing, Custom Boutiques & Bridal Wear",Clothes Shop / Custom Studio,"Rohini / North-West Commercial Belt (Lat: 28.708, Lon: 77.124)",Rohini / Pitampura / Rani Bagh,Rs. 6.0 - 22.0 Lakhs/mo,"Rs. 3,500 - 45,000",NO OFFICIAL WEBSITE,Boutique Owner / Senior Master Tailor,"Pitch 'SahayShakti Glamour Suite': Mobile catalog, online custom order booking, and direct Instagram-to-WhatsApp client conversion funnel.",HOT (Zero Web Presence),Uncontacted
SST-OSM-CLOTH-0132,Asli Raymond,"Branded Clothing, Custom Boutiques & Bridal Wear",Clothes Shop / Custom Studio,"Rohini / North-West Commercial Belt (Lat: 28.707, Lon: 77.123)",Rohini / Pitampura / Rani Bagh,Rs. 6.0 - 22.0 Lakhs/mo,"Rs. 3,500 - 45,000",NO OFFICIAL WEBSITE,Boutique Owner / Senior Master Tailor,"Pitch 'SahayShakti Glamour Suite': Mobile catalog, online custom order booking, and direct Instagram-to-WhatsApp client conversion funnel.",HOT (Zero Web Presence),Uncontacted
SST-OSM-CLOTH-0133,Bodybasic clothes,"Branded Clothing, Custom Boutiques & Bridal Wear",Clothes Shop / Custom Studio,"Rohini / North-West Commercial Belt (Lat: 28.707, Lon: 77.123)",Rohini / Pitampura / Rani Bagh,Rs. 6.0 - 22.0 Lakhs/mo,"Rs. 3,500 - 45,000",NO OFFICIAL WEBSITE,Boutique Owner / Senior Master Tailor,"Pitch 'SahayShakti Glamour Suite': Mobile catalog, online custom order booking, and direct Instagram-to-WhatsApp client conversion funnel.",HOT (Zero Web Presence),Uncontacted
SST-OSM-CLOTH-0134,Shagun Raymond,"Branded Clothing, Custom Boutiques & Bridal Wear",Clothes Shop / Custom Studio,"Rohini / North-West Commercial Belt (Lat: 28.707, Lon: 77.123)",Rohini / Pitampura / Rani Bagh,Rs. 6.0 - 22.0 Lakhs/mo,"Rs. 3,500 - 45,000",NO OFFICIAL WEBSITE,Boutique Owner / Senior Master Tailor,"Pitch 'SahayShakti Glamour Suite': Mobile catalog, online custom order booking, and direct Instagram-to-WhatsApp client conversion funnel.",HOT (Zero Web Presence),Uncontacted
SST-OSM-CLOTH-0135,Abros Exclusive,"Branded Clothing, Custom Boutiques & Bridal Wear",Shoes Shop / Custom Studio,"Rohini / North-West Commercial Belt (Lat: 28.707, Lon: 77.123)",Rohini / Pitampura / Rani Bagh,Rs. 6.0 - 22.0 Lakhs/mo,"Rs. 3,500 - 45,000",NO OFFICIAL WEBSITE,Boutique Owner / Senior Master Tailor,"Pitch 'SahayShakti Glamour Suite': Mobile catalog, online custom order booking, and direct Instagram-to-WhatsApp client conversion funnel.",HOT (Zero Web Presence),Uncontacted
SST-OSM-CLOTH-0136,Hanumant Jewels,"Branded Clothing, Custom Boutiques & Bridal Wear",Jewelry Shop / Custom Studio,"Rohini / North-West Commercial Belt (Lat: 28.708, Lon: 77.125)",Rohini / Pitampura / Rani Bagh,Rs. 6.0 - 22.0 Lakhs/mo,"Rs. 3,500 - 45,000",NO OFFICIAL WEBSITE,Boutique Owner / Senior Master Tailor,"Pitch 'SahayShakti Glamour Suite': Mobile catalog, online custom order booking, and direct Instagram-to-WhatsApp client conversion funnel.",HOT (Zero Web Presence),Uncontacted
SST-OSM-CLOTH-0137,Shubham Collection,"Branded Clothing, Custom Boutiques & Bridal Wear",Fabric Shop / Custom Studio,"Rohini / North-West Commercial Belt (Lat: 28.708, Lon: 77.125)",Rohini / Pitampura / Rani Bagh,Rs. 6.0 - 22.0 Lakhs/mo,"Rs. 3,500 - 45,000",NO OFFICIAL WEBSITE,Boutique Owner / Senior Master Tailor,"Pitch 'SahayShakti Glamour Suite': Mobile catalog, online custom order booking, and direct Instagram-to-WhatsApp client conversion funnel.",HOT (Zero Web Presence),Uncontacted
SST-OSM-CLOTH-0138,Aurelia,"Branded Clothing, Custom Boutiques & Bridal Wear",Clothes Shop / Custom Studio,"Rohini / North-West Commercial Belt (Lat: 28.707, Lon: 77.123)",Rohini / Pitampura / Rani Bagh,Rs. 6.0 - 22.0 Lakhs/mo,"Rs. 3,500 - 45,000",NO OFFICIAL WEBSITE,Boutique Owner / Senior Master Tailor,"Pitch 'SahayShakti Glamour Suite': Mobile catalog, online custom order booking, and direct Instagram-to-WhatsApp client conversion funnel.",HOT (Zero Web Presence),Uncontacted
SST-OSM-CLOTH-0139,Onkar,"Branded Clothing, Custom Boutiques & Bridal Wear",Jeweller Shop / Custom Studio,"Rohini / North-West Commercial Belt (Lat: 28.707, Lon: 77.123)",Rohini / Pitampura / Rani Bagh,Rs. 6.0 - 22.0 Lakhs/mo,"Rs. 3,500 - 45,000",NO OFFICIAL WEBSITE,Boutique Owner / Senior Master Tailor,"Pitch 'SahayShakti Glamour Suite': Mobile catalog, online custom order booking, and direct Instagram-to-WhatsApp client conversion funnel.",HOT (Zero Web Presence),Uncontacted
SST-OSM-CLOTH-0140,Cantabil Clothing,"Branded Clothing, Custom Boutiques & Bridal Wear",Clothes Shop / Custom Studio,"Rohini / North-West Commercial Belt (Lat: 28.707, Lon: 77.123)",Rohini / Pitampura / Rani Bagh,Rs. 6.0 - 22.0 Lakhs/mo,"Rs. 3,500 - 45,000",NO OFFICIAL WEBSITE,Boutique Owner / Senior Master Tailor,"Pitch 'SahayShakti Glamour Suite': Mobile catalog, online custom order booking, and direct Instagram-to-WhatsApp client conversion funnel.",HOT (Zero Web Presence),Uncontacted
SST-OSM-CLOTH-0141,Buy Brand,"Branded Clothing, Custom Boutiques & Bridal Wear",Clothes Shop / Custom Studio,"Rohini / North-West Commercial Belt (Lat: 28.706, Lon: 77.123)",Rohini / Pitampura / Rani Bagh,Rs. 6.0 - 22.0 Lakhs/mo,"Rs. 3,500 - 45,000",NO OFFICIAL WEBSITE,Boutique Owner / Senior Master Tailor,"Pitch 'SahayShakti Glamour Suite': Mobile catalog, online custom order booking, and direct Instagram-to-WhatsApp client conversion funnel.",HOT (Zero Web Presence),Uncontacted
SST-OSM-CLOTH-0142,Cheap Footware,"Branded Clothing, Custom Boutiques & Bridal Wear",Shoes Shop / Custom Studio,"Rohini / North-West Commercial Belt (Lat: 28.706, Lon: 77.123)",Rohini / Pitampura / Rani Bagh,Rs. 6.0 - 22.0 Lakhs/mo,"Rs. 3,500 - 45,000",NO OFFICIAL WEBSITE,Boutique Owner / Senior Master Tailor,"Pitch 'SahayShakti Glamour Suite': Mobile catalog, online custom order booking, and direct Instagram-to-WhatsApp client conversion funnel.",HOT (Zero Web Presence),Uncontacted
SST-OSM-CLOTH-0143,Onax by Yuva,"Branded Clothing, Custom Boutiques & Bridal Wear",Clothes Shop / Custom Studio,"Rohini / North-West Commercial Belt (Lat: 28.707, Lon: 77.123)",Rohini / Pitampura / Rani Bagh,Rs. 6.0 - 22.0 Lakhs/mo,"Rs. 3,500 - 45,000",NO OFFICIAL WEBSITE,Boutique Owner / Senior Master Tailor,"Pitch 'SahayShakti Glamour Suite': Mobile catalog, online custom order booking, and direct Instagram-to-WhatsApp client conversion funnel.",HOT (Zero Web Presence),Uncontacted
SST-OSM-CLOTH-0144,Elini,"Branded Clothing, Custom Boutiques & Bridal Wear",Clothes Shop / Custom Studio,"Rohini / North-West Commercial Belt (Lat: 28.707, Lon: 77.123)",Rohini / Pitampura / Rani Bagh,Rs. 6.0 - 22.0 Lakhs/mo,"Rs. 3,500 - 45,000",NO OFFICIAL WEBSITE,Boutique Owner / Senior Master Tailor,"Pitch 'SahayShakti Glamour Suite': Mobile catalog, online custom order booking, and direct Instagram-to-WhatsApp client conversion funnel.",HOT (Zero Web Presence),Uncontacted
SST-OSM-CLOTH-0145,She Fashion,"Branded Clothing, Custom Boutiques & Bridal Wear",Clothes Shop / Custom Studio,"Rohini / North-West Commercial Belt (Lat: 28.707, Lon: 77.123)",Rohini / Pitampura / Rani Bagh,Rs. 6.0 - 22.0 Lakhs/mo,"Rs. 3,500 - 45,000",NO OFFICIAL WEBSITE,Boutique Owner / Senior Master Tailor,"Pitch 'SahayShakti Glamour Suite': Mobile catalog, online custom order booking, and direct Instagram-to-WhatsApp client conversion funnel.",HOT (Zero Web Presence),Uncontacted
SST-OSM-CLOTH-0146,Liberty Exclusive Showroom,"Branded Clothing, Custom Boutiques & Bridal Wear",Shoes Shop / Custom Studio,"Rohini / North-West Commercial Belt (Lat: 28.709, Lon: 77.124)",Rohini / Pitampura / Rani Bagh,Rs. 6.0 - 22.0 Lakhs/mo,"Rs. 3,500 - 45,000",NO OFFICIAL WEBSITE,Boutique Owner / Senior Master Tailor,"Pitch 'SahayShakti Glamour Suite': Mobile catalog, online custom order booking, and direct Instagram-to-WhatsApp client conversion funnel.",HOT (Zero Web Presence),Uncontacted
SST-OSM-CLOTH-0147,Unique Fitness Forever,"Branded Clothing, Custom Boutiques & Bridal Wear",Custom Apparel / Tailoring Shop / Custom Studio,"Rohini / North-West Commercial Belt (Lat: 28.706, Lon: 77.123)",Rohini / Pitampura / Rani Bagh,Rs. 6.0 - 22.0 Lakhs/mo,"Rs. 3,500 - 45,000",NO OFFICIAL WEBSITE,Boutique Owner / Senior Master Tailor,"Pitch 'SahayShakti Glamour Suite': Mobile catalog, online custom order booking, and direct Instagram-to-WhatsApp client conversion funnel.",HOT (Zero Web Presence),Uncontacted
SST-OSM-CLOTH-0148,Ekta Suit and Dupatta,"Branded Clothing, Custom Boutiques & Bridal Wear",Clothes Shop / Custom Studio,"Rohini / North-West Commercial Belt (Lat: 28.706, Lon: 77.123)",Rohini / Pitampura / Rani Bagh,Rs. 6.0 - 22.0 Lakhs/mo,"Rs. 3,500 - 45,000",NO OFFICIAL WEBSITE,Boutique Owner / Senior Master Tailor,"Pitch 'SahayShakti Glamour Suite': Mobile catalog, online custom order booking, and direct Instagram-to-WhatsApp client conversion funnel.",HOT (Zero Web Presence),Uncontacted
SST-OSM-CLOTH-0149,Bindra Undergarment,"Branded Clothing, Custom Boutiques & Bridal Wear",Clothes Shop / Custom Studio,"Rohini / North-West Commercial Belt (Lat: 28.706, Lon: 77.123)",Rohini / Pitampura / Rani Bagh,Rs. 6.0 - 22.0 Lakhs/mo,"Rs. 3,500 - 45,000",NO OFFICIAL WEBSITE,Boutique Owner / Senior Master Tailor,"Pitch 'SahayShakti Glamour Suite': Mobile catalog, online custom order booking, and direct Instagram-to-WhatsApp client conversion funnel.",HOT (Zero Web Presence),Uncontacted
SST-OSM-CLOTH-0150,Baweja Footwear,"Branded Clothing, Custom Boutiques & Bridal Wear",Shoes Shop / Custom Studio,"Rohini / North-West Commercial Belt (Lat: 28.706, Lon: 77.123)",Rohini / Pitampura / Rani Bagh,Rs. 6.0 - 22.0 Lakhs/mo,"Rs. 3,500 - 45,000",NO OFFICIAL WEBSITE,Boutique Owner / Senior Master Tailor,"Pitch 'SahayShakti Glamour Suite': Mobile catalog, online custom order booking, and direct Instagram-to-WhatsApp client conversion funnel.",HOT (Zero Web Presence),Uncontacted
SST-OSM-CLOTH-0151,Lenskart,"Branded Clothing, Custom Boutiques & Bridal Wear",Optician Shop / Custom Studio,"Rohini / North-West Commercial Belt (Lat: 28.709, Lon: 77.124)",Rohini / Pitampura / Rani Bagh,Rs. 6.0 - 22.0 Lakhs/mo,"Rs. 3,500 - 45,000",NO OFFICIAL WEBSITE,Boutique Owner / Senior Master Tailor,"Pitch 'SahayShakti Glamour Suite': Mobile catalog, online custom order booking, and direct Instagram-to-WhatsApp client conversion funnel.",HOT (Zero Web Presence),Uncontacted
SST-OSM-CLOTH-0152,Lakshita,"Branded Clothing, Custom Boutiques & Bridal Wear",Clothes Shop / Custom Studio,"Rohini / North-West Commercial Belt (Lat: 28.708, Lon: 77.125)",Rohini / Pitampura / Rani Bagh,Rs. 6.0 - 22.0 Lakhs/mo,"Rs. 3,500 - 45,000",NO OFFICIAL WEBSITE,Boutique Owner / Senior Master Tailor,"Pitch 'SahayShakti Glamour Suite': Mobile catalog, online custom order booking, and direct Instagram-to-WhatsApp client conversion funnel.",HOT (Zero Web Presence),Uncontacted
SST-OSM-CLOTH-0153,Shri Nath Optical,"Branded Clothing, Custom Boutiques & Bridal Wear",Optician Shop / Custom Studio,"Rohini / North-West Commercial Belt (Lat: 28.710, Lon: 77.122)",Rohini / Pitampura / Rani Bagh,Rs. 6.0 - 22.0 Lakhs/mo,"Rs. 3,500 - 45,000",NO OFFICIAL WEBSITE,Boutique Owner / Senior Master Tailor,"Pitch 'SahayShakti Glamour Suite': Mobile catalog, online custom order booking, and direct Instagram-to-WhatsApp client conversion funnel.",HOT (Zero Web Presence),Uncontacted
SST-OSM-CLOTH-0154,Go Colors!,"Branded Clothing, Custom Boutiques & Bridal Wear",Clothes Shop / Custom Studio,"Rohini / North-West Commercial Belt (Lat: 28.707, Lon: 77.123)",Rohini / Pitampura / Rani Bagh,Rs. 6.0 - 22.0 Lakhs/mo,"Rs. 3,500 - 45,000",NO OFFICIAL WEBSITE,Boutique Owner / Senior Master Tailor,"Pitch 'SahayShakti Glamour Suite': Mobile catalog, online custom order booking, and direct Instagram-to-WhatsApp client conversion funnel.",HOT (Zero Web Presence),Uncontacted
SST-OSM-CLOTH-0155,Zudio,"Branded Clothing, Custom Boutiques & Bridal Wear",Clothes Shop / Custom Studio,"Rohini / North-West Commercial Belt (Lat: 28.707, Lon: 77.181)",Rohini / Pitampura / Rani Bagh,Rs. 6.0 - 22.0 Lakhs/mo,"Rs. 3,500 - 45,000",NO OFFICIAL WEBSITE,Boutique Owner / Senior Master Tailor,"Pitch 'SahayShakti Glamour Suite': Mobile catalog, online custom order booking, and direct Instagram-to-WhatsApp client conversion funnel.",HOT (Zero Web Presence),Uncontacted
SST-OSM-CLOTH-0156,Shershah Cold Storage,"Branded Clothing, Custom Boutiques & Bridal Wear",Custom Apparel / Tailoring Shop / Custom Studio,"Rohini / North-West Commercial Belt (Lat: 28.714, Lon: 77.172)",Rohini / Pitampura / Rani Bagh,Rs. 6.0 - 22.0 Lakhs/mo,"Rs. 3,500 - 45,000",NO OFFICIAL WEBSITE,Boutique Owner / Senior Master Tailor,"Pitch 'SahayShakti Glamour Suite': Mobile catalog, online custom order booking, and direct Instagram-to-WhatsApp client conversion funnel.",HOT (Zero Web Presence),Uncontacted
SST-OSM-CLOTH-0157,Verma Jewellers,"Branded Clothing, Custom Boutiques & Bridal Wear",Jewelry Shop / Custom Studio,"Rohini / North-West Commercial Belt (Lat: 28.718, Lon: 77.126)",Rohini / Pitampura / Rani Bagh,Rs. 6.0 - 22.0 Lakhs/mo,"Rs. 3,500 - 45,000",NO OFFICIAL WEBSITE,Boutique Owner / Senior Master Tailor,"Pitch 'SahayShakti Glamour Suite': Mobile catalog, online custom order booking, and direct Instagram-to-WhatsApp client conversion funnel.",HOT (Zero Web Presence),Uncontacted
SST-OSM-CLOTH-0158,Uttam Jewlellers,"Branded Clothing, Custom Boutiques & Bridal Wear",Jewelry Shop / Custom Studio,"Rohini / North-West Commercial Belt (Lat: 28.718, Lon: 77.126)",Rohini / Pitampura / Rani Bagh,Rs. 6.0 - 22.0 Lakhs/mo,"Rs. 3,500 - 45,000",NO OFFICIAL WEBSITE,Boutique Owner / Senior Master Tailor,"Pitch 'SahayShakti Glamour Suite': Mobile catalog, online custom order booking, and direct Instagram-to-WhatsApp client conversion funnel.",HOT (Zero Web Presence),Uncontacted
SST-OSM-CLOTH-0159,Woodland,"Branded Clothing, Custom Boutiques & Bridal Wear",Clothes Shop / Custom Studio,"Rohini / North-West Commercial Belt (Lat: 28.706, Lon: 77.123)",Rohini / Pitampura / Rani Bagh,Rs. 6.0 - 22.0 Lakhs/mo,"Rs. 3,500 - 45,000",NO OFFICIAL WEBSITE,Boutique Owner / Senior Master Tailor,"Pitch 'SahayShakti Glamour Suite': Mobile catalog, online custom order booking, and direct Instagram-to-WhatsApp client conversion funnel.",HOT (Zero Web Presence),Uncontacted
SST-OSM-CLOTH-0160,Meena Bazaar,"Branded Clothing, Custom Boutiques & Bridal Wear",Clothes Shop / Custom Studio,"Rohini / North-West Commercial Belt (Lat: 28.706, Lon: 77.123)",Rohini / Pitampura / Rani Bagh,Rs. 6.0 - 22.0 Lakhs/mo,"Rs. 3,500 - 45,000",NO OFFICIAL WEBSITE,Boutique Owner / Senior Master Tailor,"Pitch 'SahayShakti Glamour Suite': Mobile catalog, online custom order booking, and direct Instagram-to-WhatsApp client conversion funnel.",HOT (Zero Web Presence),Uncontacted
SST-OSM-CLOTH-0161,GIVA,"Branded Clothing, Custom Boutiques & Bridal Wear",Jewelry Shop / Custom Studio,"Rohini / North-West Commercial Belt (Lat: 28.717, Lon: 77.114)",Rohini / Pitampura / Rani Bagh,Rs. 6.0 - 22.0 Lakhs/mo,"Rs. 3,500 - 45,000",NO OFFICIAL WEBSITE,Boutique Owner / Senior Master Tailor,"Pitch 'SahayShakti Glamour Suite': Mobile catalog, online custom order booking, and direct Instagram-to-WhatsApp client conversion funnel.",HOT (Zero Web Presence),Uncontacted
SST-OSM-CLOTH-0162,Empire of Jewels,"Branded Clothing, Custom Boutiques & Bridal Wear",Jewelry Shop / Custom Studio,"Rohini / North-West Commercial Belt (Lat: 28.706, Lon: 77.190)",Rohini / Pitampura / Rani Bagh,Rs. 6.0 - 22.0 Lakhs/mo,"Rs. 3,500 - 45,000",NO OFFICIAL WEBSITE,Boutique Owner / Senior Master Tailor,"Pitch 'SahayShakti Glamour Suite': Mobile catalog, online custom order booking, and direct Instagram-to-WhatsApp client conversion funnel.",HOT (Zero Web Presence),Uncontacted
SST-OSM-CLOTH-0163,Stanmax,"Branded Clothing, Custom Boutiques & Bridal Wear",Clothes Shop / Custom Studio,"Rohini / North-West Commercial Belt (Lat: 28.705, Lon: 77.190)",Rohini / Pitampura / Rani Bagh,Rs. 6.0 - 22.0 Lakhs/mo,"Rs. 3,500 - 45,000",NO OFFICIAL WEBSITE,Boutique Owner / Senior Master Tailor,"Pitch 'SahayShakti Glamour Suite': Mobile catalog, online custom order booking, and direct Instagram-to-WhatsApp client conversion funnel.",HOT (Zero Web Presence),Uncontacted
SST-OSM-CLOTH-0164,Caratlane,"Branded Clothing, Custom Boutiques & Bridal Wear",Jewelry Shop / Custom Studio,"Rohini / North-West Commercial Belt (Lat: 28.704, Lon: 77.190)",Rohini / Pitampura / Rani Bagh,Rs. 6.0 - 22.0 Lakhs/mo,"Rs. 3,500 - 45,000",NO OFFICIAL WEBSITE,Boutique Owner / Senior Master Tailor,"Pitch 'SahayShakti Glamour Suite': Mobile catalog, online custom order booking, and direct Instagram-to-WhatsApp client conversion funnel.",HOT (Zero Web Presence),Uncontacted
SST-OSM-CLOTH-0165,Tesoro By Sania,"Branded Clothing, Custom Boutiques & Bridal Wear",Clothes Shop / Custom Studio,"Rohini / North-West Commercial Belt (Lat: 28.706, Lon: 77.190)",Rohini / Pitampura / Rani Bagh,Rs. 6.0 - 22.0 Lakhs/mo,"Rs. 3,500 - 45,000",NO OFFICIAL WEBSITE,Boutique Owner / Senior Master Tailor,"Pitch 'SahayShakti Glamour Suite': Mobile catalog, online custom order booking, and direct Instagram-to-WhatsApp client conversion funnel.",HOT (Zero Web Presence),Uncontacted
SST-OSM-CLOTH-0166,cult.fit,"Branded Clothing, Custom Boutiques & Bridal Wear",Custom Apparel / Tailoring Shop / Custom Studio,"Rohini / North-West Commercial Belt (Lat: 28.705, Lon: 77.190)",Rohini / Pitampura / Rani Bagh,Rs. 6.0 - 22.0 Lakhs/mo,"Rs. 3,500 - 45,000",NO OFFICIAL WEBSITE,Boutique Owner / Senior Master Tailor,"Pitch 'SahayShakti Glamour Suite': Mobile catalog, online custom order booking, and direct Instagram-to-WhatsApp client conversion funnel.",HOT (Zero Web Presence),Uncontacted
SST-OSM-CLOTH-0167,Minimoon,"Branded Clothing, Custom Boutiques & Bridal Wear",Clothes Shop / Custom Studio,"Rohini / North-West Commercial Belt (Lat: 28.705, Lon: 77.190)",Rohini / Pitampura / Rani Bagh,Rs. 6.0 - 22.0 Lakhs/mo,"Rs. 3,500 - 45,000",NO OFFICIAL WEBSITE,Boutique Owner / Senior Master Tailor,"Pitch 'SahayShakti Glamour Suite': Mobile catalog, online custom order booking, and direct Instagram-to-WhatsApp client conversion funnel.",HOT (Zero Web Presence),Uncontacted
SST-OSM-CLOTH-0168,Bodycare Kids,"Branded Clothing, Custom Boutiques & Bridal Wear",Clothes Shop / Custom Studio,"Rohini / North-West Commercial Belt (Lat: 28.705, Lon: 77.190)",Rohini / Pitampura / Rani Bagh,Rs. 6.0 - 22.0 Lakhs/mo,"Rs. 3,500 - 45,000",NO OFFICIAL WEBSITE,Boutique Owner / Senior Master Tailor,"Pitch 'SahayShakti Glamour Suite': Mobile catalog, online custom order booking, and direct Instagram-to-WhatsApp client conversion funnel.",HOT (Zero Web Presence),Uncontacted
SST-OSM-CLOTH-0169,Bluestone,"Branded Clothing, Custom Boutiques & Bridal Wear",Jewelry Shop / Custom Studio,"Rohini / North-West Commercial Belt (Lat: 28.704, Lon: 77.190)",Rohini / Pitampura / Rani Bagh,Rs. 6.0 - 22.0 Lakhs/mo,"Rs. 3,500 - 45,000",NO OFFICIAL WEBSITE,Boutique Owner / Senior Master Tailor,"Pitch 'SahayShakti Glamour Suite': Mobile catalog, online custom order booking, and direct Instagram-to-WhatsApp client conversion funnel.",HOT (Zero Web Presence),Uncontacted
SST-OSM-CLOTH-0170,Malhotra Saree Emporium,"Branded Clothing, Custom Boutiques & Bridal Wear",Clothes Shop / Custom Studio,"Rohini / North-West Commercial Belt (Lat: 28.705, Lon: 77.190)",Rohini / Pitampura / Rani Bagh,Rs. 6.0 - 22.0 Lakhs/mo,"Rs. 3,500 - 45,000",NO OFFICIAL WEBSITE,Boutique Owner / Senior Master Tailor,"Pitch 'SahayShakti Glamour Suite': Mobile catalog, online custom order booking, and direct Instagram-to-WhatsApp client conversion funnel.",HOT (Zero Web Presence),Uncontacted
SST-OSM-CLOTH-0171,The Gym Health Planet,"Branded Clothing, Custom Boutiques & Bridal Wear",Custom Apparel / Tailoring Shop / Custom Studio,"Rohini / North-West Commercial Belt (Lat: 28.704, Lon: 77.190)",Rohini / Pitampura / Rani Bagh,Rs. 6.0 - 22.0 Lakhs/mo,"Rs. 3,500 - 45,000",NO OFFICIAL WEBSITE,Boutique Owner / Senior Master Tailor,"Pitch 'SahayShakti Glamour Suite': Mobile catalog, online custom order booking, and direct Instagram-to-WhatsApp client conversion funnel.",HOT (Zero Web Presence),Uncontacted
SST-OSM-CLOTH-0172,Bodycare,"Branded Clothing, Custom Boutiques & Bridal Wear",Clothes Shop / Custom Studio,"Rohini / North-West Commercial Belt (Lat: 28.705, Lon: 77.190)",Rohini / Pitampura / Rani Bagh,Rs. 6.0 - 22.0 Lakhs/mo,"Rs. 3,500 - 45,000",NO OFFICIAL WEBSITE,Boutique Owner / Senior Master Tailor,"Pitch 'SahayShakti Glamour Suite': Mobile catalog, online custom order booking, and direct Instagram-to-WhatsApp client conversion funnel.",HOT (Zero Web Presence),Uncontacted
SST-OSM-CLOTH-0173,Raymond,"Branded Clothing, Custom Boutiques & Bridal Wear",Clothes Shop / Custom Studio,"Rohini / North-West Commercial Belt (Lat: 28.705, Lon: 77.190)",Rohini / Pitampura / Rani Bagh,Rs. 6.0 - 22.0 Lakhs/mo,"Rs. 3,500 - 45,000",NO OFFICIAL WEBSITE,Boutique Owner / Senior Master Tailor,"Pitch 'SahayShakti Glamour Suite': Mobile catalog, online custom order booking, and direct Instagram-to-WhatsApp client conversion funnel.",HOT (Zero Web Presence),Uncontacted
SST-OSM-CLOTH-0174,Malhotra Saree Emporium,"Branded Clothing, Custom Boutiques & Bridal Wear",Clothes Shop / Custom Studio,"Rohini / North-West Commercial Belt (Lat: 28.705, Lon: 77.190)",Rohini / Pitampura / Rani Bagh,Rs. 6.0 - 22.0 Lakhs/mo,"Rs. 3,500 - 45,000",NO OFFICIAL WEBSITE,Boutique Owner / Senior Master Tailor,"Pitch 'SahayShakti Glamour Suite': Mobile catalog, online custom order booking, and direct Instagram-to-WhatsApp client conversion funnel.",HOT (Zero Web Presence),Uncontacted
SST-OSM-CLOTH-0175,Go Colors!,"Branded Clothing, Custom Boutiques & Bridal Wear",Clothes Shop / Custom Studio,"Rohini / North-West Commercial Belt (Lat: 28.705, Lon: 77.190)",Rohini / Pitampura / Rani Bagh,Rs. 6.0 - 22.0 Lakhs/mo,"Rs. 3,500 - 45,000",NO OFFICIAL WEBSITE,Boutique Owner / Senior Master Tailor,"Pitch 'SahayShakti Glamour Suite': Mobile catalog, online custom order booking, and direct Instagram-to-WhatsApp client conversion funnel.",HOT (Zero Web Presence),Uncontacted
SST-OSM-CLOTH-0176,The Gym,"Branded Clothing, Custom Boutiques & Bridal Wear",Custom Apparel / Tailoring Shop / Custom Studio,"Rohini / North-West Commercial Belt (Lat: 28.704, Lon: 77.190)",Rohini / Pitampura / Rani Bagh,Rs. 6.0 - 22.0 Lakhs/mo,"Rs. 3,500 - 45,000",NO OFFICIAL WEBSITE,Boutique Owner / Senior Master Tailor,"Pitch 'SahayShakti Glamour Suite': Mobile catalog, online custom order booking, and direct Instagram-to-WhatsApp client conversion funnel.",HOT (Zero Web Presence),Uncontacted
SST-OSM-CLOTH-0177,Krishna Tailor,"Branded Clothing, Custom Boutiques & Bridal Wear",Tailor Shop / Custom Studio,"Rohini / North-West Commercial Belt (Lat: 28.706, Lon: 77.190)",Rohini / Pitampura / Rani Bagh,Rs. 6.0 - 22.0 Lakhs/mo,"Rs. 3,500 - 45,000",NO OFFICIAL WEBSITE,Boutique Owner / Senior Master Tailor,"Pitch 'SahayShakti Glamour Suite': Mobile catalog, online custom order booking, and direct Instagram-to-WhatsApp client conversion funnel.",HOT (Zero Web Presence),Uncontacted
SST-OSM-CLOTH-0178,Snip Fitness,"Branded Clothing, Custom Boutiques & Bridal Wear",Custom Apparel / Tailoring Shop / Custom Studio,"Rohini / North-West Commercial Belt (Lat: 28.716, Lon: 77.139)",Rohini / Pitampura / Rani Bagh,Rs. 6.0 - 22.0 Lakhs/mo,"Rs. 3,500 - 45,000",NO OFFICIAL WEBSITE,Boutique Owner / Senior Master Tailor,"Pitch 'SahayShakti Glamour Suite': Mobile catalog, online custom order booking, and direct Instagram-to-WhatsApp client conversion funnel.",HOT (Zero Web Presence),Uncontacted
SST-OSM-CLOTH-0179,MM EGG SHOP WHOLESALE & RETAIL,"Branded Clothing, Custom Boutiques & Bridal Wear",Wholesale Shop / Custom Studio,"Rohini / North-West Commercial Belt (Lat: 28.727, Lon: 77.150)",Rohini / Pitampura / Rani Bagh,Rs. 6.0 - 22.0 Lakhs/mo,"Rs. 3,500 - 45,000",NO OFFICIAL WEBSITE,Boutique Owner / Senior Master Tailor,"Pitch 'SahayShakti Glamour Suite': Mobile catalog, online custom order booking, and direct Instagram-to-WhatsApp client conversion funnel.",HOT (Zero Web Presence),Uncontacted
SST-OSM-CLOTH-0180,My Baby Yard,"Branded Clothing, Custom Boutiques & Bridal Wear",Clothes Shop / Custom Studio,"Rohini / North-West Commercial Belt (Lat: 28.711, Lon: 77.120)",Rohini / Pitampura / Rani Bagh,Rs. 6.0 - 22.0 Lakhs/mo,"Rs. 3,500 - 45,000",NO OFFICIAL WEBSITE,Boutique Owner / Senior Master Tailor,"Pitch 'SahayShakti Glamour Suite': Mobile catalog, online custom order booking, and direct Instagram-to-WhatsApp client conversion funnel.",HOT (Zero Web Presence),Uncontacted
SST-OSM-CLOTH-0181,My Fitness Destination,"Branded Clothing, Custom Boutiques & Bridal Wear",Custom Apparel / Tailoring Shop / Custom Studio,"Rohini / North-West Commercial Belt (Lat: 28.714, Lon: 77.130)",Rohini / Pitampura / Rani Bagh,Rs. 6.0 - 22.0 Lakhs/mo,"Rs. 3,500 - 45,000",NO OFFICIAL WEBSITE,Boutique Owner / Senior Master Tailor,"Pitch 'SahayShakti Glamour Suite': Mobile catalog, online custom order booking, and direct Instagram-to-WhatsApp client conversion funnel.",HOT (Zero Web Presence),Uncontacted
SST-OSM-CLOTH-0182,SOHO,"Branded Clothing, Custom Boutiques & Bridal Wear",Custom Apparel / Tailoring Shop / Custom Studio,"Rohini / North-West Commercial Belt (Lat: 28.723, Lon: 77.079)",Rohini / Pitampura / Rani Bagh,Rs. 6.0 - 22.0 Lakhs/mo,"Rs. 3,500 - 45,000",NO OFFICIAL WEBSITE,Boutique Owner / Senior Master Tailor,"Pitch 'SahayShakti Glamour Suite': Mobile catalog, online custom order booking, and direct Instagram-to-WhatsApp client conversion funnel.",HOT (Zero Web Presence),Uncontacted
SST-OSM-CLOTH-0183,SOHO,"Branded Clothing, Custom Boutiques & Bridal Wear",Custom Apparel / Tailoring Shop / Custom Studio,"Rohini / North-West Commercial Belt (Lat: 28.723, Lon: 77.079)",Rohini / Pitampura / Rani Bagh,Rs. 6.0 - 22.0 Lakhs/mo,"Rs. 3,500 - 45,000",NO OFFICIAL WEBSITE,Boutique Owner / Senior Master Tailor,"Pitch 'SahayShakti Glamour Suite': Mobile catalog, online custom order booking, and direct Instagram-to-WhatsApp client conversion funnel.",HOT (Zero Web Presence),Uncontacted
SST-OSM-CLOTH-0184,SOHO,"Branded Clothing, Custom Boutiques & Bridal Wear",Custom Apparel / Tailoring Shop / Custom Studio,"Rohini / North-West Commercial Belt (Lat: 28.723, Lon: 77.079)",Rohini / Pitampura / Rani Bagh,Rs. 6.0 - 22.0 Lakhs/mo,"Rs. 3,500 - 45,000",NO OFFICIAL WEBSITE,Boutique Owner / Senior Master Tailor,"Pitch 'SahayShakti Glamour Suite': Mobile catalog, online custom order booking, and direct Instagram-to-WhatsApp client conversion funnel.",HOT (Zero Web Presence),Uncontacted
SST-OSM-CLOTH-0185,SOHO,"Branded Clothing, Custom Boutiques & Bridal Wear",Custom Apparel / Tailoring Shop / Custom Studio,"Rohini / North-West Commercial Belt (Lat: 28.723, Lon: 77.079)",Rohini / Pitampura / Rani Bagh,Rs. 6.0 - 22.0 Lakhs/mo,"Rs. 3,500 - 45,000",NO OFFICIAL WEBSITE,Boutique Owner / Senior Master Tailor,"Pitch 'SahayShakti Glamour Suite': Mobile catalog, online custom order booking, and direct Instagram-to-WhatsApp client conversion funnel.",HOT (Zero Web Presence),Uncontacted
SST-OSM-CLOTH-0186,Spectra Sports Shop,"Branded Clothing, Custom Boutiques & Bridal Wear",Sports Shop / Custom Studio,"Rohini / North-West Commercial Belt (Lat: 28.727, Lon: 77.090)",Rohini / Pitampura / Rani Bagh,Rs. 6.0 - 22.0 Lakhs/mo,"Rs. 3,500 - 45,000",NO OFFICIAL WEBSITE,Boutique Owner / Senior Master Tailor,"Pitch 'SahayShakti Glamour Suite': Mobile catalog, online custom order booking, and direct Instagram-to-WhatsApp client conversion funnel.",HOT (Zero Web Presence),Uncontacted
SST-OSM-CLOTH-0187,Zudio,"Branded Clothing, Custom Boutiques & Bridal Wear",Clothes Shop / Custom Studio,"Rohini / North-West Commercial Belt (Lat: 28.707, Lon: 77.184)",Rohini / Pitampura / Rani Bagh,Rs. 6.0 - 22.0 Lakhs/mo,"Rs. 3,500 - 45,000",NO OFFICIAL WEBSITE,Boutique Owner / Senior Master Tailor,"Pitch 'SahayShakti Glamour Suite': Mobile catalog, online custom order booking, and direct Instagram-to-WhatsApp client conversion funnel.",HOT (Zero Web Presence),Uncontacted
SST-OSM-CLOTH-0188,Westside,"Branded Clothing, Custom Boutiques & Bridal Wear",Clothes Shop / Custom Studio,"Rohini / North-West Commercial Belt (Lat: 28.707, Lon: 77.183)",Rohini / Pitampura / Rani Bagh,Rs. 6.0 - 22.0 Lakhs/mo,"Rs. 3,500 - 45,000",NO OFFICIAL WEBSITE,Boutique Owner / Senior Master Tailor,"Pitch 'SahayShakti Glamour Suite': Mobile catalog, online custom order booking, and direct Instagram-to-WhatsApp client conversion funnel.",HOT (Zero Web Presence),Uncontacted
SST-OSM-CLOTH-0189,Rajdhani Hosiery,"Branded Clothing, Custom Boutiques & Bridal Wear",Clothes Shop / Custom Studio,"Rohini / North-West Commercial Belt (Lat: 28.709, Lon: 77.186)",Rohini / Pitampura / Rani Bagh,Rs. 6.0 - 22.0 Lakhs/mo,"Rs. 3,500 - 45,000",NO OFFICIAL WEBSITE,Boutique Owner / Senior Master Tailor,"Pitch 'SahayShakti Glamour Suite': Mobile catalog, online custom order booking, and direct Instagram-to-WhatsApp client conversion funnel.",HOT (Zero Web Presence),Uncontacted
SST-OSM-CLOTH-0190,Kaizen.Fit,"Branded Clothing, Custom Boutiques & Bridal Wear",Custom Apparel / Tailoring Shop / Custom Studio,"Rohini / North-West Commercial Belt (Lat: 28.708, Lon: 77.185)",Rohini / Pitampura / Rani Bagh,Rs. 6.0 - 22.0 Lakhs/mo,"Rs. 3,500 - 45,000",NO OFFICIAL WEBSITE,Boutique Owner / Senior Master Tailor,"Pitch 'SahayShakti Glamour Suite': Mobile catalog, online custom order booking, and direct Instagram-to-WhatsApp client conversion funnel.",HOT (Zero Web Presence),Uncontacted
SST-OSM-CLOTH-0191,Wazirpur Depot,"Branded Clothing, Custom Boutiques & Bridal Wear",Custom Apparel / Tailoring Shop / Custom Studio,"Rohini / North-West Commercial Belt (Lat: 28.694, Lon: 77.156)",Rohini / Pitampura / Rani Bagh,Rs. 6.0 - 22.0 Lakhs/mo,"Rs. 3,500 - 45,000",NO OFFICIAL WEBSITE,Boutique Owner / Senior Master Tailor,"Pitch 'SahayShakti Glamour Suite': Mobile catalog, online custom order booking, and direct Instagram-to-WhatsApp client conversion funnel.",HOT (Zero Web Presence),Uncontacted
SST-OSM-CLOTH-0192,Keshavpur Depot,"Branded Clothing, Custom Boutiques & Bridal Wear",Custom Apparel / Tailoring Shop / Custom Studio,"Rohini / North-West Commercial Belt (Lat: 28.653, Lon: 77.089)",Rohini / Pitampura / Rani Bagh,Rs. 6.0 - 22.0 Lakhs/mo,"Rs. 3,500 - 45,000",NO OFFICIAL WEBSITE,Boutique Owner / Senior Master Tailor,"Pitch 'SahayShakti Glamour Suite': Mobile catalog, online custom order booking, and direct Instagram-to-WhatsApp client conversion funnel.",HOT (Zero Web Presence),Uncontacted
SST-OSM-CLOTH-0193,Shadipur DTC Depot,"Branded Clothing, Custom Boutiques & Bridal Wear",Custom Apparel / Tailoring Shop / Custom Studio,"Rohini / North-West Commercial Belt (Lat: 28.654, Lon: 77.156)",Rohini / Pitampura / Rani Bagh,Rs. 6.0 - 22.0 Lakhs/mo,"Rs. 3,500 - 45,000",NO OFFICIAL WEBSITE,Boutique Owner / Senior Master Tailor,"Pitch 'SahayShakti Glamour Suite': Mobile catalog, online custom order booking, and direct Instagram-to-WhatsApp client conversion funnel.",HOT (Zero Web Presence),Uncontacted
SST-OSM-CLOTH-0194,Rohini - 1 DTC Depot,"Branded Clothing, Custom Boutiques & Bridal Wear",Custom Apparel / Tailoring Shop / Custom Studio,"Rohini / North-West Commercial Belt (Lat: 28.716, Lon: 77.112)",Rohini / Pitampura / Rani Bagh,Rs. 6.0 - 22.0 Lakhs/mo,"Rs. 3,500 - 45,000",NO OFFICIAL WEBSITE,Boutique Owner / Senior Master Tailor,"Pitch 'SahayShakti Glamour Suite': Mobile catalog, online custom order booking, and direct Instagram-to-WhatsApp client conversion funnel.",HOT (Zero Web Presence),Uncontacted
SST-OSM-CLOTH-0195,Anytime fitness,"Branded Clothing, Custom Boutiques & Bridal Wear",Custom Apparel / Tailoring Shop / Custom Studio,"Rohini / North-West Commercial Belt (Lat: 28.694, Lon: 77.130)",Rohini / Pitampura / Rani Bagh,Rs. 6.0 - 22.0 Lakhs/mo,"Rs. 3,500 - 45,000",NO OFFICIAL WEBSITE,Boutique Owner / Senior Master Tailor,"Pitch 'SahayShakti Glamour Suite': Mobile catalog, online custom order booking, and direct Instagram-to-WhatsApp client conversion funnel.",HOT (Zero Web Presence),Uncontacted
SST-OSM-CLOTH-0196,Hiraa Jewellers,"Branded Clothing, Custom Boutiques & Bridal Wear",Jewelry Shop / Custom Studio,"Rohini / North-West Commercial Belt (Lat: 28.731, Lon: 77.125)",Rohini / Pitampura / Rani Bagh,Rs. 6.0 - 22.0 Lakhs/mo,"Rs. 3,500 - 45,000",NO OFFICIAL WEBSITE,Boutique Owner / Senior Master Tailor,"Pitch 'SahayShakti Glamour Suite': Mobile catalog, online custom order booking, and direct Instagram-to-WhatsApp client conversion funnel.",HOT (Zero Web Presence),Uncontacted
SST-OSM-CLOTH-0198,Sam India Casting Yard,"Branded Clothing, Custom Boutiques & Bridal Wear",Custom Apparel / Tailoring Shop / Custom Studio,"Rohini / North-West Commercial Belt (Lat: 28.722, Lon: 77.180)",Rohini / Pitampura / Rani Bagh,Rs. 6.0 - 22.0 Lakhs/mo,"Rs. 3,500 - 45,000",NO OFFICIAL WEBSITE,Boutique Owner / Senior Master Tailor,"Pitch 'SahayShakti Glamour Suite': Mobile catalog, online custom order booking, and direct Instagram-to-WhatsApp client conversion funnel.",HOT (Zero Web Presence),Uncontacted
SST-OSM-CLOTH-0200,Vaishnavi Perfumery,"Branded Clothing, Custom Boutiques & Bridal Wear",Custom Apparel / Tailoring Shop / Custom Studio,"Rohini / North-West Commercial Belt (Lat: 28.746, Lon: 77.154)",Rohini / Pitampura / Rani Bagh,Rs. 6.0 - 22.0 Lakhs/mo,"Rs. 3,500 - 45,000",NO OFFICIAL WEBSITE,Boutique Owner / Senior Master Tailor,"Pitch 'SahayShakti Glamour Suite': Mobile catalog, online custom order booking, and direct Instagram-to-WhatsApp client conversion funnel.",HOT (Zero Web Presence),Uncontacted
SST-OSM-CLOTH-0201,Khatu Shyam Industries,"Branded Clothing, Custom Boutiques & Bridal Wear",Custom Apparel / Tailoring Shop / Custom Studio,"Rohini / North-West Commercial Belt (Lat: 28.750, Lon: 77.156)",Rohini / Pitampura / Rani Bagh,Rs. 6.0 - 22.0 Lakhs/mo,"Rs. 3,500 - 45,000",NO OFFICIAL WEBSITE,Boutique Owner / Senior Master Tailor,"Pitch 'SahayShakti Glamour Suite': Mobile catalog, online custom order booking, and direct Instagram-to-WhatsApp client conversion funnel.",HOT (Zero Web Presence),Uncontacted
SST-OSM-CLOTH-0202,Tanishq,"Branded Clothing, Custom Boutiques & Bridal Wear",Jewelry Shop / Custom Studio,"Rohini / North-West Commercial Belt (Lat: 28.703, Lon: 77.116)",Rohini / Pitampura / Rani Bagh,Rs. 6.0 - 22.0 Lakhs/mo,"Rs. 3,500 - 45,000",NO OFFICIAL WEBSITE,Boutique Owner / Senior Master Tailor,"Pitch 'SahayShakti Glamour Suite': Mobile catalog, online custom order booking, and direct Instagram-to-WhatsApp client conversion funnel.",HOT (Zero Web Presence),Uncontacted
SST-OSM-CLOTH-0204,Peeragarhi Depot,"Branded Clothing, Custom Boutiques & Bridal Wear",Custom Apparel / Tailoring Shop / Custom Studio,"Rohini / North-West Commercial Belt (Lat: 28.675, Lon: 77.095)",Rohini / Pitampura / Rani Bagh,Rs. 6.0 - 22.0 Lakhs/mo,"Rs. 3,500 - 45,000",NO OFFICIAL WEBSITE,Boutique Owner / Senior Master Tailor,"Pitch 'SahayShakti Glamour Suite': Mobile catalog, online custom order booking, and direct Instagram-to-WhatsApp client conversion funnel.",HOT (Zero Web Presence),Uncontacted
