Lead_ID,Business_Name,Category,Address_Locality,Pincode,City,Phone_Contact,Website_Status,Est_Monthly_Revenue,Avg_Ticket_Size,Decision_Maker,Operating_Hours,SahayShakti_Pitch_Strategy,Lead_Priority,Outreach_Status
SST-REAL-ROH-0003,Sagar Ratna,"Banquets, Restaurants & Event Catering","Rohini Commercial Hub (Near Lat: 28.674, Lon: 77.104)",110085,"Rohini, Delhi",In-Person Walk-in / Listed in Local Market,NO OFFICIAL WEBSITE (High Vulnerability),Rs. 10.0 - 35.0 Lakhs/mo,"Rs. 50,000 - 5,00,000",General Manager / Banquet Head,10:00 AM - 9:00 PM (Regular Business Hours),"SahayShakti GrandEvent Portal: 360-degree virtual walkthrough, interactive menu package builder, and direct wedding consultation booking.",HOT (Zero Web Presence / High Revenue),Uncontacted
SST-REAL-ROH-0012,Domino's,"Banquets, Restaurants & Event Catering","Rohini Commercial Hub (Near Lat: 28.671, Lon: 77.134)",110085,"Rohini, Delhi",In-Person Walk-in / Listed in Local Market,NO OFFICIAL WEBSITE (High Vulnerability),Rs. 10.0 - 35.0 Lakhs/mo,"Rs. 50,000 - 5,00,000",General Manager / Banquet Head,10:00 AM - 9:00 PM (Regular Business Hours),"SahayShakti GrandEvent Portal: 360-degree virtual walkthrough, interactive menu package builder, and direct wedding consultation booking.",HOT (Zero Web Presence / High Revenue),Uncontacted
SST-REAL-ROH-0013,McDonald's,"Banquets, Restaurants & Event Catering","Rohini Commercial Hub (Near Lat: 28.670, Lon: 77.133)",110085,"Rohini, Delhi",In-Person Walk-in / Listed in Local Market,NO OFFICIAL WEBSITE (High Vulnerability),Rs. 10.0 - 35.0 Lakhs/mo,"Rs. 50,000 - 5,00,000",General Manager / Banquet Head,10:00 AM - 9:00 PM (Regular Business Hours),"SahayShakti GrandEvent Portal: 360-degree virtual walkthrough, interactive menu package builder, and direct wedding consultation booking.",HOT (Zero Web Presence / High Revenue),Uncontacted
SST-REAL-ROH-0020,The Great Kebab Factory,"Banquets, Restaurants & Event Catering","Rohini Commercial Hub (Near Lat: 28.671, Lon: 77.134)",110085,"Rohini, Delhi",In-Person Walk-in / Listed in Local Market,NO OFFICIAL WEBSITE (High Vulnerability),Rs. 10.0 - 35.0 Lakhs/mo,"Rs. 50,000 - 5,00,000",General Manager / Banquet Head,10:00 AM - 9:00 PM (Regular Business Hours),"SahayShakti GrandEvent Portal: 360-degree virtual walkthrough, interactive menu package builder, and direct wedding consultation booking.",HOT (Zero Web Presence / High Revenue),Uncontacted
SST-REAL-ROH-0021,Subway,"Banquets, Restaurants & Event Catering","Rohini Commercial Hub (Near Lat: 28.671, Lon: 77.134)",110085,"Rohini, Delhi",In-Person Walk-in / Listed in Local Market,NO OFFICIAL WEBSITE (High Vulnerability),Rs. 10.0 - 35.0 Lakhs/mo,"Rs. 50,000 - 5,00,000",General Manager / Banquet Head,10:00 AM - 9:00 PM (Regular Business Hours),"SahayShakti GrandEvent Portal: 360-degree virtual walkthrough, interactive menu package builder, and direct wedding consultation booking.",HOT (Zero Web Presence / High Revenue),Uncontacted
SST-REAL-ROH-0024,Gupta Chhole Bhature Corner,"Banquets, Restaurants & Event Catering","Rohini Commercial Hub (Near Lat: 28.670, Lon: 77.133)",110085,"Rohini, Delhi",In-Person Walk-in / Listed in Local Market,NO OFFICIAL WEBSITE (High Vulnerability),Rs. 10.0 - 35.0 Lakhs/mo,"Rs. 50,000 - 5,00,000",General Manager / Banquet Head,10:00 AM - 9:00 PM (Regular Business Hours),"SahayShakti GrandEvent Portal: 360-degree virtual walkthrough, interactive menu package builder, and direct wedding consultation booking.",HOT (Zero Web Presence / High Revenue),Uncontacted
SST-REAL-ROH-0061,McDonald's,"Banquets, Restaurants & Event Catering","Rohini Commercial Hub (Near Lat: 28.689, Lon: 77.133)",110085,"Rohini, Delhi",In-Person Walk-in / Listed in Local Market,NO OFFICIAL WEBSITE (High Vulnerability),Rs. 10.0 - 35.0 Lakhs/mo,"Rs. 50,000 - 5,00,000",General Manager / Banquet Head,10:00 AM - 9:00 PM (Regular Business Hours),"SahayShakti GrandEvent Portal: 360-degree virtual walkthrough, interactive menu package builder, and direct wedding consultation booking.",HOT (Zero Web Presence / High Revenue),Uncontacted
SST-REAL-ROH-0062,Domino’s Pizza,"Banquets, Restaurants & Event Catering","Rohini Commercial Hub (Near Lat: 28.689, Lon: 77.135)",110085,"Rohini, Delhi",In-Person Walk-in / Listed in Local Market,NO OFFICIAL WEBSITE (High Vulnerability),Rs. 10.0 - 35.0 Lakhs/mo,"Rs. 50,000 - 5,00,000",General Manager / Banquet Head,10:00 AM - 9:00 PM (Regular Business Hours),"SahayShakti GrandEvent Portal: 360-degree virtual walkthrough, interactive menu package builder, and direct wedding consultation booking.",HOT (Zero Web Presence / High Revenue),Uncontacted
SST-REAL-ROH-0067,Bikaner Corner Wala,"Banquets, Restaurants & Event Catering","Rohini Commercial Hub (Near Lat: 28.684, Lon: 77.136)",110085,"Rohini, Delhi",In-Person Walk-in / Listed in Local Market,NO OFFICIAL WEBSITE (High Vulnerability),Rs. 10.0 - 35.0 Lakhs/mo,"Rs. 50,000 - 5,00,000",General Manager / Banquet Head,10:00 AM - 9:00 PM (Regular Business Hours),"SahayShakti GrandEvent Portal: 360-degree virtual walkthrough, interactive menu package builder, and direct wedding consultation booking.",HOT (Zero Web Presence / High Revenue),Uncontacted
SST-REAL-ROH-0071,Food ChoPal,"Banquets, Restaurants & Event Catering","Rohini Commercial Hub (Near Lat: 28.684, Lon: 77.127)",110085,"Rohini, Delhi",In-Person Walk-in / Listed in Local Market,NO OFFICIAL WEBSITE (High Vulnerability),Rs. 10.0 - 35.0 Lakhs/mo,"Rs. 50,000 - 5,00,000",General Manager / Banquet Head,10:00 AM - 9:00 PM (Regular Business Hours),"SahayShakti GrandEvent Portal: 360-degree virtual walkthrough, interactive menu package builder, and direct wedding consultation booking.",HOT (Zero Web Presence / High Revenue),Uncontacted
SST-REAL-ROH-0075,Sewa Grand,"Banquets, Restaurants & Event Catering","Rohini Commercial Hub (Near Lat: 28.691, Lon: 77.120)",110085,"Rohini, Delhi",In-Person Walk-in / Listed in Local Market,NO OFFICIAL WEBSITE (High Vulnerability),Rs. 10.0 - 35.0 Lakhs/mo,"Rs. 50,000 - 5,00,000",General Manager / Banquet Head,10:00 AM - 9:00 PM (Regular Business Hours),"SahayShakti GrandEvent Portal: 360-degree virtual walkthrough, interactive menu package builder, and direct wedding consultation booking.",HOT (Zero Web Presence / High Revenue),Uncontacted
SST-REAL-ROH-0076,Foodpanda,"Banquets, Restaurants & Event Catering","Rohini Commercial Hub (Near Lat: 28.688, Lon: 77.122)",110085,"Rohini, Delhi",In-Person Walk-in / Listed in Local Market,NO OFFICIAL WEBSITE (High Vulnerability),Rs. 10.0 - 35.0 Lakhs/mo,"Rs. 50,000 - 5,00,000",General Manager / Banquet Head,10:00 AM - 9:00 PM (Regular Business Hours),"SahayShakti GrandEvent Portal: 360-degree virtual walkthrough, interactive menu package builder, and direct wedding consultation booking.",HOT (Zero Web Presence / High Revenue),Uncontacted
SST-REAL-ROH-0077,Keswi,"Banquets, Restaurants & Event Catering","Rohini Commercial Hub (Near Lat: 28.688, Lon: 77.122)",110085,"Rohini, Delhi",In-Person Walk-in / Listed in Local Market,NO OFFICIAL WEBSITE (High Vulnerability),Rs. 10.0 - 35.0 Lakhs/mo,"Rs. 50,000 - 5,00,000",General Manager / Banquet Head,10:00 AM - 9:00 PM (Regular Business Hours),"SahayShakti GrandEvent Portal: 360-degree virtual walkthrough, interactive menu package builder, and direct wedding consultation booking.",HOT (Zero Web Presence / High Revenue),Uncontacted
SST-REAL-ROH-0078,NCR,"Banquets, Restaurants & Event Catering","Rohini Commercial Hub (Near Lat: 28.688, Lon: 77.121)",110085,"Rohini, Delhi",In-Person Walk-in / Listed in Local Market,NO OFFICIAL WEBSITE (High Vulnerability),Rs. 10.0 - 35.0 Lakhs/mo,"Rs. 50,000 - 5,00,000",General Manager / Banquet Head,10:00 AM - 9:00 PM (Regular Business Hours),"SahayShakti GrandEvent Portal: 360-degree virtual walkthrough, interactive menu package builder, and direct wedding consultation booking.",HOT (Zero Web Presence / High Revenue),Uncontacted
SST-REAL-ROH-0079,Punjabi's,"Banquets, Restaurants & Event Catering","Rohini Commercial Hub (Near Lat: 28.688, Lon: 77.121)",110085,"Rohini, Delhi",In-Person Walk-in / Listed in Local Market,NO OFFICIAL WEBSITE (High Vulnerability),Rs. 10.0 - 35.0 Lakhs/mo,"Rs. 50,000 - 5,00,000",General Manager / Banquet Head,10:00 AM - 9:00 PM (Regular Business Hours),"SahayShakti GrandEvent Portal: 360-degree virtual walkthrough, interactive menu package builder, and direct wedding consultation booking.",HOT (Zero Web Presence / High Revenue),Uncontacted
SST-REAL-ROH-0093,Shake square,"Banquets, Restaurants & Event Catering","Shop No 2 JD24A, PitamPura",110089,"Rohini, Delhi",In-Person Walk-in / Listed in Local Market,NO OFFICIAL WEBSITE (High Vulnerability),Rs. 10.0 - 35.0 Lakhs/mo,"Rs. 50,000 - 5,00,000",General Manager / Banquet Head,10:00 AM - 9:00 PM (Regular Business Hours),"SahayShakti GrandEvent Portal: 360-degree virtual walkthrough, interactive menu package builder, and direct wedding consultation booking.",HOT (Zero Web Presence / High Revenue),Uncontacted
SST-REAL-ROH-0114,McDonald's,"Banquets, Restaurants & Event Catering","Rohini Commercial Hub (Near Lat: 28.717, Lon: 77.114)",110085,"Rohini, Delhi",In-Person Walk-in / Listed in Local Market,NO OFFICIAL WEBSITE (High Vulnerability),Rs. 10.0 - 35.0 Lakhs/mo,"Rs. 50,000 - 5,00,000",General Manager / Banquet Head,10:00 AM - 9:00 PM (Regular Business Hours),"SahayShakti GrandEvent Portal: 360-degree virtual walkthrough, interactive menu package builder, and direct wedding consultation booking.",HOT (Zero Web Presence / High Revenue),Uncontacted
SST-REAL-ROH-0140,Brij Hub,"Banquets, Restaurants & Event Catering","Rohini Commercial Hub (Near Lat: 28.736, Lon: 77.121)",110085,"Rohini, Delhi",In-Person Walk-in / Listed in Local Market,NO OFFICIAL WEBSITE (High Vulnerability),Rs. 10.0 - 35.0 Lakhs/mo,"Rs. 50,000 - 5,00,000",General Manager / Banquet Head,10:00 AM - 9:00 PM (Regular Business Hours),"SahayShakti GrandEvent Portal: 360-degree virtual walkthrough, interactive menu package builder, and direct wedding consultation booking.",HOT (Zero Web Presence / High Revenue),Uncontacted
SST-REAL-ROH-0141,Bikaneri Sweets Corner,"Banquets, Restaurants & Event Catering","Rohini Commercial Hub (Near Lat: 28.736, Lon: 77.121)",110085,"Rohini, Delhi",In-Person Walk-in / Listed in Local Market,NO OFFICIAL WEBSITE (High Vulnerability),Rs. 10.0 - 35.0 Lakhs/mo,"Rs. 50,000 - 5,00,000",General Manager / Banquet Head,10:00 AM - 9:00 PM (Regular Business Hours),"SahayShakti GrandEvent Portal: 360-degree virtual walkthrough, interactive menu package builder, and direct wedding consultation booking.",HOT (Zero Web Presence / High Revenue),Uncontacted
SST-REAL-ROH-0144,Aggarwal Sweets Corner,"Banquets, Restaurants & Event Catering","Rohini Commercial Hub (Near Lat: 28.739, Lon: 77.125)",110085,"Rohini, Delhi",In-Person Walk-in / Listed in Local Market,NO OFFICIAL WEBSITE (High Vulnerability),Rs. 10.0 - 35.0 Lakhs/mo,"Rs. 50,000 - 5,00,000",General Manager / Banquet Head,10:00 AM - 9:00 PM (Regular Business Hours),"SahayShakti GrandEvent Portal: 360-degree virtual walkthrough, interactive menu package builder, and direct wedding consultation booking.",HOT (Zero Web Presence / High Revenue),Uncontacted
SST-REAL-ROH-0146,Green Chick Chop,"Banquets, Restaurants & Event Catering","Rohini Commercial Hub (Near Lat: 28.737, Lon: 77.129)",110085,"Rohini, Delhi",In-Person Walk-in / Listed in Local Market,NO OFFICIAL WEBSITE (High Vulnerability),Rs. 10.0 - 35.0 Lakhs/mo,"Rs. 50,000 - 5,00,000",General Manager / Banquet Head,10:00 AM - 9:00 PM (Regular Business Hours),"SahayShakti GrandEvent Portal: 360-degree virtual walkthrough, interactive menu package builder, and direct wedding consultation booking.",HOT (Zero Web Presence / High Revenue),Uncontacted
SST-REAL-ROH-0160,Kohli Cafe,"Banquets, Restaurants & Event Catering","Rohini Commercial Hub (Near Lat: 28.739, Lon: 77.135)",110085,"Rohini, Delhi",+919999137953,NO OFFICIAL WEBSITE (High Vulnerability),Rs. 10.0 - 35.0 Lakhs/mo,"Rs. 50,000 - 5,00,000",General Manager / Banquet Head,10:00 AM - 9:00 PM (Regular Business Hours),"SahayShakti GrandEvent Portal: 360-degree virtual walkthrough, interactive menu package builder, and direct wedding consultation booking.",HOT (Zero Web Presence / High Revenue),Uncontacted
SST-REAL-ROH-0161,Onkar Cafe,"Banquets, Restaurants & Event Catering","Rohini Commercial Hub (Near Lat: 28.739, Lon: 77.135)",110085,"Rohini, Delhi",+919213333670,NO OFFICIAL WEBSITE (High Vulnerability),Rs. 10.0 - 35.0 Lakhs/mo,"Rs. 50,000 - 5,00,000",General Manager / Banquet Head,10:00 AM - 9:00 PM (Regular Business Hours),"SahayShakti GrandEvent Portal: 360-degree virtual walkthrough, interactive menu package builder, and direct wedding consultation booking.",HOT (Zero Web Presence / High Revenue),Uncontacted
SST-REAL-ROH-0166,Garg's Veggie Point,"Banquets, Restaurants & Event Catering","Rohini Commercial Hub (Near Lat: 28.740, Lon: 77.123)",110085,"Rohini, Delhi",In-Person Walk-in / Listed in Local Market,NO OFFICIAL WEBSITE (High Vulnerability),Rs. 10.0 - 35.0 Lakhs/mo,"Rs. 50,000 - 5,00,000",General Manager / Banquet Head,10:00 AM - 9:00 PM (Regular Business Hours),"SahayShakti GrandEvent Portal: 360-degree virtual walkthrough, interactive menu package builder, and direct wedding consultation booking.",HOT (Zero Web Presence / High Revenue),Uncontacted
SST-REAL-ROH-0188,Sandoz B2,"Banquets, Restaurants & Event Catering","Rohini Commercial Hub (Near Lat: 28.683, Lon: 77.147)",110085,"Rohini, Delhi",In-Person Walk-in / Listed in Local Market,NO OFFICIAL WEBSITE (High Vulnerability),Rs. 10.0 - 35.0 Lakhs/mo,"Rs. 50,000 - 5,00,000",General Manager / Banquet Head,10:00 AM - 9:00 PM (Regular Business Hours),"SahayShakti GrandEvent Portal: 360-degree virtual walkthrough, interactive menu package builder, and direct wedding consultation booking.",HOT (Zero Web Presence / High Revenue),Uncontacted
SST-REAL-ROH-0202,McDonald's,"Banquets, Restaurants & Event Catering","Rohini Commercial Hub (Near Lat: 28.692, Lon: 77.153)",110085,"Rohini, Delhi",In-Person Walk-in / Listed in Local Market,NO OFFICIAL WEBSITE (High Vulnerability),Rs. 10.0 - 35.0 Lakhs/mo,"Rs. 50,000 - 5,00,000",General Manager / Banquet Head,10:00 AM - 9:00 PM (Regular Business Hours),"SahayShakti GrandEvent Portal: 360-degree virtual walkthrough, interactive menu package builder, and direct wedding consultation booking.",HOT (Zero Web Presence / High Revenue),Uncontacted
SST-REAL-ROH-0203,Cafe Coffee Day,"Banquets, Restaurants & Event Catering","Rohini Commercial Hub (Near Lat: 28.693, Lon: 77.153)",110085,"Rohini, Delhi",In-Person Walk-in / Listed in Local Market,NO OFFICIAL WEBSITE (High Vulnerability),Rs. 10.0 - 35.0 Lakhs/mo,"Rs. 50,000 - 5,00,000",General Manager / Banquet Head,10:00 AM - 9:00 PM (Regular Business Hours),"SahayShakti GrandEvent Portal: 360-degree virtual walkthrough, interactive menu package builder, and direct wedding consultation booking.",HOT (Zero Web Presence / High Revenue),Uncontacted
SST-REAL-ROH-0204,Haldiram's,"Banquets, Restaurants & Event Catering","Rohini Commercial Hub (Near Lat: 28.693, Lon: 77.153)",110085,"Rohini, Delhi",In-Person Walk-in / Listed in Local Market,NO OFFICIAL WEBSITE (High Vulnerability),Rs. 10.0 - 35.0 Lakhs/mo,"Rs. 50,000 - 5,00,000",General Manager / Banquet Head,10:00 AM - 9:00 PM (Regular Business Hours),"SahayShakti GrandEvent Portal: 360-degree virtual walkthrough, interactive menu package builder, and direct wedding consultation booking.",HOT (Zero Web Presence / High Revenue),Uncontacted
SST-REAL-ROH-0367,TMR Samosa,"Banquets, Restaurants & Event Catering",Shop No 2 JD21A Pitampura,110089,"Rohini, Delhi",In-Person Walk-in / Listed in Local Market,NO OFFICIAL WEBSITE (High Vulnerability),Rs. 10.0 - 35.0 Lakhs/mo,"Rs. 50,000 - 5,00,000",General Manager / Banquet Head,10:00 AM - 9:00 PM (Regular Business Hours),"SahayShakti GrandEvent Portal: 360-degree virtual walkthrough, interactive menu package builder, and direct wedding consultation booking.",HOT (Zero Web Presence / High Revenue),Uncontacted
SST-REAL-ROH-0374,Grand Celebration Party Hub,"Banquets, Restaurants & Event Catering",7/D34 Road no. 42,110034,"Rohini, Delhi",+91 98911 28518,NO OFFICIAL WEBSITE (High Vulnerability),Rs. 10.0 - 35.0 Lakhs/mo,"Rs. 50,000 - 5,00,000",General Manager / Banquet Head,10:00 AM - 9:00 PM (Regular Business Hours),"SahayShakti GrandEvent Portal: 360-degree virtual walkthrough, interactive menu package builder, and direct wedding consultation booking.",HOT (Zero Web Presence / High Revenue),Uncontacted
SST-REAL-ROH-0386,Zaika,"Banquets, Restaurants & Event Catering","Rohini Commercial Hub (Near Lat: 28.728, Lon: 77.129)",110085,"Rohini, Delhi",In-Person Walk-in / Listed in Local Market,NO OFFICIAL WEBSITE (High Vulnerability),Rs. 10.0 - 35.0 Lakhs/mo,"Rs. 50,000 - 5,00,000",General Manager / Banquet Head,Mo-Su 09:45-22:15,"SahayShakti GrandEvent Portal: 360-degree virtual walkthrough, interactive menu package builder, and direct wedding consultation booking.",HOT (Zero Web Presence / High Revenue),Uncontacted
SST-REAL-ROH-0388,Diet Zone,"Banquets, Restaurants & Event Catering","308, Amba Tower, 3rd Floor DC Chowk",110085,"Rohini, Delhi",In-Person Walk-in / Listed in Local Market,NO OFFICIAL WEBSITE (High Vulnerability),Rs. 10.0 - 35.0 Lakhs/mo,"Rs. 50,000 - 5,00,000",General Manager / Banquet Head,10:00 AM - 9:00 PM (Regular Business Hours),"SahayShakti GrandEvent Portal: 360-degree virtual walkthrough, interactive menu package builder, and direct wedding consultation booking.",HOT (Zero Web Presence / High Revenue),Uncontacted
SST-REAL-ROH-0389,Bansi Vala,"Banquets, Restaurants & Event Catering",Avantika Road,110085,"Rohini, Delhi",In-Person Walk-in / Listed in Local Market,NO OFFICIAL WEBSITE (High Vulnerability),Rs. 10.0 - 35.0 Lakhs/mo,"Rs. 50,000 - 5,00,000",General Manager / Banquet Head,Mo-Su 06:00-23:00,"SahayShakti GrandEvent Portal: 360-degree virtual walkthrough, interactive menu package builder, and direct wedding consultation booking.",HOT (Zero Web Presence / High Revenue),Uncontacted
SST-REAL-ROH-0390,Kadai Dhudh,"Banquets, Restaurants & Event Catering","Rohini Commercial Hub (Near Lat: 28.710, Lon: 77.113)",110085,"Rohini, Delhi",In-Person Walk-in / Listed in Local Market,NO OFFICIAL WEBSITE (High Vulnerability),Rs. 10.0 - 35.0 Lakhs/mo,"Rs. 50,000 - 5,00,000",General Manager / Banquet Head,10:00 AM - 9:00 PM (Regular Business Hours),"SahayShakti GrandEvent Portal: 360-degree virtual walkthrough, interactive menu package builder, and direct wedding consultation booking.",HOT (Zero Web Presence / High Revenue),Uncontacted
SST-REAL-ROH-0393,Puri Bakers,"Banquets, Restaurants & Event Catering","17 Shyamji Krishna Varma Marg, Engineers Enclave, Harsh Vihar",110085,"Rohini, Delhi",011 4558 9556,NO OFFICIAL WEBSITE (High Vulnerability),Rs. 10.0 - 35.0 Lakhs/mo,"Rs. 50,000 - 5,00,000",General Manager / Banquet Head,Mo-Su 10:00-22:00,"SahayShakti GrandEvent Portal: 360-degree virtual walkthrough, interactive menu package builder, and direct wedding consultation booking.",HOT (Zero Web Presence / High Revenue),Uncontacted
SST-REAL-ROH-0394,Prakash Ji Bakers,"Banquets, Restaurants & Event Catering","13 Vasundhara Lane, Rajapur, Pocket 40",110085,"Rohini, Delhi",In-Person Walk-in / Listed in Local Market,NO OFFICIAL WEBSITE (High Vulnerability),Rs. 10.0 - 35.0 Lakhs/mo,"Rs. 50,000 - 5,00,000",General Manager / Banquet Head,Mo-Su 09:30-22:00,"SahayShakti GrandEvent Portal: 360-degree virtual walkthrough, interactive menu package builder, and direct wedding consultation booking.",HOT (Zero Web Presence / High Revenue),Uncontacted
SST-REAL-ROH-0395,Bansal Sweets,"Banquets, Restaurants & Event Catering","6 JD Market, Vaishali",110085,"Rohini, Delhi",098102 69800,NO OFFICIAL WEBSITE (High Vulnerability),Rs. 10.0 - 35.0 Lakhs/mo,"Rs. 50,000 - 5,00,000",General Manager / Banquet Head,Mo-Su 08:00-22:00,"SahayShakti GrandEvent Portal: 360-degree virtual walkthrough, interactive menu package builder, and direct wedding consultation booking.",HOT (Zero Web Presence / High Revenue),Uncontacted
SST-REAL-ROH-0403,My Shop,"Banquets, Restaurants & Event Catering","f-24/68 HL Parwana Road, sector 7, rohini",110085,"Rohini, Delhi",7404526162,NO OFFICIAL WEBSITE (High Vulnerability),Rs. 10.0 - 35.0 Lakhs/mo,"Rs. 50,000 - 5,00,000",General Manager / Banquet Head,Mo-Su 00:00-22:00,"SahayShakti GrandEvent Portal: 360-degree virtual walkthrough, interactive menu package builder, and direct wedding consultation booking.",HOT (Zero Web Presence / High Revenue),Uncontacted
SST-REAL-ROH-0405,Apni Rasoi,"Banquets, Restaurants & Event Catering","Rohini Commercial Hub (Near Lat: 28.692, Lon: 77.178)",110085,"Rohini, Delhi",In-Person Walk-in / Listed in Local Market,NO OFFICIAL WEBSITE (High Vulnerability),Rs. 10.0 - 35.0 Lakhs/mo,"Rs. 50,000 - 5,00,000",General Manager / Banquet Head,10:00 AM - 9:00 PM (Regular Business Hours),"SahayShakti GrandEvent Portal: 360-degree virtual walkthrough, interactive menu package builder, and direct wedding consultation booking.",HOT (Zero Web Presence / High Revenue),Uncontacted
SST-REAL-ROH-0406,Domino's,"Banquets, Restaurants & Event Catering","Rohini Commercial Hub (Near Lat: 28.692, Lon: 77.178)",110085,"Rohini, Delhi",In-Person Walk-in / Listed in Local Market,NO OFFICIAL WEBSITE (High Vulnerability),Rs. 10.0 - 35.0 Lakhs/mo,"Rs. 50,000 - 5,00,000",General Manager / Banquet Head,10:00 AM - 9:00 PM (Regular Business Hours),"SahayShakti GrandEvent Portal: 360-degree virtual walkthrough, interactive menu package builder, and direct wedding consultation booking.",HOT (Zero Web Presence / High Revenue),Uncontacted
SST-REAL-ROH-0407,Bablu Kebab Shop,"Banquets, Restaurants & Event Catering","Rohini Commercial Hub (Near Lat: 28.692, Lon: 77.178)",110085,"Rohini, Delhi",In-Person Walk-in / Listed in Local Market,NO OFFICIAL WEBSITE (High Vulnerability),Rs. 10.0 - 35.0 Lakhs/mo,"Rs. 50,000 - 5,00,000",General Manager / Banquet Head,10:00 AM - 9:00 PM (Regular Business Hours),"SahayShakti GrandEvent Portal: 360-degree virtual walkthrough, interactive menu package builder, and direct wedding consultation booking.",HOT (Zero Web Presence / High Revenue),Uncontacted
SST-REAL-ROH-0412,Sonu cyber cafe,"Banquets, Restaurants & Event Catering","Rohini Commercial Hub (Near Lat: 28.683, Lon: 77.169)",110085,"Rohini, Delhi",In-Person Walk-in / Listed in Local Market,NO OFFICIAL WEBSITE (High Vulnerability),Rs. 10.0 - 35.0 Lakhs/mo,"Rs. 50,000 - 5,00,000",General Manager / Banquet Head,10:00 AM - 9:00 PM (Regular Business Hours),"SahayShakti GrandEvent Portal: 360-degree virtual walkthrough, interactive menu package builder, and direct wedding consultation booking.",HOT (Zero Web Presence / High Revenue),Uncontacted
SST-REAL-ROH-0423,Sandoz Ashok Vihar,"Banquets, Restaurants & Event Catering","Rohini Commercial Hub (Near Lat: 28.692, Lon: 77.176)",110085,"Rohini, Delhi",In-Person Walk-in / Listed in Local Market,NO OFFICIAL WEBSITE (High Vulnerability),Rs. 10.0 - 35.0 Lakhs/mo,"Rs. 50,000 - 5,00,000",General Manager / Banquet Head,10:00 AM - 9:00 PM (Regular Business Hours),"SahayShakti GrandEvent Portal: 360-degree virtual walkthrough, interactive menu package builder, and direct wedding consultation booking.",HOT (Zero Web Presence / High Revenue),Uncontacted
SST-REAL-ROH-0427,Master Cakes and Sweets,"Banquets, Restaurants & Event Catering","Rohini Commercial Hub (Near Lat: 28.693, Lon: 77.173)",110085,"Rohini, Delhi",In-Person Walk-in / Listed in Local Market,NO OFFICIAL WEBSITE (High Vulnerability),Rs. 10.0 - 35.0 Lakhs/mo,"Rs. 50,000 - 5,00,000",General Manager / Banquet Head,10:00 AM - 9:00 PM (Regular Business Hours),"SahayShakti GrandEvent Portal: 360-degree virtual walkthrough, interactive menu package builder, and direct wedding consultation booking.",HOT (Zero Web Presence / High Revenue),Uncontacted
SST-REAL-ROH-0428,Masters fast food center,"Banquets, Restaurants & Event Catering","Rohini Commercial Hub (Near Lat: 28.693, Lon: 77.173)",110085,"Rohini, Delhi",In-Person Walk-in / Listed in Local Market,NO OFFICIAL WEBSITE (High Vulnerability),Rs. 10.0 - 35.0 Lakhs/mo,"Rs. 50,000 - 5,00,000",General Manager / Banquet Head,10:00 AM - 9:00 PM (Regular Business Hours),"SahayShakti GrandEvent Portal: 360-degree virtual walkthrough, interactive menu package builder, and direct wedding consultation booking.",HOT (Zero Web Presence / High Revenue),Uncontacted
SST-REAL-ROH-0433,McDonald's,"Banquets, Restaurants & Event Catering","Rohini Commercial Hub (Near Lat: 28.674, Lon: 77.170)",110085,"Rohini, Delhi",In-Person Walk-in / Listed in Local Market,NO OFFICIAL WEBSITE (High Vulnerability),Rs. 10.0 - 35.0 Lakhs/mo,"Rs. 50,000 - 5,00,000",General Manager / Banquet Head,10:00 AM - 9:00 PM (Regular Business Hours),"SahayShakti GrandEvent Portal: 360-degree virtual walkthrough, interactive menu package builder, and direct wedding consultation booking.",HOT (Zero Web Presence / High Revenue),Uncontacted
SST-REAL-ROH-0434,Pandit Parantha,"Banquets, Restaurants & Event Catering","Rohini Commercial Hub (Near Lat: 28.696, Lon: 77.180)",110085,"Rohini, Delhi",In-Person Walk-in / Listed in Local Market,NO OFFICIAL WEBSITE (High Vulnerability),Rs. 10.0 - 35.0 Lakhs/mo,"Rs. 50,000 - 5,00,000",General Manager / Banquet Head,10:00 AM - 9:00 PM (Regular Business Hours),"SahayShakti GrandEvent Portal: 360-degree virtual walkthrough, interactive menu package builder, and direct wedding consultation booking.",HOT (Zero Web Presence / High Revenue),Uncontacted
SST-REAL-ROH-0435,Wah ji Wah Chaanp,"Banquets, Restaurants & Event Catering","Rohini Commercial Hub (Near Lat: 28.696, Lon: 77.180)",110085,"Rohini, Delhi",In-Person Walk-in / Listed in Local Market,NO OFFICIAL WEBSITE (High Vulnerability),Rs. 10.0 - 35.0 Lakhs/mo,"Rs. 50,000 - 5,00,000",General Manager / Banquet Head,10:00 AM - 9:00 PM (Regular Business Hours),"SahayShakti GrandEvent Portal: 360-degree virtual walkthrough, interactive menu package builder, and direct wedding consultation booking.",HOT (Zero Web Presence / High Revenue),Uncontacted
SST-REAL-ROH-0436,Subway,"Banquets, Restaurants & Event Catering","Rohini Commercial Hub (Near Lat: 28.696, Lon: 77.180)",110085,"Rohini, Delhi",In-Person Walk-in / Listed in Local Market,NO OFFICIAL WEBSITE (High Vulnerability),Rs. 10.0 - 35.0 Lakhs/mo,"Rs. 50,000 - 5,00,000",General Manager / Banquet Head,10:00 AM - 9:00 PM (Regular Business Hours),"SahayShakti GrandEvent Portal: 360-degree virtual walkthrough, interactive menu package builder, and direct wedding consultation booking.",HOT (Zero Web Presence / High Revenue),Uncontacted
SST-REAL-ROH-0437,Invitation,"Banquets, Restaurants & Event Catering","Rohini Commercial Hub (Near Lat: 28.696, Lon: 77.179)",110085,"Rohini, Delhi",In-Person Walk-in / Listed in Local Market,NO OFFICIAL WEBSITE (High Vulnerability),Rs. 10.0 - 35.0 Lakhs/mo,"Rs. 50,000 - 5,00,000",General Manager / Banquet Head,10:00 AM - 9:00 PM (Regular Business Hours),"SahayShakti GrandEvent Portal: 360-degree virtual walkthrough, interactive menu package builder, and direct wedding consultation booking.",HOT (Zero Web Presence / High Revenue),Uncontacted
SST-REAL-ROH-0447,Chaap Factory,"Banquets, Restaurants & Event Catering",shri balaji babosa marg,110085,"Rohini, Delhi",In-Person Walk-in / Listed in Local Market,NO OFFICIAL WEBSITE (High Vulnerability),Rs. 10.0 - 35.0 Lakhs/mo,"Rs. 50,000 - 5,00,000",General Manager / Banquet Head,10:00 AM - 9:00 PM (Regular Business Hours),"SahayShakti GrandEvent Portal: 360-degree virtual walkthrough, interactive menu package builder, and direct wedding consultation booking.",HOT (Zero Web Presence / High Revenue),Uncontacted
SST-REAL-ROH-0465,Cafe Masti,"Banquets, Restaurants & Event Catering","Rohini Commercial Hub (Near Lat: 28.719, Lon: 77.066)",110085,"Rohini, Delhi",In-Person Walk-in / Listed in Local Market,NO OFFICIAL WEBSITE (High Vulnerability),Rs. 10.0 - 35.0 Lakhs/mo,"Rs. 50,000 - 5,00,000",General Manager / Banquet Head,10:00 AM - 9:00 PM (Regular Business Hours),"SahayShakti GrandEvent Portal: 360-degree virtual walkthrough, interactive menu package builder, and direct wedding consultation booking.",HOT (Zero Web Presence / High Revenue),Uncontacted
SST-REAL-ROH-0470,Star Catering Concept,"Banquets, Restaurants & Event Catering",H/3-1051  Jahangirpuri,110085,"Rohini, Delhi",In-Person Walk-in / Listed in Local Market,NO OFFICIAL WEBSITE (High Vulnerability),Rs. 10.0 - 35.0 Lakhs/mo,"Rs. 50,000 - 5,00,000",General Manager / Banquet Head,10:00 AM - 9:00 PM (Regular Business Hours),"SahayShakti GrandEvent Portal: 360-degree virtual walkthrough, interactive menu package builder, and direct wedding consultation booking.",HOT (Zero Web Presence / High Revenue),Uncontacted
SST-REAL-ROH-0472,Aggarwal Sweet India,"Banquets, Restaurants & Event Catering","Rohini Commercial Hub (Near Lat: 28.724, Lon: 77.171)",110085,"Rohini, Delhi",In-Person Walk-in / Listed in Local Market,NO OFFICIAL WEBSITE (High Vulnerability),Rs. 10.0 - 35.0 Lakhs/mo,"Rs. 50,000 - 5,00,000",General Manager / Banquet Head,10:00 AM - 9:00 PM (Regular Business Hours),"SahayShakti GrandEvent Portal: 360-degree virtual walkthrough, interactive menu package builder, and direct wedding consultation booking.",HOT (Zero Web Presence / High Revenue),Uncontacted
SST-REAL-ROH-0501,Zaid Bakers,"Banquets, Restaurants & Event Catering","Rohini Commercial Hub (Near Lat: 28.727, Lon: 77.171)",110085,"Rohini, Delhi",In-Person Walk-in / Listed in Local Market,NO OFFICIAL WEBSITE (High Vulnerability),Rs. 10.0 - 35.0 Lakhs/mo,"Rs. 50,000 - 5,00,000",General Manager / Banquet Head,10:00 AM - 9:00 PM (Regular Business Hours),"SahayShakti GrandEvent Portal: 360-degree virtual walkthrough, interactive menu package builder, and direct wedding consultation booking.",HOT (Zero Web Presence / High Revenue),Uncontacted
SST-REAL-ROH-0502,Kashmiri Chicken Corner,"Banquets, Restaurants & Event Catering",95  Jahangir Puri,110033,"Rohini, Delhi",+91-92121-66620,NO OFFICIAL WEBSITE (High Vulnerability),Rs. 10.0 - 35.0 Lakhs/mo,"Rs. 50,000 - 5,00,000",General Manager / Banquet Head,10:00 AM - 9:00 PM (Regular Business Hours),"SahayShakti GrandEvent Portal: 360-degree virtual walkthrough, interactive menu package builder, and direct wedding consultation booking.",HOT (Zero Web Presence / High Revenue),Uncontacted
SST-REAL-ROH-0504,Food Land,"Banquets, Restaurants & Event Catering",786  Jahangir Puri,110033,"Rohini, Delhi",+91 93154 69081;+91 98993 89576,NO OFFICIAL WEBSITE (High Vulnerability),Rs. 10.0 - 35.0 Lakhs/mo,"Rs. 50,000 - 5,00,000",General Manager / Banquet Head,10:00 AM - 9:00 PM (Regular Business Hours),"SahayShakti GrandEvent Portal: 360-degree virtual walkthrough, interactive menu package builder, and direct wedding consultation booking.",HOT (Zero Web Presence / High Revenue),Uncontacted
SST-REAL-ROH-0551,Aggarwal Sweets & Caterers,"Banquets, Restaurants & Event Catering","Rohini Commercial Hub (Near Lat: 28.729, Lon: 77.165)",110085,"Rohini, Delhi",In-Person Walk-in / Listed in Local Market,NO OFFICIAL WEBSITE (High Vulnerability),Rs. 10.0 - 35.0 Lakhs/mo,"Rs. 50,000 - 5,00,000",General Manager / Banquet Head,10:00 AM - 9:00 PM (Regular Business Hours),"SahayShakti GrandEvent Portal: 360-degree virtual walkthrough, interactive menu package builder, and direct wedding consultation booking.",HOT (Zero Web Presence / High Revenue),Uncontacted
SST-REAL-ROH-0591,Hasija's,"Banquets, Restaurants & Event Catering","Rohini Commercial Hub (Near Lat: 28.723, Lon: 77.166)",110085,"Rohini, Delhi",In-Person Walk-in / Listed in Local Market,NO OFFICIAL WEBSITE (High Vulnerability),Rs. 10.0 - 35.0 Lakhs/mo,"Rs. 50,000 - 5,00,000",General Manager / Banquet Head,10:00 AM - 9:00 PM (Regular Business Hours),"SahayShakti GrandEvent Portal: 360-degree virtual walkthrough, interactive menu package builder, and direct wedding consultation booking.",HOT (Zero Web Presence / High Revenue),Uncontacted
SST-REAL-ROH-0599,Shri bikaner sweet center fast food,"Banquets, Restaurants & Event Catering","Rohini Commercial Hub (Near Lat: 28.723, Lon: 77.167)",110085,"Rohini, Delhi",In-Person Walk-in / Listed in Local Market,NO OFFICIAL WEBSITE (High Vulnerability),Rs. 10.0 - 35.0 Lakhs/mo,"Rs. 50,000 - 5,00,000",General Manager / Banquet Head,10:00 AM - 9:00 PM (Regular Business Hours),"SahayShakti GrandEvent Portal: 360-degree virtual walkthrough, interactive menu package builder, and direct wedding consultation booking.",HOT (Zero Web Presence / High Revenue),Uncontacted
SST-REAL-ROH-0608,MS Residency,"Banquets, Restaurants & Event Catering","Rohini Commercial Hub (Near Lat: 28.720, Lon: 77.168)",110085,"Rohini, Delhi",+91-88262-80065,NO OFFICIAL WEBSITE (High Vulnerability),Rs. 10.0 - 35.0 Lakhs/mo,"Rs. 50,000 - 5,00,000",General Manager / Banquet Head,10:00 AM - 9:00 PM (Regular Business Hours),"SahayShakti GrandEvent Portal: 360-degree virtual walkthrough, interactive menu package builder, and direct wedding consultation booking.",HOT (Zero Web Presence / High Revenue),Uncontacted
SST-REAL-ROH-0609,Krishna Sweets,"Banquets, Restaurants & Event Catering","Rohini Commercial Hub (Near Lat: 28.720, Lon: 77.168)",110085,"Rohini, Delhi",In-Person Walk-in / Listed in Local Market,NO OFFICIAL WEBSITE (High Vulnerability),Rs. 10.0 - 35.0 Lakhs/mo,"Rs. 50,000 - 5,00,000",General Manager / Banquet Head,10:00 AM - 9:00 PM (Regular Business Hours),"SahayShakti GrandEvent Portal: 360-degree virtual walkthrough, interactive menu package builder, and direct wedding consultation booking.",HOT (Zero Web Presence / High Revenue),Uncontacted
SST-REAL-ROH-0614,Lazeez Zayka,"Banquets, Restaurants & Event Catering","Rohini Commercial Hub (Near Lat: 28.720, Lon: 77.168)",110085,"Rohini, Delhi",+91-93191-46904,NO OFFICIAL WEBSITE (High Vulnerability),Rs. 10.0 - 35.0 Lakhs/mo,"Rs. 50,000 - 5,00,000",General Manager / Banquet Head,10:00 AM - 9:00 PM (Regular Business Hours),"SahayShakti GrandEvent Portal: 360-degree virtual walkthrough, interactive menu package builder, and direct wedding consultation booking.",HOT (Zero Web Presence / High Revenue),Uncontacted
SST-REAL-ROH-0621,OYO Singh Hotel,"Banquets, Restaurants & Event Catering","Rohini Commercial Hub (Near Lat: 28.720, Lon: 77.169)",110085,"Rohini, Delhi",In-Person Walk-in / Listed in Local Market,NO OFFICIAL WEBSITE (High Vulnerability),Rs. 10.0 - 35.0 Lakhs/mo,"Rs. 50,000 - 5,00,000",General Manager / Banquet Head,10:00 AM - 9:00 PM (Regular Business Hours),"SahayShakti GrandEvent Portal: 360-degree virtual walkthrough, interactive menu package builder, and direct wedding consultation booking.",HOT (Zero Web Presence / High Revenue),Uncontacted
SST-REAL-ROH-0631,Geniyes Cyber Caffe,"Banquets, Restaurants & Event Catering",M 1/2 mahendra park,110085,"Rohini, Delhi",9650076850,NO OFFICIAL WEBSITE (High Vulnerability),Rs. 10.0 - 35.0 Lakhs/mo,"Rs. 50,000 - 5,00,000",General Manager / Banquet Head,Mo-Fr 09:00-21:00,"SahayShakti GrandEvent Portal: 360-degree virtual walkthrough, interactive menu package builder, and direct wedding consultation booking.",HOT (Zero Web Presence / High Revenue),Uncontacted
SST-REAL-ROH-0640,Genius Cyber Cafe,"Banquets, Restaurants & Event Catering",M1/2,110033,"Rohini, Delhi",9650076850;8750834188,NO OFFICIAL WEBSITE (High Vulnerability),Rs. 10.0 - 35.0 Lakhs/mo,"Rs. 50,000 - 5,00,000",General Manager / Banquet Head,Mo-Su 09:00-21:00,"SahayShakti GrandEvent Portal: 360-degree virtual walkthrough, interactive menu package builder, and direct wedding consultation booking.",HOT (Zero Web Presence / High Revenue),Uncontacted
SST-REAL-ROH-0669,Aggarwal Standard Sweets,"Banquets, Restaurants & Event Catering","Rohini Commercial Hub (Near Lat: 28.727, Lon: 77.163)",110085,"Rohini, Delhi",In-Person Walk-in / Listed in Local Market,NO OFFICIAL WEBSITE (High Vulnerability),Rs. 10.0 - 35.0 Lakhs/mo,"Rs. 50,000 - 5,00,000",General Manager / Banquet Head,10:00 AM - 9:00 PM (Regular Business Hours),"SahayShakti GrandEvent Portal: 360-degree virtual walkthrough, interactive menu package builder, and direct wedding consultation booking.",HOT (Zero Web Presence / High Revenue),Uncontacted
SST-REAL-ROH-0671,Hare Krishna Traders Ramgarh,"Banquets, Restaurants & Event Catering","Rohini Commercial Hub (Near Lat: 28.728, Lon: 77.162)",110085,"Rohini, Delhi",In-Person Walk-in / Listed in Local Market,NO OFFICIAL WEBSITE (High Vulnerability),Rs. 10.0 - 35.0 Lakhs/mo,"Rs. 50,000 - 5,00,000",General Manager / Banquet Head,10:00 AM - 9:00 PM (Regular Business Hours),"SahayShakti GrandEvent Portal: 360-degree virtual walkthrough, interactive menu package builder, and direct wedding consultation booking.",HOT (Zero Web Presence / High Revenue),Uncontacted
SST-REAL-ROH-0676,Pizzalo Hot,"Banquets, Restaurants & Event Catering","Rohini Commercial Hub (Near Lat: 28.727, Lon: 77.162)",110085,"Rohini, Delhi",+91-91365-85868;+91-88820-41999,https://pizzalohot.com,Rs. 10.0 - 35.0 Lakhs/mo,"Rs. 50,000 - 5,00,000",General Manager / Banquet Head,10:00 AM - 9:00 PM (Regular Business Hours),"SahayShakti GrandEvent Portal: 360-degree virtual walkthrough, interactive menu package builder, and direct wedding consultation booking.",Warm (Needs Modern Revamp),Uncontacted
SST-REAL-ROH-0681,Aggarwal Sweets,"Banquets, Restaurants & Event Catering","Rohini Commercial Hub (Near Lat: 28.741, Lon: 77.166)",110085,"Rohini, Delhi",In-Person Walk-in / Listed in Local Market,NO OFFICIAL WEBSITE (High Vulnerability),Rs. 10.0 - 35.0 Lakhs/mo,"Rs. 50,000 - 5,00,000",General Manager / Banquet Head,10:00 AM - 9:00 PM (Regular Business Hours),"SahayShakti GrandEvent Portal: 360-degree virtual walkthrough, interactive menu package builder, and direct wedding consultation booking.",HOT (Zero Web Presence / High Revenue),Uncontacted
SST-REAL-ROH-0682,Hotel BNB Palace,"Banquets, Restaurants & Event Catering","Rohini Commercial Hub (Near Lat: 28.720, Lon: 77.169)",110085,"Rohini, Delhi",In-Person Walk-in / Listed in Local Market,NO OFFICIAL WEBSITE (High Vulnerability),Rs. 10.0 - 35.0 Lakhs/mo,"Rs. 50,000 - 5,00,000",General Manager / Banquet Head,10:00 AM - 9:00 PM (Regular Business Hours),"SahayShakti GrandEvent Portal: 360-degree virtual walkthrough, interactive menu package builder, and direct wedding consultation booking.",HOT (Zero Web Presence / High Revenue),Uncontacted
SST-REAL-ROH-0698,Pizza Hut,"Banquets, Restaurants & Event Catering","Rohini Commercial Hub (Near Lat: 28.719, Lon: 77.173)",110085,"Rohini, Delhi",In-Person Walk-in / Listed in Local Market,NO OFFICIAL WEBSITE (High Vulnerability),Rs. 10.0 - 35.0 Lakhs/mo,"Rs. 50,000 - 5,00,000",General Manager / Banquet Head,10:00 AM - 9:00 PM (Regular Business Hours),"SahayShakti GrandEvent Portal: 360-degree virtual walkthrough, interactive menu package builder, and direct wedding consultation booking.",HOT (Zero Web Presence / High Revenue),Uncontacted
SST-REAL-ROH-0706,Hans Sweets,"Banquets, Restaurants & Event Catering","Rohini Commercial Hub (Near Lat: 28.719, Lon: 77.175)",110085,"Rohini, Delhi",In-Person Walk-in / Listed in Local Market,NO OFFICIAL WEBSITE (High Vulnerability),Rs. 10.0 - 35.0 Lakhs/mo,"Rs. 50,000 - 5,00,000",General Manager / Banquet Head,10:00 AM - 9:00 PM (Regular Business Hours),"SahayShakti GrandEvent Portal: 360-degree virtual walkthrough, interactive menu package builder, and direct wedding consultation booking.",HOT (Zero Web Presence / High Revenue),Uncontacted
SST-REAL-ROH-0719,Food Sixteen,"Banquets, Restaurants & Event Catering","Rohini Commercial Hub (Near Lat: 28.717, Lon: 77.171)",110085,"Rohini, Delhi",In-Person Walk-in / Listed in Local Market,NO OFFICIAL WEBSITE (High Vulnerability),Rs. 10.0 - 35.0 Lakhs/mo,"Rs. 50,000 - 5,00,000",General Manager / Banquet Head,10:00 AM - 9:00 PM (Regular Business Hours),"SahayShakti GrandEvent Portal: 360-degree virtual walkthrough, interactive menu package builder, and direct wedding consultation booking.",HOT (Zero Web Presence / High Revenue),Uncontacted
SST-REAL-ROH-0721,Burger King,"Banquets, Restaurants & Event Catering","Rohini Commercial Hub (Near Lat: 28.717, Lon: 77.171)",110085,"Rohini, Delhi",In-Person Walk-in / Listed in Local Market,NO OFFICIAL WEBSITE (High Vulnerability),Rs. 10.0 - 35.0 Lakhs/mo,"Rs. 50,000 - 5,00,000",General Manager / Banquet Head,Mo-Su 10:00-23:00,"SahayShakti GrandEvent Portal: 360-degree virtual walkthrough, interactive menu package builder, and direct wedding consultation booking.",HOT (Zero Web Presence / High Revenue),Uncontacted
SST-REAL-ROH-0728,JPS Cyber Cafe,"Banquets, Restaurants & Event Catering","Rohini Commercial Hub (Near Lat: 28.742, Lon: 77.163)",110085,"Rohini, Delhi",In-Person Walk-in / Listed in Local Market,NO OFFICIAL WEBSITE (High Vulnerability),Rs. 10.0 - 35.0 Lakhs/mo,"Rs. 50,000 - 5,00,000",General Manager / Banquet Head,10:00 AM - 9:00 PM (Regular Business Hours),"SahayShakti GrandEvent Portal: 360-degree virtual walkthrough, interactive menu package builder, and direct wedding consultation booking.",HOT (Zero Web Presence / High Revenue),Uncontacted
SST-REAL-ROH-0738,Shri Ganga Puri Bhandar,"Banquets, Restaurants & Event Catering","Rohini Commercial Hub (Near Lat: 28.718, Lon: 77.172)",110085,"Rohini, Delhi",In-Person Walk-in / Listed in Local Market,NO OFFICIAL WEBSITE (High Vulnerability),Rs. 10.0 - 35.0 Lakhs/mo,"Rs. 50,000 - 5,00,000",General Manager / Banquet Head,10:00 AM - 9:00 PM (Regular Business Hours),"SahayShakti GrandEvent Portal: 360-degree virtual walkthrough, interactive menu package builder, and direct wedding consultation booking.",HOT (Zero Web Presence / High Revenue),Uncontacted
SST-REAL-ROH-0739,Subway,"Banquets, Restaurants & Event Catering","Rohini Commercial Hub (Near Lat: 28.719, Lon: 77.173)",110085,"Rohini, Delhi",In-Person Walk-in / Listed in Local Market,NO OFFICIAL WEBSITE (High Vulnerability),Rs. 10.0 - 35.0 Lakhs/mo,"Rs. 50,000 - 5,00,000",General Manager / Banquet Head,10:00 AM - 9:00 PM (Regular Business Hours),"SahayShakti GrandEvent Portal: 360-degree virtual walkthrough, interactive menu package builder, and direct wedding consultation booking.",HOT (Zero Web Presence / High Revenue),Uncontacted
SST-REAL-ROH-0741,Royal Catering,"Banquets, Restaurants & Event Catering","Rohini Commercial Hub (Near Lat: 28.722, Lon: 77.173)",110085,"Rohini, Delhi",In-Person Walk-in / Listed in Local Market,NO OFFICIAL WEBSITE (High Vulnerability),Rs. 10.0 - 35.0 Lakhs/mo,"Rs. 50,000 - 5,00,000",General Manager / Banquet Head,10:00 AM - 9:00 PM (Regular Business Hours),"SahayShakti GrandEvent Portal: 360-degree virtual walkthrough, interactive menu package builder, and direct wedding consultation booking.",HOT (Zero Web Presence / High Revenue),Uncontacted
SST-REAL-ROH-0748,Pahalwan Vaishno Dhaba,"Banquets, Restaurants & Event Catering",A-296  Majlis Park,110085,"Rohini, Delhi",In-Person Walk-in / Listed in Local Market,NO OFFICIAL WEBSITE (High Vulnerability),Rs. 10.0 - 35.0 Lakhs/mo,"Rs. 50,000 - 5,00,000",General Manager / Banquet Head,10:00 AM - 9:00 PM (Regular Business Hours),"SahayShakti GrandEvent Portal: 360-degree virtual walkthrough, interactive menu package builder, and direct wedding consultation booking.",HOT (Zero Web Presence / High Revenue),Uncontacted
SST-REAL-ROH-0757,Oyo,"Banquets, Restaurants & Event Catering","Rohini Commercial Hub (Near Lat: 28.741, Lon: 77.133)",110085,"Rohini, Delhi",In-Person Walk-in / Listed in Local Market,NO OFFICIAL WEBSITE (High Vulnerability),Rs. 10.0 - 35.0 Lakhs/mo,"Rs. 50,000 - 5,00,000",General Manager / Banquet Head,10:00 AM - 9:00 PM (Regular Business Hours),"SahayShakti GrandEvent Portal: 360-degree virtual walkthrough, interactive menu package builder, and direct wedding consultation booking.",HOT (Zero Web Presence / High Revenue),Uncontacted
SST-REAL-ROH-0769,Tyagi Restaurant,"Banquets, Restaurants & Event Catering","Rohini Commercial Hub (Near Lat: 28.746, Lon: 77.167)",110085,"Rohini, Delhi",In-Person Walk-in / Listed in Local Market,NO OFFICIAL WEBSITE (High Vulnerability),Rs. 10.0 - 35.0 Lakhs/mo,"Rs. 50,000 - 5,00,000",General Manager / Banquet Head,10:00 AM - 9:00 PM (Regular Business Hours),"SahayShakti GrandEvent Portal: 360-degree virtual walkthrough, interactive menu package builder, and direct wedding consultation booking.",HOT (Zero Web Presence / High Revenue),Uncontacted
SST-REAL-ROH-0790,Hello China,"Banquets, Restaurants & Event Catering",A-29 Gali #29 Mahendra Park,110033,"Rohini, Delhi",+91-81303-08820;+91-84472-80598,NO OFFICIAL WEBSITE (High Vulnerability),Rs. 10.0 - 35.0 Lakhs/mo,"Rs. 50,000 - 5,00,000",General Manager / Banquet Head,"We-Mo 13:00-14:00, 15:00-21:30","SahayShakti GrandEvent Portal: 360-degree virtual walkthrough, interactive menu package builder, and direct wedding consultation booking.",HOT (Zero Web Presence / High Revenue),Uncontacted
SST-REAL-ROH-0804,M/s Sunny Store,"Banquets, Restaurants & Event Catering",51;52  Jahangir Puri,110033,"Rohini, Delhi",In-Person Walk-in / Listed in Local Market,NO OFFICIAL WEBSITE (High Vulnerability),Rs. 10.0 - 35.0 Lakhs/mo,"Rs. 50,000 - 5,00,000",General Manager / Banquet Head,10:00 AM - 9:00 PM (Regular Business Hours),"SahayShakti GrandEvent Portal: 360-degree virtual walkthrough, interactive menu package builder, and direct wedding consultation booking.",HOT (Zero Web Presence / High Revenue),Uncontacted
SST-REAL-ROH-0831,Gaurav Sweets Corner,"Banquets, Restaurants & Event Catering",A-113 Main Shani Bazar Road,110042,"Rohini, Delhi",+91-92101-13160;+91-92101-41050,NO OFFICIAL WEBSITE (High Vulnerability),Rs. 10.0 - 35.0 Lakhs/mo,"Rs. 50,000 - 5,00,000",General Manager / Banquet Head,10:00 AM - 9:00 PM (Regular Business Hours),"SahayShakti GrandEvent Portal: 360-degree virtual walkthrough, interactive menu package builder, and direct wedding consultation booking.",HOT (Zero Web Presence / High Revenue),Uncontacted
SST-REAL-ROH-0883,Modakwala,"Banquets, Restaurants & Event Catering",Sector 23 Road,110085,"Rohini, Delhi",In-Person Walk-in / Listed in Local Market,NO OFFICIAL WEBSITE (High Vulnerability),Rs. 10.0 - 35.0 Lakhs/mo,"Rs. 50,000 - 5,00,000",General Manager / Banquet Head,10:00 AM - 9:00 PM (Regular Business Hours),"SahayShakti GrandEvent Portal: 360-degree virtual walkthrough, interactive menu package builder, and direct wedding consultation booking.",HOT (Zero Web Presence / High Revenue),Uncontacted
SST-REAL-ROH-0885,Hariram,"Banquets, Restaurants & Event Catering",Sector 23 Road,110085,"Rohini, Delhi",In-Person Walk-in / Listed in Local Market,NO OFFICIAL WEBSITE (High Vulnerability),Rs. 10.0 - 35.0 Lakhs/mo,"Rs. 50,000 - 5,00,000",General Manager / Banquet Head,10:00 AM - 9:00 PM (Regular Business Hours),"SahayShakti GrandEvent Portal: 360-degree virtual walkthrough, interactive menu package builder, and direct wedding consultation booking.",HOT (Zero Web Presence / High Revenue),Uncontacted
SST-REAL-ROH-0922,Shri Ram Sweets Corner,"Banquets, Restaurants & Event Catering","Rohini Commercial Hub (Near Lat: 28.733, Lon: 77.164)",110085,"Rohini, Delhi",In-Person Walk-in / Listed in Local Market,NO OFFICIAL WEBSITE (High Vulnerability),Rs. 10.0 - 35.0 Lakhs/mo,"Rs. 50,000 - 5,00,000",General Manager / Banquet Head,10:00 AM - 9:00 PM (Regular Business Hours),"SahayShakti GrandEvent Portal: 360-degree virtual walkthrough, interactive menu package builder, and direct wedding consultation booking.",HOT (Zero Web Presence / High Revenue),Uncontacted
SST-REAL-ROH-0936,A2 Traders,"Banquets, Restaurants & Event Catering",97 Thana Road Bhalaswa Dairy,110042,"Rohini, Delhi",+91-98102-82101,NO OFFICIAL WEBSITE (High Vulnerability),Rs. 10.0 - 35.0 Lakhs/mo,"Rs. 50,000 - 5,00,000",General Manager / Banquet Head,"Mo-Su 09:00-13:00, 16:00-21:00","SahayShakti GrandEvent Portal: 360-degree virtual walkthrough, interactive menu package builder, and direct wedding consultation booking.",HOT (Zero Web Presence / High Revenue),Uncontacted
SST-REAL-ROH-0958,Saagar Food Corner,"Banquets, Restaurants & Event Catering","Rohini Commercial Hub (Near Lat: 28.742, Lon: 77.166)",110085,"Rohini, Delhi",In-Person Walk-in / Listed in Local Market,NO OFFICIAL WEBSITE (High Vulnerability),Rs. 10.0 - 35.0 Lakhs/mo,"Rs. 50,000 - 5,00,000",General Manager / Banquet Head,10:00 AM - 9:00 PM (Regular Business Hours),"SahayShakti GrandEvent Portal: 360-degree virtual walkthrough, interactive menu package builder, and direct wedding consultation booking.",HOT (Zero Web Presence / High Revenue),Uncontacted
SST-REAL-ROH-0961,Hello China,"Banquets, Restaurants & Event Catering","Rohini Commercial Hub (Near Lat: 28.723, Lon: 77.167)",110085,"Rohini, Delhi",In-Person Walk-in / Listed in Local Market,NO OFFICIAL WEBSITE (High Vulnerability),Rs. 10.0 - 35.0 Lakhs/mo,"Rs. 50,000 - 5,00,000",General Manager / Banquet Head,10:00 AM - 9:00 PM (Regular Business Hours),"SahayShakti GrandEvent Portal: 360-degree virtual walkthrough, interactive menu package builder, and direct wedding consultation booking.",HOT (Zero Web Presence / High Revenue),Uncontacted
SST-REAL-ROH-0965,Nice Restaurant,"Banquets, Restaurants & Event Catering",Gali Number 12 Swaroop Nagar,110085,"Rohini, Delhi",+91-81789-42467;+91-80764-64059,NO OFFICIAL WEBSITE (High Vulnerability),Rs. 10.0 - 35.0 Lakhs/mo,"Rs. 50,000 - 5,00,000",General Manager / Banquet Head,10:00 AM - 9:00 PM (Regular Business Hours),"SahayShakti GrandEvent Portal: 360-degree virtual walkthrough, interactive menu package builder, and direct wedding consultation booking.",HOT (Zero Web Presence / High Revenue),Uncontacted
SST-REAL-ROH-1001,Punjabi Chaap Corner,"Banquets, Restaurants & Event Catering","Rohini Commercial Hub (Near Lat: 28.718, Lon: 77.172)",110085,"Rohini, Delhi",+91-935-088-7315;+91-999-089-1469,NO OFFICIAL WEBSITE (High Vulnerability),Rs. 10.0 - 35.0 Lakhs/mo,"Rs. 50,000 - 5,00,000",General Manager / Banquet Head,10:00 AM - 9:00 PM (Regular Business Hours),"SahayShakti GrandEvent Portal: 360-degree virtual walkthrough, interactive menu package builder, and direct wedding consultation booking.",HOT (Zero Web Presence / High Revenue),Uncontacted
SST-REAL-ROH-1011,Punjab Sweets,"Banquets, Restaurants & Event Catering","Rohini Commercial Hub (Near Lat: 28.728, Lon: 77.114)",110085,"Rohini, Delhi",In-Person Walk-in / Listed in Local Market,NO OFFICIAL WEBSITE (High Vulnerability),Rs. 10.0 - 35.0 Lakhs/mo,"Rs. 50,000 - 5,00,000",General Manager / Banquet Head,10:00 AM - 9:00 PM (Regular Business Hours),"SahayShakti GrandEvent Portal: 360-degree virtual walkthrough, interactive menu package builder, and direct wedding consultation booking.",HOT (Zero Web Presence / High Revenue),Uncontacted
SST-REAL-ROH-1012,Subway,"Banquets, Restaurants & Event Catering","Rohini Commercial Hub (Near Lat: 28.734, Lon: 77.114)",110085,"Rohini, Delhi",In-Person Walk-in / Listed in Local Market,NO OFFICIAL WEBSITE (High Vulnerability),Rs. 10.0 - 35.0 Lakhs/mo,"Rs. 50,000 - 5,00,000",General Manager / Banquet Head,10:00 AM - 9:00 PM (Regular Business Hours),"SahayShakti GrandEvent Portal: 360-degree virtual walkthrough, interactive menu package builder, and direct wedding consultation booking.",HOT (Zero Web Presence / High Revenue),Uncontacted
SST-REAL-ROH-1013,Bansi Wala,"Banquets, Restaurants & Event Catering","Rohini Commercial Hub (Near Lat: 28.732, Lon: 77.118)",110085,"Rohini, Delhi",In-Person Walk-in / Listed in Local Market,NO OFFICIAL WEBSITE (High Vulnerability),Rs. 10.0 - 35.0 Lakhs/mo,"Rs. 50,000 - 5,00,000",General Manager / Banquet Head,10:00 AM - 9:00 PM (Regular Business Hours),"SahayShakti GrandEvent Portal: 360-degree virtual walkthrough, interactive menu package builder, and direct wedding consultation booking.",HOT (Zero Web Presence / High Revenue),Uncontacted
SST-REAL-ROH-1017,Chinese Wok,"Banquets, Restaurants & Event Catering","Rohini Commercial Hub (Near Lat: 28.735, Lon: 77.114)",110085,"Rohini, Delhi",In-Person Walk-in / Listed in Local Market,NO OFFICIAL WEBSITE (High Vulnerability),Rs. 10.0 - 35.0 Lakhs/mo,"Rs. 50,000 - 5,00,000",General Manager / Banquet Head,10:00 AM - 9:00 PM (Regular Business Hours),"SahayShakti GrandEvent Portal: 360-degree virtual walkthrough, interactive menu package builder, and direct wedding consultation booking.",HOT (Zero Web Presence / High Revenue),Uncontacted
SST-REAL-ROH-1019,KFC,"Banquets, Restaurants & Event Catering","Rohini Commercial Hub (Near Lat: 28.735, Lon: 77.114)",110085,"Rohini, Delhi",In-Person Walk-in / Listed in Local Market,NO OFFICIAL WEBSITE (High Vulnerability),Rs. 10.0 - 35.0 Lakhs/mo,"Rs. 50,000 - 5,00,000",General Manager / Banquet Head,Mo-Su 11:00-23:00,"SahayShakti GrandEvent Portal: 360-degree virtual walkthrough, interactive menu package builder, and direct wedding consultation booking.",HOT (Zero Web Presence / High Revenue),Uncontacted
SST-REAL-ROH-1021,The Burger Bistro,"Banquets, Restaurants & Event Catering","Rohini Commercial Hub (Near Lat: 28.735, Lon: 77.114)",110085,"Rohini, Delhi",In-Person Walk-in / Listed in Local Market,NO OFFICIAL WEBSITE (High Vulnerability),Rs. 10.0 - 35.0 Lakhs/mo,"Rs. 50,000 - 5,00,000",General Manager / Banquet Head,10:00 AM - 9:00 PM (Regular Business Hours),"SahayShakti GrandEvent Portal: 360-degree virtual walkthrough, interactive menu package builder, and direct wedding consultation booking.",HOT (Zero Web Presence / High Revenue),Uncontacted
SST-REAL-ROH-1022,Pizza Hut,"Banquets, Restaurants & Event Catering","Rohini Commercial Hub (Near Lat: 28.735, Lon: 77.114)",110085,"Rohini, Delhi",In-Person Walk-in / Listed in Local Market,NO OFFICIAL WEBSITE (High Vulnerability),Rs. 10.0 - 35.0 Lakhs/mo,"Rs. 50,000 - 5,00,000",General Manager / Banquet Head,Mo-Su 11:00-23:00,"SahayShakti GrandEvent Portal: 360-degree virtual walkthrough, interactive menu package builder, and direct wedding consultation booking.",HOT (Zero Web Presence / High Revenue),Uncontacted
SST-REAL-ROH-1023,Vimal's 36 China Town,"Banquets, Restaurants & Event Catering",Rohini,110085,"Rohini, Delhi",+91-817-850-2568;+91-99106-99353,NO OFFICIAL WEBSITE (High Vulnerability),Rs. 10.0 - 35.0 Lakhs/mo,"Rs. 50,000 - 5,00,000",General Manager / Banquet Head,Mo-Su 11:00-22:00,"SahayShakti GrandEvent Portal: 360-degree virtual walkthrough, interactive menu package builder, and direct wedding consultation booking.",HOT (Zero Web Presence / High Revenue),Uncontacted
SST-REAL-ROH-1025,Champaran Handi Mutton & Chicken,"Banquets, Restaurants & Event Catering","Rohini Commercial Hub (Near Lat: 28.735, Lon: 77.114)",110085,"Rohini, Delhi",+91- 78275-07655;+91-79825-02167,NO OFFICIAL WEBSITE (High Vulnerability),Rs. 10.0 - 35.0 Lakhs/mo,"Rs. 50,000 - 5,00,000",General Manager / Banquet Head,10:00 AM - 9:00 PM (Regular Business Hours),"SahayShakti GrandEvent Portal: 360-degree virtual walkthrough, interactive menu package builder, and direct wedding consultation booking.",HOT (Zero Web Presence / High Revenue),Uncontacted
SST-REAL-ROH-1026,AK Perfect Momo,"Banquets, Restaurants & Event Catering","Rohini Commercial Hub (Near Lat: 28.720, Lon: 77.108)",110085,"Rohini, Delhi",+91-999-034-7340,NO OFFICIAL WEBSITE (High Vulnerability),Rs. 10.0 - 35.0 Lakhs/mo,"Rs. 50,000 - 5,00,000",General Manager / Banquet Head,10:00 AM - 9:00 PM (Regular Business Hours),"SahayShakti GrandEvent Portal: 360-degree virtual walkthrough, interactive menu package builder, and direct wedding consultation booking.",HOT (Zero Web Presence / High Revenue),Uncontacted
SST-REAL-ROH-1027,Mahakal Rajma Chawal,"Banquets, Restaurants & Event Catering","Rohini Commercial Hub (Near Lat: 28.720, Lon: 77.108)",110085,"Rohini, Delhi",+91-706-555-666-5,NO OFFICIAL WEBSITE (High Vulnerability),Rs. 10.0 - 35.0 Lakhs/mo,"Rs. 50,000 - 5,00,000",General Manager / Banquet Head,10:00 AM - 9:00 PM (Regular Business Hours),"SahayShakti GrandEvent Portal: 360-degree virtual walkthrough, interactive menu package builder, and direct wedding consultation booking.",HOT (Zero Web Presence / High Revenue),Uncontacted
SST-REAL-ROH-1029,Pizza Hut,"Banquets, Restaurants & Event Catering","Rohini Commercial Hub (Near Lat: 28.716, Lon: 77.114)",110085,"Rohini, Delhi",In-Person Walk-in / Listed in Local Market,NO OFFICIAL WEBSITE (High Vulnerability),Rs. 10.0 - 35.0 Lakhs/mo,"Rs. 50,000 - 5,00,000",General Manager / Banquet Head,10:00 AM - 9:00 PM (Regular Business Hours),"SahayShakti GrandEvent Portal: 360-degree virtual walkthrough, interactive menu package builder, and direct wedding consultation booking.",HOT (Zero Web Presence / High Revenue),Uncontacted
SST-REAL-ROH-1030,Bikanervala,"Banquets, Restaurants & Event Catering","Rohini Commercial Hub (Near Lat: 28.715, Lon: 77.116)",110085,"Rohini, Delhi",In-Person Walk-in / Listed in Local Market,NO OFFICIAL WEBSITE (High Vulnerability),Rs. 10.0 - 35.0 Lakhs/mo,"Rs. 50,000 - 5,00,000",General Manager / Banquet Head,10:00 AM - 9:00 PM (Regular Business Hours),"SahayShakti GrandEvent Portal: 360-degree virtual walkthrough, interactive menu package builder, and direct wedding consultation booking.",HOT (Zero Web Presence / High Revenue),Uncontacted
SST-REAL-ROH-1045,Madras Cafe,"Banquets, Restaurants & Event Catering","Rohini Commercial Hub (Near Lat: 28.739, Lon: 77.118)",110085,"Rohini, Delhi",In-Person Walk-in / Listed in Local Market,NO OFFICIAL WEBSITE (High Vulnerability),Rs. 10.0 - 35.0 Lakhs/mo,"Rs. 50,000 - 5,00,000",General Manager / Banquet Head,10:00 AM - 9:00 PM (Regular Business Hours),"SahayShakti GrandEvent Portal: 360-degree virtual walkthrough, interactive menu package builder, and direct wedding consultation booking.",HOT (Zero Web Presence / High Revenue),Uncontacted
SST-REAL-ROH-1049,Baozi Momos,"Banquets, Restaurants & Event Catering","Rohini Commercial Hub (Near Lat: 28.741, Lon: 77.120)",110085,"Rohini, Delhi",In-Person Walk-in / Listed in Local Market,NO OFFICIAL WEBSITE (High Vulnerability),Rs. 10.0 - 35.0 Lakhs/mo,"Rs. 50,000 - 5,00,000",General Manager / Banquet Head,10:00 AM - 9:00 PM (Regular Business Hours),"SahayShakti GrandEvent Portal: 360-degree virtual walkthrough, interactive menu package builder, and direct wedding consultation booking.",HOT (Zero Web Presence / High Revenue),Uncontacted
SST-REAL-ROH-1057,Sachdeva Momos,"Banquets, Restaurants & Event Catering","Rohini Commercial Hub (Near Lat: 28.735, Lon: 77.110)",110085,"Rohini, Delhi",+91-93191-22914;+91-98737-94247,NO OFFICIAL WEBSITE (High Vulnerability),Rs. 10.0 - 35.0 Lakhs/mo,"Rs. 50,000 - 5,00,000",General Manager / Banquet Head,10:00 AM - 9:00 PM (Regular Business Hours),"SahayShakti GrandEvent Portal: 360-degree virtual walkthrough, interactive menu package builder, and direct wedding consultation booking.",HOT (Zero Web Presence / High Revenue),Uncontacted
SST-REAL-ROH-1071,Mr. Dosa,"Banquets, Restaurants & Event Catering","Rohini Commercial Hub (Near Lat: 28.741, Lon: 77.121)",110085,"Rohini, Delhi",In-Person Walk-in / Listed in Local Market,NO OFFICIAL WEBSITE (High Vulnerability),Rs. 10.0 - 35.0 Lakhs/mo,"Rs. 50,000 - 5,00,000",General Manager / Banquet Head,10:00 AM - 9:00 PM (Regular Business Hours),"SahayShakti GrandEvent Portal: 360-degree virtual walkthrough, interactive menu package builder, and direct wedding consultation booking.",HOT (Zero Web Presence / High Revenue),Uncontacted
SST-REAL-ROH-1072,Bikaner Sweets,"Banquets, Restaurants & Event Catering","Rohini Commercial Hub (Near Lat: 28.745, Lon: 77.136)",110085,"Rohini, Delhi",In-Person Walk-in / Listed in Local Market,NO OFFICIAL WEBSITE (High Vulnerability),Rs. 10.0 - 35.0 Lakhs/mo,"Rs. 50,000 - 5,00,000",General Manager / Banquet Head,10:00 AM - 9:00 PM (Regular Business Hours),"SahayShakti GrandEvent Portal: 360-degree virtual walkthrough, interactive menu package builder, and direct wedding consultation booking.",HOT (Zero Web Presence / High Revenue),Uncontacted
SST-REAL-ROH-1074,Dr's Cafe,"Banquets, Restaurants & Event Catering",69  Rohini,110085,"Rohini, Delhi",+91-96671-64779,NO OFFICIAL WEBSITE (High Vulnerability),Rs. 10.0 - 35.0 Lakhs/mo,"Rs. 50,000 - 5,00,000",General Manager / Banquet Head,10:00 AM - 9:00 PM (Regular Business Hours),"SahayShakti GrandEvent Portal: 360-degree virtual walkthrough, interactive menu package builder, and direct wedding consultation booking.",HOT (Zero Web Presence / High Revenue),Uncontacted
SST-REAL-ROH-1078,Delhi Bites,"Banquets, Restaurants & Event Catering","Rohini Commercial Hub (Near Lat: 28.741, Lon: 77.120)",110085,"Rohini, Delhi",In-Person Walk-in / Listed in Local Market,NO OFFICIAL WEBSITE (High Vulnerability),Rs. 10.0 - 35.0 Lakhs/mo,"Rs. 50,000 - 5,00,000",General Manager / Banquet Head,10:00 AM - 9:00 PM (Regular Business Hours),"SahayShakti GrandEvent Portal: 360-degree virtual walkthrough, interactive menu package builder, and direct wedding consultation booking.",HOT (Zero Web Presence / High Revenue),Uncontacted
SST-REAL-ROH-1079,Balaji Shake Wala,"Banquets, Restaurants & Event Catering","Rohini Commercial Hub (Near Lat: 28.739, Lon: 77.118)",110085,"Rohini, Delhi",In-Person Walk-in / Listed in Local Market,NO OFFICIAL WEBSITE (High Vulnerability),Rs. 10.0 - 35.0 Lakhs/mo,"Rs. 50,000 - 5,00,000",General Manager / Banquet Head,10:00 AM - 9:00 PM (Regular Business Hours),"SahayShakti GrandEvent Portal: 360-degree virtual walkthrough, interactive menu package builder, and direct wedding consultation booking.",HOT (Zero Web Presence / High Revenue),Uncontacted
SST-REAL-ROH-1081,Caspia Hotel - New Delhi,"Banquets, Restaurants & Event Catering",Outer Ring Rd Delhi,110088,"Rohini, Delhi",In-Person Walk-in / Listed in Local Market,NO OFFICIAL WEBSITE (High Vulnerability),Rs. 10.0 - 35.0 Lakhs/mo,"Rs. 50,000 - 5,00,000",General Manager / Banquet Head,10:00 AM - 9:00 PM (Regular Business Hours),"SahayShakti GrandEvent Portal: 360-degree virtual walkthrough, interactive menu package builder, and direct wedding consultation booking.",HOT (Zero Web Presence / High Revenue),Uncontacted
SST-REAL-ROH-1082,The Food Booth,"Banquets, Restaurants & Event Catering","Rohini Commercial Hub (Near Lat: 28.736, Lon: 77.112)",110085,"Rohini, Delhi",In-Person Walk-in / Listed in Local Market,NO OFFICIAL WEBSITE (High Vulnerability),Rs. 10.0 - 35.0 Lakhs/mo,"Rs. 50,000 - 5,00,000",General Manager / Banquet Head,10:00 AM - 9:00 PM (Regular Business Hours),"SahayShakti GrandEvent Portal: 360-degree virtual walkthrough, interactive menu package builder, and direct wedding consultation booking.",HOT (Zero Web Presence / High Revenue),Uncontacted
SST-REAL-ROH-1084,Brijwasi,"Banquets, Restaurants & Event Catering","Rohini Commercial Hub (Near Lat: 28.736, Lon: 77.112)",110085,"Rohini, Delhi",+91-95603-84335,NO OFFICIAL WEBSITE (High Vulnerability),Rs. 10.0 - 35.0 Lakhs/mo,"Rs. 50,000 - 5,00,000",General Manager / Banquet Head,10:00 AM - 9:00 PM (Regular Business Hours),"SahayShakti GrandEvent Portal: 360-degree virtual walkthrough, interactive menu package builder, and direct wedding consultation booking.",HOT (Zero Web Presence / High Revenue),Uncontacted
SST-REAL-ROH-1086,Shree Shyam Confectionery,"Banquets, Restaurants & Event Catering","Rohini Commercial Hub (Near Lat: 28.736, Lon: 77.112)",110085,"Rohini, Delhi",+91-99108-36278;+91-96547-63458,NO OFFICIAL WEBSITE (High Vulnerability),Rs. 10.0 - 35.0 Lakhs/mo,"Rs. 50,000 - 5,00,000",General Manager / Banquet Head,10:00 AM - 9:00 PM (Regular Business Hours),"SahayShakti GrandEvent Portal: 360-degree virtual walkthrough, interactive menu package builder, and direct wedding consultation booking.",HOT (Zero Web Presence / High Revenue),Uncontacted
SST-REAL-ROH-1088,Hong Kong Chinese,"Banquets, Restaurants & Event Catering","Rohini Commercial Hub (Near Lat: 28.736, Lon: 77.112)",110085,"Rohini, Delhi",+91-95402-59527;+91-98184-84959,NO OFFICIAL WEBSITE (High Vulnerability),Rs. 10.0 - 35.0 Lakhs/mo,"Rs. 50,000 - 5,00,000",General Manager / Banquet Head,10:00 AM - 9:00 PM (Regular Business Hours),"SahayShakti GrandEvent Portal: 360-degree virtual walkthrough, interactive menu package builder, and direct wedding consultation booking.",HOT (Zero Web Presence / High Revenue),Uncontacted
SST-REAL-ROH-1089,Mahesh,"Banquets, Restaurants & Event Catering","Rohini Commercial Hub (Near Lat: 28.736, Lon: 77.112)",110085,"Rohini, Delhi",In-Person Walk-in / Listed in Local Market,NO OFFICIAL WEBSITE (High Vulnerability),Rs. 10.0 - 35.0 Lakhs/mo,"Rs. 50,000 - 5,00,000",General Manager / Banquet Head,10:00 AM - 9:00 PM (Regular Business Hours),"SahayShakti GrandEvent Portal: 360-degree virtual walkthrough, interactive menu package builder, and direct wedding consultation booking.",HOT (Zero Web Presence / High Revenue),Uncontacted
SST-REAL-ROH-1102,Kukki da Dhaba,"Banquets, Restaurants & Event Catering","Rohini Commercial Hub (Near Lat: 28.713, Lon: 77.138)",110085,"Rohini, Delhi",+91-888-274-0707;+91-888-284-0707,NO OFFICIAL WEBSITE (High Vulnerability),Rs. 10.0 - 35.0 Lakhs/mo,"Rs. 50,000 - 5,00,000",General Manager / Banquet Head,10:00 AM - 9:00 PM (Regular Business Hours),"SahayShakti GrandEvent Portal: 360-degree virtual walkthrough, interactive menu package builder, and direct wedding consultation booking.",HOT (Zero Web Presence / High Revenue),Uncontacted
SST-REAL-ROH-1106,Amritsari Naan,"Banquets, Restaurants & Event Catering","Rohini Commercial Hub (Near Lat: 28.695, Lon: 77.151)",110085,"Rohini, Delhi",+91-98917-39752,NO OFFICIAL WEBSITE (High Vulnerability),Rs. 10.0 - 35.0 Lakhs/mo,"Rs. 50,000 - 5,00,000",General Manager / Banquet Head,10:00 AM - 9:00 PM (Regular Business Hours),"SahayShakti GrandEvent Portal: 360-degree virtual walkthrough, interactive menu package builder, and direct wedding consultation booking.",HOT (Zero Web Presence / High Revenue),Uncontacted
SST-REAL-ROH-1119,Domino's,"Banquets, Restaurants & Event Catering","Rohini Commercial Hub (Near Lat: 28.715, Lon: 77.116)",110085,"Rohini, Delhi",In-Person Walk-in / Listed in Local Market,NO OFFICIAL WEBSITE (High Vulnerability),Rs. 10.0 - 35.0 Lakhs/mo,"Rs. 50,000 - 5,00,000",General Manager / Banquet Head,10:00 AM - 9:00 PM (Regular Business Hours),"SahayShakti GrandEvent Portal: 360-degree virtual walkthrough, interactive menu package builder, and direct wedding consultation booking.",HOT (Zero Web Presence / High Revenue),Uncontacted
SST-REAL-ROH-1120,Puri Bakers,"Banquets, Restaurants & Event Catering","Rohini Commercial Hub (Near Lat: 28.723, Lon: 77.128)",110085,"Rohini, Delhi",+91 11 4558 9556,https://puribakers.com/,Rs. 10.0 - 35.0 Lakhs/mo,"Rs. 50,000 - 5,00,000",General Manager / Banquet Head,10:00 AM - 9:00 PM (Regular Business Hours),"SahayShakti GrandEvent Portal: 360-degree virtual walkthrough, interactive menu package builder, and direct wedding consultation booking.",Warm (Needs Modern Revamp),Uncontacted
SST-REAL-ROH-1121,Culinaria by Meet,"Banquets, Restaurants & Event Catering","Pitampura 66, Shakti Vihar",110085,"Rohini, Delhi",07290083344,NO OFFICIAL WEBSITE (High Vulnerability),Rs. 10.0 - 35.0 Lakhs/mo,"Rs. 50,000 - 5,00,000",General Manager / Banquet Head,Mo-Su 11:00-00:00,"SahayShakti GrandEvent Portal: 360-degree virtual walkthrough, interactive menu package builder, and direct wedding consultation booking.",HOT (Zero Web Presence / High Revenue),Uncontacted
SST-REAL-ROH-1148,Laxmi Sweets,"Banquets, Restaurants & Event Catering",Samaypur,110042,"Rohini, Delhi",+91-98111-21852;+91-98996-36737,NO OFFICIAL WEBSITE (High Vulnerability),Rs. 10.0 - 35.0 Lakhs/mo,"Rs. 50,000 - 5,00,000",General Manager / Banquet Head,10:00 AM - 9:00 PM (Regular Business Hours),"SahayShakti GrandEvent Portal: 360-degree virtual walkthrough, interactive menu package builder, and direct wedding consultation booking.",HOT (Zero Web Presence / High Revenue),Uncontacted
SST-REAL-ROH-1152,Lagoona Banquet Wazirpur,"Banquets, Restaurants & Event Catering","13 printing press area , behind punjab kesri, next to prem badi pool, Wazirpur,",110035,"Rohini, Delhi",In-Person Walk-in / Listed in Local Market,https://weds.guru/pro/lagoona/,Rs. 10.0 - 35.0 Lakhs/mo,"Rs. 50,000 - 5,00,000",General Manager / Banquet Head,10:00 AM - 9:00 PM (Regular Business Hours),"SahayShakti GrandEvent Portal: 360-degree virtual walkthrough, interactive menu package builder, and direct wedding consultation booking.",Warm (Needs Modern Revamp),Uncontacted
SST-REAL-ROH-1153,Urban Banquet Hall,"Banquets, Restaurants & Event Catering","Ground Floor, Mangalam Paradise Mall, Rohini, Sector 3, near Prachin Mahakali Mandir, Mangalam Place, Sector 3, Rohini,",110085,"Rohini, Delhi",In-Person Walk-in / Listed in Local Market,https://weds.guru/pro/urban,Rs. 10.0 - 35.0 Lakhs/mo,"Rs. 50,000 - 5,00,000",General Manager / Banquet Head,10:00 AM - 9:00 PM (Regular Business Hours),"SahayShakti GrandEvent Portal: 360-degree virtual walkthrough, interactive menu package builder, and direct wedding consultation booking.",Warm (Needs Modern Revamp),Uncontacted
SST-REAL-ROH-1156,24 Tikka Express,"Banquets, Restaurants & Event Catering","Rohini Commercial Hub (Near Lat: 28.732, Lon: 77.089)",110085,"Rohini, Delhi",+919319111815,NO OFFICIAL WEBSITE (High Vulnerability),Rs. 10.0 - 35.0 Lakhs/mo,"Rs. 50,000 - 5,00,000",General Manager / Banquet Head,10:00 AM - 9:00 PM (Regular Business Hours),"SahayShakti GrandEvent Portal: 360-degree virtual walkthrough, interactive menu package builder, and direct wedding consultation booking.",HOT (Zero Web Presence / High Revenue),Uncontacted
SST-REAL-ROH-1166,Apni Rasoi,"Banquets, Restaurants & Event Catering","Rohini Commercial Hub (Near Lat: 28.731, Lon: 77.088)",110085,"Rohini, Delhi",In-Person Walk-in / Listed in Local Market,NO OFFICIAL WEBSITE (High Vulnerability),Rs. 10.0 - 35.0 Lakhs/mo,"Rs. 50,000 - 5,00,000",General Manager / Banquet Head,10:00 AM - 9:00 PM (Regular Business Hours),"SahayShakti GrandEvent Portal: 360-degree virtual walkthrough, interactive menu package builder, and direct wedding consultation booking.",HOT (Zero Web Presence / High Revenue),Uncontacted
SST-REAL-ROH-1170,Hotel Grand Inn,"Banquets, Restaurants & Event Catering","Rohini Commercial Hub (Near Lat: 28.732, Lon: 77.087)",110085,"Rohini, Delhi",In-Person Walk-in / Listed in Local Market,NO OFFICIAL WEBSITE (High Vulnerability),Rs. 10.0 - 35.0 Lakhs/mo,"Rs. 50,000 - 5,00,000",General Manager / Banquet Head,10:00 AM - 9:00 PM (Regular Business Hours),"SahayShakti GrandEvent Portal: 360-degree virtual walkthrough, interactive menu package builder, and direct wedding consultation booking.",HOT (Zero Web Presence / High Revenue),Uncontacted
SST-REAL-ROH-1171,Wah Ji Wah,"Banquets, Restaurants & Event Catering","Rohini Commercial Hub (Near Lat: 28.732, Lon: 77.088)",110085,"Rohini, Delhi",In-Person Walk-in / Listed in Local Market,https://www.wahjiwahonline.com/,Rs. 10.0 - 35.0 Lakhs/mo,"Rs. 50,000 - 5,00,000",General Manager / Banquet Head,10:00 AM - 9:00 PM (Regular Business Hours),"SahayShakti GrandEvent Portal: 360-degree virtual walkthrough, interactive menu package builder, and direct wedding consultation booking.",Warm (Needs Modern Revamp),Uncontacted
SST-REAL-ROH-1176,Grill Masters,"Banquets, Restaurants & Event Catering","Rohini Commercial Hub (Near Lat: 28.726, Lon: 77.095)",110085,"Rohini, Delhi",In-Person Walk-in / Listed in Local Market,NO OFFICIAL WEBSITE (High Vulnerability),Rs. 10.0 - 35.0 Lakhs/mo,"Rs. 50,000 - 5,00,000",General Manager / Banquet Head,10:00 AM - 9:00 PM (Regular Business Hours),"SahayShakti GrandEvent Portal: 360-degree virtual walkthrough, interactive menu package builder, and direct wedding consultation booking.",HOT (Zero Web Presence / High Revenue),Uncontacted
SST-REAL-ROH-1179,Domino's,"Banquets, Restaurants & Event Catering","Rohini Commercial Hub (Near Lat: 28.732, Lon: 77.086)",110085,"Rohini, Delhi",In-Person Walk-in / Listed in Local Market,NO OFFICIAL WEBSITE (High Vulnerability),Rs. 10.0 - 35.0 Lakhs/mo,"Rs. 50,000 - 5,00,000",General Manager / Banquet Head,10:00 AM - 9:00 PM (Regular Business Hours),"SahayShakti GrandEvent Portal: 360-degree virtual walkthrough, interactive menu package builder, and direct wedding consultation booking.",HOT (Zero Web Presence / High Revenue),Uncontacted
SST-REAL-ROH-1183,Starbucks,"Banquets, Restaurants & Event Catering","Rohini Commercial Hub (Near Lat: 28.702, Lon: 77.117)",110085,"Rohini, Delhi",In-Person Walk-in / Listed in Local Market,NO OFFICIAL WEBSITE (High Vulnerability),Rs. 10.0 - 35.0 Lakhs/mo,"Rs. 50,000 - 5,00,000",General Manager / Banquet Head,10:00 AM - 9:00 PM (Regular Business Hours),"SahayShakti GrandEvent Portal: 360-degree virtual walkthrough, interactive menu package builder, and direct wedding consultation booking.",HOT (Zero Web Presence / High Revenue),Uncontacted
SST-REAL-ROH-1186,Roslyn Coffee,"Banquets, Restaurants & Event Catering","Rohini Commercial Hub (Near Lat: 28.715, Lon: 77.116)",110085,"Rohini, Delhi",01161110148,NO OFFICIAL WEBSITE (High Vulnerability),Rs. 10.0 - 35.0 Lakhs/mo,"Rs. 50,000 - 5,00,000",General Manager / Banquet Head,10:00 AM - 9:00 PM (Regular Business Hours),"SahayShakti GrandEvent Portal: 360-degree virtual walkthrough, interactive menu package builder, and direct wedding consultation booking.",HOT (Zero Web Presence / High Revenue),Uncontacted
SST-REAL-ROH-1188,KFC,"Banquets, Restaurants & Event Catering","Rohini Commercial Hub (Near Lat: 28.715, Lon: 77.116)",110085,"Rohini, Delhi",In-Person Walk-in / Listed in Local Market,NO OFFICIAL WEBSITE (High Vulnerability),Rs. 10.0 - 35.0 Lakhs/mo,"Rs. 50,000 - 5,00,000",General Manager / Banquet Head,10:00 AM - 9:00 PM (Regular Business Hours),"SahayShakti GrandEvent Portal: 360-degree virtual walkthrough, interactive menu package builder, and direct wedding consultation booking.",HOT (Zero Web Presence / High Revenue),Uncontacted
SST-REAL-ROH-1192,Keventers,"Banquets, Restaurants & Event Catering","Rohini Commercial Hub (Near Lat: 28.715, Lon: 77.116)",110085,"Rohini, Delhi",In-Person Walk-in / Listed in Local Market,https://www.keventers.com/,Rs. 10.0 - 35.0 Lakhs/mo,"Rs. 50,000 - 5,00,000",General Manager / Banquet Head,10:00 AM - 9:00 PM (Regular Business Hours),"SahayShakti GrandEvent Portal: 360-degree virtual walkthrough, interactive menu package builder, and direct wedding consultation booking.",Warm (Needs Modern Revamp),Uncontacted
SST-REAL-ROH-1193,Barbecue Nation,"Banquets, Restaurants & Event Catering","Rohini Commercial Hub (Near Lat: 28.715, Lon: 77.116)",110085,"Rohini, Delhi",In-Person Walk-in / Listed in Local Market,NO OFFICIAL WEBSITE (High Vulnerability),Rs. 10.0 - 35.0 Lakhs/mo,"Rs. 50,000 - 5,00,000",General Manager / Banquet Head,10:00 AM - 9:00 PM (Regular Business Hours),"SahayShakti GrandEvent Portal: 360-degree virtual walkthrough, interactive menu package builder, and direct wedding consultation booking.",HOT (Zero Web Presence / High Revenue),Uncontacted
SST-REAL-ROH-1198,Lotus Leaf,"Banquets, Restaurants & Event Catering","Rohini Commercial Hub (Near Lat: 28.712, Lon: 77.136)",110085,"Rohini, Delhi",+91 98180 26026,https://www.lotusleaf.in/,Rs. 10.0 - 35.0 Lakhs/mo,"Rs. 50,000 - 5,00,000",General Manager / Banquet Head,10:00 AM - 9:00 PM (Regular Business Hours),"SahayShakti GrandEvent Portal: 360-degree virtual walkthrough, interactive menu package builder, and direct wedding consultation booking.",Warm (Needs Modern Revamp),Uncontacted
SST-REAL-ROH-1199,Domino's,"Banquets, Restaurants & Event Catering","Rohini Commercial Hub (Near Lat: 28.712, Lon: 77.136)",110085,"Rohini, Delhi",In-Person Walk-in / Listed in Local Market,NO OFFICIAL WEBSITE (High Vulnerability),Rs. 10.0 - 35.0 Lakhs/mo,"Rs. 50,000 - 5,00,000",General Manager / Banquet Head,10:00 AM - 9:00 PM (Regular Business Hours),"SahayShakti GrandEvent Portal: 360-degree virtual walkthrough, interactive menu package builder, and direct wedding consultation booking.",HOT (Zero Web Presence / High Revenue),Uncontacted
SST-REAL-ROH-1208,Bansiwala Sweets,"Banquets, Restaurants & Event Catering","G-18/48 sector-15, rohini",110085,"Rohini, Delhi",In-Person Walk-in / Listed in Local Market,NO OFFICIAL WEBSITE (High Vulnerability),Rs. 10.0 - 35.0 Lakhs/mo,"Rs. 50,000 - 5,00,000",General Manager / Banquet Head,10:00 AM - 9:00 PM (Regular Business Hours),"SahayShakti GrandEvent Portal: 360-degree virtual walkthrough, interactive menu package builder, and direct wedding consultation booking.",HOT (Zero Web Presence / High Revenue),Uncontacted
SST-REAL-ROH-1210,Haldiram's,"Banquets, Restaurants & Event Catering","Rohini Commercial Hub (Near Lat: 28.716, Lon: 77.114)",110085,"Rohini, Delhi",In-Person Walk-in / Listed in Local Market,NO OFFICIAL WEBSITE (High Vulnerability),Rs. 10.0 - 35.0 Lakhs/mo,"Rs. 50,000 - 5,00,000",General Manager / Banquet Head,10:00 AM - 9:00 PM (Regular Business Hours),"SahayShakti GrandEvent Portal: 360-degree virtual walkthrough, interactive menu package builder, and direct wedding consultation booking.",HOT (Zero Web Presence / High Revenue),Uncontacted
SST-REAL-ROH-1211,Domino's,"Banquets, Restaurants & Event Catering","Rohini Commercial Hub (Near Lat: 28.716, Lon: 77.114)",110085,"Rohini, Delhi",In-Person Walk-in / Listed in Local Market,NO OFFICIAL WEBSITE (High Vulnerability),Rs. 10.0 - 35.0 Lakhs/mo,"Rs. 50,000 - 5,00,000",General Manager / Banquet Head,10:00 AM - 9:00 PM (Regular Business Hours),"SahayShakti GrandEvent Portal: 360-degree virtual walkthrough, interactive menu package builder, and direct wedding consultation booking.",HOT (Zero Web Presence / High Revenue),Uncontacted
SST-REAL-ROH-1212,Subway,"Banquets, Restaurants & Event Catering","Rohini Commercial Hub (Near Lat: 28.716, Lon: 77.114)",110085,"Rohini, Delhi",In-Person Walk-in / Listed in Local Market,NO OFFICIAL WEBSITE (High Vulnerability),Rs. 10.0 - 35.0 Lakhs/mo,"Rs. 50,000 - 5,00,000",General Manager / Banquet Head,10:00 AM - 9:00 PM (Regular Business Hours),"SahayShakti GrandEvent Portal: 360-degree virtual walkthrough, interactive menu package builder, and direct wedding consultation booking.",HOT (Zero Web Presence / High Revenue),Uncontacted
SST-REAL-ROH-1213,Burger King,"Banquets, Restaurants & Event Catering","Rohini Commercial Hub (Near Lat: 28.716, Lon: 77.114)",110085,"Rohini, Delhi",In-Person Walk-in / Listed in Local Market,NO OFFICIAL WEBSITE (High Vulnerability),Rs. 10.0 - 35.0 Lakhs/mo,"Rs. 50,000 - 5,00,000",General Manager / Banquet Head,10:00 AM - 9:00 PM (Regular Business Hours),"SahayShakti GrandEvent Portal: 360-degree virtual walkthrough, interactive menu package builder, and direct wedding consultation booking.",HOT (Zero Web Presence / High Revenue),Uncontacted
SST-REAL-ROH-1219,McDonald,"Banquets, Restaurants & Event Catering","Rohini Commercial Hub (Near Lat: 28.724, Lon: 77.113)",110085,"Rohini, Delhi",In-Person Walk-in / Listed in Local Market,NO OFFICIAL WEBSITE (High Vulnerability),Rs. 10.0 - 35.0 Lakhs/mo,"Rs. 50,000 - 5,00,000",General Manager / Banquet Head,10:00 AM - 9:00 PM (Regular Business Hours),"SahayShakti GrandEvent Portal: 360-degree virtual walkthrough, interactive menu package builder, and direct wedding consultation booking.",HOT (Zero Web Presence / High Revenue),Uncontacted
SST-REAL-ROH-1220,Runway 1,"Banquets, Restaurants & Event Catering","Rohini Commercial Hub (Near Lat: 28.724, Lon: 77.115)",110085,"Rohini, Delhi",In-Person Walk-in / Listed in Local Market,NO OFFICIAL WEBSITE (High Vulnerability),Rs. 10.0 - 35.0 Lakhs/mo,"Rs. 50,000 - 5,00,000",General Manager / Banquet Head,10:00 AM - 9:00 PM (Regular Business Hours),"SahayShakti GrandEvent Portal: 360-degree virtual walkthrough, interactive menu package builder, and direct wedding consultation booking.",HOT (Zero Web Presence / High Revenue),Uncontacted
SST-REAL-ROH-1222,Nescafe,"Banquets, Restaurants & Event Catering","Rohini Commercial Hub (Near Lat: 28.721, Lon: 77.141)",110085,"Rohini, Delhi",In-Person Walk-in / Listed in Local Market,NO OFFICIAL WEBSITE (High Vulnerability),Rs. 10.0 - 35.0 Lakhs/mo,"Rs. 50,000 - 5,00,000",General Manager / Banquet Head,10:00 AM - 9:00 PM (Regular Business Hours),"SahayShakti GrandEvent Portal: 360-degree virtual walkthrough, interactive menu package builder, and direct wedding consultation booking.",HOT (Zero Web Presence / High Revenue),Uncontacted
SST-REAL-ROH-1223,Amul,"Banquets, Restaurants & Event Catering","Rohini Commercial Hub (Near Lat: 28.721, Lon: 77.141)",110085,"Rohini, Delhi",In-Person Walk-in / Listed in Local Market,NO OFFICIAL WEBSITE (High Vulnerability),Rs. 10.0 - 35.0 Lakhs/mo,"Rs. 50,000 - 5,00,000",General Manager / Banquet Head,10:00 AM - 9:00 PM (Regular Business Hours),"SahayShakti GrandEvent Portal: 360-degree virtual walkthrough, interactive menu package builder, and direct wedding consultation booking.",HOT (Zero Web Presence / High Revenue),Uncontacted
SST-REAL-ROH-1231,Cafe Coffee Day,"Banquets, Restaurants & Event Catering","Rohini Commercial Hub (Near Lat: 28.717, Lon: 77.114)",110085,"Rohini, Delhi",In-Person Walk-in / Listed in Local Market,NO OFFICIAL WEBSITE (High Vulnerability),Rs. 10.0 - 35.0 Lakhs/mo,"Rs. 50,000 - 5,00,000",General Manager / Banquet Head,10:00 AM - 9:00 PM (Regular Business Hours),"SahayShakti GrandEvent Portal: 360-degree virtual walkthrough, interactive menu package builder, and direct wedding consultation booking.",HOT (Zero Web Presence / High Revenue),Uncontacted
SST-REAL-ROH-1241,Have More,"Banquets, Restaurants & Event Catering","Rohini Commercial Hub (Near Lat: 28.722, Lon: 77.133)",110085,"Rohini, Delhi",In-Person Walk-in / Listed in Local Market,NO OFFICIAL WEBSITE (High Vulnerability),Rs. 10.0 - 35.0 Lakhs/mo,"Rs. 50,000 - 5,00,000",General Manager / Banquet Head,10:00 AM - 9:00 PM (Regular Business Hours),"SahayShakti GrandEvent Portal: 360-degree virtual walkthrough, interactive menu package builder, and direct wedding consultation booking.",HOT (Zero Web Presence / High Revenue),Uncontacted
SST-REAL-ROH-1242,Pizza Time,"Banquets, Restaurants & Event Catering","Rohini Commercial Hub (Near Lat: 28.724, Lon: 77.131)",110085,"Rohini, Delhi",In-Person Walk-in / Listed in Local Market,NO OFFICIAL WEBSITE (High Vulnerability),Rs. 10.0 - 35.0 Lakhs/mo,"Rs. 50,000 - 5,00,000",General Manager / Banquet Head,10:00 AM - 9:00 PM (Regular Business Hours),"SahayShakti GrandEvent Portal: 360-degree virtual walkthrough, interactive menu package builder, and direct wedding consultation booking.",HOT (Zero Web Presence / High Revenue),Uncontacted
SST-REAL-ROH-1255,Punjab Sweets,"Banquets, Restaurants & Event Catering","Rohini Commercial Hub (Near Lat: 28.723, Lon: 77.128)",110085,"Rohini, Delhi",In-Person Walk-in / Listed in Local Market,NO OFFICIAL WEBSITE (High Vulnerability),Rs. 10.0 - 35.0 Lakhs/mo,"Rs. 50,000 - 5,00,000",General Manager / Banquet Head,10:00 AM - 9:00 PM (Regular Business Hours),"SahayShakti GrandEvent Portal: 360-degree virtual walkthrough, interactive menu package builder, and direct wedding consultation booking.",HOT (Zero Web Presence / High Revenue),Uncontacted
SST-REAL-ROH-1260,Goyal Bakers,"Banquets, Restaurants & Event Catering","Rohini Commercial Hub (Near Lat: 28.724, Lon: 77.128)",110085,"Rohini, Delhi",In-Person Walk-in / Listed in Local Market,NO OFFICIAL WEBSITE (High Vulnerability),Rs. 10.0 - 35.0 Lakhs/mo,"Rs. 50,000 - 5,00,000",General Manager / Banquet Head,10:00 AM - 9:00 PM (Regular Business Hours),"SahayShakti GrandEvent Portal: 360-degree virtual walkthrough, interactive menu package builder, and direct wedding consultation booking.",HOT (Zero Web Presence / High Revenue),Uncontacted
SST-REAL-ROH-1261,Anand Sagar,"Banquets, Restaurants & Event Catering","Rohini Commercial Hub (Near Lat: 28.724, Lon: 77.128)",110085,"Rohini, Delhi",In-Person Walk-in / Listed in Local Market,NO OFFICIAL WEBSITE (High Vulnerability),Rs. 10.0 - 35.0 Lakhs/mo,"Rs. 50,000 - 5,00,000",General Manager / Banquet Head,10:00 AM - 9:00 PM (Regular Business Hours),"SahayShakti GrandEvent Portal: 360-degree virtual walkthrough, interactive menu package builder, and direct wedding consultation booking.",HOT (Zero Web Presence / High Revenue),Uncontacted
SST-REAL-ROH-1265,Shyama Shyam Bakers,"Banquets, Restaurants & Event Catering","Rohini Commercial Hub (Near Lat: 28.707, Lon: 77.123)",110085,"Rohini, Delhi",In-Person Walk-in / Listed in Local Market,NO OFFICIAL WEBSITE (High Vulnerability),Rs. 10.0 - 35.0 Lakhs/mo,"Rs. 50,000 - 5,00,000",General Manager / Banquet Head,10:00 AM - 9:00 PM (Regular Business Hours),"SahayShakti GrandEvent Portal: 360-degree virtual walkthrough, interactive menu package builder, and direct wedding consultation booking.",HOT (Zero Web Presence / High Revenue),Uncontacted
SST-REAL-ROH-1280,Cafe Madox,"Banquets, Restaurants & Event Catering","Rohini Commercial Hub (Near Lat: 28.707, Lon: 77.123)",110085,"Rohini, Delhi",In-Person Walk-in / Listed in Local Market,NO OFFICIAL WEBSITE (High Vulnerability),Rs. 10.0 - 35.0 Lakhs/mo,"Rs. 50,000 - 5,00,000",General Manager / Banquet Head,10:00 AM - 9:00 PM (Regular Business Hours),"SahayShakti GrandEvent Portal: 360-degree virtual walkthrough, interactive menu package builder, and direct wedding consultation booking.",HOT (Zero Web Presence / High Revenue),Uncontacted
SST-REAL-ROH-1294,Bikaner,"Banquets, Restaurants & Event Catering","Rohini Commercial Hub (Near Lat: 28.708, Lon: 77.124)",110085,"Rohini, Delhi",In-Person Walk-in / Listed in Local Market,NO OFFICIAL WEBSITE (High Vulnerability),Rs. 10.0 - 35.0 Lakhs/mo,"Rs. 50,000 - 5,00,000",General Manager / Banquet Head,10:00 AM - 9:00 PM (Regular Business Hours),"SahayShakti GrandEvent Portal: 360-degree virtual walkthrough, interactive menu package builder, and direct wedding consultation booking.",HOT (Zero Web Presence / High Revenue),Uncontacted
SST-REAL-ROH-1311,Patel Nagar ki Special,"Banquets, Restaurants & Event Catering","Rohini Commercial Hub (Near Lat: 28.707, Lon: 77.123)",110085,"Rohini, Delhi",+91 999919365,NO OFFICIAL WEBSITE (High Vulnerability),Rs. 10.0 - 35.0 Lakhs/mo,"Rs. 50,000 - 5,00,000",General Manager / Banquet Head,10:00 AM - 9:00 PM (Regular Business Hours),"SahayShakti GrandEvent Portal: 360-degree virtual walkthrough, interactive menu package builder, and direct wedding consultation booking.",HOT (Zero Web Presence / High Revenue),Uncontacted
SST-REAL-ROH-1317,Civil Lines ki Mashhoor,"Banquets, Restaurants & Event Catering","Rohini Commercial Hub (Near Lat: 28.707, Lon: 77.123)",110085,"Rohini, Delhi",In-Person Walk-in / Listed in Local Market,NO OFFICIAL WEBSITE (High Vulnerability),Rs. 10.0 - 35.0 Lakhs/mo,"Rs. 50,000 - 5,00,000",General Manager / Banquet Head,10:00 AM - 9:00 PM (Regular Business Hours),"SahayShakti GrandEvent Portal: 360-degree virtual walkthrough, interactive menu package builder, and direct wedding consultation booking.",HOT (Zero Web Presence / High Revenue),Uncontacted
SST-REAL-ROH-1319,Manohar Bikkaneri,"Banquets, Restaurants & Event Catering","Rohini Commercial Hub (Near Lat: 28.706, Lon: 77.127)",110085,"Rohini, Delhi",In-Person Walk-in / Listed in Local Market,NO OFFICIAL WEBSITE (High Vulnerability),Rs. 10.0 - 35.0 Lakhs/mo,"Rs. 50,000 - 5,00,000",General Manager / Banquet Head,10:00 AM - 9:00 PM (Regular Business Hours),"SahayShakti GrandEvent Portal: 360-degree virtual walkthrough, interactive menu package builder, and direct wedding consultation booking.",HOT (Zero Web Presence / High Revenue),Uncontacted
SST-REAL-ROH-1340,Sheesh Mahal tea corner,"Banquets, Restaurants & Event Catering","Rohini Commercial Hub (Near Lat: 28.707, Lon: 77.123)",110085,"Rohini, Delhi",In-Person Walk-in / Listed in Local Market,NO OFFICIAL WEBSITE (High Vulnerability),Rs. 10.0 - 35.0 Lakhs/mo,"Rs. 50,000 - 5,00,000",General Manager / Banquet Head,10:00 AM - 9:00 PM (Regular Business Hours),"SahayShakti GrandEvent Portal: 360-degree virtual walkthrough, interactive menu package builder, and direct wedding consultation booking.",HOT (Zero Web Presence / High Revenue),Uncontacted
SST-REAL-ROH-1361,Xero degrees,"Banquets, Restaurants & Event Catering","Rohini Commercial Hub (Near Lat: 28.709, Lon: 77.124)",110085,"Rohini, Delhi",In-Person Walk-in / Listed in Local Market,NO OFFICIAL WEBSITE (High Vulnerability),Rs. 10.0 - 35.0 Lakhs/mo,"Rs. 50,000 - 5,00,000",General Manager / Banquet Head,10:00 AM - 9:00 PM (Regular Business Hours),"SahayShakti GrandEvent Portal: 360-degree virtual walkthrough, interactive menu package builder, and direct wedding consultation booking.",HOT (Zero Web Presence / High Revenue),Uncontacted
SST-REAL-ROH-1363,The Burger Club,"Banquets, Restaurants & Event Catering","Rohini Commercial Hub (Near Lat: 28.709, Lon: 77.124)",110085,"Rohini, Delhi",In-Person Walk-in / Listed in Local Market,NO OFFICIAL WEBSITE (High Vulnerability),Rs. 10.0 - 35.0 Lakhs/mo,"Rs. 50,000 - 5,00,000",General Manager / Banquet Head,10:00 AM - 9:00 PM (Regular Business Hours),"SahayShakti GrandEvent Portal: 360-degree virtual walkthrough, interactive menu package builder, and direct wedding consultation booking.",HOT (Zero Web Presence / High Revenue),Uncontacted
SST-REAL-ROH-1408,Snowberry,"Banquets, Restaurants & Event Catering","Rohini Commercial Hub (Near Lat: 28.710, Lon: 77.123)",110085,"Rohini, Delhi",In-Person Walk-in / Listed in Local Market,NO OFFICIAL WEBSITE (High Vulnerability),Rs. 10.0 - 35.0 Lakhs/mo,"Rs. 50,000 - 5,00,000",General Manager / Banquet Head,10:00 AM - 9:00 PM (Regular Business Hours),"SahayShakti GrandEvent Portal: 360-degree virtual walkthrough, interactive menu package builder, and direct wedding consultation booking.",HOT (Zero Web Presence / High Revenue),Uncontacted
SST-REAL-ROH-1413,Chaayos,"Banquets, Restaurants & Event Catering","Rohini Commercial Hub (Near Lat: 28.709, Lon: 77.124)",110085,"Rohini, Delhi",In-Person Walk-in / Listed in Local Market,NO OFFICIAL WEBSITE (High Vulnerability),Rs. 10.0 - 35.0 Lakhs/mo,"Rs. 50,000 - 5,00,000",General Manager / Banquet Head,10:00 AM - 9:00 PM (Regular Business Hours),"SahayShakti GrandEvent Portal: 360-degree virtual walkthrough, interactive menu package builder, and direct wedding consultation booking.",HOT (Zero Web Presence / High Revenue),Uncontacted
SST-REAL-ROH-1414,Bistro 57,"Banquets, Restaurants & Event Catering","Rohini Commercial Hub (Near Lat: 28.709, Lon: 77.124)",110085,"Rohini, Delhi",In-Person Walk-in / Listed in Local Market,NO OFFICIAL WEBSITE (High Vulnerability),Rs. 10.0 - 35.0 Lakhs/mo,"Rs. 50,000 - 5,00,000",General Manager / Banquet Head,10:00 AM - 9:00 PM (Regular Business Hours),"SahayShakti GrandEvent Portal: 360-degree virtual walkthrough, interactive menu package builder, and direct wedding consultation booking.",HOT (Zero Web Presence / High Revenue),Uncontacted
SST-REAL-ROH-1415,Chinese Wok,"Banquets, Restaurants & Event Catering","Rohini Commercial Hub (Near Lat: 28.709, Lon: 77.123)",110085,"Rohini, Delhi",In-Person Walk-in / Listed in Local Market,NO OFFICIAL WEBSITE (High Vulnerability),Rs. 10.0 - 35.0 Lakhs/mo,"Rs. 50,000 - 5,00,000",General Manager / Banquet Head,10:00 AM - 9:00 PM (Regular Business Hours),"SahayShakti GrandEvent Portal: 360-degree virtual walkthrough, interactive menu package builder, and direct wedding consultation booking.",HOT (Zero Web Presence / High Revenue),Uncontacted
SST-REAL-ROH-1417,Amritsari Kulcha Factory,"Banquets, Restaurants & Event Catering","Rohini Commercial Hub (Near Lat: 28.710, Lon: 77.122)",110085,"Rohini, Delhi",In-Person Walk-in / Listed in Local Market,NO OFFICIAL WEBSITE (High Vulnerability),Rs. 10.0 - 35.0 Lakhs/mo,"Rs. 50,000 - 5,00,000",General Manager / Banquet Head,10:00 AM - 9:00 PM (Regular Business Hours),"SahayShakti GrandEvent Portal: 360-degree virtual walkthrough, interactive menu package builder, and direct wedding consultation booking.",HOT (Zero Web Presence / High Revenue),Uncontacted
SST-REAL-ROH-1426,Kubana Cafe,"Banquets, Restaurants & Event Catering","Rohini Commercial Hub (Near Lat: 28.707, Lon: 77.123)",110085,"Rohini, Delhi",In-Person Walk-in / Listed in Local Market,NO OFFICIAL WEBSITE (High Vulnerability),Rs. 10.0 - 35.0 Lakhs/mo,"Rs. 50,000 - 5,00,000",General Manager / Banquet Head,10:00 AM - 9:00 PM (Regular Business Hours),"SahayShakti GrandEvent Portal: 360-degree virtual walkthrough, interactive menu package builder, and direct wedding consultation booking.",HOT (Zero Web Presence / High Revenue),Uncontacted
SST-REAL-ROH-1428,Cafe Delhi Heights,"Banquets, Restaurants & Event Catering","Rohini Commercial Hub (Near Lat: 28.716, Lon: 77.135)",110085,"Rohini, Delhi",+91 98731 74033,https://cafedelhiheights.com/,Rs. 10.0 - 35.0 Lakhs/mo,"Rs. 50,000 - 5,00,000",General Manager / Banquet Head,12:00-00:00,"SahayShakti GrandEvent Portal: 360-degree virtual walkthrough, interactive menu package builder, and direct wedding consultation booking.",Warm (Needs Modern Revamp),Uncontacted
SST-REAL-ROH-1429,Third Wave Coffee,"Banquets, Restaurants & Event Catering","Rohini Commercial Hub (Near Lat: 28.716, Lon: 77.135)",110085,"Rohini, Delhi",In-Person Walk-in / Listed in Local Market,NO OFFICIAL WEBSITE (High Vulnerability),Rs. 10.0 - 35.0 Lakhs/mo,"Rs. 50,000 - 5,00,000",General Manager / Banquet Head,10:00 AM - 9:00 PM (Regular Business Hours),"SahayShakti GrandEvent Portal: 360-degree virtual walkthrough, interactive menu package builder, and direct wedding consultation booking.",HOT (Zero Web Presence / High Revenue),Uncontacted
SST-REAL-ROH-1430,Blue Tokai,"Banquets, Restaurants & Event Catering","Rohini Commercial Hub (Near Lat: 28.716, Lon: 77.135)",110085,"Rohini, Delhi",In-Person Walk-in / Listed in Local Market,https://bluetokaicoffee.com/,Rs. 10.0 - 35.0 Lakhs/mo,"Rs. 50,000 - 5,00,000",General Manager / Banquet Head,07:00-23:00,"SahayShakti GrandEvent Portal: 360-degree virtual walkthrough, interactive menu package builder, and direct wedding consultation booking.",Warm (Needs Modern Revamp),Uncontacted
SST-REAL-ROH-1452,Talli Station,"Banquets, Restaurants & Event Catering",Netaji Subhash Place,110034,"Rohini, Delhi",+91 99110 54940,https://tallistation.in/nsp-pitampura/,Rs. 10.0 - 35.0 Lakhs/mo,"Rs. 50,000 - 5,00,000",General Manager / Banquet Head,Mo-Fr 12:00-23:00,"SahayShakti GrandEvent Portal: 360-degree virtual walkthrough, interactive menu package builder, and direct wedding consultation booking.",Warm (Needs Modern Revamp),Uncontacted
SST-REAL-ROH-1453,Taco Bell,"Banquets, Restaurants & Event Catering","Rohini Commercial Hub (Near Lat: 28.715, Lon: 77.116)",110085,"Rohini, Delhi",In-Person Walk-in / Listed in Local Market,NO OFFICIAL WEBSITE (High Vulnerability),Rs. 10.0 - 35.0 Lakhs/mo,"Rs. 50,000 - 5,00,000",General Manager / Banquet Head,10:00 AM - 9:00 PM (Regular Business Hours),"SahayShakti GrandEvent Portal: 360-degree virtual walkthrough, interactive menu package builder, and direct wedding consultation booking.",HOT (Zero Web Presence / High Revenue),Uncontacted
SST-REAL-ROH-1455,Burger Singh,"Banquets, Restaurants & Event Catering","Rohini Commercial Hub (Near Lat: 28.716, Lon: 77.114)",110085,"Rohini, Delhi",In-Person Walk-in / Listed in Local Market,NO OFFICIAL WEBSITE (High Vulnerability),Rs. 10.0 - 35.0 Lakhs/mo,"Rs. 50,000 - 5,00,000",General Manager / Banquet Head,10:00 AM - 9:00 PM (Regular Business Hours),"SahayShakti GrandEvent Portal: 360-degree virtual walkthrough, interactive menu package builder, and direct wedding consultation booking.",HOT (Zero Web Presence / High Revenue),Uncontacted
SST-REAL-ROH-1459,Pishori Shah Kabab,"Banquets, Restaurants & Event Catering","Rohini Commercial Hub (Near Lat: 28.714, Lon: 77.109)",110085,"Rohini, Delhi",In-Person Walk-in / Listed in Local Market,NO OFFICIAL WEBSITE (High Vulnerability),Rs. 10.0 - 35.0 Lakhs/mo,"Rs. 50,000 - 5,00,000",General Manager / Banquet Head,10:00 AM - 9:00 PM (Regular Business Hours),"SahayShakti GrandEvent Portal: 360-degree virtual walkthrough, interactive menu package builder, and direct wedding consultation booking.",HOT (Zero Web Presence / High Revenue),Uncontacted
SST-REAL-ROH-1463,Tubata,"Banquets, Restaurants & Event Catering","Rohini Commercial Hub (Near Lat: 28.703, Lon: 77.131)",110085,"Rohini, Delhi",In-Person Walk-in / Listed in Local Market,NO OFFICIAL WEBSITE (High Vulnerability),Rs. 10.0 - 35.0 Lakhs/mo,"Rs. 50,000 - 5,00,000",General Manager / Banquet Head,10:00 AM - 9:00 PM (Regular Business Hours),"SahayShakti GrandEvent Portal: 360-degree virtual walkthrough, interactive menu package builder, and direct wedding consultation booking.",HOT (Zero Web Presence / High Revenue),Uncontacted
SST-REAL-ROH-1464,Punjab Sweets,"Banquets, Restaurants & Event Catering","Rohini Commercial Hub (Near Lat: 28.718, Lon: 77.126)",110085,"Rohini, Delhi",In-Person Walk-in / Listed in Local Market,NO OFFICIAL WEBSITE (High Vulnerability),Rs. 10.0 - 35.0 Lakhs/mo,"Rs. 50,000 - 5,00,000",General Manager / Banquet Head,10:00 AM - 9:00 PM (Regular Business Hours),"SahayShakti GrandEvent Portal: 360-degree virtual walkthrough, interactive menu package builder, and direct wedding consultation booking.",HOT (Zero Web Presence / High Revenue),Uncontacted
SST-REAL-ROH-1465,Adhikari Momos,"Banquets, Restaurants & Event Catering","Rohini Commercial Hub (Near Lat: 28.718, Lon: 77.126)",110085,"Rohini, Delhi",In-Person Walk-in / Listed in Local Market,NO OFFICIAL WEBSITE (High Vulnerability),Rs. 10.0 - 35.0 Lakhs/mo,"Rs. 50,000 - 5,00,000",General Manager / Banquet Head,10:00 AM - 9:00 PM (Regular Business Hours),"SahayShakti GrandEvent Portal: 360-degree virtual walkthrough, interactive menu package builder, and direct wedding consultation booking.",HOT (Zero Web Presence / High Revenue),Uncontacted
SST-REAL-ROH-1466,Canteen,"Banquets, Restaurants & Event Catering","Rohini Commercial Hub (Near Lat: 28.734, Lon: 77.094)",110085,"Rohini, Delhi",In-Person Walk-in / Listed in Local Market,NO OFFICIAL WEBSITE (High Vulnerability),Rs. 10.0 - 35.0 Lakhs/mo,"Rs. 50,000 - 5,00,000",General Manager / Banquet Head,10:00 AM - 9:00 PM (Regular Business Hours),"SahayShakti GrandEvent Portal: 360-degree virtual walkthrough, interactive menu package builder, and direct wedding consultation booking.",HOT (Zero Web Presence / High Revenue),Uncontacted
SST-REAL-ROH-1468,Bikaner Sweets,"Banquets, Restaurants & Event Catering","Rohini Commercial Hub (Near Lat: 28.704, Lon: 77.087)",110085,"Rohini, Delhi",In-Person Walk-in / Listed in Local Market,NO OFFICIAL WEBSITE (High Vulnerability),Rs. 10.0 - 35.0 Lakhs/mo,"Rs. 50,000 - 5,00,000",General Manager / Banquet Head,10:00 AM - 9:00 PM (Regular Business Hours),"SahayShakti GrandEvent Portal: 360-degree virtual walkthrough, interactive menu package builder, and direct wedding consultation booking.",HOT (Zero Web Presence / High Revenue),Uncontacted
SST-REAL-ROH-1475,Dhawan Corner,"Banquets, Restaurants & Event Catering","Rohini Commercial Hub (Near Lat: 28.692, Lon: 77.154)",110085,"Rohini, Delhi",+91-8800-6868-70,NO OFFICIAL WEBSITE (High Vulnerability),Rs. 10.0 - 35.0 Lakhs/mo,"Rs. 50,000 - 5,00,000",General Manager / Banquet Head,10:00 AM - 9:00 PM (Regular Business Hours),"SahayShakti GrandEvent Portal: 360-degree virtual walkthrough, interactive menu package builder, and direct wedding consultation booking.",HOT (Zero Web Presence / High Revenue),Uncontacted
SST-REAL-ROH-1476,Chaayos,"Banquets, Restaurants & Event Catering","Rohini Commercial Hub (Near Lat: 28.693, Lon: 77.151)",110085,"Rohini, Delhi",In-Person Walk-in / Listed in Local Market,NO OFFICIAL WEBSITE (High Vulnerability),Rs. 10.0 - 35.0 Lakhs/mo,"Rs. 50,000 - 5,00,000",General Manager / Banquet Head,24/7,"SahayShakti GrandEvent Portal: 360-degree virtual walkthrough, interactive menu package builder, and direct wedding consultation booking.",HOT (Zero Web Presence / High Revenue),Uncontacted
SST-REAL-ROH-1477,Billu's Hut,"Banquets, Restaurants & Event Catering","Rohini Commercial Hub (Near Lat: 28.693, Lon: 77.149)",110085,"Rohini, Delhi",In-Person Walk-in / Listed in Local Market,NO OFFICIAL WEBSITE (High Vulnerability),Rs. 10.0 - 35.0 Lakhs/mo,"Rs. 50,000 - 5,00,000",General Manager / Banquet Head,10:00 AM - 9:00 PM (Regular Business Hours),"SahayShakti GrandEvent Portal: 360-degree virtual walkthrough, interactive menu package builder, and direct wedding consultation booking.",HOT (Zero Web Presence / High Revenue),Uncontacted
SST-REAL-ROH-1478,Cafe Coffee Brew,"Banquets, Restaurants & Event Catering","Rohini Commercial Hub (Near Lat: 28.693, Lon: 77.151)",110085,"Rohini, Delhi",In-Person Walk-in / Listed in Local Market,NO OFFICIAL WEBSITE (High Vulnerability),Rs. 10.0 - 35.0 Lakhs/mo,"Rs. 50,000 - 5,00,000",General Manager / Banquet Head,10:00 AM - 9:00 PM (Regular Business Hours),"SahayShakti GrandEvent Portal: 360-degree virtual walkthrough, interactive menu package builder, and direct wedding consultation booking.",HOT (Zero Web Presence / High Revenue),Uncontacted
SST-REAL-ROH-1479,Pind Baluchi,"Banquets, Restaurants & Event Catering","Rohini Commercial Hub (Near Lat: 28.694, Lon: 77.151)",110085,"Rohini, Delhi",In-Person Walk-in / Listed in Local Market,NO OFFICIAL WEBSITE (High Vulnerability),Rs. 10.0 - 35.0 Lakhs/mo,"Rs. 50,000 - 5,00,000",General Manager / Banquet Head,10:00 AM - 9:00 PM (Regular Business Hours),"SahayShakti GrandEvent Portal: 360-degree virtual walkthrough, interactive menu package builder, and direct wedding consultation booking.",HOT (Zero Web Presence / High Revenue),Uncontacted
SST-REAL-ROH-1480,Tim Hortons,"Banquets, Restaurants & Event Catering","Rohini Commercial Hub (Near Lat: 28.693, Lon: 77.151)",110085,"Rohini, Delhi",In-Person Walk-in / Listed in Local Market,NO OFFICIAL WEBSITE (High Vulnerability),Rs. 10.0 - 35.0 Lakhs/mo,"Rs. 50,000 - 5,00,000",General Manager / Banquet Head,10:00 AM - 9:00 PM (Regular Business Hours),"SahayShakti GrandEvent Portal: 360-degree virtual walkthrough, interactive menu package builder, and direct wedding consultation booking.",HOT (Zero Web Presence / High Revenue),Uncontacted
SST-REAL-ROH-1481,Coffee Island,"Banquets, Restaurants & Event Catering","Rohini Commercial Hub (Near Lat: 28.694, Lon: 77.151)",110085,"Rohini, Delhi",In-Person Walk-in / Listed in Local Market,NO OFFICIAL WEBSITE (High Vulnerability),Rs. 10.0 - 35.0 Lakhs/mo,"Rs. 50,000 - 5,00,000",General Manager / Banquet Head,10:00 AM - 9:00 PM (Regular Business Hours),"SahayShakti GrandEvent Portal: 360-degree virtual walkthrough, interactive menu package builder, and direct wedding consultation booking.",HOT (Zero Web Presence / High Revenue),Uncontacted
SST-REAL-ROH-1482,Gola Sizzlers,"Banquets, Restaurants & Event Catering","Rohini Commercial Hub (Near Lat: 28.695, Lon: 77.154)",110085,"Rohini, Delhi",In-Person Walk-in / Listed in Local Market,NO OFFICIAL WEBSITE (High Vulnerability),Rs. 10.0 - 35.0 Lakhs/mo,"Rs. 50,000 - 5,00,000",General Manager / Banquet Head,10:00 AM - 9:00 PM (Regular Business Hours),"SahayShakti GrandEvent Portal: 360-degree virtual walkthrough, interactive menu package builder, and direct wedding consultation booking.",HOT (Zero Web Presence / High Revenue),Uncontacted
SST-REAL-ROH-1492,Manali Hotel,"Banquets, Restaurants & Event Catering","Rohini Commercial Hub (Near Lat: 28.767, Lon: 77.145)",110085,"Rohini, Delhi",In-Person Walk-in / Listed in Local Market,NO OFFICIAL WEBSITE (High Vulnerability),Rs. 10.0 - 35.0 Lakhs/mo,"Rs. 50,000 - 5,00,000",General Manager / Banquet Head,10:00 AM - 9:00 PM (Regular Business Hours),"SahayShakti GrandEvent Portal: 360-degree virtual walkthrough, interactive menu package builder, and direct wedding consultation booking.",HOT (Zero Web Presence / High Revenue),Uncontacted
SST-REAL-ROH-1497,Jhakas Pav Bhaji,"Banquets, Restaurants & Event Catering","Rohini Commercial Hub (Near Lat: 28.705, Lon: 77.122)",110085,"Rohini, Delhi",In-Person Walk-in / Listed in Local Market,NO OFFICIAL WEBSITE (High Vulnerability),Rs. 10.0 - 35.0 Lakhs/mo,"Rs. 50,000 - 5,00,000",General Manager / Banquet Head,10:00 AM - 9:00 PM (Regular Business Hours),"SahayShakti GrandEvent Portal: 360-degree virtual walkthrough, interactive menu package builder, and direct wedding consultation booking.",HOT (Zero Web Presence / High Revenue),Uncontacted
SST-REAL-ROH-1511,Chole Kulche,"Banquets, Restaurants & Event Catering","Rohini Commercial Hub (Near Lat: 28.723, Lon: 77.128)",110085,"Rohini, Delhi",In-Person Walk-in / Listed in Local Market,NO OFFICIAL WEBSITE (High Vulnerability),Rs. 10.0 - 35.0 Lakhs/mo,"Rs. 50,000 - 5,00,000",General Manager / Banquet Head,10:00 AM - 9:00 PM (Regular Business Hours),"SahayShakti GrandEvent Portal: 360-degree virtual walkthrough, interactive menu package builder, and direct wedding consultation booking.",HOT (Zero Web Presence / High Revenue),Uncontacted
SST-REAL-ROH-1512,Man Pasand Chaat Bhandar,"Banquets, Restaurants & Event Catering","Rohini Commercial Hub (Near Lat: 28.723, Lon: 77.128)",110085,"Rohini, Delhi",In-Person Walk-in / Listed in Local Market,NO OFFICIAL WEBSITE (High Vulnerability),Rs. 10.0 - 35.0 Lakhs/mo,"Rs. 50,000 - 5,00,000",General Manager / Banquet Head,10:00 AM - 9:00 PM (Regular Business Hours),"SahayShakti GrandEvent Portal: 360-degree virtual walkthrough, interactive menu package builder, and direct wedding consultation booking.",HOT (Zero Web Presence / High Revenue),Uncontacted
SST-REAL-ROH-1518,Subway,"Banquets, Restaurants & Event Catering","Rohini Commercial Hub (Near Lat: 28.714, Lon: 77.130)",110085,"Rohini, Delhi",In-Person Walk-in / Listed in Local Market,NO OFFICIAL WEBSITE (High Vulnerability),Rs. 10.0 - 35.0 Lakhs/mo,"Rs. 50,000 - 5,00,000",General Manager / Banquet Head,10:00 AM - 9:00 PM (Regular Business Hours),"SahayShakti GrandEvent Portal: 360-degree virtual walkthrough, interactive menu package builder, and direct wedding consultation booking.",HOT (Zero Web Presence / High Revenue),Uncontacted
SST-REAL-ROH-1534,Johny Fruit Juices & Shakes,"Banquets, Restaurants & Event Catering","Rohini Commercial Hub (Near Lat: 28.704, Lon: 77.141)",110085,"Rohini, Delhi",In-Person Walk-in / Listed in Local Market,NO OFFICIAL WEBSITE (High Vulnerability),Rs. 10.0 - 35.0 Lakhs/mo,"Rs. 50,000 - 5,00,000",General Manager / Banquet Head,10:00 AM - 9:00 PM (Regular Business Hours),"SahayShakti GrandEvent Portal: 360-degree virtual walkthrough, interactive menu package builder, and direct wedding consultation booking.",HOT (Zero Web Presence / High Revenue),Uncontacted
SST-REAL-ROH-1537,Vishnh Ande Wala,"Banquets, Restaurants & Event Catering","Rohini Commercial Hub (Near Lat: 28.713, Lon: 77.125)",110085,"Rohini, Delhi",In-Person Walk-in / Listed in Local Market,NO OFFICIAL WEBSITE (High Vulnerability),Rs. 10.0 - 35.0 Lakhs/mo,"Rs. 50,000 - 5,00,000",General Manager / Banquet Head,10:00 AM - 9:00 PM (Regular Business Hours),"SahayShakti GrandEvent Portal: 360-degree virtual walkthrough, interactive menu package builder, and direct wedding consultation booking.",HOT (Zero Web Presence / High Revenue),Uncontacted
SST-REAL-ROH-1539,Kirparam,"Banquets, Restaurants & Event Catering","Rohini Commercial Hub (Near Lat: 28.721, Lon: 77.141)",110085,"Rohini, Delhi",In-Person Walk-in / Listed in Local Market,NO OFFICIAL WEBSITE (High Vulnerability),Rs. 10.0 - 35.0 Lakhs/mo,"Rs. 50,000 - 5,00,000",General Manager / Banquet Head,10:00 AM - 9:00 PM (Regular Business Hours),"SahayShakti GrandEvent Portal: 360-degree virtual walkthrough, interactive menu package builder, and direct wedding consultation booking.",HOT (Zero Web Presence / High Revenue),Uncontacted
SST-REAL-ROH-1547,Third Wave Coffee Roasters,"Banquets, Restaurants & Event Catering","Rohini Commercial Hub (Near Lat: 28.702, Lon: 77.166)",110085,"Rohini, Delhi",In-Person Walk-in / Listed in Local Market,NO OFFICIAL WEBSITE (High Vulnerability),Rs. 10.0 - 35.0 Lakhs/mo,"Rs. 50,000 - 5,00,000",General Manager / Banquet Head,10:00 AM - 9:00 PM (Regular Business Hours),"SahayShakti GrandEvent Portal: 360-degree virtual walkthrough, interactive menu package builder, and direct wedding consultation booking.",HOT (Zero Web Presence / High Revenue),Uncontacted
SST-REAL-ROH-1548,Dosa Coffee,"Banquets, Restaurants & Event Catering","Rohini Commercial Hub (Near Lat: 28.702, Lon: 77.166)",110085,"Rohini, Delhi",In-Person Walk-in / Listed in Local Market,NO OFFICIAL WEBSITE (High Vulnerability),Rs. 10.0 - 35.0 Lakhs/mo,"Rs. 50,000 - 5,00,000",General Manager / Banquet Head,10:00 AM - 9:00 PM (Regular Business Hours),"SahayShakti GrandEvent Portal: 360-degree virtual walkthrough, interactive menu package builder, and direct wedding consultation booking.",HOT (Zero Web Presence / High Revenue),Uncontacted
SST-REAL-ROH-1549,Blue Tokai Coffee Roasters,"Banquets, Restaurants & Event Catering","Rohini Commercial Hub (Near Lat: 28.702, Lon: 77.166)",110085,"Rohini, Delhi",In-Person Walk-in / Listed in Local Market,NO OFFICIAL WEBSITE (High Vulnerability),Rs. 10.0 - 35.0 Lakhs/mo,"Rs. 50,000 - 5,00,000",General Manager / Banquet Head,10:00 AM - 9:00 PM (Regular Business Hours),"SahayShakti GrandEvent Portal: 360-degree virtual walkthrough, interactive menu package builder, and direct wedding consultation booking.",HOT (Zero Web Presence / High Revenue),Uncontacted
SST-REAL-ROH-1550,SGF Diners,"Banquets, Restaurants & Event Catering","Rohini Commercial Hub (Near Lat: 28.720, Lon: 77.175)",110085,"Rohini, Delhi",In-Person Walk-in / Listed in Local Market,NO OFFICIAL WEBSITE (High Vulnerability),Rs. 10.0 - 35.0 Lakhs/mo,"Rs. 50,000 - 5,00,000",General Manager / Banquet Head,10:00 AM - 9:00 PM (Regular Business Hours),"SahayShakti GrandEvent Portal: 360-degree virtual walkthrough, interactive menu package builder, and direct wedding consultation booking.",HOT (Zero Web Presence / High Revenue),Uncontacted
SST-REAL-ROH-1551,Dominos,"Banquets, Restaurants & Event Catering","Rohini Commercial Hub (Near Lat: 28.720, Lon: 77.175)",110085,"Rohini, Delhi",In-Person Walk-in / Listed in Local Market,NO OFFICIAL WEBSITE (High Vulnerability),Rs. 10.0 - 35.0 Lakhs/mo,"Rs. 50,000 - 5,00,000",General Manager / Banquet Head,10:00 AM - 9:00 PM (Regular Business Hours),"SahayShakti GrandEvent Portal: 360-degree virtual walkthrough, interactive menu package builder, and direct wedding consultation booking.",HOT (Zero Web Presence / High Revenue),Uncontacted
SST-REAL-ROH-1552,Bhagwan Fruit Juice Corner,"Banquets, Restaurants & Event Catering","Rohini Commercial Hub (Near Lat: 28.720, Lon: 77.175)",110085,"Rohini, Delhi",In-Person Walk-in / Listed in Local Market,NO OFFICIAL WEBSITE (High Vulnerability),Rs. 10.0 - 35.0 Lakhs/mo,"Rs. 50,000 - 5,00,000",General Manager / Banquet Head,10:00 AM - 9:00 PM (Regular Business Hours),"SahayShakti GrandEvent Portal: 360-degree virtual walkthrough, interactive menu package builder, and direct wedding consultation booking.",HOT (Zero Web Presence / High Revenue),Uncontacted
SST-REAL-ROH-1568,Hotel D2,"Banquets, Restaurants & Event Catering","Rohini Commercial Hub (Near Lat: 28.714, Lon: 77.173)",110085,"Rohini, Delhi",In-Person Walk-in / Listed in Local Market,NO OFFICIAL WEBSITE (High Vulnerability),Rs. 10.0 - 35.0 Lakhs/mo,"Rs. 50,000 - 5,00,000",General Manager / Banquet Head,10:00 AM - 9:00 PM (Regular Business Hours),"SahayShakti GrandEvent Portal: 360-degree virtual walkthrough, interactive menu package builder, and direct wedding consultation booking.",HOT (Zero Web Presence / High Revenue),Uncontacted
SST-REAL-ROH-1572,Pizza Hut,"Banquets, Restaurants & Event Catering","Rohini Commercial Hub (Near Lat: 28.713, Lon: 77.136)",110085,"Rohini, Delhi",In-Person Walk-in / Listed in Local Market,NO OFFICIAL WEBSITE (High Vulnerability),Rs. 10.0 - 35.0 Lakhs/mo,"Rs. 50,000 - 5,00,000",General Manager / Banquet Head,10:00 AM - 9:00 PM (Regular Business Hours),"SahayShakti GrandEvent Portal: 360-degree virtual walkthrough, interactive menu package builder, and direct wedding consultation booking.",HOT (Zero Web Presence / High Revenue),Uncontacted
SST-REAL-ROH-1575,NutriBox,"Banquets, Restaurants & Event Catering","Rohini Commercial Hub (Near Lat: 28.712, Lon: 77.136)",110085,"Rohini, Delhi",In-Person Walk-in / Listed in Local Market,NO OFFICIAL WEBSITE (High Vulnerability),Rs. 10.0 - 35.0 Lakhs/mo,"Rs. 50,000 - 5,00,000",General Manager / Banquet Head,10:00 AM - 9:00 PM (Regular Business Hours),"SahayShakti GrandEvent Portal: 360-degree virtual walkthrough, interactive menu package builder, and direct wedding consultation booking.",HOT (Zero Web Presence / High Revenue),Uncontacted
SST-REAL-ROH-1576,Haldiram's,"Banquets, Restaurants & Event Catering","Rohini Commercial Hub (Near Lat: 28.703, Lon: 77.131)",110085,"Rohini, Delhi",In-Person Walk-in / Listed in Local Market,NO OFFICIAL WEBSITE (High Vulnerability),Rs. 10.0 - 35.0 Lakhs/mo,"Rs. 50,000 - 5,00,000",General Manager / Banquet Head,10:00 AM - 9:00 PM (Regular Business Hours),"SahayShakti GrandEvent Portal: 360-degree virtual walkthrough, interactive menu package builder, and direct wedding consultation booking.",HOT (Zero Web Presence / High Revenue),Uncontacted
SST-REAL-ROH-1588,Swad Wala Restaurant,"Banquets, Restaurants & Event Catering",C-7 C Block Road,110089,"Rohini, Delhi",9211427800;9211427900,NO OFFICIAL WEBSITE (High Vulnerability),Rs. 10.0 - 35.0 Lakhs/mo,"Rs. 50,000 - 5,00,000",General Manager / Banquet Head,10:00 AM - 9:00 PM (Regular Business Hours),"SahayShakti GrandEvent Portal: 360-degree virtual walkthrough, interactive menu package builder, and direct wedding consultation booking.",HOT (Zero Web Presence / High Revenue),Uncontacted
SST-REAL-ROH-1592,Starbucks,"Banquets, Restaurants & Event Catering","Rohini Commercial Hub (Near Lat: 28.696, Lon: 77.153)",110085,"Rohini, Delhi",In-Person Walk-in / Listed in Local Market,NO OFFICIAL WEBSITE (High Vulnerability),Rs. 10.0 - 35.0 Lakhs/mo,"Rs. 50,000 - 5,00,000",General Manager / Banquet Head,10:00 AM - 9:00 PM (Regular Business Hours),"SahayShakti GrandEvent Portal: 360-degree virtual walkthrough, interactive menu package builder, and direct wedding consultation booking.",HOT (Zero Web Presence / High Revenue),Uncontacted
SST-REAL-ROH-1593,Roslyn Coffee,"Banquets, Restaurants & Event Catering","Rohini Commercial Hub (Near Lat: 28.696, Lon: 77.153)",110085,"Rohini, Delhi",In-Person Walk-in / Listed in Local Market,NO OFFICIAL WEBSITE (High Vulnerability),Rs. 10.0 - 35.0 Lakhs/mo,"Rs. 50,000 - 5,00,000",General Manager / Banquet Head,10:00 AM - 9:00 PM (Regular Business Hours),"SahayShakti GrandEvent Portal: 360-degree virtual walkthrough, interactive menu package builder, and direct wedding consultation booking.",HOT (Zero Web Presence / High Revenue),Uncontacted
SST-REAL-ROH-1595,Echoes,"Banquets, Restaurants & Event Catering","Rohini Commercial Hub (Near Lat: 28.714, Lon: 77.138)",110085,"Rohini, Delhi",In-Person Walk-in / Listed in Local Market,NO OFFICIAL WEBSITE (High Vulnerability),Rs. 10.0 - 35.0 Lakhs/mo,"Rs. 50,000 - 5,00,000",General Manager / Banquet Head,10:00 AM - 9:00 PM (Regular Business Hours),"SahayShakti GrandEvent Portal: 360-degree virtual walkthrough, interactive menu package builder, and direct wedding consultation booking.",HOT (Zero Web Presence / High Revenue),Uncontacted
SST-REAL-ROH-1608,Udupi Cafeteria,"Banquets, Restaurants & Event Catering","Rohini Commercial Hub (Near Lat: 28.751, Lon: 77.115)",110085,"Rohini, Delhi",In-Person Walk-in / Listed in Local Market,NO OFFICIAL WEBSITE (High Vulnerability),Rs. 10.0 - 35.0 Lakhs/mo,"Rs. 50,000 - 5,00,000",General Manager / Banquet Head,10:00 AM - 9:00 PM (Regular Business Hours),"SahayShakti GrandEvent Portal: 360-degree virtual walkthrough, interactive menu package builder, and direct wedding consultation booking.",HOT (Zero Web Presence / High Revenue),Uncontacted
SST-REAL-ROH-1609,Dazzledine,"Banquets, Restaurants & Event Catering","Rohini Commercial Hub (Near Lat: 28.751, Lon: 77.115)",110085,"Rohini, Delhi",In-Person Walk-in / Listed in Local Market,NO OFFICIAL WEBSITE (High Vulnerability),Rs. 10.0 - 35.0 Lakhs/mo,"Rs. 50,000 - 5,00,000",General Manager / Banquet Head,10:00 AM - 9:00 PM (Regular Business Hours),"SahayShakti GrandEvent Portal: 360-degree virtual walkthrough, interactive menu package builder, and direct wedding consultation booking.",HOT (Zero Web Presence / High Revenue),Uncontacted
SST-REAL-ROH-1610,Bistro 57,"Banquets, Restaurants & Event Catering","Rohini Commercial Hub (Near Lat: 28.751, Lon: 77.115)",110085,"Rohini, Delhi",In-Person Walk-in / Listed in Local Market,NO OFFICIAL WEBSITE (High Vulnerability),Rs. 10.0 - 35.0 Lakhs/mo,"Rs. 50,000 - 5,00,000",General Manager / Banquet Head,10:00 AM - 9:00 PM (Regular Business Hours),"SahayShakti GrandEvent Portal: 360-degree virtual walkthrough, interactive menu package builder, and direct wedding consultation booking.",HOT (Zero Web Presence / High Revenue),Uncontacted
SST-REAL-ROH-1611,Domino's,"Banquets, Restaurants & Event Catering","Rohini Commercial Hub (Near Lat: 28.751, Lon: 77.115)",110085,"Rohini, Delhi",In-Person Walk-in / Listed in Local Market,NO OFFICIAL WEBSITE (High Vulnerability),Rs. 10.0 - 35.0 Lakhs/mo,"Rs. 50,000 - 5,00,000",General Manager / Banquet Head,10:00 AM - 9:00 PM (Regular Business Hours),"SahayShakti GrandEvent Portal: 360-degree virtual walkthrough, interactive menu package builder, and direct wedding consultation booking.",HOT (Zero Web Presence / High Revenue),Uncontacted
SST-REAL-ROH-1612,NIght Canteen (Amul),"Banquets, Restaurants & Event Catering","Rohini Commercial Hub (Near Lat: 28.751, Lon: 77.113)",110085,"Rohini, Delhi",In-Person Walk-in / Listed in Local Market,NO OFFICIAL WEBSITE (High Vulnerability),Rs. 10.0 - 35.0 Lakhs/mo,"Rs. 50,000 - 5,00,000",General Manager / Banquet Head,10:00 AM - 9:00 PM (Regular Business Hours),"SahayShakti GrandEvent Portal: 360-degree virtual walkthrough, interactive menu package builder, and direct wedding consultation booking.",HOT (Zero Web Presence / High Revenue),Uncontacted
SST-REAL-ROH-1613,Deltech Cafe,"Banquets, Restaurants & Event Catering","Rohini Commercial Hub (Near Lat: 28.749, Lon: 77.115)",110085,"Rohini, Delhi",In-Person Walk-in / Listed in Local Market,NO OFFICIAL WEBSITE (High Vulnerability),Rs. 10.0 - 35.0 Lakhs/mo,"Rs. 50,000 - 5,00,000",General Manager / Banquet Head,10:00 AM - 9:00 PM (Regular Business Hours),"SahayShakti GrandEvent Portal: 360-degree virtual walkthrough, interactive menu package builder, and direct wedding consultation booking.",HOT (Zero Web Presence / High Revenue),Uncontacted
SST-REAL-ROH-1655,Food Six,"Banquets, Restaurants & Event Catering",K Block Jahangirpuri road Northwest delhi,110033,"Rohini, Delhi",In-Person Walk-in / Listed in Local Market,NO OFFICIAL WEBSITE (High Vulnerability),Rs. 10.0 - 35.0 Lakhs/mo,"Rs. 50,000 - 5,00,000",General Manager / Banquet Head,Mo-Su 09:00-21:00,"SahayShakti GrandEvent Portal: 360-degree virtual walkthrough, interactive menu package builder, and direct wedding consultation booking.",HOT (Zero Web Presence / High Revenue),Uncontacted
SST-REAL-ROH-1669,Recreation centre,"Banquets, Restaurants & Event Catering","Rohini Commercial Hub (Near Lat: 28.676, Lon: 77.112)",110085,"Rohini, Delhi",In-Person Walk-in / Listed in Local Market,NO OFFICIAL WEBSITE (High Vulnerability),Rs. 10.0 - 35.0 Lakhs/mo,"Rs. 50,000 - 5,00,000",General Manager / Banquet Head,10:00 AM - 9:00 PM (Regular Business Hours),"SahayShakti GrandEvent Portal: 360-degree virtual walkthrough, interactive menu package builder, and direct wedding consultation booking.",HOT (Zero Web Presence / High Revenue),Uncontacted
SST-REAL-ROH-1670,New Canteen,"Banquets, Restaurants & Event Catering","Rohini Commercial Hub (Near Lat: 28.676, Lon: 77.113)",110085,"Rohini, Delhi",In-Person Walk-in / Listed in Local Market,NO OFFICIAL WEBSITE (High Vulnerability),Rs. 10.0 - 35.0 Lakhs/mo,"Rs. 50,000 - 5,00,000",General Manager / Banquet Head,10:00 AM - 9:00 PM (Regular Business Hours),"SahayShakti GrandEvent Portal: 360-degree virtual walkthrough, interactive menu package builder, and direct wedding consultation booking.",HOT (Zero Web Presence / High Revenue),Uncontacted
SST-REAL-ROH-1726,Janwasa Banquet,"Banquets, Restaurants & Event Catering","Rohini Commercial Hub (Near Lat: 28.722, Lon: 77.125)",110085,"Rohini, Delhi",In-Person Walk-in / Listed in Local Market,NO OFFICIAL WEBSITE (High Vulnerability),Rs. 10.0 - 35.0 Lakhs/mo,"Rs. 50,000 - 5,00,000",General Manager / Banquet Head,10:00 AM - 9:00 PM (Regular Business Hours),"SahayShakti GrandEvent Portal: 360-degree virtual walkthrough, interactive menu package builder, and direct wedding consultation booking.",HOT (Zero Web Presence / High Revenue),Uncontacted
SST-REAL-ROH-1739,DTU Canteen,"Banquets, Restaurants & Event Catering","Rohini Commercial Hub (Near Lat: 28.749, Lon: 77.119)",110085,"Rohini, Delhi",In-Person Walk-in / Listed in Local Market,NO OFFICIAL WEBSITE (High Vulnerability),Rs. 10.0 - 35.0 Lakhs/mo,"Rs. 50,000 - 5,00,000",General Manager / Banquet Head,10:00 AM - 9:00 PM (Regular Business Hours),"SahayShakti GrandEvent Portal: 360-degree virtual walkthrough, interactive menu package builder, and direct wedding consultation booking.",HOT (Zero Web Presence / High Revenue),Uncontacted
SST-REAL-ROH-1757,La Mansion Banquet,"Banquets, Restaurants & Event Catering","C-92 Wazirpur, Ring Road, Opp Shalimar Bagh,",110052,"Rohini, Delhi",In-Person Walk-in / Listed in Local Market,https://lamansion.weds.guru/,Rs. 10.0 - 35.0 Lakhs/mo,"Rs. 50,000 - 5,00,000",General Manager / Banquet Head,10:00 AM - 9:00 PM (Regular Business Hours),"SahayShakti GrandEvent Portal: 360-degree virtual walkthrough, interactive menu package builder, and direct wedding consultation booking.",Warm (Needs Modern Revamp),Uncontacted
SST-REAL-ROH-1775,VIPS Cafe,"Banquets, Restaurants & Event Catering","Rohini Commercial Hub (Near Lat: 28.721, Lon: 77.141)",110085,"Rohini, Delhi",In-Person Walk-in / Listed in Local Market,NO OFFICIAL WEBSITE (High Vulnerability),Rs. 10.0 - 35.0 Lakhs/mo,"Rs. 50,000 - 5,00,000",General Manager / Banquet Head,Mo-Sa 09:00-17:20,"SahayShakti GrandEvent Portal: 360-degree virtual walkthrough, interactive menu package builder, and direct wedding consultation booking.",HOT (Zero Web Presence / High Revenue),Uncontacted
SST-REAL-ROH-1802,Nescafe canteen,"Banquets, Restaurants & Event Catering","Rohini Commercial Hub (Near Lat: 28.719, Lon: 77.067)",110085,"Rohini, Delhi",In-Person Walk-in / Listed in Local Market,NO OFFICIAL WEBSITE (High Vulnerability),Rs. 10.0 - 35.0 Lakhs/mo,"Rs. 50,000 - 5,00,000",General Manager / Banquet Head,10:00 AM - 9:00 PM (Regular Business Hours),"SahayShakti GrandEvent Portal: 360-degree virtual walkthrough, interactive menu package builder, and direct wedding consultation booking.",HOT (Zero Web Presence / High Revenue),Uncontacted
SST-REAL-ROH-1804,Amul Canteen,"Banquets, Restaurants & Event Catering","Rohini Commercial Hub (Near Lat: 28.720, Lon: 77.066)",110085,"Rohini, Delhi",In-Person Walk-in / Listed in Local Market,NO OFFICIAL WEBSITE (High Vulnerability),Rs. 10.0 - 35.0 Lakhs/mo,"Rs. 50,000 - 5,00,000",General Manager / Banquet Head,10:00 AM - 9:00 PM (Regular Business Hours),"SahayShakti GrandEvent Portal: 360-degree virtual walkthrough, interactive menu package builder, and direct wedding consultation booking.",HOT (Zero Web Presence / High Revenue),Uncontacted
SST-REAL-ROH-1806,Tadka cafe,"Banquets, Restaurants & Event Catering","Rohini Commercial Hub (Near Lat: 28.719, Lon: 77.067)",110085,"Rohini, Delhi",In-Person Walk-in / Listed in Local Market,NO OFFICIAL WEBSITE (High Vulnerability),Rs. 10.0 - 35.0 Lakhs/mo,"Rs. 50,000 - 5,00,000",General Manager / Banquet Head,10:00 AM - 9:00 PM (Regular Business Hours),"SahayShakti GrandEvent Portal: 360-degree virtual walkthrough, interactive menu package builder, and direct wedding consultation booking.",HOT (Zero Web Presence / High Revenue),Uncontacted
SST-REAL-ROH-1885,JD Bakers,"Banquets, Restaurants & Event Catering","Rohini Commercial Hub (Near Lat: 28.728, Lon: 77.171)",110085,"Rohini, Delhi",In-Person Walk-in / Listed in Local Market,NO OFFICIAL WEBSITE (High Vulnerability),Rs. 10.0 - 35.0 Lakhs/mo,"Rs. 50,000 - 5,00,000",General Manager / Banquet Head,10:00 AM - 9:00 PM (Regular Business Hours),"SahayShakti GrandEvent Portal: 360-degree virtual walkthrough, interactive menu package builder, and direct wedding consultation booking.",HOT (Zero Web Presence / High Revenue),Uncontacted
SST-REAL-ROH-1904,Delhi chaat bhandar,"Banquets, Restaurants & Event Catering",northwest delhi,110033,"Rohini, Delhi",In-Person Walk-in / Listed in Local Market,NO OFFICIAL WEBSITE (High Vulnerability),Rs. 10.0 - 35.0 Lakhs/mo,"Rs. 50,000 - 5,00,000",General Manager / Banquet Head,10:00 AM - 9:00 PM (Regular Business Hours),"SahayShakti GrandEvent Portal: 360-degree virtual walkthrough, interactive menu package builder, and direct wedding consultation booking.",HOT (Zero Web Presence / High Revenue),Uncontacted
SST-REAL-ROH-1912,J3S Party Hall,"Banquets, Restaurants & Event Catering",BU Block Outer RIng Road PitamPura,110085,"Rohini, Delhi",In-Person Walk-in / Listed in Local Market,https://weds.guru/pro/j3s/,Rs. 10.0 - 35.0 Lakhs/mo,"Rs. 50,000 - 5,00,000",General Manager / Banquet Head,10:00 AM - 9:00 PM (Regular Business Hours),"SahayShakti GrandEvent Portal: 360-degree virtual walkthrough, interactive menu package builder, and direct wedding consultation booking.",Warm (Needs Modern Revamp),Uncontacted
SST-REAL-ROH-1913,Gola Banquet,"Banquets, Restaurants & Event Catering",Outer Ring Road,110088,"Rohini, Delhi",In-Person Walk-in / Listed in Local Market,https://weds.guru/pro/gola/,Rs. 10.0 - 35.0 Lakhs/mo,"Rs. 50,000 - 5,00,000",General Manager / Banquet Head,10:00 AM - 9:00 PM (Regular Business Hours),"SahayShakti GrandEvent Portal: 360-degree virtual walkthrough, interactive menu package builder, and direct wedding consultation booking.",Warm (Needs Modern Revamp),Uncontacted
SST-REAL-ROH-1917,Canteen,"Banquets, Restaurants & Event Catering","Rohini Commercial Hub (Near Lat: 28.712, Lon: 77.128)",110085,"Rohini, Delhi",In-Person Walk-in / Listed in Local Market,NO OFFICIAL WEBSITE (High Vulnerability),Rs. 10.0 - 35.0 Lakhs/mo,"Rs. 50,000 - 5,00,000",General Manager / Banquet Head,10:00 AM - 9:00 PM (Regular Business Hours),"SahayShakti GrandEvent Portal: 360-degree virtual walkthrough, interactive menu package builder, and direct wedding consultation booking.",HOT (Zero Web Presence / High Revenue),Uncontacted
SST-REAL-ROH-1919,Canteen,"Banquets, Restaurants & Event Catering","Rohini Commercial Hub (Near Lat: 28.727, Lon: 77.087)",110085,"Rohini, Delhi",In-Person Walk-in / Listed in Local Market,NO OFFICIAL WEBSITE (High Vulnerability),Rs. 10.0 - 35.0 Lakhs/mo,"Rs. 50,000 - 5,00,000",General Manager / Banquet Head,Mo-Fr 08:00-14:00,"SahayShakti GrandEvent Portal: 360-degree virtual walkthrough, interactive menu package builder, and direct wedding consultation booking.",HOT (Zero Web Presence / High Revenue),Uncontacted
SST-REAL-ROH-1943,Hariram Sweets,"Banquets, Restaurants & Event Catering","Rohini Commercial Hub (Near Lat: 28.718, Lon: 77.172)",110085,"Rohini, Delhi",In-Person Walk-in / Listed in Local Market,NO OFFICIAL WEBSITE (High Vulnerability),Rs. 10.0 - 35.0 Lakhs/mo,"Rs. 50,000 - 5,00,000",General Manager / Banquet Head,10:00 AM - 9:00 PM (Regular Business Hours),"SahayShakti GrandEvent Portal: 360-degree virtual walkthrough, interactive menu package builder, and direct wedding consultation booking.",HOT (Zero Web Presence / High Revenue),Uncontacted
SST-REAL-ROH-1944,Pizza Galleria,"Banquets, Restaurants & Event Catering","Rohini Commercial Hub (Near Lat: 28.717, Lon: 77.171)",110085,"Rohini, Delhi",In-Person Walk-in / Listed in Local Market,NO OFFICIAL WEBSITE (High Vulnerability),Rs. 10.0 - 35.0 Lakhs/mo,"Rs. 50,000 - 5,00,000",General Manager / Banquet Head,10:00 AM - 9:00 PM (Regular Business Hours),"SahayShakti GrandEvent Portal: 360-degree virtual walkthrough, interactive menu package builder, and direct wedding consultation booking.",HOT (Zero Web Presence / High Revenue),Uncontacted
SST-REAL-ROH-1945,The Chai Theka,"Banquets, Restaurants & Event Catering","Rohini Commercial Hub (Near Lat: 28.718, Lon: 77.172)",110085,"Rohini, Delhi",In-Person Walk-in / Listed in Local Market,NO OFFICIAL WEBSITE (High Vulnerability),Rs. 10.0 - 35.0 Lakhs/mo,"Rs. 50,000 - 5,00,000",General Manager / Banquet Head,10:00 AM - 9:00 PM (Regular Business Hours),"SahayShakti GrandEvent Portal: 360-degree virtual walkthrough, interactive menu package builder, and direct wedding consultation booking.",HOT (Zero Web Presence / High Revenue),Uncontacted
SST-REAL-ROH-1946,Hariram,"Banquets, Restaurants & Event Catering","Rohini Commercial Hub (Near Lat: 28.718, Lon: 77.172)",110085,"Rohini, Delhi",In-Person Walk-in / Listed in Local Market,NO OFFICIAL WEBSITE (High Vulnerability),Rs. 10.0 - 35.0 Lakhs/mo,"Rs. 50,000 - 5,00,000",General Manager / Banquet Head,10:00 AM - 9:00 PM (Regular Business Hours),"SahayShakti GrandEvent Portal: 360-degree virtual walkthrough, interactive menu package builder, and direct wedding consultation booking.",HOT (Zero Web Presence / High Revenue),Uncontacted
SST-REAL-ROH-1950,Balaji shakes wala,"Banquets, Restaurants & Event Catering","Rohini Commercial Hub (Near Lat: 28.706, Lon: 77.111)",110085,"Rohini, Delhi",In-Person Walk-in / Listed in Local Market,NO OFFICIAL WEBSITE (High Vulnerability),Rs. 10.0 - 35.0 Lakhs/mo,"Rs. 50,000 - 5,00,000",General Manager / Banquet Head,10:00 AM - 9:00 PM (Regular Business Hours),"SahayShakti GrandEvent Portal: 360-degree virtual walkthrough, interactive menu package builder, and direct wedding consultation booking.",HOT (Zero Web Presence / High Revenue),Uncontacted
