Lead_ID,Business_Name,Category,Address_Locality,Pincode,City,Phone_Contact,Website_Status,Est_Monthly_Revenue,Avg_Ticket_Size,Decision_Maker,Operating_Hours,SahayShakti_Pitch_Strategy,Lead_Priority,Outreach_Status
SST-REAL-ROH-0006,Nescafe,"Coaching Institutes, Academies & EdTech",DCE College,110042,"Rohini, Delhi",In-Person Walk-in / Listed in Local Market,NO OFFICIAL WEBSITE (High Vulnerability),Rs. 7.0 - 25.0 Lakhs/mo,"Rs. 15,000 - 75,000",Director / Academic Head,10:00 AM - 9:00 PM (Regular Business Hours),"SahayShakti EduGrowth Engine: Free demo class booking page, syllabus PDF lead-capture, and automated student CRM.",HOT (Zero Web Presence / High Revenue),Uncontacted
SST-REAL-ROH-0009,Kendriya Vidhyalya,"Coaching Institutes, Academies & EdTech","Rohini Commercial Hub (Near Lat: 28.683, Lon: 77.158)",110085,"Rohini, Delhi",In-Person Walk-in / Listed in Local Market,NO OFFICIAL WEBSITE (High Vulnerability),Rs. 7.0 - 25.0 Lakhs/mo,"Rs. 15,000 - 75,000",Director / Academic Head,10:00 AM - 9:00 PM (Regular Business Hours),"SahayShakti EduGrowth Engine: Free demo class booking page, syllabus PDF lead-capture, and automated student CRM.",HOT (Zero Web Presence / High Revenue),Uncontacted
SST-REAL-ROH-0017,S M Arya Public School,"Coaching Institutes, Academies & EdTech","Rohini Commercial Hub (Near Lat: 28.672, Lon: 77.134)",110085,"Rohini, Delhi",In-Person Walk-in / Listed in Local Market,NO OFFICIAL WEBSITE (High Vulnerability),Rs. 7.0 - 25.0 Lakhs/mo,"Rs. 15,000 - 75,000",Director / Academic Head,10:00 AM - 9:00 PM (Regular Business Hours),"SahayShakti EduGrowth Engine: Free demo class booking page, syllabus PDF lead-capture, and automated student CRM.",HOT (Zero Web Presence / High Revenue),Uncontacted
SST-REAL-ROH-0030,Vishal Bharti Public School,"Coaching Institutes, Academies & EdTech","Rohini Commercial Hub (Near Lat: 28.678, Lon: 77.100)",110085,"Rohini, Delhi",In-Person Walk-in / Listed in Local Market,NO OFFICIAL WEBSITE (High Vulnerability),Rs. 7.0 - 25.0 Lakhs/mo,"Rs. 15,000 - 75,000",Director / Academic Head,10:00 AM - 9:00 PM (Regular Business Hours),"SahayShakti EduGrowth Engine: Free demo class booking page, syllabus PDF lead-capture, and automated student CRM.",HOT (Zero Web Presence / High Revenue),Uncontacted
SST-REAL-ROH-0033,St. Nirankari Public School,"Coaching Institutes, Academies & EdTech","Rohini Commercial Hub (Near Lat: 28.676, Lon: 77.107)",110085,"Rohini, Delhi",In-Person Walk-in / Listed in Local Market,NO OFFICIAL WEBSITE (High Vulnerability),Rs. 7.0 - 25.0 Lakhs/mo,"Rs. 15,000 - 75,000",Director / Academic Head,10:00 AM - 9:00 PM (Regular Business Hours),"SahayShakti EduGrowth Engine: Free demo class booking page, syllabus PDF lead-capture, and automated student CRM.",HOT (Zero Web Presence / High Revenue),Uncontacted
SST-REAL-ROH-0034,Rajkiya Pratibha Vikas Vidyalaya,"Coaching Institutes, Academies & EdTech","Rohini Commercial Hub (Near Lat: 28.676, Lon: 77.107)",110085,"Rohini, Delhi",In-Person Walk-in / Listed in Local Market,NO OFFICIAL WEBSITE (High Vulnerability),Rs. 7.0 - 25.0 Lakhs/mo,"Rs. 15,000 - 75,000",Director / Academic Head,10:00 AM - 9:00 PM (Regular Business Hours),"SahayShakti EduGrowth Engine: Free demo class booking page, syllabus PDF lead-capture, and automated student CRM.",HOT (Zero Web Presence / High Revenue),Uncontacted
SST-REAL-ROH-0035,Sarvodaya Vidyalaya,"Coaching Institutes, Academies & EdTech","Rohini Commercial Hub (Near Lat: 28.675, Lon: 77.106)",110085,"Rohini, Delhi",In-Person Walk-in / Listed in Local Market,NO OFFICIAL WEBSITE (High Vulnerability),Rs. 7.0 - 25.0 Lakhs/mo,"Rs. 15,000 - 75,000",Director / Academic Head,10:00 AM - 9:00 PM (Regular Business Hours),"SahayShakti EduGrowth Engine: Free demo class booking page, syllabus PDF lead-capture, and automated student CRM.",HOT (Zero Web Presence / High Revenue),Uncontacted
SST-REAL-ROH-0036,Government Higher Secondary School,"Coaching Institutes, Academies & EdTech","Rohini Commercial Hub (Near Lat: 28.674, Lon: 77.127)",110085,"Rohini, Delhi",In-Person Walk-in / Listed in Local Market,NO OFFICIAL WEBSITE (High Vulnerability),Rs. 7.0 - 25.0 Lakhs/mo,"Rs. 15,000 - 75,000",Director / Academic Head,10:00 AM - 9:00 PM (Regular Business Hours),"SahayShakti EduGrowth Engine: Free demo class booking page, syllabus PDF lead-capture, and automated student CRM.",HOT (Zero Web Presence / High Revenue),Uncontacted
SST-REAL-ROH-0040,Sarvodaya Kanya Senior Secondary School,"Coaching Institutes, Academies & EdTech","Rohini Commercial Hub (Near Lat: 28.690, Lon: 77.156)",110085,"Rohini, Delhi",In-Person Walk-in / Listed in Local Market,NO OFFICIAL WEBSITE (High Vulnerability),Rs. 7.0 - 25.0 Lakhs/mo,"Rs. 15,000 - 75,000",Director / Academic Head,10:00 AM - 9:00 PM (Regular Business Hours),"SahayShakti EduGrowth Engine: Free demo class booking page, syllabus PDF lead-capture, and automated student CRM.",HOT (Zero Web Presence / High Revenue),Uncontacted
SST-REAL-ROH-0042,HIRA YOGA TRAINING KENDER,"Coaching Institutes, Academies & EdTech","HPR School Main Road, Hira Colony, Siraspur, Delhi",110042,"Rohini, Delhi",+91-9350744966,NO OFFICIAL WEBSITE (High Vulnerability),Rs. 7.0 - 25.0 Lakhs/mo,"Rs. 15,000 - 75,000",Director / Academic Head,8:00-2:00,"SahayShakti EduGrowth Engine: Free demo class booking page, syllabus PDF lead-capture, and automated student CRM.",HOT (Zero Web Presence / High Revenue),Uncontacted
SST-REAL-ROH-0043,HPR Public School Primary,"Coaching Institutes, Academies & EdTech",Siraspur Khera Road,110042,"Rohini, Delhi",+91-9313145699,NO OFFICIAL WEBSITE (High Vulnerability),Rs. 7.0 - 25.0 Lakhs/mo,"Rs. 15,000 - 75,000",Director / Academic Head,10:00 AM - 9:00 PM (Regular Business Hours),"SahayShakti EduGrowth Engine: Free demo class booking page, syllabus PDF lead-capture, and automated student CRM.",HOT (Zero Web Presence / High Revenue),Uncontacted
SST-REAL-ROH-0045,State Bank of India,"Coaching Institutes, Academies & EdTech",DCE College,110042,"Rohini, Delhi",In-Person Walk-in / Listed in Local Market,NO OFFICIAL WEBSITE (High Vulnerability),Rs. 7.0 - 25.0 Lakhs/mo,"Rs. 15,000 - 75,000",Director / Academic Head,10:00 AM - 9:00 PM (Regular Business Hours),"SahayShakti EduGrowth Engine: Free demo class booking page, syllabus PDF lead-capture, and automated student CRM.",HOT (Zero Web Presence / High Revenue),Uncontacted
SST-REAL-ROH-0055,DAV Public School Pushpanjali,"Coaching Institutes, Academies & EdTech","Pushpanjali Enclave, Pitampura",110085,"Rohini, Delhi",011-27010377,https://www.davpushpanjali.com/,Rs. 7.0 - 25.0 Lakhs/mo,"Rs. 15,000 - 75,000",Director / Academic Head,Mo-Sa 07:00-03:00,"SahayShakti EduGrowth Engine: Free demo class booking page, syllabus PDF lead-capture, and automated student CRM.",Warm (Needs Modern Revamp),Uncontacted
SST-REAL-ROH-0101,St. Prayag school,"Coaching Institutes, Academies & EdTech","Rohini Commercial Hub (Near Lat: 28.692, Lon: 77.117)",110085,"Rohini, Delhi",In-Person Walk-in / Listed in Local Market,NO OFFICIAL WEBSITE (High Vulnerability),Rs. 7.0 - 25.0 Lakhs/mo,"Rs. 15,000 - 75,000",Director / Academic Head,10:00 AM - 9:00 PM (Regular Business Hours),"SahayShakti EduGrowth Engine: Free demo class booking page, syllabus PDF lead-capture, and automated student CRM.",HOT (Zero Web Presence / High Revenue),Uncontacted
SST-REAL-ROH-0108,Mount abu junior branch school,"Coaching Institutes, Academies & EdTech","Rohini Commercial Hub (Near Lat: 28.712, Lon: 77.102)",110085,"Rohini, Delhi",In-Person Walk-in / Listed in Local Market,NO OFFICIAL WEBSITE (High Vulnerability),Rs. 7.0 - 25.0 Lakhs/mo,"Rs. 15,000 - 75,000",Director / Academic Head,10:00 AM - 9:00 PM (Regular Business Hours),"SahayShakti EduGrowth Engine: Free demo class booking page, syllabus PDF lead-capture, and automated student CRM.",HOT (Zero Web Presence / High Revenue),Uncontacted
SST-REAL-ROH-0116,Kendrya Vidyalya,"Coaching Institutes, Academies & EdTech",Ac-Block Bhagwan Mahavir Marg,110088,"Rohini, Delhi",In-Person Walk-in / Listed in Local Market,NO OFFICIAL WEBSITE (High Vulnerability),Rs. 7.0 - 25.0 Lakhs/mo,"Rs. 15,000 - 75,000",Director / Academic Head,10:00 AM - 9:00 PM (Regular Business Hours),"SahayShakti EduGrowth Engine: Free demo class booking page, syllabus PDF lead-capture, and automated student CRM.",HOT (Zero Web Presence / High Revenue),Uncontacted
SST-REAL-ROH-0118,Government school,"Coaching Institutes, Academies & EdTech","Rohini Commercial Hub (Near Lat: 28.737, Lon: 77.126)",110085,"Rohini, Delhi",In-Person Walk-in / Listed in Local Market,NO OFFICIAL WEBSITE (High Vulnerability),Rs. 7.0 - 25.0 Lakhs/mo,"Rs. 15,000 - 75,000",Director / Academic Head,10:00 AM - 9:00 PM (Regular Business Hours),"SahayShakti EduGrowth Engine: Free demo class booking page, syllabus PDF lead-capture, and automated student CRM.",HOT (Zero Web Presence / High Revenue),Uncontacted
SST-REAL-ROH-0120,Maharaja Agrasen Institute of Technology,"Coaching Institutes, Academies & EdTech","Rohini Commercial Hub (Near Lat: 28.720, Lon: 77.066)",110085,"Rohini, Delhi",In-Person Walk-in / Listed in Local Market,NO OFFICIAL WEBSITE (High Vulnerability),Rs. 7.0 - 25.0 Lakhs/mo,"Rs. 15,000 - 75,000",Director / Academic Head,10:00 AM - 9:00 PM (Regular Business Hours),"SahayShakti EduGrowth Engine: Free demo class booking page, syllabus PDF lead-capture, and automated student CRM.",HOT (Zero Web Presence / High Revenue),Uncontacted
SST-REAL-ROH-0124,BCC Model School,"Coaching Institutes, Academies & EdTech",Sec-16 G-5,110089,"Rohini, Delhi",In-Person Walk-in / Listed in Local Market,NO OFFICIAL WEBSITE (High Vulnerability),Rs. 7.0 - 25.0 Lakhs/mo,"Rs. 15,000 - 75,000",Director / Academic Head,10:00 AM - 9:00 PM (Regular Business Hours),"SahayShakti EduGrowth Engine: Free demo class booking page, syllabus PDF lead-capture, and automated student CRM.",HOT (Zero Web Presence / High Revenue),Uncontacted
SST-REAL-ROH-0126,Snehil Frontline Special School,"Coaching Institutes, Academies & EdTech",Sec-16 G-5,110089,"Rohini, Delhi",In-Person Walk-in / Listed in Local Market,NO OFFICIAL WEBSITE (High Vulnerability),Rs. 7.0 - 25.0 Lakhs/mo,"Rs. 15,000 - 75,000",Director / Academic Head,10:00 AM - 9:00 PM (Regular Business Hours),"SahayShakti EduGrowth Engine: Free demo class booking page, syllabus PDF lead-capture, and automated student CRM.",HOT (Zero Web Presence / High Revenue),Uncontacted
SST-REAL-ROH-0133,Kids Temple Public School,"Coaching Institutes, Academies & EdTech","Rohini Commercial Hub (Near Lat: 28.739, Lon: 77.121)",110085,"Rohini, Delhi",In-Person Walk-in / Listed in Local Market,NO OFFICIAL WEBSITE (High Vulnerability),Rs. 7.0 - 25.0 Lakhs/mo,"Rs. 15,000 - 75,000",Director / Academic Head,10:00 AM - 9:00 PM (Regular Business Hours),"SahayShakti EduGrowth Engine: Free demo class booking page, syllabus PDF lead-capture, and automated student CRM.",HOT (Zero Web Presence / High Revenue),Uncontacted
SST-REAL-ROH-0143,Ojas Institute of Management,"Coaching Institutes, Academies & EdTech","Rohini Commercial Hub (Near Lat: 28.736, Lon: 77.128)",110085,"Rohini, Delhi",In-Person Walk-in / Listed in Local Market,NO OFFICIAL WEBSITE (High Vulnerability),Rs. 7.0 - 25.0 Lakhs/mo,"Rs. 15,000 - 75,000",Director / Academic Head,10:00 AM - 9:00 PM (Regular Business Hours),"SahayShakti EduGrowth Engine: Free demo class booking page, syllabus PDF lead-capture, and automated student CRM.",HOT (Zero Web Presence / High Revenue),Uncontacted
SST-REAL-ROH-0145,Alok Bharti Public School,"Coaching Institutes, Academies & EdTech","Rohini Commercial Hub (Near Lat: 28.736, Lon: 77.129)",110085,"Rohini, Delhi",In-Person Walk-in / Listed in Local Market,NO OFFICIAL WEBSITE (High Vulnerability),Rs. 7.0 - 25.0 Lakhs/mo,"Rs. 15,000 - 75,000",Director / Academic Head,10:00 AM - 9:00 PM (Regular Business Hours),"SahayShakti EduGrowth Engine: Free demo class booking page, syllabus PDF lead-capture, and automated student CRM.",HOT (Zero Web Presence / High Revenue),Uncontacted
SST-REAL-ROH-0157,MC Primary School J-Block Sec-16 Rohini,"Coaching Institutes, Academies & EdTech","Rohini Commercial Hub (Near Lat: 28.739, Lon: 77.131)",110085,"Rohini, Delhi",In-Person Walk-in / Listed in Local Market,NO OFFICIAL WEBSITE (High Vulnerability),Rs. 7.0 - 25.0 Lakhs/mo,"Rs. 15,000 - 75,000",Director / Academic Head,Mo-Sa 08:00-13:00,"SahayShakti EduGrowth Engine: Free demo class booking page, syllabus PDF lead-capture, and automated student CRM.",HOT (Zero Web Presence / High Revenue),Uncontacted
SST-REAL-ROH-0159,Canara Bank (Rockfield Public School Branch) Sec-16 Rohini,"Coaching Institutes, Academies & EdTech","Rohini Commercial Hub (Near Lat: 28.734, Lon: 77.124)",110085,"Rohini, Delhi",In-Person Walk-in / Listed in Local Market,https://www.canarabank.in,Rs. 7.0 - 25.0 Lakhs/mo,"Rs. 15,000 - 75,000",Director / Academic Head,10:00 AM - 9:00 PM (Regular Business Hours),"SahayShakti EduGrowth Engine: Free demo class booking page, syllabus PDF lead-capture, and automated student CRM.",Warm (Needs Modern Revamp),Uncontacted
SST-REAL-ROH-0164,Delhi International Public School,"Coaching Institutes, Academies & EdTech","Rohini Commercial Hub (Near Lat: 28.737, Lon: 77.129)",110085,"Rohini, Delhi",01127055942,NO OFFICIAL WEBSITE (High Vulnerability),Rs. 7.0 - 25.0 Lakhs/mo,"Rs. 15,000 - 75,000",Director / Academic Head,10:00 AM - 9:00 PM (Regular Business Hours),"SahayShakti EduGrowth Engine: Free demo class booking page, syllabus PDF lead-capture, and automated student CRM.",HOT (Zero Web Presence / High Revenue),Uncontacted
SST-REAL-ROH-0167,Friends Computer Solutions,"Coaching Institutes, Academies & EdTech","Rohini Commercial Hub (Near Lat: 28.739, Lon: 77.120)",110085,"Rohini, Delhi",In-Person Walk-in / Listed in Local Market,NO OFFICIAL WEBSITE (High Vulnerability),Rs. 7.0 - 25.0 Lakhs/mo,"Rs. 15,000 - 75,000",Director / Academic Head,10:00 AM - 9:00 PM (Regular Business Hours),"SahayShakti EduGrowth Engine: Free demo class booking page, syllabus PDF lead-capture, and automated student CRM.",HOT (Zero Web Presence / High Revenue),Uncontacted
SST-REAL-ROH-0169,Rockfield Public School,"Coaching Institutes, Academies & EdTech","Rohini Commercial Hub (Near Lat: 28.735, Lon: 77.125)",110085,"Rohini, Delhi",In-Person Walk-in / Listed in Local Market,NO OFFICIAL WEBSITE (High Vulnerability),Rs. 7.0 - 25.0 Lakhs/mo,"Rs. 15,000 - 75,000",Director / Academic Head,10:00 AM - 9:00 PM (Regular Business Hours),"SahayShakti EduGrowth Engine: Free demo class booking page, syllabus PDF lead-capture, and automated student CRM.",HOT (Zero Web Presence / High Revenue),Uncontacted
SST-REAL-ROH-0172,Ryan Shalom Montessori,"Coaching Institutes, Academies & EdTech","Rohini Commercial Hub (Near Lat: 28.735, Lon: 77.124)",110085,"Rohini, Delhi",In-Person Walk-in / Listed in Local Market,NO OFFICIAL WEBSITE (High Vulnerability),Rs. 7.0 - 25.0 Lakhs/mo,"Rs. 15,000 - 75,000",Director / Academic Head,10:00 AM - 9:00 PM (Regular Business Hours),"SahayShakti EduGrowth Engine: Free demo class booking page, syllabus PDF lead-capture, and automated student CRM.",HOT (Zero Web Presence / High Revenue),Uncontacted
SST-REAL-ROH-0189,Decent Public School,"Coaching Institutes, Academies & EdTech","Rohini Commercial Hub (Near Lat: 28.707, Lon: 77.107)",110085,"Rohini, Delhi",In-Person Walk-in / Listed in Local Market,NO OFFICIAL WEBSITE (High Vulnerability),Rs. 7.0 - 25.0 Lakhs/mo,"Rs. 15,000 - 75,000",Director / Academic Head,10:00 AM - 9:00 PM (Regular Business Hours),"SahayShakti EduGrowth Engine: Free demo class booking page, syllabus PDF lead-capture, and automated student CRM.",HOT (Zero Web Presence / High Revenue),Uncontacted
SST-REAL-ROH-0193,Sri Balaji Action Medical Institute Blood Bank,"Coaching Institutes, Academies & EdTech",WEST DELHI,110063,"Rohini, Delhi",01142888888; 01145666666,NO OFFICIAL WEBSITE (High Vulnerability),Rs. 7.0 - 25.0 Lakhs/mo,"Rs. 15,000 - 75,000",Director / Academic Head,24/7,"SahayShakti EduGrowth Engine: Free demo class booking page, syllabus PDF lead-capture, and automated student CRM.",HOT (Zero Web Presence / High Revenue),Uncontacted
SST-REAL-ROH-0195,Rajiv Gandhi Cancer Institute and Research Center Blood Bank,"Coaching Institutes, Academies & EdTech",NORTH WEST DELHI,110085,"Rohini, Delhi",01147022222; 01127051011,https://www.rgcirc.org/,Rs. 7.0 - 25.0 Lakhs/mo,"Rs. 15,000 - 75,000",Director / Academic Head,24/7,"SahayShakti EduGrowth Engine: Free demo class booking page, syllabus PDF lead-capture, and automated student CRM.",Warm (Needs Modern Revamp),Uncontacted
SST-REAL-ROH-0373,Bon Accent,"Coaching Institutes, Academies & EdTech",Katyani Mata Road,110085,"Rohini, Delhi",In-Person Walk-in / Listed in Local Market,NO OFFICIAL WEBSITE (High Vulnerability),Rs. 7.0 - 25.0 Lakhs/mo,"Rs. 15,000 - 75,000",Director / Academic Head,10:00 AM - 9:00 PM (Regular Business Hours),"SahayShakti EduGrowth Engine: Free demo class booking page, syllabus PDF lead-capture, and automated student CRM.",HOT (Zero Web Presence / High Revenue),Uncontacted
SST-REAL-ROH-0378,Upakarma,"Coaching Institutes, Academies & EdTech","Guru Govind Singh College, Pitampura, New Delhi, Delhi 110034",110034,"Rohini, Delhi",In-Person Walk-in / Listed in Local Market,https://upakarma.com/,Rs. 7.0 - 25.0 Lakhs/mo,"Rs. 15,000 - 75,000",Director / Academic Head,10:00 AM - 9:00 PM (Regular Business Hours),"SahayShakti EduGrowth Engine: Free demo class booking page, syllabus PDF lead-capture, and automated student CRM.",Warm (Needs Modern Revamp),Uncontacted
SST-REAL-ROH-0440,MCD school,"Coaching Institutes, Academies & EdTech","Rohini Commercial Hub (Near Lat: 28.733, Lon: 77.129)",110085,"Rohini, Delhi",In-Person Walk-in / Listed in Local Market,NO OFFICIAL WEBSITE (High Vulnerability),Rs. 7.0 - 25.0 Lakhs/mo,"Rs. 15,000 - 75,000",Director / Academic Head,10:00 AM - 9:00 PM (Regular Business Hours),"SahayShakti EduGrowth Engine: Free demo class booking page, syllabus PDF lead-capture, and automated student CRM.",HOT (Zero Web Presence / High Revenue),Uncontacted
SST-REAL-ROH-0454,Saini Ji Building Material Supplier,"Coaching Institutes, Academies & EdTech","Khasra No. 257 Near Govt. School, Sushant Vihar, Kadipur",110036,"Rohini, Delhi",In-Person Walk-in / Listed in Local Market,NO OFFICIAL WEBSITE (High Vulnerability),Rs. 7.0 - 25.0 Lakhs/mo,"Rs. 15,000 - 75,000",Director / Academic Head,Mo-Su 08:00-20:00,"SahayShakti EduGrowth Engine: Free demo class booking page, syllabus PDF lead-capture, and automated student CRM.",HOT (Zero Web Presence / High Revenue),Uncontacted
SST-REAL-ROH-0461,Physics Master Academy CBSE NEET JEE-mains,"Coaching Institutes, Academies & EdTech","172-173 pocket 9,sec23",110085,"Rohini, Delhi",8810401402,https://physicsmasteracademy.com/,Rs. 7.0 - 25.0 Lakhs/mo,"Rs. 15,000 - 75,000",Director / Academic Head,24/7,"SahayShakti EduGrowth Engine: Free demo class booking page, syllabus PDF lead-capture, and automated student CRM.",Warm (Needs Modern Revamp),Uncontacted
SST-REAL-ROH-0474,Native Public School,"Coaching Institutes, Academies & EdTech","Rohini Commercial Hub (Near Lat: 28.725, Lon: 77.170)",110085,"Rohini, Delhi",In-Person Walk-in / Listed in Local Market,NO OFFICIAL WEBSITE (High Vulnerability),Rs. 7.0 - 25.0 Lakhs/mo,"Rs. 15,000 - 75,000",Director / Academic Head,10:00 AM - 9:00 PM (Regular Business Hours),"SahayShakti EduGrowth Engine: Free demo class booking page, syllabus PDF lead-capture, and automated student CRM.",HOT (Zero Web Presence / High Revenue),Uncontacted
SST-REAL-ROH-0497,Naaz Computer Social Foundation,"Coaching Institutes, Academies & EdTech",2101  Jahangir Puri,110033,"Rohini, Delhi",In-Person Walk-in / Listed in Local Market,NO OFFICIAL WEBSITE (High Vulnerability),Rs. 7.0 - 25.0 Lakhs/mo,"Rs. 15,000 - 75,000",Director / Academic Head,10:00 AM - 9:00 PM (Regular Business Hours),"SahayShakti EduGrowth Engine: Free demo class booking page, syllabus PDF lead-capture, and automated student CRM.",HOT (Zero Web Presence / High Revenue),Uncontacted
SST-REAL-ROH-0567,Modern Education Public School,"Coaching Institutes, Academies & EdTech",955;956;957;958;959  Jahangir Puri,110033,"Rohini, Delhi",In-Person Walk-in / Listed in Local Market,NO OFFICIAL WEBSITE (High Vulnerability),Rs. 7.0 - 25.0 Lakhs/mo,"Rs. 15,000 - 75,000",Director / Academic Head,10:00 AM - 9:00 PM (Regular Business Hours),"SahayShakti EduGrowth Engine: Free demo class booking page, syllabus PDF lead-capture, and automated student CRM.",HOT (Zero Web Presence / High Revenue),Uncontacted
SST-REAL-ROH-0587,My Play School,"Coaching Institutes, Academies & EdTech","Rohini Commercial Hub (Near Lat: 28.707, Lon: 77.160)",110085,"Rohini, Delhi",In-Person Walk-in / Listed in Local Market,NO OFFICIAL WEBSITE (High Vulnerability),Rs. 7.0 - 25.0 Lakhs/mo,"Rs. 15,000 - 75,000",Director / Academic Head,10:00 AM - 9:00 PM (Regular Business Hours),"SahayShakti EduGrowth Engine: Free demo class booking page, syllabus PDF lead-capture, and automated student CRM.",HOT (Zero Web Presence / High Revenue),Uncontacted
SST-REAL-ROH-0610,Sharda Public School,"Coaching Institutes, Academies & EdTech",9-A/1  Sanjay Nagar,110033,"Rohini, Delhi",In-Person Walk-in / Listed in Local Market,NO OFFICIAL WEBSITE (High Vulnerability),Rs. 7.0 - 25.0 Lakhs/mo,"Rs. 15,000 - 75,000",Director / Academic Head,10:00 AM - 9:00 PM (Regular Business Hours),"SahayShakti EduGrowth Engine: Free demo class booking page, syllabus PDF lead-capture, and automated student CRM.",HOT (Zero Web Presence / High Revenue),Uncontacted
SST-REAL-ROH-0628,Saint Model Public School,"Coaching Institutes, Academies & EdTech",I-21  Mahendra Park,110033,"Rohini, Delhi",+91-98111-49197;+91-83739-04961,NO OFFICIAL WEBSITE (High Vulnerability),Rs. 7.0 - 25.0 Lakhs/mo,"Rs. 15,000 - 75,000",Director / Academic Head,10:00 AM - 9:00 PM (Regular Business Hours),"SahayShakti EduGrowth Engine: Free demo class booking page, syllabus PDF lead-capture, and automated student CRM.",HOT (Zero Web Presence / High Revenue),Uncontacted
SST-REAL-ROH-0630,Mathews Music Academy,"Coaching Institutes, Academies & EdTech",L-32 Gali #26 Mahendra Park,110085,"Rohini, Delhi",+91-7838-222-585,NO OFFICIAL WEBSITE (High Vulnerability),Rs. 7.0 - 25.0 Lakhs/mo,"Rs. 15,000 - 75,000",Director / Academic Head,10:00 AM - 9:00 PM (Regular Business Hours),"SahayShakti EduGrowth Engine: Free demo class booking page, syllabus PDF lead-capture, and automated student CRM.",HOT (Zero Web Presence / High Revenue),Uncontacted
SST-REAL-ROH-0643,Arya Hansraj Model School,"Coaching Institutes, Academies & EdTech","Rohini Commercial Hub (Near Lat: 28.734, Lon: 77.167)",110085,"Rohini, Delhi",In-Person Walk-in / Listed in Local Market,NO OFFICIAL WEBSITE (High Vulnerability),Rs. 7.0 - 25.0 Lakhs/mo,"Rs. 15,000 - 75,000",Director / Academic Head,10:00 AM - 9:00 PM (Regular Business Hours),"SahayShakti EduGrowth Engine: Free demo class booking page, syllabus PDF lead-capture, and automated student CRM.",HOT (Zero Web Presence / High Revenue),Uncontacted
SST-REAL-ROH-0683,Madarsa Daruluoom Hamidia,"Coaching Institutes, Academies & EdTech","Rohini Commercial Hub (Near Lat: 28.729, Lon: 77.173)",110085,"Rohini, Delhi",+91-99588-63093;+91-93500-73224,NO OFFICIAL WEBSITE (High Vulnerability),Rs. 7.0 - 25.0 Lakhs/mo,"Rs. 15,000 - 75,000",Director / Academic Head,Mo-Sa 08:00-13:00,"SahayShakti EduGrowth Engine: Free demo class booking page, syllabus PDF lead-capture, and automated student CRM.",HOT (Zero Web Presence / High Revenue),Uncontacted
SST-REAL-ROH-0756,Mount Abu Public School,"Coaching Institutes, Academies & EdTech","Rohini Commercial Hub (Near Lat: 28.743, Lon: 77.134)",110085,"Rohini, Delhi",In-Person Walk-in / Listed in Local Market,https://www.mountabuschool.com/,Rs. 7.0 - 25.0 Lakhs/mo,"Rs. 15,000 - 75,000",Director / Academic Head,10:00 AM - 9:00 PM (Regular Business Hours),"SahayShakti EduGrowth Engine: Free demo class booking page, syllabus PDF lead-capture, and automated student CRM.",Warm (Needs Modern Revamp),Uncontacted
SST-REAL-ROH-0760,Little Planet Pre School,"Coaching Institutes, Academies & EdTech","Rohini Commercial Hub (Near Lat: 28.742, Lon: 77.133)",110085,"Rohini, Delhi",In-Person Walk-in / Listed in Local Market,NO OFFICIAL WEBSITE (High Vulnerability),Rs. 7.0 - 25.0 Lakhs/mo,"Rs. 15,000 - 75,000",Director / Academic Head,10:00 AM - 9:00 PM (Regular Business Hours),"SahayShakti EduGrowth Engine: Free demo class booking page, syllabus PDF lead-capture, and automated student CRM.",HOT (Zero Web Presence / High Revenue),Uncontacted
SST-REAL-ROH-0764,MCD Primary School,"Coaching Institutes, Academies & EdTech","Rohini Commercial Hub (Near Lat: 28.739, Lon: 77.137)",110085,"Rohini, Delhi",In-Person Walk-in / Listed in Local Market,NO OFFICIAL WEBSITE (High Vulnerability),Rs. 7.0 - 25.0 Lakhs/mo,"Rs. 15,000 - 75,000",Director / Academic Head,10:00 AM - 9:00 PM (Regular Business Hours),"SahayShakti EduGrowth Engine: Free demo class booking page, syllabus PDF lead-capture, and automated student CRM.",HOT (Zero Web Presence / High Revenue),Uncontacted
SST-REAL-ROH-0802,Neha Tuition Classes,"Coaching Institutes, Academies & EdTech",300  Bhalswa JJ Colony,110042,"Rohini, Delhi",+91-96438-57577,NO OFFICIAL WEBSITE (High Vulnerability),Rs. 7.0 - 25.0 Lakhs/mo,"Rs. 15,000 - 75,000",Director / Academic Head,10:00 AM - 9:00 PM (Regular Business Hours),"SahayShakti EduGrowth Engine: Free demo class booking page, syllabus PDF lead-capture, and automated student CRM.",HOT (Zero Web Presence / High Revenue),Uncontacted
SST-REAL-ROH-0836,The Community For Learners,"Coaching Institutes, Academies & EdTech",B-104 Street Number 2 Bhalswa Dairy,110042,"Rohini, Delhi",+91-88516-30414;+91-98730-27265,NO OFFICIAL WEBSITE (High Vulnerability),Rs. 7.0 - 25.0 Lakhs/mo,"Rs. 15,000 - 75,000",Director / Academic Head,10:00 AM - 9:00 PM (Regular Business Hours),"SahayShakti EduGrowth Engine: Free demo class booking page, syllabus PDF lead-capture, and automated student CRM.",HOT (Zero Web Presence / High Revenue),Uncontacted
SST-REAL-ROH-0837,Sky Public School,"Coaching Institutes, Academies & EdTech",B-91  Bhalswa Dairy,110042,"Rohini, Delhi",+91-92139-82850;+91-70114-83258,NO OFFICIAL WEBSITE (High Vulnerability),Rs. 7.0 - 25.0 Lakhs/mo,"Rs. 15,000 - 75,000",Director / Academic Head,10:00 AM - 9:00 PM (Regular Business Hours),"SahayShakti EduGrowth Engine: Free demo class booking page, syllabus PDF lead-capture, and automated student CRM.",HOT (Zero Web Presence / High Revenue),Uncontacted
SST-REAL-ROH-0847,Rani Education Point,"Coaching Institutes, Academies & EdTech",Gali Number 2,110042,"Rohini, Delhi",+91-99116-25998;+91-76783-11205,NO OFFICIAL WEBSITE (High Vulnerability),Rs. 7.0 - 25.0 Lakhs/mo,"Rs. 15,000 - 75,000",Director / Academic Head,10:00 AM - 9:00 PM (Regular Business Hours),"SahayShakti EduGrowth Engine: Free demo class booking page, syllabus PDF lead-capture, and automated student CRM.",HOT (Zero Web Presence / High Revenue),Uncontacted
SST-REAL-ROH-0855,The Education World,"Coaching Institutes, Academies & EdTech","Rohini Commercial Hub (Near Lat: 28.748, Lon: 77.158)",110085,"Rohini, Delhi",In-Person Walk-in / Listed in Local Market,NO OFFICIAL WEBSITE (High Vulnerability),Rs. 7.0 - 25.0 Lakhs/mo,"Rs. 15,000 - 75,000",Director / Academic Head,10:00 AM - 9:00 PM (Regular Business Hours),"SahayShakti EduGrowth Engine: Free demo class booking page, syllabus PDF lead-capture, and automated student CRM.",HOT (Zero Web Presence / High Revenue),Uncontacted
SST-REAL-ROH-0858,Jingle Bell School,"Coaching Institutes, Academies & EdTech","Rohini Commercial Hub (Near Lat: 28.720, Lon: 77.178)",110085,"Rohini, Delhi",+91-83683-51277;+91-98188-79526,NO OFFICIAL WEBSITE (High Vulnerability),Rs. 7.0 - 25.0 Lakhs/mo,"Rs. 15,000 - 75,000",Director / Academic Head,10:00 AM - 9:00 PM (Regular Business Hours),"SahayShakti EduGrowth Engine: Free demo class booking page, syllabus PDF lead-capture, and automated student CRM.",HOT (Zero Web Presence / High Revenue),Uncontacted
SST-REAL-ROH-0913,Aryan Model Public School,"Coaching Institutes, Academies & EdTech",Gali Number 2 Bhalswa Dairy,110042,"Rohini, Delhi",+91-85868-34271;+91-96508-40341,NO OFFICIAL WEBSITE (High Vulnerability),Rs. 7.0 - 25.0 Lakhs/mo,"Rs. 15,000 - 75,000",Director / Academic Head,10:00 AM - 9:00 PM (Regular Business Hours),"SahayShakti EduGrowth Engine: Free demo class booking page, syllabus PDF lead-capture, and automated student CRM.",HOT (Zero Web Presence / High Revenue),Uncontacted
SST-REAL-ROH-0917,Education For All,"Coaching Institutes, Academies & EdTech","Rohini Commercial Hub (Near Lat: 28.746, Lon: 77.162)",110085,"Rohini, Delhi",In-Person Walk-in / Listed in Local Market,NO OFFICIAL WEBSITE (High Vulnerability),Rs. 7.0 - 25.0 Lakhs/mo,"Rs. 15,000 - 75,000",Director / Academic Head,10:00 AM - 9:00 PM (Regular Business Hours),"SahayShakti EduGrowth Engine: Free demo class booking page, syllabus PDF lead-capture, and automated student CRM.",HOT (Zero Web Presence / High Revenue),Uncontacted
SST-REAL-ROH-0954,Brainford Institute of Learning,"Coaching Institutes, Academies & EdTech",442 Budh Bazar Road Bhalswa Dairy,110042,"Rohini, Delhi",+91-98188-20982;+91-97168-10448,NO OFFICIAL WEBSITE (High Vulnerability),Rs. 7.0 - 25.0 Lakhs/mo,"Rs. 15,000 - 75,000",Director / Academic Head,10:00 AM - 9:00 PM (Regular Business Hours),"SahayShakti EduGrowth Engine: Free demo class booking page, syllabus PDF lead-capture, and automated student CRM.",HOT (Zero Web Presence / High Revenue),Uncontacted
SST-REAL-ROH-0975,It's Different Academy,"Coaching Institutes, Academies & EdTech","Rohini Commercial Hub (Near Lat: 28.750, Lon: 77.168)",110085,"Rohini, Delhi",+91-70116-50939,NO OFFICIAL WEBSITE (High Vulnerability),Rs. 7.0 - 25.0 Lakhs/mo,"Rs. 15,000 - 75,000",Director / Academic Head,10:00 AM - 9:00 PM (Regular Business Hours),"SahayShakti EduGrowth Engine: Free demo class booking page, syllabus PDF lead-capture, and automated student CRM.",HOT (Zero Web Presence / High Revenue),Uncontacted
SST-REAL-ROH-0990,LR College of Advanced Studies,"Coaching Institutes, Academies & EdTech","Rohini Commercial Hub (Near Lat: 28.735, Lon: 77.111)",110085,"Rohini, Delhi",In-Person Walk-in / Listed in Local Market,NO OFFICIAL WEBSITE (High Vulnerability),Rs. 7.0 - 25.0 Lakhs/mo,"Rs. 15,000 - 75,000",Director / Academic Head,10:00 AM - 9:00 PM (Regular Business Hours),"SahayShakti EduGrowth Engine: Free demo class booking page, syllabus PDF lead-capture, and automated student CRM.",HOT (Zero Web Presence / High Revenue),Uncontacted
SST-REAL-ROH-1006,Lil Birdiez,"Coaching Institutes, Academies & EdTech",41 Acharya Kriplani Road Adarsh Nagar,110085,"Rohini, Delhi",+91-84472-66682;+91-99905-00018;+91-98183-77403,NO OFFICIAL WEBSITE (High Vulnerability),Rs. 7.0 - 25.0 Lakhs/mo,"Rs. 15,000 - 75,000",Director / Academic Head,10:00 AM - 9:00 PM (Regular Business Hours),"SahayShakti EduGrowth Engine: Free demo class booking page, syllabus PDF lead-capture, and automated student CRM.",HOT (Zero Web Presence / High Revenue),Uncontacted
SST-REAL-ROH-1009,Tecnia institute of art and design,"Coaching Institutes, Academies & EdTech","Rohini Commercial Hub (Near Lat: 28.705, Lon: 77.173)",110085,"Rohini, Delhi",In-Person Walk-in / Listed in Local Market,NO OFFICIAL WEBSITE (High Vulnerability),Rs. 7.0 - 25.0 Lakhs/mo,"Rs. 15,000 - 75,000",Director / Academic Head,10:00 AM - 9:00 PM (Regular Business Hours),"SahayShakti EduGrowth Engine: Free demo class booking page, syllabus PDF lead-capture, and automated student CRM.",HOT (Zero Web Presence / High Revenue),Uncontacted
SST-REAL-ROH-1028,Shiva Dance and Music Academy,"Coaching Institutes, Academies & EdTech","Rohini Commercial Hub (Near Lat: 28.736, Lon: 77.109)",110085,"Rohini, Delhi",+91-98189-55622;+91-98189-55722;+91-11-4654-4170,NO OFFICIAL WEBSITE (High Vulnerability),Rs. 7.0 - 25.0 Lakhs/mo,"Rs. 15,000 - 75,000",Director / Academic Head,10:00 AM - 9:00 PM (Regular Business Hours),"SahayShakti EduGrowth Engine: Free demo class booking page, syllabus PDF lead-capture, and automated student CRM.",HOT (Zero Web Presence / High Revenue),Uncontacted
SST-REAL-ROH-1039,Kirti Natya Niketan,"Coaching Institutes, Academies & EdTech",53  Rohini,110085,"Rohini, Delhi",+91-9999-600-584,NO OFFICIAL WEBSITE (High Vulnerability),Rs. 7.0 - 25.0 Lakhs/mo,"Rs. 15,000 - 75,000",Director / Academic Head,10:00 AM - 9:00 PM (Regular Business Hours),"SahayShakti EduGrowth Engine: Free demo class booking page, syllabus PDF lead-capture, and automated student CRM.",HOT (Zero Web Presence / High Revenue),Uncontacted
SST-REAL-ROH-1042,Fluidic Dance Academy,"Coaching Institutes, Academies & EdTech","Rohini Commercial Hub (Near Lat: 28.735, Lon: 77.109)",110085,"Rohini, Delhi",+91-98107-33161;+91-83779-96260,NO OFFICIAL WEBSITE (High Vulnerability),Rs. 7.0 - 25.0 Lakhs/mo,"Rs. 15,000 - 75,000",Director / Academic Head,10:00 AM - 9:00 PM (Regular Business Hours),"SahayShakti EduGrowth Engine: Free demo class booking page, syllabus PDF lead-capture, and automated student CRM.",HOT (Zero Web Presence / High Revenue),Uncontacted
SST-REAL-ROH-1054,Footprints,"Coaching Institutes, Academies & EdTech","Rohini Commercial Hub (Near Lat: 28.735, Lon: 77.111)",110085,"Rohini, Delhi",+91-7406-222-400,NO OFFICIAL WEBSITE (High Vulnerability),Rs. 7.0 - 25.0 Lakhs/mo,"Rs. 15,000 - 75,000",Director / Academic Head,10:00 AM - 9:00 PM (Regular Business Hours),"SahayShakti EduGrowth Engine: Free demo class booking page, syllabus PDF lead-capture, and automated student CRM.",HOT (Zero Web Presence / High Revenue),Uncontacted
SST-REAL-ROH-1073,House of Happiness,"Coaching Institutes, Academies & EdTech",70  Rohini,110085,"Rohini, Delhi",+91-9717-877-551;+91-9717-877-552,NO OFFICIAL WEBSITE (High Vulnerability),Rs. 7.0 - 25.0 Lakhs/mo,"Rs. 15,000 - 75,000",Director / Academic Head,10:00 AM - 9:00 PM (Regular Business Hours),"SahayShakti EduGrowth Engine: Free demo class booking page, syllabus PDF lead-capture, and automated student CRM.",HOT (Zero Web Presence / High Revenue),Uncontacted
SST-REAL-ROH-1087,Little Planet,"Coaching Institutes, Academies & EdTech",1  Rohini,110085,"Rohini, Delhi",+91-98991-95979;+91-99108-18891,https://www.littleplanetpreschool.com,Rs. 7.0 - 25.0 Lakhs/mo,"Rs. 15,000 - 75,000",Director / Academic Head,10:00 AM - 9:00 PM (Regular Business Hours),"SahayShakti EduGrowth Engine: Free demo class booking page, syllabus PDF lead-capture, and automated student CRM.",Warm (Needs Modern Revamp),Uncontacted
SST-REAL-ROH-1090,AJ's International Study Circle,"Coaching Institutes, Academies & EdTech","Rohini Commercial Hub (Near Lat: 28.737, Lon: 77.110)",110085,"Rohini, Delhi",+91-99717-07210,NO OFFICIAL WEBSITE (High Vulnerability),Rs. 7.0 - 25.0 Lakhs/mo,"Rs. 15,000 - 75,000",Director / Academic Head,10:00 AM - 9:00 PM (Regular Business Hours),"SahayShakti EduGrowth Engine: Free demo class booking page, syllabus PDF lead-capture, and automated student CRM.",HOT (Zero Web Presence / High Revenue),Uncontacted
SST-REAL-ROH-1092,Rukmini Devi Institute of Advanced Studies,"Coaching Institutes, Academies & EdTech","Rohini Commercial Hub (Near Lat: 28.705, Lon: 77.130)",110085,"Rohini, Delhi",In-Person Walk-in / Listed in Local Market,https://rdias.ac.in/,Rs. 7.0 - 25.0 Lakhs/mo,"Rs. 15,000 - 75,000",Director / Academic Head,10:00 AM - 9:00 PM (Regular Business Hours),"SahayShakti EduGrowth Engine: Free demo class booking page, syllabus PDF lead-capture, and automated student CRM.",Warm (Needs Modern Revamp),Uncontacted
SST-REAL-ROH-1114,Delhi School of Management,"Coaching Institutes, Academies & EdTech","Rohini Commercial Hub (Near Lat: 28.747, Lon: 77.117)",110085,"Rohini, Delhi",In-Person Walk-in / Listed in Local Market,NO OFFICIAL WEBSITE (High Vulnerability),Rs. 7.0 - 25.0 Lakhs/mo,"Rs. 15,000 - 75,000",Director / Academic Head,10:00 AM - 9:00 PM (Regular Business Hours),"SahayShakti EduGrowth Engine: Free demo class booking page, syllabus PDF lead-capture, and automated student CRM.",HOT (Zero Web Presence / High Revenue),Uncontacted
SST-REAL-ROH-1154,Golden Bells Early Years,"Coaching Institutes, Academies & EdTech",4/5 Chandrashekhar Azad Marg,110034,"Rohini, Delhi",+9180766 05812,https://www.goldenbellsearlyyears.com/,Rs. 7.0 - 25.0 Lakhs/mo,"Rs. 15,000 - 75,000",Director / Academic Head,Mo-Sa 09:00-17:00,"SahayShakti EduGrowth Engine: Free demo class booking page, syllabus PDF lead-capture, and automated student CRM.",Warm (Needs Modern Revamp),Uncontacted
SST-REAL-ROH-1159,Grow In Steps - Pre School,"Coaching Institutes, Academies & EdTech","Sector 23 Road, Rohini Delhi",110085,"Rohini, Delhi",08586801737,https://www.growinnsteps.com/,Rs. 7.0 - 25.0 Lakhs/mo,"Rs. 15,000 - 75,000",Director / Academic Head,10:00 AM - 9:00 PM (Regular Business Hours),"SahayShakti EduGrowth Engine: Free demo class booking page, syllabus PDF lead-capture, and automated student CRM.",Warm (Needs Modern Revamp),Uncontacted
SST-REAL-ROH-1245,Wonder Montessori,"Coaching Institutes, Academies & EdTech","Rohini Commercial Hub (Near Lat: 28.719, Lon: 77.137)",110085,"Rohini, Delhi",In-Person Walk-in / Listed in Local Market,NO OFFICIAL WEBSITE (High Vulnerability),Rs. 7.0 - 25.0 Lakhs/mo,"Rs. 15,000 - 75,000",Director / Academic Head,10:00 AM - 9:00 PM (Regular Business Hours),"SahayShakti EduGrowth Engine: Free demo class booking page, syllabus PDF lead-capture, and automated student CRM.",HOT (Zero Web Presence / High Revenue),Uncontacted
SST-REAL-ROH-1281,Axis Institute of International Education,"Coaching Institutes, Academies & EdTech","Rohini Commercial Hub (Near Lat: 28.707, Lon: 77.124)",110085,"Rohini, Delhi",In-Person Walk-in / Listed in Local Market,NO OFFICIAL WEBSITE (High Vulnerability),Rs. 7.0 - 25.0 Lakhs/mo,"Rs. 15,000 - 75,000",Director / Academic Head,10:00 AM - 9:00 PM (Regular Business Hours),"SahayShakti EduGrowth Engine: Free demo class booking page, syllabus PDF lead-capture, and automated student CRM.",HOT (Zero Web Presence / High Revenue),Uncontacted
SST-REAL-ROH-1322,Inclution Academy,"Coaching Institutes, Academies & EdTech","Rohini Commercial Hub (Near Lat: 28.708, Lon: 77.125)",110085,"Rohini, Delhi",8287781952,NO OFFICIAL WEBSITE (High Vulnerability),Rs. 7.0 - 25.0 Lakhs/mo,"Rs. 15,000 - 75,000",Director / Academic Head,10:00 AM - 9:00 PM (Regular Business Hours),"SahayShakti EduGrowth Engine: Free demo class booking page, syllabus PDF lead-capture, and automated student CRM.",HOT (Zero Web Presence / High Revenue),Uncontacted
SST-REAL-ROH-1342,Takshila,"Coaching Institutes, Academies & EdTech","Rohini Commercial Hub (Near Lat: 28.707, Lon: 77.127)",110085,"Rohini, Delhi",In-Person Walk-in / Listed in Local Market,https://www.takshilainstitute.in,Rs. 7.0 - 25.0 Lakhs/mo,"Rs. 15,000 - 75,000",Director / Academic Head,10:00 AM - 9:00 PM (Regular Business Hours),"SahayShakti EduGrowth Engine: Free demo class booking page, syllabus PDF lead-capture, and automated student CRM.",Warm (Needs Modern Revamp),Uncontacted
SST-REAL-ROH-1343,Manas Vidya Niketan,"Coaching Institutes, Academies & EdTech","Rohini Commercial Hub (Near Lat: 28.706, Lon: 77.123)",110085,"Rohini, Delhi",In-Person Walk-in / Listed in Local Market,NO OFFICIAL WEBSITE (High Vulnerability),Rs. 7.0 - 25.0 Lakhs/mo,"Rs. 15,000 - 75,000",Director / Academic Head,10:00 AM - 9:00 PM (Regular Business Hours),"SahayShakti EduGrowth Engine: Free demo class booking page, syllabus PDF lead-capture, and automated student CRM.",HOT (Zero Web Presence / High Revenue),Uncontacted
SST-REAL-ROH-1348,Netpoint Communication,"Coaching Institutes, Academies & EdTech","Rohini Commercial Hub (Near Lat: 28.706, Lon: 77.123)",110085,"Rohini, Delhi",In-Person Walk-in / Listed in Local Market,NO OFFICIAL WEBSITE (High Vulnerability),Rs. 7.0 - 25.0 Lakhs/mo,"Rs. 15,000 - 75,000",Director / Academic Head,10:00 AM - 9:00 PM (Regular Business Hours),"SahayShakti EduGrowth Engine: Free demo class booking page, syllabus PDF lead-capture, and automated student CRM.",HOT (Zero Web Presence / High Revenue),Uncontacted
SST-REAL-ROH-1352,AFTE PRIVATE LIMITED,"Coaching Institutes, Academies & EdTech",156 Rohini East,110085,"Rohini, Delhi",In-Person Walk-in / Listed in Local Market,NO OFFICIAL WEBSITE (High Vulnerability),Rs. 7.0 - 25.0 Lakhs/mo,"Rs. 15,000 - 75,000",Director / Academic Head,10:00 AM - 9:00 PM (Regular Business Hours),"SahayShakti EduGrowth Engine: Free demo class booking page, syllabus PDF lead-capture, and automated student CRM.",HOT (Zero Web Presence / High Revenue),Uncontacted
SST-REAL-ROH-1353,VEDANTA IAS,"Coaching Institutes, Academies & EdTech",156 Rohini East,110085,"Rohini, Delhi",In-Person Walk-in / Listed in Local Market,www.vedantaiasacademy,Rs. 7.0 - 25.0 Lakhs/mo,"Rs. 15,000 - 75,000",Director / Academic Head,10:00 AM - 9:00 PM (Regular Business Hours),"SahayShakti EduGrowth Engine: Free demo class booking page, syllabus PDF lead-capture, and automated student CRM.",Warm (Needs Modern Revamp),Uncontacted
SST-REAL-ROH-1379,Little Kingdom,"Coaching Institutes, Academies & EdTech","Rohini Commercial Hub (Near Lat: 28.706, Lon: 77.123)",110085,"Rohini, Delhi",In-Person Walk-in / Listed in Local Market,NO OFFICIAL WEBSITE (High Vulnerability),Rs. 7.0 - 25.0 Lakhs/mo,"Rs. 15,000 - 75,000",Director / Academic Head,10:00 AM - 9:00 PM (Regular Business Hours),"SahayShakti EduGrowth Engine: Free demo class booking page, syllabus PDF lead-capture, and automated student CRM.",HOT (Zero Web Presence / High Revenue),Uncontacted
SST-REAL-ROH-1387,Admic Multimedia,"Coaching Institutes, Academies & EdTech","Rohini Commercial Hub (Near Lat: 28.709, Lon: 77.123)",110085,"Rohini, Delhi",In-Person Walk-in / Listed in Local Market,NO OFFICIAL WEBSITE (High Vulnerability),Rs. 7.0 - 25.0 Lakhs/mo,"Rs. 15,000 - 75,000",Director / Academic Head,10:00 AM - 9:00 PM (Regular Business Hours),"SahayShakti EduGrowth Engine: Free demo class booking page, syllabus PDF lead-capture, and automated student CRM.",HOT (Zero Web Presence / High Revenue),Uncontacted
SST-REAL-ROH-1396,Excellent Students Academy,"Coaching Institutes, Academies & EdTech","Rohini Commercial Hub (Near Lat: 28.706, Lon: 77.122)",110085,"Rohini, Delhi",+91 8750663995,NO OFFICIAL WEBSITE (High Vulnerability),Rs. 7.0 - 25.0 Lakhs/mo,"Rs. 15,000 - 75,000",Director / Academic Head,10:00 AM - 9:00 PM (Regular Business Hours),"SahayShakti EduGrowth Engine: Free demo class booking page, syllabus PDF lead-capture, and automated student CRM.",HOT (Zero Web Presence / High Revenue),Uncontacted
SST-REAL-ROH-1451,Skills ally,"Coaching Institutes, Academies & EdTech",Sector 9 Shaheed Captain Sanjeev Dahiya Marg North West Delhi,110085,"Rohini, Delhi",+91-7982163861,https://www.skillsally.com/,Rs. 7.0 - 25.0 Lakhs/mo,"Rs. 15,000 - 75,000",Director / Academic Head,24/7,"SahayShakti EduGrowth Engine: Free demo class booking page, syllabus PDF lead-capture, and automated student CRM.",Warm (Needs Modern Revamp),Uncontacted
SST-REAL-ROH-1470,Pole Star,"Coaching Institutes, Academies & EdTech","Rohini Commercial Hub (Near Lat: 28.699, Lon: 77.097)",110085,"Rohini, Delhi",In-Person Walk-in / Listed in Local Market,NO OFFICIAL WEBSITE (High Vulnerability),Rs. 7.0 - 25.0 Lakhs/mo,"Rs. 15,000 - 75,000",Director / Academic Head,10:00 AM - 9:00 PM (Regular Business Hours),"SahayShakti EduGrowth Engine: Free demo class booking page, syllabus PDF lead-capture, and automated student CRM.",HOT (Zero Web Presence / High Revenue),Uncontacted
SST-REAL-ROH-1521,St. Giri Senior Secondary School,"Coaching Institutes, Academies & EdTech","Rohini Commercial Hub (Near Lat: 28.705, Lon: 77.102)",110085,"Rohini, Delhi",In-Person Walk-in / Listed in Local Market,NO OFFICIAL WEBSITE (High Vulnerability),Rs. 7.0 - 25.0 Lakhs/mo,"Rs. 15,000 - 75,000",Director / Academic Head,10:00 AM - 9:00 PM (Regular Business Hours),"SahayShakti EduGrowth Engine: Free demo class booking page, syllabus PDF lead-capture, and automated student CRM.",HOT (Zero Web Presence / High Revenue),Uncontacted
SST-REAL-ROH-1522,Saarthi International School,"Coaching Institutes, Academies & EdTech","Rohini Commercial Hub (Near Lat: 28.736, Lon: 77.067)",110085,"Rohini, Delhi",In-Person Walk-in / Listed in Local Market,NO OFFICIAL WEBSITE (High Vulnerability),Rs. 7.0 - 25.0 Lakhs/mo,"Rs. 15,000 - 75,000",Director / Academic Head,10:00 AM - 9:00 PM (Regular Business Hours),"SahayShakti EduGrowth Engine: Free demo class booking page, syllabus PDF lead-capture, and automated student CRM.",HOT (Zero Web Presence / High Revenue),Uncontacted
SST-REAL-ROH-1543,Rentio,"Coaching Institutes, Academies & EdTech","146, Pocket 12, Sector 21, Rohini, Kanjhawala road North West Delhi",110086,"Rohini, Delhi",+91-7838789933,https://www.rentio.in/,Rs. 7.0 - 25.0 Lakhs/mo,"Rs. 15,000 - 75,000",Director / Academic Head,24/7,"SahayShakti EduGrowth Engine: Free demo class booking page, syllabus PDF lead-capture, and automated student CRM.",Warm (Needs Modern Revamp),Uncontacted
SST-REAL-ROH-1557,Aarambh Pre School & Day Care,"Coaching Institutes, Academies & EdTech","Rohini Commercial Hub (Near Lat: 28.720, Lon: 77.175)",110085,"Rohini, Delhi",In-Person Walk-in / Listed in Local Market,NO OFFICIAL WEBSITE (High Vulnerability),Rs. 7.0 - 25.0 Lakhs/mo,"Rs. 15,000 - 75,000",Director / Academic Head,10:00 AM - 9:00 PM (Regular Business Hours),"SahayShakti EduGrowth Engine: Free demo class booking page, syllabus PDF lead-capture, and automated student CRM.",HOT (Zero Web Presence / High Revenue),Uncontacted
SST-REAL-ROH-1562,Himalayan English,"Coaching Institutes, Academies & EdTech","Rohini Commercial Hub (Near Lat: 28.721, Lon: 77.176)",110085,"Rohini, Delhi",In-Person Walk-in / Listed in Local Market,NO OFFICIAL WEBSITE (High Vulnerability),Rs. 7.0 - 25.0 Lakhs/mo,"Rs. 15,000 - 75,000",Director / Academic Head,10:00 AM - 9:00 PM (Regular Business Hours),"SahayShakti EduGrowth Engine: Free demo class booking page, syllabus PDF lead-capture, and automated student CRM.",HOT (Zero Web Presence / High Revenue),Uncontacted
SST-REAL-ROH-1582,MS public school,"Coaching Institutes, Academies & EdTech",Tau chok,110041,"Rohini, Delhi",In-Person Walk-in / Listed in Local Market,NO OFFICIAL WEBSITE (High Vulnerability),Rs. 7.0 - 25.0 Lakhs/mo,"Rs. 15,000 - 75,000",Director / Academic Head,10:00 AM - 9:00 PM (Regular Business Hours),"SahayShakti EduGrowth Engine: Free demo class booking page, syllabus PDF lead-capture, and automated student CRM.",HOT (Zero Web Presence / High Revenue),Uncontacted
SST-REAL-ROH-1583,HBM PUBLIC SCHOOL,"Coaching Institutes, Academies & EdTech",Netaji Subhash Chandra Bose road,110041,"Rohini, Delhi",In-Person Walk-in / Listed in Local Market,NO OFFICIAL WEBSITE (High Vulnerability),Rs. 7.0 - 25.0 Lakhs/mo,"Rs. 15,000 - 75,000",Director / Academic Head,10:00 AM - 9:00 PM (Regular Business Hours),"SahayShakti EduGrowth Engine: Free demo class booking page, syllabus PDF lead-capture, and automated student CRM.",HOT (Zero Web Presence / High Revenue),Uncontacted
SST-REAL-ROH-1586,CRS public school,"Coaching Institutes, Academies & EdTech",Tau chok,110041,"Rohini, Delhi",In-Person Walk-in / Listed in Local Market,NO OFFICIAL WEBSITE (High Vulnerability),Rs. 7.0 - 25.0 Lakhs/mo,"Rs. 15,000 - 75,000",Director / Academic Head,10:00 AM - 9:00 PM (Regular Business Hours),"SahayShakti EduGrowth Engine: Free demo class booking page, syllabus PDF lead-capture, and automated student CRM.",HOT (Zero Web Presence / High Revenue),Uncontacted
SST-REAL-ROH-1597,Punjab & Sind Bank,"Coaching Institutes, Academies & EdTech","M5X2+GR4 M5X2+GR4, Guru Govind Singh College Pitampura",110034,"Rohini, Delhi",In-Person Walk-in / Listed in Local Market,NO OFFICIAL WEBSITE (High Vulnerability),Rs. 7.0 - 25.0 Lakhs/mo,"Rs. 15,000 - 75,000",Director / Academic Head,Mo-Sa 10:00-19:00,"SahayShakti EduGrowth Engine: Free demo class booking page, syllabus PDF lead-capture, and automated student CRM.",HOT (Zero Web Presence / High Revenue),Uncontacted
SST-REAL-ROH-1620,Mata Sukhdevi Public School,"Coaching Institutes, Academies & EdTech","Rohini Commercial Hub (Near Lat: 28.775, Lon: 77.142)",110085,"Rohini, Delhi",In-Person Walk-in / Listed in Local Market,NO OFFICIAL WEBSITE (High Vulnerability),Rs. 7.0 - 25.0 Lakhs/mo,"Rs. 15,000 - 75,000",Director / Academic Head,10:00 AM - 9:00 PM (Regular Business Hours),"SahayShakti EduGrowth Engine: Free demo class booking page, syllabus PDF lead-capture, and automated student CRM.",HOT (Zero Web Presence / High Revenue),Uncontacted
SST-REAL-ROH-1621,St. Mathews Public School,"Coaching Institutes, Academies & EdTech","Rohini Commercial Hub (Near Lat: 28.674, Lon: 77.107)",110085,"Rohini, Delhi",In-Person Walk-in / Listed in Local Market,NO OFFICIAL WEBSITE (High Vulnerability),Rs. 7.0 - 25.0 Lakhs/mo,"Rs. 15,000 - 75,000",Director / Academic Head,10:00 AM - 9:00 PM (Regular Business Hours),"SahayShakti EduGrowth Engine: Free demo class booking page, syllabus PDF lead-capture, and automated student CRM.",HOT (Zero Web Presence / High Revenue),Uncontacted
SST-REAL-ROH-1622,Indraprasta School,"Coaching Institutes, Academies & EdTech","Rohini Commercial Hub (Near Lat: 28.674, Lon: 77.103)",110085,"Rohini, Delhi",In-Person Walk-in / Listed in Local Market,NO OFFICIAL WEBSITE (High Vulnerability),Rs. 7.0 - 25.0 Lakhs/mo,"Rs. 15,000 - 75,000",Director / Academic Head,10:00 AM - 9:00 PM (Regular Business Hours),"SahayShakti EduGrowth Engine: Free demo class booking page, syllabus PDF lead-capture, and automated student CRM.",HOT (Zero Web Presence / High Revenue),Uncontacted
SST-REAL-ROH-1623,Maharaja Agrasen Model School,"Coaching Institutes, Academies & EdTech","Rohini Commercial Hub (Near Lat: 28.705, Lon: 77.138)",110085,"Rohini, Delhi",In-Person Walk-in / Listed in Local Market,NO OFFICIAL WEBSITE (High Vulnerability),Rs. 7.0 - 25.0 Lakhs/mo,"Rs. 15,000 - 75,000",Director / Academic Head,10:00 AM - 9:00 PM (Regular Business Hours),"SahayShakti EduGrowth Engine: Free demo class booking page, syllabus PDF lead-capture, and automated student CRM.",HOT (Zero Web Presence / High Revenue),Uncontacted
SST-REAL-ROH-1625,Lions Public School,"Coaching Institutes, Academies & EdTech","Rohini Commercial Hub (Near Lat: 28.687, Lon: 77.165)",110085,"Rohini, Delhi",In-Person Walk-in / Listed in Local Market,https://www.lpsashokvihar.com/,Rs. 7.0 - 25.0 Lakhs/mo,"Rs. 15,000 - 75,000",Director / Academic Head,10:00 AM - 9:00 PM (Regular Business Hours),"SahayShakti EduGrowth Engine: Free demo class booking page, syllabus PDF lead-capture, and automated student CRM.",Warm (Needs Modern Revamp),Uncontacted
SST-REAL-ROH-1626,Montfort Senior secondary School,"Coaching Institutes, Academies & EdTech","Phase 1 Ashok Vihar Rd, Delhi",110085,"Rohini, Delhi",In-Person Walk-in / Listed in Local Market,NO OFFICIAL WEBSITE (High Vulnerability),Rs. 7.0 - 25.0 Lakhs/mo,"Rs. 15,000 - 75,000",Director / Academic Head,10:00 AM - 9:00 PM (Regular Business Hours),"SahayShakti EduGrowth Engine: Free demo class booking page, syllabus PDF lead-capture, and automated student CRM.",HOT (Zero Web Presence / High Revenue),Uncontacted
SST-REAL-ROH-1627,Government Boys and Girls School,"Coaching Institutes, Academies & EdTech","Rohini Commercial Hub (Near Lat: 28.692, Lon: 77.167)",110085,"Rohini, Delhi",In-Person Walk-in / Listed in Local Market,NO OFFICIAL WEBSITE (High Vulnerability),Rs. 7.0 - 25.0 Lakhs/mo,"Rs. 15,000 - 75,000",Director / Academic Head,10:00 AM - 9:00 PM (Regular Business Hours),"SahayShakti EduGrowth Engine: Free demo class booking page, syllabus PDF lead-capture, and automated student CRM.",HOT (Zero Web Presence / High Revenue),Uncontacted
SST-REAL-ROH-1628,Guru Angad Public School,"Coaching Institutes, Academies & EdTech","Rohini Commercial Hub (Near Lat: 28.689, Lon: 77.171)",110085,"Rohini, Delhi",In-Person Walk-in / Listed in Local Market,NO OFFICIAL WEBSITE (High Vulnerability),Rs. 7.0 - 25.0 Lakhs/mo,"Rs. 15,000 - 75,000",Director / Academic Head,10:00 AM - 9:00 PM (Regular Business Hours),"SahayShakti EduGrowth Engine: Free demo class booking page, syllabus PDF lead-capture, and automated student CRM.",HOT (Zero Web Presence / High Revenue),Uncontacted
SST-REAL-ROH-1629,DAV Public School Ashok Vihar,"Coaching Institutes, Academies & EdTech","Rohini Commercial Hub (Near Lat: 28.686, Lon: 77.174)",110085,"Rohini, Delhi",In-Person Walk-in / Listed in Local Market,NO OFFICIAL WEBSITE (High Vulnerability),Rs. 7.0 - 25.0 Lakhs/mo,"Rs. 15,000 - 75,000",Director / Academic Head,10:00 AM - 9:00 PM (Regular Business Hours),"SahayShakti EduGrowth Engine: Free demo class booking page, syllabus PDF lead-capture, and automated student CRM.",HOT (Zero Web Presence / High Revenue),Uncontacted
SST-REAL-ROH-1630,Sarvodaya Kanya Vidyalaya and Government School,"Coaching Institutes, Academies & EdTech","Rohini Commercial Hub (Near Lat: 28.683, Lon: 77.170)",110085,"Rohini, Delhi",In-Person Walk-in / Listed in Local Market,NO OFFICIAL WEBSITE (High Vulnerability),Rs. 7.0 - 25.0 Lakhs/mo,"Rs. 15,000 - 75,000",Director / Academic Head,10:00 AM - 9:00 PM (Regular Business Hours),"SahayShakti EduGrowth Engine: Free demo class booking page, syllabus PDF lead-capture, and automated student CRM.",HOT (Zero Web Presence / High Revenue),Uncontacted
SST-REAL-ROH-1631,Kulachi Hansraj School Senior Wing,"Coaching Institutes, Academies & EdTech","Rohini Commercial Hub (Near Lat: 28.694, Lon: 77.181)",110085,"Rohini, Delhi",In-Person Walk-in / Listed in Local Market,NO OFFICIAL WEBSITE (High Vulnerability),Rs. 7.0 - 25.0 Lakhs/mo,"Rs. 15,000 - 75,000",Director / Academic Head,10:00 AM - 9:00 PM (Regular Business Hours),"SahayShakti EduGrowth Engine: Free demo class booking page, syllabus PDF lead-capture, and automated student CRM.",HOT (Zero Web Presence / High Revenue),Uncontacted
SST-REAL-ROH-1632,Mata Jai Kaur public School,"Coaching Institutes, Academies & EdTech","Rohini Commercial Hub (Near Lat: 28.692, Lon: 77.180)",110085,"Rohini, Delhi",In-Person Walk-in / Listed in Local Market,NO OFFICIAL WEBSITE (High Vulnerability),Rs. 7.0 - 25.0 Lakhs/mo,"Rs. 15,000 - 75,000",Director / Academic Head,10:00 AM - 9:00 PM (Regular Business Hours),"SahayShakti EduGrowth Engine: Free demo class booking page, syllabus PDF lead-capture, and automated student CRM.",HOT (Zero Web Presence / High Revenue),Uncontacted
SST-REAL-ROH-1634,Modern Public School,"Coaching Institutes, Academies & EdTech","Rohini Commercial Hub (Near Lat: 28.710, Lon: 77.157)",110085,"Rohini, Delhi",In-Person Walk-in / Listed in Local Market,NO OFFICIAL WEBSITE (High Vulnerability),Rs. 7.0 - 25.0 Lakhs/mo,"Rs. 15,000 - 75,000",Director / Academic Head,10:00 AM - 9:00 PM (Regular Business Hours),"SahayShakti EduGrowth Engine: Free demo class booking page, syllabus PDF lead-capture, and automated student CRM.",HOT (Zero Web Presence / High Revenue),Uncontacted
SST-REAL-ROH-1636,Goodley Public School,"Coaching Institutes, Academies & EdTech","Rohini Commercial Hub (Near Lat: 28.711, Lon: 77.156)",110085,"Rohini, Delhi",In-Person Walk-in / Listed in Local Market,NO OFFICIAL WEBSITE (High Vulnerability),Rs. 7.0 - 25.0 Lakhs/mo,"Rs. 15,000 - 75,000",Director / Academic Head,10:00 AM - 9:00 PM (Regular Business Hours),"SahayShakti EduGrowth Engine: Free demo class booking page, syllabus PDF lead-capture, and automated student CRM.",HOT (Zero Web Presence / High Revenue),Uncontacted
SST-REAL-ROH-1637,GD Goenka La Petite,"Coaching Institutes, Academies & EdTech","Rohini Commercial Hub (Near Lat: 28.700, Lon: 77.150)",110085,"Rohini, Delhi",In-Person Walk-in / Listed in Local Market,NO OFFICIAL WEBSITE (High Vulnerability),Rs. 7.0 - 25.0 Lakhs/mo,"Rs. 15,000 - 75,000",Director / Academic Head,10:00 AM - 9:00 PM (Regular Business Hours),"SahayShakti EduGrowth Engine: Free demo class booking page, syllabus PDF lead-capture, and automated student CRM.",HOT (Zero Web Presence / High Revenue),Uncontacted
SST-REAL-ROH-1638,Darbari Lal DAV Model School,"Coaching Institutes, Academies & EdTech","Rohini Commercial Hub (Near Lat: 28.699, Lon: 77.144)",110085,"Rohini, Delhi",In-Person Walk-in / Listed in Local Market,NO OFFICIAL WEBSITE (High Vulnerability),Rs. 7.0 - 25.0 Lakhs/mo,"Rs. 15,000 - 75,000",Director / Academic Head,10:00 AM - 9:00 PM (Regular Business Hours),"SahayShakti EduGrowth Engine: Free demo class booking page, syllabus PDF lead-capture, and automated student CRM.",HOT (Zero Web Presence / High Revenue),Uncontacted
SST-REAL-ROH-1639,Sri Guru Gobind Singh College of Commerce,"Coaching Institutes, Academies & EdTech","Rohini Commercial Hub (Near Lat: 28.698, Lon: 77.153)",110085,"Rohini, Delhi",In-Person Walk-in / Listed in Local Market,NO OFFICIAL WEBSITE (High Vulnerability),Rs. 7.0 - 25.0 Lakhs/mo,"Rs. 15,000 - 75,000",Director / Academic Head,10:00 AM - 9:00 PM (Regular Business Hours),"SahayShakti EduGrowth Engine: Free demo class booking page, syllabus PDF lead-capture, and automated student CRM.",HOT (Zero Web Presence / High Revenue),Uncontacted
SST-REAL-ROH-1640,Bhagwan Parshuram Institute of Technology,"Coaching Institutes, Academies & EdTech","Rohini Commercial Hub (Near Lat: 28.737, Lon: 77.112)",110085,"Rohini, Delhi",011-2757 1080,https://bpitindia.ac.in/,Rs. 7.0 - 25.0 Lakhs/mo,"Rs. 15,000 - 75,000",Director / Academic Head,10:00 AM - 9:00 PM (Regular Business Hours),"SahayShakti EduGrowth Engine: Free demo class booking page, syllabus PDF lead-capture, and automated student CRM.",Warm (Needs Modern Revamp),Uncontacted
SST-REAL-ROH-1641,Ryan International School,"Coaching Institutes, Academies & EdTech","Rohini Commercial Hub (Near Lat: 28.734, Lon: 77.109)",110085,"Rohini, Delhi",In-Person Walk-in / Listed in Local Market,NO OFFICIAL WEBSITE (High Vulnerability),Rs. 7.0 - 25.0 Lakhs/mo,"Rs. 15,000 - 75,000",Director / Academic Head,10:00 AM - 9:00 PM (Regular Business Hours),"SahayShakti EduGrowth Engine: Free demo class booking page, syllabus PDF lead-capture, and automated student CRM.",HOT (Zero Web Presence / High Revenue),Uncontacted
SST-REAL-ROH-1642,RPVV Rohini,"Coaching Institutes, Academies & EdTech",SECTOR-11,110085,"Rohini, Delhi",In-Person Walk-in / Listed in Local Market,NO OFFICIAL WEBSITE (High Vulnerability),Rs. 7.0 - 25.0 Lakhs/mo,"Rs. 15,000 - 75,000",Director / Academic Head,10:00 AM - 9:00 PM (Regular Business Hours),"SahayShakti EduGrowth Engine: Free demo class booking page, syllabus PDF lead-capture, and automated student CRM.",HOT (Zero Web Presence / High Revenue),Uncontacted
SST-REAL-ROH-1646,St Margaret Senior Secondary School,"Coaching Institutes, Academies & EdTech",Vaishno Mata Mandir Road,110085,"Rohini, Delhi",In-Person Walk-in / Listed in Local Market,https://stmargaretsrsecschool.com/,Rs. 7.0 - 25.0 Lakhs/mo,"Rs. 15,000 - 75,000",Director / Academic Head,10:00 AM - 9:00 PM (Regular Business Hours),"SahayShakti EduGrowth Engine: Free demo class booking page, syllabus PDF lead-capture, and automated student CRM.",Warm (Needs Modern Revamp),Uncontacted
SST-REAL-ROH-1648,Fire Safety Management Academy,"Coaching Institutes, Academies & EdTech","Rohini Commercial Hub (Near Lat: 28.707, Lon: 77.129)",110085,"Rohini, Delhi",+91-11-2756-2535;+91-11-2755-2155,NO OFFICIAL WEBSITE (High Vulnerability),Rs. 7.0 - 25.0 Lakhs/mo,"Rs. 15,000 - 75,000",Director / Academic Head,10:00 AM - 9:00 PM (Regular Business Hours),"SahayShakti EduGrowth Engine: Free demo class booking page, syllabus PDF lead-capture, and automated student CRM.",HOT (Zero Web Presence / High Revenue),Uncontacted
SST-REAL-ROH-1649,CRPF Public School,"Coaching Institutes, Academies & EdTech",Prashant Vihar Rd,110085,"Rohini, Delhi",In-Person Walk-in / Listed in Local Market,NO OFFICIAL WEBSITE (High Vulnerability),Rs. 7.0 - 25.0 Lakhs/mo,"Rs. 15,000 - 75,000",Director / Academic Head,10:00 AM - 9:00 PM (Regular Business Hours),"SahayShakti EduGrowth Engine: Free demo class booking page, syllabus PDF lead-capture, and automated student CRM.",HOT (Zero Web Presence / High Revenue),Uncontacted
SST-REAL-ROH-1650,D Block Govt School,"Coaching Institutes, Academies & EdTech","Maha Gauri Mata Road, Prashant Vihar",110085,"Rohini, Delhi",In-Person Walk-in / Listed in Local Market,NO OFFICIAL WEBSITE (High Vulnerability),Rs. 7.0 - 25.0 Lakhs/mo,"Rs. 15,000 - 75,000",Director / Academic Head,10:00 AM - 9:00 PM (Regular Business Hours),"SahayShakti EduGrowth Engine: Free demo class booking page, syllabus PDF lead-capture, and automated student CRM.",HOT (Zero Web Presence / High Revenue),Uncontacted
SST-REAL-ROH-1651,B Block Govt School,"Coaching Institutes, Academies & EdTech","B Block Kushmanda Mata Road, Prashant Vihar",110085,"Rohini, Delhi",In-Person Walk-in / Listed in Local Market,NO OFFICIAL WEBSITE (High Vulnerability),Rs. 7.0 - 25.0 Lakhs/mo,"Rs. 15,000 - 75,000",Director / Academic Head,10:00 AM - 9:00 PM (Regular Business Hours),"SahayShakti EduGrowth Engine: Free demo class booking page, syllabus PDF lead-capture, and automated student CRM.",HOT (Zero Web Presence / High Revenue),Uncontacted
SST-REAL-ROH-1652,Lancer's Convent,"Coaching Institutes, Academies & EdTech","Rohini Commercial Hub (Near Lat: 28.709, Lon: 77.134)",110085,"Rohini, Delhi",In-Person Walk-in / Listed in Local Market,https://www.lancersconvent.ac.in/,Rs. 7.0 - 25.0 Lakhs/mo,"Rs. 15,000 - 75,000",Director / Academic Head,10:00 AM - 9:00 PM (Regular Business Hours),"SahayShakti EduGrowth Engine: Free demo class booking page, syllabus PDF lead-capture, and automated student CRM.",Warm (Needs Modern Revamp),Uncontacted
SST-REAL-ROH-1653,Vidya Bharti School,"Coaching Institutes, Academies & EdTech","Rohini Commercial Hub (Near Lat: 28.733, Lon: 77.129)",110085,"Rohini, Delhi",In-Person Walk-in / Listed in Local Market,NO OFFICIAL WEBSITE (High Vulnerability),Rs. 7.0 - 25.0 Lakhs/mo,"Rs. 15,000 - 75,000",Director / Academic Head,10:00 AM - 9:00 PM (Regular Business Hours),"SahayShakti EduGrowth Engine: Free demo class booking page, syllabus PDF lead-capture, and automated student CRM.",HOT (Zero Web Presence / High Revenue),Uncontacted
SST-REAL-ROH-1654,St Angel's School,"Coaching Institutes, Academies & EdTech","Rohini Commercial Hub (Near Lat: 28.730, Lon: 77.129)",110085,"Rohini, Delhi",In-Person Walk-in / Listed in Local Market,NO OFFICIAL WEBSITE (High Vulnerability),Rs. 7.0 - 25.0 Lakhs/mo,"Rs. 15,000 - 75,000",Director / Academic Head,10:00 AM - 9:00 PM (Regular Business Hours),"SahayShakti EduGrowth Engine: Free demo class booking page, syllabus PDF lead-capture, and automated student CRM.",HOT (Zero Web Presence / High Revenue),Uncontacted
SST-REAL-ROH-1656,MCD Primary School,"Coaching Institutes, Academies & EdTech",Jahangir Puri,110033,"Rohini, Delhi",In-Person Walk-in / Listed in Local Market,NO OFFICIAL WEBSITE (High Vulnerability),Rs. 7.0 - 25.0 Lakhs/mo,"Rs. 15,000 - 75,000",Director / Academic Head,10:00 AM - 9:00 PM (Regular Business Hours),"SahayShakti EduGrowth Engine: Free demo class booking page, syllabus PDF lead-capture, and automated student CRM.",HOT (Zero Web Presence / High Revenue),Uncontacted
SST-REAL-ROH-1657,Rani Chenamma Sarvodaya Kanya Vidyalaya,"Coaching Institutes, Academies & EdTech",Jahangir Puri,110033,"Rohini, Delhi",In-Person Walk-in / Listed in Local Market,NO OFFICIAL WEBSITE (High Vulnerability),Rs. 7.0 - 25.0 Lakhs/mo,"Rs. 15,000 - 75,000",Director / Academic Head,10:00 AM - 9:00 PM (Regular Business Hours),"SahayShakti EduGrowth Engine: Free demo class booking page, syllabus PDF lead-capture, and automated student CRM.",HOT (Zero Web Presence / High Revenue),Uncontacted
SST-REAL-ROH-1659,Vikas Bharti,"Coaching Institutes, Academies & EdTech","Rohini Commercial Hub (Near Lat: 28.728, Lon: 77.088)",110085,"Rohini, Delhi",In-Person Walk-in / Listed in Local Market,https://vikasbharati.com/,Rs. 7.0 - 25.0 Lakhs/mo,"Rs. 15,000 - 75,000",Director / Academic Head,10:00 AM - 9:00 PM (Regular Business Hours),"SahayShakti EduGrowth Engine: Free demo class booking page, syllabus PDF lead-capture, and automated student CRM.",Warm (Needs Modern Revamp),Uncontacted
SST-REAL-ROH-1660,Prince Public School,"Coaching Institutes, Academies & EdTech","Rohini Commercial Hub (Near Lat: 28.728, Lon: 77.084)",110085,"Rohini, Delhi",In-Person Walk-in / Listed in Local Market,NO OFFICIAL WEBSITE (High Vulnerability),Rs. 7.0 - 25.0 Lakhs/mo,"Rs. 15,000 - 75,000",Director / Academic Head,10:00 AM - 9:00 PM (Regular Business Hours),"SahayShakti EduGrowth Engine: Free demo class booking page, syllabus PDF lead-capture, and automated student CRM.",HOT (Zero Web Presence / High Revenue),Uncontacted
SST-REAL-ROH-1661,The Heritage School,"Coaching Institutes, Academies & EdTech","Pocket-6, Sector-23, Rohini",110085,"Rohini, Delhi",In-Person Walk-in / Listed in Local Market,NO OFFICIAL WEBSITE (High Vulnerability),Rs. 7.0 - 25.0 Lakhs/mo,"Rs. 15,000 - 75,000",Director / Academic Head,10:00 AM - 9:00 PM (Regular Business Hours),"SahayShakti EduGrowth Engine: Free demo class booking page, syllabus PDF lead-capture, and automated student CRM.",HOT (Zero Web Presence / High Revenue),Uncontacted
SST-REAL-ROH-1662,Maxfort School Rohini,"Coaching Institutes, Academies & EdTech","H.S – 2 , Sector 23, Rohini",110085,"Rohini, Delhi",01169030000,https://www.maxfortrohini.in/,Rs. 7.0 - 25.0 Lakhs/mo,"Rs. 15,000 - 75,000",Director / Academic Head,10:00 AM - 9:00 PM (Regular Business Hours),"SahayShakti EduGrowth Engine: Free demo class booking page, syllabus PDF lead-capture, and automated student CRM.",Warm (Needs Modern Revamp),Uncontacted
SST-REAL-ROH-1663,Delhi Public School,"Coaching Institutes, Academies & EdTech","Rohini Commercial Hub (Near Lat: 28.726, Lon: 77.087)",110085,"Rohini, Delhi",In-Person Walk-in / Listed in Local Market,https://dpsrohini.com/,Rs. 7.0 - 25.0 Lakhs/mo,"Rs. 15,000 - 75,000",Director / Academic Head,10:00 AM - 9:00 PM (Regular Business Hours),"SahayShakti EduGrowth Engine: Free demo class booking page, syllabus PDF lead-capture, and automated student CRM.",Warm (Needs Modern Revamp),Uncontacted
SST-REAL-ROH-1664,Indian Convent School,"Coaching Institutes, Academies & EdTech","Rohini Commercial Hub (Near Lat: 28.726, Lon: 77.085)",110085,"Rohini, Delhi",In-Person Walk-in / Listed in Local Market,https://indianconventschools.in/,Rs. 7.0 - 25.0 Lakhs/mo,"Rs. 15,000 - 75,000",Director / Academic Head,10:00 AM - 9:00 PM (Regular Business Hours),"SahayShakti EduGrowth Engine: Free demo class booking page, syllabus PDF lead-capture, and automated student CRM.",Warm (Needs Modern Revamp),Uncontacted
SST-REAL-ROH-1665,Delhi Technological University,"Coaching Institutes, Academies & EdTech",Shahbad Daulatpur Village Main Bawana Road,110042,"Rohini, Delhi",In-Person Walk-in / Listed in Local Market,https://www.dtu.ac.in/,Rs. 7.0 - 25.0 Lakhs/mo,"Rs. 15,000 - 75,000",Director / Academic Head,24/7,"SahayShakti EduGrowth Engine: Free demo class booking page, syllabus PDF lead-capture, and automated student CRM.",Warm (Needs Modern Revamp),Uncontacted
SST-REAL-ROH-1668,College Library,"Coaching Institutes, Academies & EdTech","Rohini Commercial Hub (Near Lat: 28.676, Lon: 77.113)",110085,"Rohini, Delhi",In-Person Walk-in / Listed in Local Market,NO OFFICIAL WEBSITE (High Vulnerability),Rs. 7.0 - 25.0 Lakhs/mo,"Rs. 15,000 - 75,000",Director / Academic Head,10:00 AM - 9:00 PM (Regular Business Hours),"SahayShakti EduGrowth Engine: Free demo class booking page, syllabus PDF lead-capture, and automated student CRM.",HOT (Zero Web Presence / High Revenue),Uncontacted
SST-REAL-ROH-1671,St. Colombo School,"Coaching Institutes, Academies & EdTech","Rohini Commercial Hub (Near Lat: 28.689, Lon: 77.139)",110085,"Rohini, Delhi",In-Person Walk-in / Listed in Local Market,NO OFFICIAL WEBSITE (High Vulnerability),Rs. 7.0 - 25.0 Lakhs/mo,"Rs. 15,000 - 75,000",Director / Academic Head,10:00 AM - 9:00 PM (Regular Business Hours),"SahayShakti EduGrowth Engine: Free demo class booking page, syllabus PDF lead-capture, and automated student CRM.",HOT (Zero Web Presence / High Revenue),Uncontacted
SST-REAL-ROH-1672,Rising Star Academy,"Coaching Institutes, Academies & EdTech","Rohini Commercial Hub (Near Lat: 28.688, Lon: 77.141)",110085,"Rohini, Delhi",In-Person Walk-in / Listed in Local Market,NO OFFICIAL WEBSITE (High Vulnerability),Rs. 7.0 - 25.0 Lakhs/mo,"Rs. 15,000 - 75,000",Director / Academic Head,10:00 AM - 9:00 PM (Regular Business Hours),"SahayShakti EduGrowth Engine: Free demo class booking page, syllabus PDF lead-capture, and automated student CRM.",HOT (Zero Web Presence / High Revenue),Uncontacted
SST-REAL-ROH-1673,Bal Bharati Public School,"Coaching Institutes, Academies & EdTech","Rohini Commercial Hub (Near Lat: 28.691, Lon: 77.107)",110085,"Rohini, Delhi",In-Person Walk-in / Listed in Local Market,NO OFFICIAL WEBSITE (High Vulnerability),Rs. 7.0 - 25.0 Lakhs/mo,"Rs. 15,000 - 75,000",Director / Academic Head,10:00 AM - 9:00 PM (Regular Business Hours),"SahayShakti EduGrowth Engine: Free demo class booking page, syllabus PDF lead-capture, and automated student CRM.",HOT (Zero Web Presence / High Revenue),Uncontacted
SST-REAL-ROH-1674,DAV Centenary Public School,"Coaching Institutes, Academies & EdTech","Rohini Commercial Hub (Near Lat: 28.676, Lon: 77.086)",110085,"Rohini, Delhi",In-Person Walk-in / Listed in Local Market,NO OFFICIAL WEBSITE (High Vulnerability),Rs. 7.0 - 25.0 Lakhs/mo,"Rs. 15,000 - 75,000",Director / Academic Head,10:00 AM - 9:00 PM (Regular Business Hours),"SahayShakti EduGrowth Engine: Free demo class booking page, syllabus PDF lead-capture, and automated student CRM.",HOT (Zero Web Presence / High Revenue),Uncontacted
SST-REAL-ROH-1675,Govt. Secondary School,"Coaching Institutes, Academies & EdTech","Rohini Commercial Hub (Near Lat: 28.675, Lon: 77.087)",110085,"Rohini, Delhi",In-Person Walk-in / Listed in Local Market,NO OFFICIAL WEBSITE (High Vulnerability),Rs. 7.0 - 25.0 Lakhs/mo,"Rs. 15,000 - 75,000",Director / Academic Head,10:00 AM - 9:00 PM (Regular Business Hours),"SahayShakti EduGrowth Engine: Free demo class booking page, syllabus PDF lead-capture, and automated student CRM.",HOT (Zero Web Presence / High Revenue),Uncontacted
SST-REAL-ROH-1676,Queen Marry's,"Coaching Institutes, Academies & EdTech","Rohini Commercial Hub (Near Lat: 28.733, Lon: 77.095)",110085,"Rohini, Delhi",In-Person Walk-in / Listed in Local Market,NO OFFICIAL WEBSITE (High Vulnerability),Rs. 7.0 - 25.0 Lakhs/mo,"Rs. 15,000 - 75,000",Director / Academic Head,10:00 AM - 9:00 PM (Regular Business Hours),"SahayShakti EduGrowth Engine: Free demo class booking page, syllabus PDF lead-capture, and automated student CRM.",HOT (Zero Web Presence / High Revenue),Uncontacted
SST-REAL-ROH-1677,Ryan International School,"Coaching Institutes, Academies & EdTech","Rohini Commercial Hub (Near Lat: 28.734, Lon: 77.094)",110085,"Rohini, Delhi",In-Person Walk-in / Listed in Local Market,https://www.ryangroup.org/ryaninternational/cbse/delhi/ryan-international-school-rohini-sector-25,Rs. 7.0 - 25.0 Lakhs/mo,"Rs. 15,000 - 75,000",Director / Academic Head,10:00 AM - 9:00 PM (Regular Business Hours),"SahayShakti EduGrowth Engine: Free demo class booking page, syllabus PDF lead-capture, and automated student CRM.",Warm (Needs Modern Revamp),Uncontacted
SST-REAL-ROH-1679,Keshav Mahavidyalaya,"Coaching Institutes, Academies & EdTech","Rohini Commercial Hub (Near Lat: 28.688, Lon: 77.120)",110085,"Rohini, Delhi",In-Person Walk-in / Listed in Local Market,NO OFFICIAL WEBSITE (High Vulnerability),Rs. 7.0 - 25.0 Lakhs/mo,"Rs. 15,000 - 75,000",Director / Academic Head,10:00 AM - 9:00 PM (Regular Business Hours),"SahayShakti EduGrowth Engine: Free demo class booking page, syllabus PDF lead-capture, and automated student CRM.",HOT (Zero Web Presence / High Revenue),Uncontacted
SST-REAL-ROH-1681,DAV Public School,"Coaching Institutes, Academies & EdTech",Shiva Road,110085,"Rohini, Delhi",In-Person Walk-in / Listed in Local Market,NO OFFICIAL WEBSITE (High Vulnerability),Rs. 7.0 - 25.0 Lakhs/mo,"Rs. 15,000 - 75,000",Director / Academic Head,10:00 AM - 9:00 PM (Regular Business Hours),"SahayShakti EduGrowth Engine: Free demo class booking page, syllabus PDF lead-capture, and automated student CRM.",HOT (Zero Web Presence / High Revenue),Uncontacted
SST-REAL-ROH-1687,Mount Abu Public School,"Coaching Institutes, Academies & EdTech",Pocket B/8,110085,"Rohini, Delhi",011-27041516;011-27931819,https://www.mountabuschool.com,Rs. 7.0 - 25.0 Lakhs/mo,"Rs. 15,000 - 75,000",Director / Academic Head,Mo-Su 09:00-18:00,"SahayShakti EduGrowth Engine: Free demo class booking page, syllabus PDF lead-capture, and automated student CRM.",Warm (Needs Modern Revamp),Uncontacted
SST-REAL-ROH-1688,Government Primary School,"Coaching Institutes, Academies & EdTech","Rohini Commercial Hub (Near Lat: 28.704, Lon: 77.180)",110085,"Rohini, Delhi",In-Person Walk-in / Listed in Local Market,NO OFFICIAL WEBSITE (High Vulnerability),Rs. 7.0 - 25.0 Lakhs/mo,"Rs. 15,000 - 75,000",Director / Academic Head,10:00 AM - 9:00 PM (Regular Business Hours),"SahayShakti EduGrowth Engine: Free demo class booking page, syllabus PDF lead-capture, and automated student CRM.",HOT (Zero Web Presence / High Revenue),Uncontacted
SST-REAL-ROH-1693,National Forensic Sciences University Delhi Campus,"Coaching Institutes, Academies & EdTech","Rohini Commercial Hub (Near Lat: 28.697, Lon: 77.109)",110085,"Rohini, Delhi",+91-11-2752-1091,https://delhi.nfsu.ac.in/,Rs. 7.0 - 25.0 Lakhs/mo,"Rs. 15,000 - 75,000",Director / Academic Head,Mo-Fr 10:00-18:00,"SahayShakti EduGrowth Engine: Free demo class booking page, syllabus PDF lead-capture, and automated student CRM.",Warm (Needs Modern Revamp),Uncontacted
SST-REAL-ROH-1695,SS Mota Singh Model School,"Coaching Institutes, Academies & EdTech","Rohini Commercial Hub (Near Lat: 28.673, Lon: 77.082)",110085,"Rohini, Delhi",In-Person Walk-in / Listed in Local Market,NO OFFICIAL WEBSITE (High Vulnerability),Rs. 7.0 - 25.0 Lakhs/mo,"Rs. 15,000 - 75,000",Director / Academic Head,10:00 AM - 9:00 PM (Regular Business Hours),"SahayShakti EduGrowth Engine: Free demo class booking page, syllabus PDF lead-capture, and automated student CRM.",HOT (Zero Web Presence / High Revenue),Uncontacted
SST-REAL-ROH-1696,Richmond Global School,"Coaching Institutes, Academies & EdTech","Rohini Commercial Hub (Near Lat: 28.679, Lon: 77.085)",110085,"Rohini, Delhi",In-Person Walk-in / Listed in Local Market,NO OFFICIAL WEBSITE (High Vulnerability),Rs. 7.0 - 25.0 Lakhs/mo,"Rs. 15,000 - 75,000",Director / Academic Head,10:00 AM - 9:00 PM (Regular Business Hours),"SahayShakti EduGrowth Engine: Free demo class booking page, syllabus PDF lead-capture, and automated student CRM.",HOT (Zero Web Presence / High Revenue),Uncontacted
SST-REAL-ROH-1697,Shri Mahavir Vishwa Vidyapeeth,"Coaching Institutes, Academies & EdTech","Rohini Commercial Hub (Near Lat: 28.675, Lon: 77.105)",110085,"Rohini, Delhi",In-Person Walk-in / Listed in Local Market,NO OFFICIAL WEBSITE (High Vulnerability),Rs. 7.0 - 25.0 Lakhs/mo,"Rs. 15,000 - 75,000",Director / Academic Head,10:00 AM - 9:00 PM (Regular Business Hours),"SahayShakti EduGrowth Engine: Free demo class booking page, syllabus PDF lead-capture, and automated student CRM.",HOT (Zero Web Presence / High Revenue),Uncontacted
SST-REAL-ROH-1698,St. Sophia School,"Coaching Institutes, Academies & EdTech","Rohini Commercial Hub (Near Lat: 28.672, Lon: 77.098)",110085,"Rohini, Delhi",In-Person Walk-in / Listed in Local Market,NO OFFICIAL WEBSITE (High Vulnerability),Rs. 7.0 - 25.0 Lakhs/mo,"Rs. 15,000 - 75,000",Director / Academic Head,10:00 AM - 9:00 PM (Regular Business Hours),"SahayShakti EduGrowth Engine: Free demo class booking page, syllabus PDF lead-capture, and automated student CRM.",HOT (Zero Web Presence / High Revenue),Uncontacted
SST-REAL-ROH-1699,St. Froebel School,"Coaching Institutes, Academies & EdTech","Rohini Commercial Hub (Near Lat: 28.672, Lon: 77.106)",110085,"Rohini, Delhi",In-Person Walk-in / Listed in Local Market,NO OFFICIAL WEBSITE (High Vulnerability),Rs. 7.0 - 25.0 Lakhs/mo,"Rs. 15,000 - 75,000",Director / Academic Head,10:00 AM - 9:00 PM (Regular Business Hours),"SahayShakti EduGrowth Engine: Free demo class booking page, syllabus PDF lead-capture, and automated student CRM.",HOT (Zero Web Presence / High Revenue),Uncontacted
SST-REAL-ROH-1703,Old Middle School Building,"Coaching Institutes, Academies & EdTech","Rohini Commercial Hub (Near Lat: 28.677, Lon: 77.154)",110085,"Rohini, Delhi",In-Person Walk-in / Listed in Local Market,NO OFFICIAL WEBSITE (High Vulnerability),Rs. 7.0 - 25.0 Lakhs/mo,"Rs. 15,000 - 75,000",Director / Academic Head,10:00 AM - 9:00 PM (Regular Business Hours),"SahayShakti EduGrowth Engine: Free demo class booking page, syllabus PDF lead-capture, and automated student CRM.",HOT (Zero Web Presence / High Revenue),Uncontacted
SST-REAL-ROH-1708,Industrial Training Institute,"Coaching Institutes, Academies & EdTech",Jahangir Puri,110033,"Rohini, Delhi",In-Person Walk-in / Listed in Local Market,NO OFFICIAL WEBSITE (High Vulnerability),Rs. 7.0 - 25.0 Lakhs/mo,"Rs. 15,000 - 75,000",Director / Academic Head,10:00 AM - 9:00 PM (Regular Business Hours),"SahayShakti EduGrowth Engine: Free demo class booking page, syllabus PDF lead-capture, and automated student CRM.",HOT (Zero Web Presence / High Revenue),Uncontacted
SST-REAL-ROH-1709,St. John Institute,"Coaching Institutes, Academies & EdTech","Rohini Commercial Hub (Near Lat: 28.773, Lon: 77.098)",110085,"Rohini, Delhi",In-Person Walk-in / Listed in Local Market,NO OFFICIAL WEBSITE (High Vulnerability),Rs. 7.0 - 25.0 Lakhs/mo,"Rs. 15,000 - 75,000",Director / Academic Head,10:00 AM - 9:00 PM (Regular Business Hours),"SahayShakti EduGrowth Engine: Free demo class booking page, syllabus PDF lead-capture, and automated student CRM.",HOT (Zero Web Presence / High Revenue),Uncontacted
SST-REAL-ROH-1710,HPR Public School,"Coaching Institutes, Academies & EdTech",HPR School Main Road,110042,"Rohini, Delhi",In-Person Walk-in / Listed in Local Market,NO OFFICIAL WEBSITE (High Vulnerability),Rs. 7.0 - 25.0 Lakhs/mo,"Rs. 15,000 - 75,000",Director / Academic Head,8:00 - 14:00,"SahayShakti EduGrowth Engine: Free demo class booking page, syllabus PDF lead-capture, and automated student CRM.",HOT (Zero Web Presence / High Revenue),Uncontacted
SST-REAL-ROH-1711,HPR Public School Primary,"Coaching Institutes, Academies & EdTech",Siraspur Khera Road,110085,"Rohini, Delhi",+91-9313145699,NO OFFICIAL WEBSITE (High Vulnerability),Rs. 7.0 - 25.0 Lakhs/mo,"Rs. 15,000 - 75,000",Director / Academic Head,10:00 AM - 9:00 PM (Regular Business Hours),"SahayShakti EduGrowth Engine: Free demo class booking page, syllabus PDF lead-capture, and automated student CRM.",HOT (Zero Web Presence / High Revenue),Uncontacted
SST-REAL-ROH-1713,MCD Primary School,"Coaching Institutes, Academies & EdTech",G Block Sector - 11,110085,"Rohini, Delhi",In-Person Walk-in / Listed in Local Market,NO OFFICIAL WEBSITE (High Vulnerability),Rs. 7.0 - 25.0 Lakhs/mo,"Rs. 15,000 - 75,000",Director / Academic Head,10:00 AM - 9:00 PM (Regular Business Hours),"SahayShakti EduGrowth Engine: Free demo class booking page, syllabus PDF lead-capture, and automated student CRM.",HOT (Zero Web Presence / High Revenue),Uncontacted
SST-REAL-ROH-1714,MCD Primary School,"Coaching Institutes, Academies & EdTech",C Block Sector - 11,110085,"Rohini, Delhi",In-Person Walk-in / Listed in Local Market,NO OFFICIAL WEBSITE (High Vulnerability),Rs. 7.0 - 25.0 Lakhs/mo,"Rs. 15,000 - 75,000",Director / Academic Head,10:00 AM - 9:00 PM (Regular Business Hours),"SahayShakti EduGrowth Engine: Free demo class booking page, syllabus PDF lead-capture, and automated student CRM.",HOT (Zero Web Presence / High Revenue),Uncontacted
SST-REAL-ROH-1717,HPR School Ground,"Coaching Institutes, Academies & EdTech",HPR School Main Road,110042,"Rohini, Delhi",In-Person Walk-in / Listed in Local Market,NO OFFICIAL WEBSITE (High Vulnerability),Rs. 7.0 - 25.0 Lakhs/mo,"Rs. 15,000 - 75,000",Director / Academic Head,10:00 AM - 9:00 PM (Regular Business Hours),"SahayShakti EduGrowth Engine: Free demo class booking page, syllabus PDF lead-capture, and automated student CRM.",HOT (Zero Web Presence / High Revenue),Uncontacted
SST-REAL-ROH-1724,VSPK International School,"Coaching Institutes, Academies & EdTech","Rohini Commercial Hub (Near Lat: 28.718, Lon: 77.130)",110085,"Rohini, Delhi",In-Person Walk-in / Listed in Local Market,https://vspkinternational.edu.in,Rs. 7.0 - 25.0 Lakhs/mo,"Rs. 15,000 - 75,000",Director / Academic Head,10:00 AM - 9:00 PM (Regular Business Hours),"SahayShakti EduGrowth Engine: Free demo class booking page, syllabus PDF lead-capture, and automated student CRM.",Warm (Needs Modern Revamp),Uncontacted
SST-REAL-ROH-1727,Venkateshwara Global School,"Coaching Institutes, Academies & EdTech","Rohini Commercial Hub (Near Lat: 28.718, Lon: 77.130)",110085,"Rohini, Delhi",In-Person Walk-in / Listed in Local Market,https://www.vgs.co.in/,Rs. 7.0 - 25.0 Lakhs/mo,"Rs. 15,000 - 75,000",Director / Academic Head,10:00 AM - 9:00 PM (Regular Business Hours),"SahayShakti EduGrowth Engine: Free demo class booking page, syllabus PDF lead-capture, and automated student CRM.",Warm (Needs Modern Revamp),Uncontacted
SST-REAL-ROH-1728,Dis Junior Pre School,"Coaching Institutes, Academies & EdTech","Rohini Commercial Hub (Near Lat: 28.722, Lon: 77.125)",110085,"Rohini, Delhi",In-Person Walk-in / Listed in Local Market,NO OFFICIAL WEBSITE (High Vulnerability),Rs. 7.0 - 25.0 Lakhs/mo,"Rs. 15,000 - 75,000",Director / Academic Head,10:00 AM - 9:00 PM (Regular Business Hours),"SahayShakti EduGrowth Engine: Free demo class booking page, syllabus PDF lead-capture, and automated student CRM.",HOT (Zero Web Presence / High Revenue),Uncontacted
SST-REAL-ROH-1729,"Coding Blocks, Pitampura","Coaching Institutes, Academies & EdTech",47 Nishant Kunj,110034,"Rohini, Delhi",In-Person Walk-in / Listed in Local Market,NO OFFICIAL WEBSITE (High Vulnerability),Rs. 7.0 - 25.0 Lakhs/mo,"Rs. 15,000 - 75,000",Director / Academic Head,10:00 AM - 9:00 PM (Regular Business Hours),"SahayShakti EduGrowth Engine: Free demo class booking page, syllabus PDF lead-capture, and automated student CRM.",HOT (Zero Web Presence / High Revenue),Uncontacted
SST-REAL-ROH-1747,PP International School,"Coaching Institutes, Academies & EdTech","Rohini Commercial Hub (Near Lat: 28.698, Lon: 77.145)",110085,"Rohini, Delhi",In-Person Walk-in / Listed in Local Market,NO OFFICIAL WEBSITE (High Vulnerability),Rs. 7.0 - 25.0 Lakhs/mo,"Rs. 15,000 - 75,000",Director / Academic Head,10:00 AM - 9:00 PM (Regular Business Hours),"SahayShakti EduGrowth Engine: Free demo class booking page, syllabus PDF lead-capture, and automated student CRM.",HOT (Zero Web Presence / High Revenue),Uncontacted
SST-REAL-ROH-1763,Kendriya Vidyalaya,"Coaching Institutes, Academies & EdTech","Rohini Commercial Hub (Near Lat: 28.704, Lon: 77.103)",110085,"Rohini, Delhi",In-Person Walk-in / Listed in Local Market,NO OFFICIAL WEBSITE (High Vulnerability),Rs. 7.0 - 25.0 Lakhs/mo,"Rs. 15,000 - 75,000",Director / Academic Head,10:00 AM - 9:00 PM (Regular Business Hours),"SahayShakti EduGrowth Engine: Free demo class booking page, syllabus PDF lead-capture, and automated student CRM.",HOT (Zero Web Presence / High Revenue),Uncontacted
SST-REAL-ROH-1770,Kendriya Vidyalaya,"Coaching Institutes, Academies & EdTech",AC Block Bhagwan Mahavir Marg,110088,"Rohini, Delhi",In-Person Walk-in / Listed in Local Market,NO OFFICIAL WEBSITE (High Vulnerability),Rs. 7.0 - 25.0 Lakhs/mo,"Rs. 15,000 - 75,000",Director / Academic Head,10:00 AM - 9:00 PM (Regular Business Hours),"SahayShakti EduGrowth Engine: Free demo class booking page, syllabus PDF lead-capture, and automated student CRM.",HOT (Zero Web Presence / High Revenue),Uncontacted
SST-REAL-ROH-1771,Jagriti School,"Coaching Institutes, Academies & EdTech","Rohini Commercial Hub (Near Lat: 28.671, Lon: 77.165)",110085,"Rohini, Delhi",In-Person Walk-in / Listed in Local Market,NO OFFICIAL WEBSITE (High Vulnerability),Rs. 7.0 - 25.0 Lakhs/mo,"Rs. 15,000 - 75,000",Director / Academic Head,10:00 AM - 9:00 PM (Regular Business Hours),"SahayShakti EduGrowth Engine: Free demo class booking page, syllabus PDF lead-capture, and automated student CRM.",HOT (Zero Web Presence / High Revenue),Uncontacted
SST-REAL-ROH-1772,Kendriya Vidyalaya,"Coaching Institutes, Academies & EdTech","Rohini Commercial Hub (Near Lat: 28.704, Lon: 77.124)",110085,"Rohini, Delhi",In-Person Walk-in / Listed in Local Market,https://rohinisec8.kvs.ac.in/en/,Rs. 7.0 - 25.0 Lakhs/mo,"Rs. 15,000 - 75,000",Director / Academic Head,10:00 AM - 9:00 PM (Regular Business Hours),"SahayShakti EduGrowth Engine: Free demo class booking page, syllabus PDF lead-capture, and automated student CRM.",Warm (Needs Modern Revamp),Uncontacted
SST-REAL-ROH-1776,Kendriya Vidyalaya Keshav Puram,"Coaching Institutes, Academies & EdTech","Rohini Commercial Hub (Near Lat: 28.682, Lon: 77.159)",110085,"Rohini, Delhi",In-Person Walk-in / Listed in Local Market,NO OFFICIAL WEBSITE (High Vulnerability),Rs. 7.0 - 25.0 Lakhs/mo,"Rs. 15,000 - 75,000",Director / Academic Head,10:00 AM - 9:00 PM (Regular Business Hours),"SahayShakti EduGrowth Engine: Free demo class booking page, syllabus PDF lead-capture, and automated student CRM.",HOT (Zero Web Presence / High Revenue),Uncontacted
SST-REAL-ROH-1777,Vedic Public School,"Coaching Institutes, Academies & EdTech","Rohini Commercial Hub (Near Lat: 28.768, Lon: 77.124)",110085,"Rohini, Delhi",In-Person Walk-in / Listed in Local Market,NO OFFICIAL WEBSITE (High Vulnerability),Rs. 7.0 - 25.0 Lakhs/mo,"Rs. 15,000 - 75,000",Director / Academic Head,10:00 AM - 9:00 PM (Regular Business Hours),"SahayShakti EduGrowth Engine: Free demo class booking page, syllabus PDF lead-capture, and automated student CRM.",HOT (Zero Web Presence / High Revenue),Uncontacted
SST-REAL-ROH-1780,Delhi International School,"Coaching Institutes, Academies & EdTech","Sector 8, Rohini",110085,"Rohini, Delhi",In-Person Walk-in / Listed in Local Market,NO OFFICIAL WEBSITE (High Vulnerability),Rs. 7.0 - 25.0 Lakhs/mo,"Rs. 15,000 - 75,000",Director / Academic Head,10:00 AM - 9:00 PM (Regular Business Hours),"SahayShakti EduGrowth Engine: Free demo class booking page, syllabus PDF lead-capture, and automated student CRM.",HOT (Zero Web Presence / High Revenue),Uncontacted
SST-REAL-ROH-1783,Anex Convent Pre School,"Coaching Institutes, Academies & EdTech","Rohini Commercial Hub (Near Lat: 28.722, Lon: 77.125)",110085,"Rohini, Delhi",In-Person Walk-in / Listed in Local Market,NO OFFICIAL WEBSITE (High Vulnerability),Rs. 7.0 - 25.0 Lakhs/mo,"Rs. 15,000 - 75,000",Director / Academic Head,10:00 AM - 9:00 PM (Regular Business Hours),"SahayShakti EduGrowth Engine: Free demo class booking page, syllabus PDF lead-capture, and automated student CRM.",HOT (Zero Web Presence / High Revenue),Uncontacted
SST-REAL-ROH-1784,Rukmani Devi Public School,"Coaching Institutes, Academies & EdTech","Rohini Commercial Hub (Near Lat: 28.704, Lon: 77.138)",110085,"Rohini, Delhi",In-Person Walk-in / Listed in Local Market,NO OFFICIAL WEBSITE (High Vulnerability),Rs. 7.0 - 25.0 Lakhs/mo,"Rs. 15,000 - 75,000",Director / Academic Head,10:00 AM - 9:00 PM (Regular Business Hours),"SahayShakti EduGrowth Engine: Free demo class booking page, syllabus PDF lead-capture, and automated student CRM.",HOT (Zero Web Presence / High Revenue),Uncontacted
SST-REAL-ROH-1785,Aadhar Shila Public School,"Coaching Institutes, Academies & EdTech","Rohini Commercial Hub (Near Lat: 28.703, Lon: 77.137)",110085,"Rohini, Delhi",In-Person Walk-in / Listed in Local Market,NO OFFICIAL WEBSITE (High Vulnerability),Rs. 7.0 - 25.0 Lakhs/mo,"Rs. 15,000 - 75,000",Director / Academic Head,10:00 AM - 9:00 PM (Regular Business Hours),"SahayShakti EduGrowth Engine: Free demo class booking page, syllabus PDF lead-capture, and automated student CRM.",HOT (Zero Web Presence / High Revenue),Uncontacted
SST-REAL-ROH-1786,Rukmani Devi Pre School,"Coaching Institutes, Academies & EdTech","Rohini Commercial Hub (Near Lat: 28.703, Lon: 77.136)",110085,"Rohini, Delhi",In-Person Walk-in / Listed in Local Market,NO OFFICIAL WEBSITE (High Vulnerability),Rs. 7.0 - 25.0 Lakhs/mo,"Rs. 15,000 - 75,000",Director / Academic Head,10:00 AM - 9:00 PM (Regular Business Hours),"SahayShakti EduGrowth Engine: Free demo class booking page, syllabus PDF lead-capture, and automated student CRM.",HOT (Zero Web Presence / High Revenue),Uncontacted
SST-REAL-ROH-1787,Little Millenium Pre School,"Coaching Institutes, Academies & EdTech","Rohini Commercial Hub (Near Lat: 28.702, Lon: 77.137)",110085,"Rohini, Delhi",In-Person Walk-in / Listed in Local Market,NO OFFICIAL WEBSITE (High Vulnerability),Rs. 7.0 - 25.0 Lakhs/mo,"Rs. 15,000 - 75,000",Director / Academic Head,10:00 AM - 9:00 PM (Regular Business Hours),"SahayShakti EduGrowth Engine: Free demo class booking page, syllabus PDF lead-capture, and automated student CRM.",HOT (Zero Web Presence / High Revenue),Uncontacted
SST-REAL-ROH-1788,Bal Bharti Public School,"Coaching Institutes, Academies & EdTech","Rohini Commercial Hub (Near Lat: 28.707, Lon: 77.131)",110085,"Rohini, Delhi",In-Person Walk-in / Listed in Local Market,https://balbharati.org/,Rs. 7.0 - 25.0 Lakhs/mo,"Rs. 15,000 - 75,000",Director / Academic Head,10:00 AM - 9:00 PM (Regular Business Hours),"SahayShakti EduGrowth Engine: Free demo class booking page, syllabus PDF lead-capture, and automated student CRM.",Warm (Needs Modern Revamp),Uncontacted
SST-REAL-ROH-1790,Kulachi Hansraj Model School (Primary Wing),"Coaching Institutes, Academies & EdTech","Rohini Commercial Hub (Near Lat: 28.690, Lon: 77.168)",110085,"Rohini, Delhi",In-Person Walk-in / Listed in Local Market,NO OFFICIAL WEBSITE (High Vulnerability),Rs. 7.0 - 25.0 Lakhs/mo,"Rs. 15,000 - 75,000",Director / Academic Head,10:00 AM - 9:00 PM (Regular Business Hours),"SahayShakti EduGrowth Engine: Free demo class booking page, syllabus PDF lead-capture, and automated student CRM.",HOT (Zero Web Presence / High Revenue),Uncontacted
SST-REAL-ROH-1791,Maharaja Agarsen Public School,"Coaching Institutes, Academies & EdTech","Rohini Commercial Hub (Near Lat: 28.682, Lon: 77.171)",110085,"Rohini, Delhi",In-Person Walk-in / Listed in Local Market,NO OFFICIAL WEBSITE (High Vulnerability),Rs. 7.0 - 25.0 Lakhs/mo,"Rs. 15,000 - 75,000",Director / Academic Head,10:00 AM - 9:00 PM (Regular Business Hours),"SahayShakti EduGrowth Engine: Free demo class booking page, syllabus PDF lead-capture, and automated student CRM.",HOT (Zero Web Presence / High Revenue),Uncontacted
SST-REAL-ROH-1796,GD Goenka Public School,"Coaching Institutes, Academies & EdTech",Pocket - 7,110085,"Rohini, Delhi",In-Person Walk-in / Listed in Local Market,NO OFFICIAL WEBSITE (High Vulnerability),Rs. 7.0 - 25.0 Lakhs/mo,"Rs. 15,000 - 75,000",Director / Academic Head,10:00 AM - 9:00 PM (Regular Business Hours),"SahayShakti EduGrowth Engine: Free demo class booking page, syllabus PDF lead-capture, and automated student CRM.",HOT (Zero Web Presence / High Revenue),Uncontacted
SST-REAL-ROH-1798,N. K. Bagrodia Public School,"Coaching Institutes, Academies & EdTech","Rohini Commercial Hub (Near Lat: 28.713, Lon: 77.125)",110085,"Rohini, Delhi",011-27550255,https://nkbpsrohini.com/,Rs. 7.0 - 25.0 Lakhs/mo,"Rs. 15,000 - 75,000",Director / Academic Head,10:00 AM - 9:00 PM (Regular Business Hours),"SahayShakti EduGrowth Engine: Free demo class booking page, syllabus PDF lead-capture, and automated student CRM.",Warm (Needs Modern Revamp),Uncontacted
SST-REAL-ROH-1801,"School Of Specialized Excellence, Delhi Government School","Coaching Institutes, Academies & EdTech","Rohini Commercial Hub (Near Lat: 28.723, Lon: 77.081)",110085,"Rohini, Delhi",In-Person Walk-in / Listed in Local Market,NO OFFICIAL WEBSITE (High Vulnerability),Rs. 7.0 - 25.0 Lakhs/mo,"Rs. 15,000 - 75,000",Director / Academic Head,10:00 AM - 9:00 PM (Regular Business Hours),"SahayShakti EduGrowth Engine: Free demo class booking page, syllabus PDF lead-capture, and automated student CRM.",HOT (Zero Web Presence / High Revenue),Uncontacted
SST-REAL-ROH-1808,Navjeevan Model School,"Coaching Institutes, Academies & EdTech",Mahendra Park,110033,"Rohini, Delhi",In-Person Walk-in / Listed in Local Market,NO OFFICIAL WEBSITE (High Vulnerability),Rs. 7.0 - 25.0 Lakhs/mo,"Rs. 15,000 - 75,000",Director / Academic Head,10:00 AM - 9:00 PM (Regular Business Hours),"SahayShakti EduGrowth Engine: Free demo class booking page, syllabus PDF lead-capture, and automated student CRM.",HOT (Zero Web Presence / High Revenue),Uncontacted
SST-REAL-ROH-1831,MCD Primary School,"Coaching Institutes, Academies & EdTech",Bhalaswa Dairy,110042,"Rohini, Delhi",In-Person Walk-in / Listed in Local Market,NO OFFICIAL WEBSITE (High Vulnerability),Rs. 7.0 - 25.0 Lakhs/mo,"Rs. 15,000 - 75,000",Director / Academic Head,10:00 AM - 9:00 PM (Regular Business Hours),"SahayShakti EduGrowth Engine: Free demo class booking page, syllabus PDF lead-capture, and automated student CRM.",HOT (Zero Web Presence / High Revenue),Uncontacted
SST-REAL-ROH-1836,Jyoti Model Senior Secondary School,"Coaching Institutes, Academies & EdTech",C-18  Adarsh Nagar,110033,"Rohini, Delhi",In-Person Walk-in / Listed in Local Market,NO OFFICIAL WEBSITE (High Vulnerability),Rs. 7.0 - 25.0 Lakhs/mo,"Rs. 15,000 - 75,000",Director / Academic Head,10:00 AM - 9:00 PM (Regular Business Hours),"SahayShakti EduGrowth Engine: Free demo class booking page, syllabus PDF lead-capture, and automated student CRM.",HOT (Zero Web Presence / High Revenue),Uncontacted
SST-REAL-ROH-1839,Municipal Primary Coeducational School,"Coaching Institutes, Academies & EdTech",Indra Nagar,110033,"Rohini, Delhi",In-Person Walk-in / Listed in Local Market,NO OFFICIAL WEBSITE (High Vulnerability),Rs. 7.0 - 25.0 Lakhs/mo,"Rs. 15,000 - 75,000",Director / Academic Head,10:00 AM - 9:00 PM (Regular Business Hours),"SahayShakti EduGrowth Engine: Free demo class booking page, syllabus PDF lead-capture, and automated student CRM.",HOT (Zero Web Presence / High Revenue),Uncontacted
SST-REAL-ROH-1842,Madarasa Faiz-ul-Quran,"Coaching Institutes, Academies & EdTech",CN-257  Bhalaswa Dairy,110042,"Rohini, Delhi",+91-99994-78647;+91-99901-59110;+91-97184-37260;+91-78276-87336,NO OFFICIAL WEBSITE (High Vulnerability),Rs. 7.0 - 25.0 Lakhs/mo,"Rs. 15,000 - 75,000",Director / Academic Head,10:00 AM - 9:00 PM (Regular Business Hours),"SahayShakti EduGrowth Engine: Free demo class booking page, syllabus PDF lead-capture, and automated student CRM.",HOT (Zero Web Presence / High Revenue),Uncontacted
SST-REAL-ROH-1853,Municipal Primary Coeducational School,"Coaching Institutes, Academies & EdTech","Rohini Commercial Hub (Near Lat: 28.753, Lon: 77.162)",110085,"Rohini, Delhi",In-Person Walk-in / Listed in Local Market,NO OFFICIAL WEBSITE (High Vulnerability),Rs. 7.0 - 25.0 Lakhs/mo,"Rs. 15,000 - 75,000",Director / Academic Head,10:00 AM - 9:00 PM (Regular Business Hours),"SahayShakti EduGrowth Engine: Free demo class booking page, syllabus PDF lead-capture, and automated student CRM.",HOT (Zero Web Presence / High Revenue),Uncontacted
SST-REAL-ROH-1860,Arya Model School,"Coaching Institutes, Academies & EdTech","Rohini Commercial Hub (Near Lat: 28.720, Lon: 77.178)",110085,"Rohini, Delhi",+91-11-2767-3655,NO OFFICIAL WEBSITE (High Vulnerability),Rs. 7.0 - 25.0 Lakhs/mo,"Rs. 15,000 - 75,000",Director / Academic Head,10:00 AM - 9:00 PM (Regular Business Hours),"SahayShakti EduGrowth Engine: Free demo class booking page, syllabus PDF lead-capture, and automated student CRM.",HOT (Zero Web Presence / High Revenue),Uncontacted
SST-REAL-ROH-1862,Shiv Shakti Public School,"Coaching Institutes, Academies & EdTech","Rohini Commercial Hub (Near Lat: 28.743, Lon: 77.163)",110085,"Rohini, Delhi",+91-88516-56636;+91-75035-05375,NO OFFICIAL WEBSITE (High Vulnerability),Rs. 7.0 - 25.0 Lakhs/mo,"Rs. 15,000 - 75,000",Director / Academic Head,10:00 AM - 9:00 PM (Regular Business Hours),"SahayShakti EduGrowth Engine: Free demo class booking page, syllabus PDF lead-capture, and automated student CRM.",HOT (Zero Web Presence / High Revenue),Uncontacted
SST-REAL-ROH-1864,Nav Jyoti Public School,"Coaching Institutes, Academies & EdTech",6 Shani Bazar Road,110042,"Rohini, Delhi",In-Person Walk-in / Listed in Local Market,NO OFFICIAL WEBSITE (High Vulnerability),Rs. 7.0 - 25.0 Lakhs/mo,"Rs. 15,000 - 75,000",Director / Academic Head,10:00 AM - 9:00 PM (Regular Business Hours),"SahayShakti EduGrowth Engine: Free demo class booking page, syllabus PDF lead-capture, and automated student CRM.",HOT (Zero Web Presence / High Revenue),Uncontacted
SST-REAL-ROH-1865,Gyan Sarovar School,"Coaching Institutes, Academies & EdTech","Rohini Commercial Hub (Near Lat: 28.744, Lon: 77.154)",110085,"Rohini, Delhi",In-Person Walk-in / Listed in Local Market,NO OFFICIAL WEBSITE (High Vulnerability),Rs. 7.0 - 25.0 Lakhs/mo,"Rs. 15,000 - 75,000",Director / Academic Head,10:00 AM - 9:00 PM (Regular Business Hours),"SahayShakti EduGrowth Engine: Free demo class booking page, syllabus PDF lead-capture, and automated student CRM.",HOT (Zero Web Presence / High Revenue),Uncontacted
SST-REAL-ROH-1868,Devraji Narayan Public School,"Coaching Institutes, Academies & EdTech","Rohini Commercial Hub (Near Lat: 28.747, Lon: 77.156)",110085,"Rohini, Delhi",In-Person Walk-in / Listed in Local Market,NO OFFICIAL WEBSITE (High Vulnerability),Rs. 7.0 - 25.0 Lakhs/mo,"Rs. 15,000 - 75,000",Director / Academic Head,10:00 AM - 9:00 PM (Regular Business Hours),"SahayShakti EduGrowth Engine: Free demo class booking page, syllabus PDF lead-capture, and automated student CRM.",HOT (Zero Web Presence / High Revenue),Uncontacted
SST-REAL-ROH-1878,Presentation Sisters Deepshikha,"Coaching Institutes, Academies & EdTech","Rohini Commercial Hub (Near Lat: 28.750, Lon: 77.175)",110085,"Rohini, Delhi",In-Person Walk-in / Listed in Local Market,NO OFFICIAL WEBSITE (High Vulnerability),Rs. 7.0 - 25.0 Lakhs/mo,"Rs. 15,000 - 75,000",Director / Academic Head,10:00 AM - 9:00 PM (Regular Business Hours),"SahayShakti EduGrowth Engine: Free demo class booking page, syllabus PDF lead-capture, and automated student CRM.",HOT (Zero Web Presence / High Revenue),Uncontacted
SST-REAL-ROH-1879,Rav Mehar Chand Saraswati Vidya Mandir,"Coaching Institutes, Academies & EdTech",Burari Road Bhalaswa Dairy,110042,"Rohini, Delhi",+91-95997-22809,NO OFFICIAL WEBSITE (High Vulnerability),Rs. 7.0 - 25.0 Lakhs/mo,"Rs. 15,000 - 75,000",Director / Academic Head,10:00 AM - 9:00 PM (Regular Business Hours),"SahayShakti EduGrowth Engine: Free demo class booking page, syllabus PDF lead-capture, and automated student CRM.",HOT (Zero Web Presence / High Revenue),Uncontacted
SST-REAL-ROH-1888,MCD Primary Coeducational School,"Coaching Institutes, Academies & EdTech","Rohini Commercial Hub (Near Lat: 28.712, Lon: 77.177)",110033,"Rohini, Delhi",In-Person Walk-in / Listed in Local Market,NO OFFICIAL WEBSITE (High Vulnerability),Rs. 7.0 - 25.0 Lakhs/mo,"Rs. 15,000 - 75,000",Director / Academic Head,10:00 AM - 9:00 PM (Regular Business Hours),"SahayShakti EduGrowth Engine: Free demo class booking page, syllabus PDF lead-capture, and automated student CRM.",HOT (Zero Web Presence / High Revenue),Uncontacted
SST-REAL-ROH-1893,Silver Oak Public School,"Coaching Institutes, Academies & EdTech",1  Swaroop Nagar,110042,"Rohini, Delhi",+91-93543-13610;+91-97111-55620,NO OFFICIAL WEBSITE (High Vulnerability),Rs. 7.0 - 25.0 Lakhs/mo,"Rs. 15,000 - 75,000",Director / Academic Head,10:00 AM - 9:00 PM (Regular Business Hours),"SahayShakti EduGrowth Engine: Free demo class booking page, syllabus PDF lead-capture, and automated student CRM.",HOT (Zero Web Presence / High Revenue),Uncontacted
SST-REAL-ROH-1897,JIMS,"Coaching Institutes, Academies & EdTech","Rohini Commercial Hub (Near Lat: 28.719, Lon: 77.109)",110085,"Rohini, Delhi",In-Person Walk-in / Listed in Local Market,https://www.jimsrohini.org/,Rs. 7.0 - 25.0 Lakhs/mo,"Rs. 15,000 - 75,000",Director / Academic Head,10:00 AM - 9:00 PM (Regular Business Hours),"SahayShakti EduGrowth Engine: Free demo class booking page, syllabus PDF lead-capture, and automated student CRM.",Warm (Needs Modern Revamp),Uncontacted
SST-REAL-ROH-1898,VSPK International School (Juniors),"Coaching Institutes, Academies & EdTech","Rohini Commercial Hub (Near Lat: 28.735, Lon: 77.109)",110085,"Rohini, Delhi",+91-11-4261-4040,NO OFFICIAL WEBSITE (High Vulnerability),Rs. 7.0 - 25.0 Lakhs/mo,"Rs. 15,000 - 75,000",Director / Academic Head,10:00 AM - 9:00 PM (Regular Business Hours),"SahayShakti EduGrowth Engine: Free demo class booking page, syllabus PDF lead-capture, and automated student CRM.",HOT (Zero Web Presence / High Revenue),Uncontacted
SST-REAL-ROH-1900,Delhi International Junior School,"Coaching Institutes, Academies & EdTech","Rohini Commercial Hub (Near Lat: 28.735, Lon: 77.111)",110085,"Rohini, Delhi",+91-11-4563-1280;+91-11-4300-3887,NO OFFICIAL WEBSITE (High Vulnerability),Rs. 7.0 - 25.0 Lakhs/mo,"Rs. 15,000 - 75,000",Director / Academic Head,10:00 AM - 9:00 PM (Regular Business Hours),"SahayShakti EduGrowth Engine: Free demo class booking page, syllabus PDF lead-capture, and automated student CRM.",HOT (Zero Web Presence / High Revenue),Uncontacted
SST-REAL-ROH-1902,Delhi International Public School,"Coaching Institutes, Academies & EdTech","Rohini Commercial Hub (Near Lat: 28.711, Lon: 77.124)",110085,"Rohini, Delhi",In-Person Walk-in / Listed in Local Market,NO OFFICIAL WEBSITE (High Vulnerability),Rs. 7.0 - 25.0 Lakhs/mo,"Rs. 15,000 - 75,000",Director / Academic Head,10:00 AM - 9:00 PM (Regular Business Hours),"SahayShakti EduGrowth Engine: Free demo class booking page, syllabus PDF lead-capture, and automated student CRM.",HOT (Zero Web Presence / High Revenue),Uncontacted
SST-REAL-ROH-1905,k block school,"Coaching Institutes, Academies & EdTech",Northwest delhi,110033,"Rohini, Delhi",In-Person Walk-in / Listed in Local Market,NO OFFICIAL WEBSITE (High Vulnerability),Rs. 7.0 - 25.0 Lakhs/mo,"Rs. 15,000 - 75,000",Director / Academic Head,10:00 AM - 9:00 PM (Regular Business Hours),"SahayShakti EduGrowth Engine: Free demo class booking page, syllabus PDF lead-capture, and automated student CRM.",HOT (Zero Web Presence / High Revenue),Uncontacted
SST-REAL-ROH-1906,skv school ground,"Coaching Institutes, Academies & EdTech",A block northwest delhi,110033,"Rohini, Delhi",In-Person Walk-in / Listed in Local Market,NO OFFICIAL WEBSITE (High Vulnerability),Rs. 7.0 - 25.0 Lakhs/mo,"Rs. 15,000 - 75,000",Director / Academic Head,10:00 AM - 9:00 PM (Regular Business Hours),"SahayShakti EduGrowth Engine: Free demo class booking page, syllabus PDF lead-capture, and automated student CRM.",HOT (Zero Web Presence / High Revenue),Uncontacted
SST-REAL-ROH-1916,Adriel High,"Coaching Institutes, Academies & EdTech","Rohini Commercial Hub (Near Lat: 28.725, Lon: 77.089)",110085,"Rohini, Delhi",In-Person Walk-in / Listed in Local Market,https://www.pratapinternational.com/delhi,Rs. 7.0 - 25.0 Lakhs/mo,"Rs. 15,000 - 75,000",Director / Academic Head,10:00 AM - 9:00 PM (Regular Business Hours),"SahayShakti EduGrowth Engine: Free demo class booking page, syllabus PDF lead-capture, and automated student CRM.",Warm (Needs Modern Revamp),Uncontacted
SST-REAL-ROH-1918,De Indian Public School,"Coaching Institutes, Academies & EdTech","Rohini Commercial Hub (Near Lat: 28.729, Lon: 77.088)",110085,"Rohini, Delhi",In-Person Walk-in / Listed in Local Market,https://www.dipsrohini.in/,Rs. 7.0 - 25.0 Lakhs/mo,"Rs. 15,000 - 75,000",Director / Academic Head,10:00 AM - 9:00 PM (Regular Business Hours),"SahayShakti EduGrowth Engine: Free demo class booking page, syllabus PDF lead-capture, and automated student CRM.",Warm (Needs Modern Revamp),Uncontacted
SST-REAL-ROH-1924,GD Goenka,"Coaching Institutes, Academies & EdTech","Rohini Commercial Hub (Near Lat: 28.719, Lon: 77.124)",110085,"Rohini, Delhi",In-Person Walk-in / Listed in Local Market,https://www.gdgoenkarohini.edu.in/,Rs. 7.0 - 25.0 Lakhs/mo,"Rs. 15,000 - 75,000",Director / Academic Head,10:00 AM - 9:00 PM (Regular Business Hours),"SahayShakti EduGrowth Engine: Free demo class booking page, syllabus PDF lead-capture, and automated student CRM.",Warm (Needs Modern Revamp),Uncontacted
SST-REAL-ROH-1925,Vivekananda Institute of Professional Studies - Technical Campus,"Coaching Institutes, Academies & EdTech","Rohini Commercial Hub (Near Lat: 28.721, Lon: 77.142)",110085,"Rohini, Delhi",In-Person Walk-in / Listed in Local Market,https://vips.edu/,Rs. 7.0 - 25.0 Lakhs/mo,"Rs. 15,000 - 75,000",Director / Academic Head,10:00 AM - 9:00 PM (Regular Business Hours),"SahayShakti EduGrowth Engine: Free demo class booking page, syllabus PDF lead-capture, and automated student CRM.",Warm (Needs Modern Revamp),Uncontacted
SST-REAL-ROH-1926,The Sovereign School,"Coaching Institutes, Academies & EdTech","Rohini Commercial Hub (Near Lat: 28.724, Lon: 77.093)",110085,"Rohini, Delhi",In-Person Walk-in / Listed in Local Market,https://www.thesovereignschool.com/,Rs. 7.0 - 25.0 Lakhs/mo,"Rs. 15,000 - 75,000",Director / Academic Head,10:00 AM - 9:00 PM (Regular Business Hours),"SahayShakti EduGrowth Engine: Free demo class booking page, syllabus PDF lead-capture, and automated student CRM.",Warm (Needs Modern Revamp),Uncontacted
SST-REAL-ROH-1927,Gittaratan Jindal School,"Coaching Institutes, Academies & EdTech","Rohini Commercial Hub (Near Lat: 28.711, Lon: 77.119)",110085,"Rohini, Delhi",In-Person Walk-in / Listed in Local Market,NO OFFICIAL WEBSITE (High Vulnerability),Rs. 7.0 - 25.0 Lakhs/mo,"Rs. 15,000 - 75,000",Director / Academic Head,10:00 AM - 9:00 PM (Regular Business Hours),"SahayShakti EduGrowth Engine: Free demo class booking page, syllabus PDF lead-capture, and automated student CRM.",HOT (Zero Web Presence / High Revenue),Uncontacted
SST-REAL-ROH-1928,"Kendriya Vidyalaya, Sector 25, Rohini","Coaching Institutes, Academies & EdTech","Rohini Commercial Hub (Near Lat: 28.736, Lon: 77.092)",110085,"Rohini, Delhi",In-Person Walk-in / Listed in Local Market,NO OFFICIAL WEBSITE (High Vulnerability),Rs. 7.0 - 25.0 Lakhs/mo,"Rs. 15,000 - 75,000",Director / Academic Head,10:00 AM - 9:00 PM (Regular Business Hours),"SahayShakti EduGrowth Engine: Free demo class booking page, syllabus PDF lead-capture, and automated student CRM.",HOT (Zero Web Presence / High Revenue),Uncontacted
SST-REAL-ROH-1930,DATTOPANT THENGADI  NATIONAL BOARD FOR WORKERS EDUCATION AND DEVELOPMENT,"Coaching Institutes, Academies & EdTech","Rohini Commercial Hub (Near Lat: 28.718, Lon: 77.064)",110085,"Rohini, Delhi",In-Person Walk-in / Listed in Local Market,NO OFFICIAL WEBSITE (High Vulnerability),Rs. 7.0 - 25.0 Lakhs/mo,"Rs. 15,000 - 75,000",Director / Academic Head,10:00 AM - 9:00 PM (Regular Business Hours),"SahayShakti EduGrowth Engine: Free demo class booking page, syllabus PDF lead-capture, and automated student CRM.",HOT (Zero Web Presence / High Revenue),Uncontacted
SST-REAL-ROH-1931,Sachdeva Public School,"Coaching Institutes, Academies & EdTech","Rohini Commercial Hub (Near Lat: 28.724, Lon: 77.128)",110085,"Rohini, Delhi",In-Person Walk-in / Listed in Local Market,https://www.spsrohini.com/,Rs. 7.0 - 25.0 Lakhs/mo,"Rs. 15,000 - 75,000",Director / Academic Head,10:00 AM - 9:00 PM (Regular Business Hours),"SahayShakti EduGrowth Engine: Free demo class booking page, syllabus PDF lead-capture, and automated student CRM.",Warm (Needs Modern Revamp),Uncontacted
SST-REAL-ROH-1934,Glorious Public School,"Coaching Institutes, Academies & EdTech","Rohini Commercial Hub (Near Lat: 28.715, Lon: 77.120)",110085,"Rohini, Delhi",+91 97117 89460,https://gloriouspublicschoolrohini.com/,Rs. 7.0 - 25.0 Lakhs/mo,"Rs. 15,000 - 75,000",Director / Academic Head,10:00 AM - 9:00 PM (Regular Business Hours),"SahayShakti EduGrowth Engine: Free demo class booking page, syllabus PDF lead-capture, and automated student CRM.",Warm (Needs Modern Revamp),Uncontacted
SST-REAL-ROH-1935,Au Grand Air,"Coaching Institutes, Academies & EdTech","Rohini Commercial Hub (Near Lat: 28.704, Lon: 77.168)",110085,"Rohini, Delhi",In-Person Walk-in / Listed in Local Market,https://augrandairshalimarbagh.in,Rs. 7.0 - 25.0 Lakhs/mo,"Rs. 15,000 - 75,000",Director / Academic Head,10:00 AM - 9:00 PM (Regular Business Hours),"SahayShakti EduGrowth Engine: Free demo class booking page, syllabus PDF lead-capture, and automated student CRM.",Warm (Needs Modern Revamp),Uncontacted
SST-REAL-ROH-1936,Shaheed Sukhdev College of Business Studies,"Coaching Institutes, Academies & EdTech",Doctor Kailash Nath Katju Marg,110089,"Rohini, Delhi",In-Person Walk-in / Listed in Local Market,https://sscbs.du.ac.in,Rs. 7.0 - 25.0 Lakhs/mo,"Rs. 15,000 - 75,000",Director / Academic Head,Mo-Fr 09:00-17:30; PH off,"SahayShakti EduGrowth Engine: Free demo class booking page, syllabus PDF lead-capture, and automated student CRM.",Warm (Needs Modern Revamp),Uncontacted
SST-REAL-ROH-1937,Shyama Prasad Mukherji College for Women,"Coaching Institutes, Academies & EdTech",Road Number 57,110007,"Rohini, Delhi",In-Person Walk-in / Listed in Local Market,https://spm.du.ac.in,Rs. 7.0 - 25.0 Lakhs/mo,"Rs. 15,000 - 75,000",Director / Academic Head,Mo-Sa 08:30-17:00; PH off,"SahayShakti EduGrowth Engine: Free demo class booking page, syllabus PDF lead-capture, and automated student CRM.",Warm (Needs Modern Revamp),Uncontacted
SST-REAL-ROH-1941,Government Boys' Senior Secondary School,"Coaching Institutes, Academies & EdTech","Rohini Commercial Hub (Near Lat: 28.707, Lon: 77.178)",110085,"Rohini, Delhi",In-Person Walk-in / Listed in Local Market,NO OFFICIAL WEBSITE (High Vulnerability),Rs. 7.0 - 25.0 Lakhs/mo,"Rs. 15,000 - 75,000",Director / Academic Head,10:00 AM - 9:00 PM (Regular Business Hours),"SahayShakti EduGrowth Engine: Free demo class booking page, syllabus PDF lead-capture, and automated student CRM.",HOT (Zero Web Presence / High Revenue),Uncontacted
SST-REAL-ROH-1947,Little Scholars School,"Coaching Institutes, Academies & EdTech",Dairy Road Adarsh Nagar,110033,"Rohini, Delhi",In-Person Walk-in / Listed in Local Market,NO OFFICIAL WEBSITE (High Vulnerability),Rs. 7.0 - 25.0 Lakhs/mo,"Rs. 15,000 - 75,000",Director / Academic Head,10:00 AM - 9:00 PM (Regular Business Hours),"SahayShakti EduGrowth Engine: Free demo class booking page, syllabus PDF lead-capture, and automated student CRM.",HOT (Zero Web Presence / High Revenue),Uncontacted
SST-REAL-ROH-1949,Gurdwara,"Coaching Institutes, Academies & EdTech",Sri guru gobind singh college of commerce Sri guru gobind singh college of commerce North west delhi,110034,"Rohini, Delhi",In-Person Walk-in / Listed in Local Market,NO OFFICIAL WEBSITE (High Vulnerability),Rs. 7.0 - 25.0 Lakhs/mo,"Rs. 15,000 - 75,000",Director / Academic Head,10:00 AM - 9:00 PM (Regular Business Hours),"SahayShakti EduGrowth Engine: Free demo class booking page, syllabus PDF lead-capture, and automated student CRM.",HOT (Zero Web Presence / High Revenue),Uncontacted
SST-REAL-ROH-1951,Lions Public School Main Building,"Coaching Institutes, Academies & EdTech","Rohini Commercial Hub (Near Lat: 28.687, Lon: 77.166)",110085,"Rohini, Delhi",In-Person Walk-in / Listed in Local Market,NO OFFICIAL WEBSITE (High Vulnerability),Rs. 7.0 - 25.0 Lakhs/mo,"Rs. 15,000 - 75,000",Director / Academic Head,10:00 AM - 9:00 PM (Regular Business Hours),"SahayShakti EduGrowth Engine: Free demo class booking page, syllabus PDF lead-capture, and automated student CRM.",HOT (Zero Web Presence / High Revenue),Uncontacted
