Lead_ID,Business_Name,Category,Address_Locality,Pincode,City,Phone_Contact,Website_Status,Est_Monthly_Revenue,Avg_Ticket_Size,Decision_Maker,Operating_Hours,SahayShakti_Pitch_Strategy,Lead_Priority,Outreach_Status
SST-REAL-ROH-0004,Ayurvedic Mental Hospital,Dental & Healthcare Clinics,"Rohini Commercial Hub (Near Lat: 28.724, Lon: 77.150)",110085,"Rohini, Delhi",In-Person Walk-in / Listed in Local Market,NO OFFICIAL WEBSITE (High Vulnerability),Rs. 6.5 - 15.0 Lakhs/mo,"Rs. 2,000 - 35,000",Doctors / Medical Director,10:00 AM - 9:00 PM (Regular Business Hours),"SahayShakti SmartClinic Engine: Direct WhatsApp appointment scheduling, patient review showcase, and automated Google Map SEO rank booster.",HOT (Zero Web Presence / High Revenue),Uncontacted
SST-REAL-ROH-0014,MGS Hospital,Dental & Healthcare Clinics,"Rohini Commercial Hub (Near Lat: 28.674, Lon: 77.135)",110085,"Rohini, Delhi",In-Person Walk-in / Listed in Local Market,NO OFFICIAL WEBSITE (High Vulnerability),Rs. 6.5 - 15.0 Lakhs/mo,"Rs. 2,000 - 35,000",Doctors / Medical Director,10:00 AM - 9:00 PM (Regular Business Hours),"SahayShakti SmartClinic Engine: Direct WhatsApp appointment scheduling, patient review showcase, and automated Google Map SEO rank booster.",HOT (Zero Web Presence / High Revenue),Uncontacted
SST-REAL-ROH-0015,Maharaja Agrasen Hospital,Dental & Healthcare Clinics,"Rohini Commercial Hub (Near Lat: 28.674, Lon: 77.134)",110085,"Rohini, Delhi",In-Person Walk-in / Listed in Local Market,NO OFFICIAL WEBSITE (High Vulnerability),Rs. 6.5 - 15.0 Lakhs/mo,"Rs. 2,000 - 35,000",Doctors / Medical Director,10:00 AM - 9:00 PM (Regular Business Hours),"SahayShakti SmartClinic Engine: Direct WhatsApp appointment scheduling, patient review showcase, and automated Google Map SEO rank booster.",HOT (Zero Web Presence / High Revenue),Uncontacted
SST-REAL-ROH-0022,Rediscover Ayurvedic Medical Clinic,Dental & Healthcare Clinics,"Rohini Commercial Hub (Near Lat: 28.670, Lon: 77.134)",110085,"Rohini, Delhi",In-Person Walk-in / Listed in Local Market,NO OFFICIAL WEBSITE (High Vulnerability),Rs. 6.5 - 15.0 Lakhs/mo,"Rs. 2,000 - 35,000",Doctors / Medical Director,10:00 AM - 9:00 PM (Regular Business Hours),"SahayShakti SmartClinic Engine: Direct WhatsApp appointment scheduling, patient review showcase, and automated Google Map SEO rank booster.",HOT (Zero Web Presence / High Revenue),Uncontacted
SST-REAL-ROH-0028,A One Hospital,Dental & Healthcare Clinics,"Rohini Commercial Hub (Near Lat: 28.679, Lon: 77.098)",110085,"Rohini, Delhi",In-Person Walk-in / Listed in Local Market,NO OFFICIAL WEBSITE (High Vulnerability),Rs. 6.5 - 15.0 Lakhs/mo,"Rs. 2,000 - 35,000",Doctors / Medical Director,10:00 AM - 9:00 PM (Regular Business Hours),"SahayShakti SmartClinic Engine: Direct WhatsApp appointment scheduling, patient review showcase, and automated Google Map SEO rank booster.",HOT (Zero Web Presence / High Revenue),Uncontacted
SST-REAL-ROH-0032,Dental Child Clinic,Dental & Healthcare Clinics,"Rohini Commercial Hub (Near Lat: 28.679, Lon: 77.105)",110085,"Rohini, Delhi",In-Person Walk-in / Listed in Local Market,NO OFFICIAL WEBSITE (High Vulnerability),Rs. 6.5 - 15.0 Lakhs/mo,"Rs. 2,000 - 35,000",Doctors / Medical Director,10:00 AM - 9:00 PM (Regular Business Hours),"SahayShakti SmartClinic Engine: Direct WhatsApp appointment scheduling, patient review showcase, and automated Google Map SEO rank booster.",HOT (Zero Web Presence / High Revenue),Uncontacted
SST-REAL-ROH-0047,Dr. Lal Pathlabs,Dental & Healthcare Clinics,"Sector-18, Rohini",10089,"Rohini, Delhi",In-Person Walk-in / Listed in Local Market,NO OFFICIAL WEBSITE (High Vulnerability),Rs. 6.5 - 15.0 Lakhs/mo,"Rs. 2,000 - 35,000",Doctors / Medical Director,10:00 AM - 9:00 PM (Regular Business Hours),"SahayShakti SmartClinic Engine: Direct WhatsApp appointment scheduling, patient review showcase, and automated Google Map SEO rank booster.",HOT (Zero Web Presence / High Revenue),Uncontacted
SST-REAL-ROH-0051,INDIRA IVF,Dental & Healthcare Clinics,145 Rohini East,110085,"Rohini, Delhi",In-Person Walk-in / Listed in Local Market,NO OFFICIAL WEBSITE (High Vulnerability),Rs. 6.5 - 15.0 Lakhs/mo,"Rs. 2,000 - 35,000",Doctors / Medical Director,10:00 AM - 9:00 PM (Regular Business Hours),"SahayShakti SmartClinic Engine: Direct WhatsApp appointment scheduling, patient review showcase, and automated Google Map SEO rank booster.",HOT (Zero Web Presence / High Revenue),Uncontacted
SST-REAL-ROH-0052,Tamish,Dental & Healthcare Clinics,12 Sector 22,201301,"Rohini, Delhi",In-Person Walk-in / Listed in Local Market,NO OFFICIAL WEBSITE (High Vulnerability),Rs. 6.5 - 15.0 Lakhs/mo,"Rs. 2,000 - 35,000",Doctors / Medical Director,10:00 AM - 9:00 PM (Regular Business Hours),"SahayShakti SmartClinic Engine: Direct WhatsApp appointment scheduling, patient review showcase, and automated Google Map SEO rank booster.",HOT (Zero Web Presence / High Revenue),Uncontacted
SST-REAL-ROH-0060,Mittal Clinic & Eye Specialist,Dental & Healthcare Clinics,"Rohini Commercial Hub (Near Lat: 28.685, Lon: 77.130)",110085,"Rohini, Delhi",In-Person Walk-in / Listed in Local Market,NO OFFICIAL WEBSITE (High Vulnerability),Rs. 6.5 - 15.0 Lakhs/mo,"Rs. 2,000 - 35,000",Doctors / Medical Director,10:00 AM - 9:00 PM (Regular Business Hours),"SahayShakti SmartClinic Engine: Direct WhatsApp appointment scheduling, patient review showcase, and automated Google Map SEO rank booster.",HOT (Zero Web Presence / High Revenue),Uncontacted
SST-REAL-ROH-0066,Patanjali Store,Dental & Healthcare Clinics,"Rohini Commercial Hub (Near Lat: 28.685, Lon: 77.130)",110085,"Rohini, Delhi",In-Person Walk-in / Listed in Local Market,NO OFFICIAL WEBSITE (High Vulnerability),Rs. 6.5 - 15.0 Lakhs/mo,"Rs. 2,000 - 35,000",Doctors / Medical Director,10:00 AM - 9:00 PM (Regular Business Hours),"SahayShakti SmartClinic Engine: Direct WhatsApp appointment scheduling, patient review showcase, and automated Google Map SEO rank booster.",HOT (Zero Web Presence / High Revenue),Uncontacted
SST-REAL-ROH-0069,CRL diagnostics,Dental & Healthcare Clinics,"Rohini Commercial Hub (Near Lat: 28.672, Lon: 77.156)",110085,"Rohini, Delhi",In-Person Walk-in / Listed in Local Market,NO OFFICIAL WEBSITE (High Vulnerability),Rs. 6.5 - 15.0 Lakhs/mo,"Rs. 2,000 - 35,000",Doctors / Medical Director,10:00 AM - 9:00 PM (Regular Business Hours),"SahayShakti SmartClinic Engine: Direct WhatsApp appointment scheduling, patient review showcase, and automated Google Map SEO rank booster.",HOT (Zero Web Presence / High Revenue),Uncontacted
SST-REAL-ROH-0084,Savera Hospital,Dental & Healthcare Clinics,North West,110034,"Rohini, Delhi",In-Person Walk-in / Listed in Local Market,NO OFFICIAL WEBSITE (High Vulnerability),Rs. 6.5 - 15.0 Lakhs/mo,"Rs. 2,000 - 35,000",Doctors / Medical Director,10:00 AM - 9:00 PM (Regular Business Hours),"SahayShakti SmartClinic Engine: Direct WhatsApp appointment scheduling, patient review showcase, and automated Google Map SEO rank booster.",HOT (Zero Web Presence / High Revenue),Uncontacted
SST-REAL-ROH-0085,Dr. Akash Juneja (ENT),Dental & Healthcare Clinics,"Rohini Commercial Hub (Near Lat: 28.688, Lon: 77.122)",110085,"Rohini, Delhi",In-Person Walk-in / Listed in Local Market,NO OFFICIAL WEBSITE (High Vulnerability),Rs. 6.5 - 15.0 Lakhs/mo,"Rs. 2,000 - 35,000",Doctors / Medical Director,10:00 AM - 9:00 PM (Regular Business Hours),"SahayShakti SmartClinic Engine: Direct WhatsApp appointment scheduling, patient review showcase, and automated Google Map SEO rank booster.",HOT (Zero Web Presence / High Revenue),Uncontacted
SST-REAL-ROH-0092,Health touch medicine,Dental & Healthcare Clinics,"Rohini Commercial Hub (Near Lat: 28.688, Lon: 77.122)",110085,"Rohini, Delhi",In-Person Walk-in / Listed in Local Market,NO OFFICIAL WEBSITE (High Vulnerability),Rs. 6.5 - 15.0 Lakhs/mo,"Rs. 2,000 - 35,000",Doctors / Medical Director,10:00 AM - 9:00 PM (Regular Business Hours),"SahayShakti SmartClinic Engine: Direct WhatsApp appointment scheduling, patient review showcase, and automated Google Map SEO rank booster.",HOT (Zero Web Presence / High Revenue),Uncontacted
SST-REAL-ROH-0096,Radha Krishna Medilink,Dental & Healthcare Clinics,"Rohini Commercial Hub (Near Lat: 28.692, Lon: 77.116)",110085,"Rohini, Delhi",In-Person Walk-in / Listed in Local Market,NO OFFICIAL WEBSITE (High Vulnerability),Rs. 6.5 - 15.0 Lakhs/mo,"Rs. 2,000 - 35,000",Doctors / Medical Director,10:00 AM - 9:00 PM (Regular Business Hours),"SahayShakti SmartClinic Engine: Direct WhatsApp appointment scheduling, patient review showcase, and automated Google Map SEO rank booster.",HOT (Zero Web Presence / High Revenue),Uncontacted
SST-REAL-ROH-0097,MSS Hospital,Dental & Healthcare Clinics,"Rohini Commercial Hub (Near Lat: 28.692, Lon: 77.116)",110085,"Rohini, Delhi",In-Person Walk-in / Listed in Local Market,NO OFFICIAL WEBSITE (High Vulnerability),Rs. 6.5 - 15.0 Lakhs/mo,"Rs. 2,000 - 35,000",Doctors / Medical Director,10:00 AM - 9:00 PM (Regular Business Hours),"SahayShakti SmartClinic Engine: Direct WhatsApp appointment scheduling, patient review showcase, and automated Google Map SEO rank booster.",HOT (Zero Web Presence / High Revenue),Uncontacted
SST-REAL-ROH-0100,Patanjali store,Dental & Healthcare Clinics,"Rohini Commercial Hub (Near Lat: 28.692, Lon: 77.116)",110085,"Rohini, Delhi",In-Person Walk-in / Listed in Local Market,NO OFFICIAL WEBSITE (High Vulnerability),Rs. 6.5 - 15.0 Lakhs/mo,"Rs. 2,000 - 35,000",Doctors / Medical Director,10:00 AM - 9:00 PM (Regular Business Hours),"SahayShakti SmartClinic Engine: Direct WhatsApp appointment scheduling, patient review showcase, and automated Google Map SEO rank booster.",HOT (Zero Web Presence / High Revenue),Uncontacted
SST-REAL-ROH-0110,Asha kiran mental hospital,Dental & Healthcare Clinics,"Rohini Commercial Hub (Near Lat: 28.703, Lon: 77.096)",110085,"Rohini, Delhi",In-Person Walk-in / Listed in Local Market,NO OFFICIAL WEBSITE (High Vulnerability),Rs. 6.5 - 15.0 Lakhs/mo,"Rs. 2,000 - 35,000",Doctors / Medical Director,10:00 AM - 9:00 PM (Regular Business Hours),"SahayShakti SmartClinic Engine: Direct WhatsApp appointment scheduling, patient review showcase, and automated Google Map SEO rank booster.",HOT (Zero Web Presence / High Revenue),Uncontacted
SST-REAL-ROH-0129,Joshi Diabetes Centre,Dental & Healthcare Clinics,"Rohini Commercial Hub (Near Lat: 28.706, Lon: 77.111)",110085,"Rohini, Delhi",In-Person Walk-in / Listed in Local Market,NO OFFICIAL WEBSITE (High Vulnerability),Rs. 6.5 - 15.0 Lakhs/mo,"Rs. 2,000 - 35,000",Doctors / Medical Director,10:00 AM - 9:00 PM (Regular Business Hours),"SahayShakti SmartClinic Engine: Direct WhatsApp appointment scheduling, patient review showcase, and automated Google Map SEO rank booster.",HOT (Zero Web Presence / High Revenue),Uncontacted
SST-REAL-ROH-0142,Apollo Pharmacy,Dental & Healthcare Clinics,"Rohini Commercial Hub (Near Lat: 28.736, Lon: 77.121)",110085,"Rohini, Delhi",In-Person Walk-in / Listed in Local Market,NO OFFICIAL WEBSITE (High Vulnerability),Rs. 6.5 - 15.0 Lakhs/mo,"Rs. 2,000 - 35,000",Doctors / Medical Director,10:00 AM - 9:00 PM (Regular Business Hours),"SahayShakti SmartClinic Engine: Direct WhatsApp appointment scheduling, patient review showcase, and automated Google Map SEO rank booster.",HOT (Zero Web Presence / High Revenue),Uncontacted
SST-REAL-ROH-0162,Channi Devi Goyal Memorial Medical Centre,Dental & Healthcare Clinics,"Rohini Commercial Hub (Near Lat: 28.740, Lon: 77.122)",110085,"Rohini, Delhi",In-Person Walk-in / Listed in Local Market,NO OFFICIAL WEBSITE (High Vulnerability),Rs. 6.5 - 15.0 Lakhs/mo,"Rs. 2,000 - 35,000",Doctors / Medical Director,10:00 AM - 9:00 PM (Regular Business Hours),"SahayShakti SmartClinic Engine: Direct WhatsApp appointment scheduling, patient review showcase, and automated Google Map SEO rank booster.",HOT (Zero Web Presence / High Revenue),Uncontacted
SST-REAL-ROH-0171,Shri Ram Medicos,Dental & Healthcare Clinics,"Rohini Commercial Hub (Near Lat: 28.739, Lon: 77.123)",110085,"Rohini, Delhi",In-Person Walk-in / Listed in Local Market,NO OFFICIAL WEBSITE (High Vulnerability),Rs. 6.5 - 15.0 Lakhs/mo,"Rs. 2,000 - 35,000",Doctors / Medical Director,10:00 AM - 9:00 PM (Regular Business Hours),"SahayShakti SmartClinic Engine: Direct WhatsApp appointment scheduling, patient review showcase, and automated Google Map SEO rank booster.",HOT (Zero Web Presence / High Revenue),Uncontacted
SST-REAL-ROH-0182,Saral Diagnostics,Dental & Healthcare Clinics,Maharishi Parshuram Marg,110034,"Rohini, Delhi",In-Person Walk-in / Listed in Local Market,NO OFFICIAL WEBSITE (High Vulnerability),Rs. 6.5 - 15.0 Lakhs/mo,"Rs. 2,000 - 35,000",Doctors / Medical Director,10:00 AM - 9:00 PM (Regular Business Hours),"SahayShakti SmartClinic Engine: Direct WhatsApp appointment scheduling, patient review showcase, and automated Google Map SEO rank booster.",HOT (Zero Web Presence / High Revenue),Uncontacted
SST-REAL-ROH-0183,Dental Health Point,Dental & Healthcare Clinics,d7/224 Sector 6,110085,"Rohini, Delhi",+9101127054943,NO OFFICIAL WEBSITE (High Vulnerability),Rs. 6.5 - 15.0 Lakhs/mo,"Rs. 2,000 - 35,000",Doctors / Medical Director,"Mo-Sa 09:00-12:00, Mo-Sa 17:00-20:00","SahayShakti SmartClinic Engine: Direct WhatsApp appointment scheduling, patient review showcase, and automated Google Map SEO rank booster.",HOT (Zero Web Presence / High Revenue),Uncontacted
SST-REAL-ROH-0184,Jain Medicos,Dental & Healthcare Clinics,"c4/94 Chotu Ram Marg, Sector 6",110085,"Rohini, Delhi",In-Person Walk-in / Listed in Local Market,NO OFFICIAL WEBSITE (High Vulnerability),Rs. 6.5 - 15.0 Lakhs/mo,"Rs. 2,000 - 35,000",Doctors / Medical Director,10:00 AM - 9:00 PM (Regular Business Hours),"SahayShakti SmartClinic Engine: Direct WhatsApp appointment scheduling, patient review showcase, and automated Google Map SEO rank booster.",HOT (Zero Web Presence / High Revenue),Uncontacted
SST-REAL-ROH-0187,Paschim Vihar West,Dental & Healthcare Clinics,A1/10 Ground floor Rohtak Road,110063,"Rohini, Delhi",In-Person Walk-in / Listed in Local Market,NO OFFICIAL WEBSITE (High Vulnerability),Rs. 6.5 - 15.0 Lakhs/mo,"Rs. 2,000 - 35,000",Doctors / Medical Director,10:00 AM - 9:00 PM (Regular Business Hours),"SahayShakti SmartClinic Engine: Direct WhatsApp appointment scheduling, patient review showcase, and automated Google Map SEO rank booster.",HOT (Zero Web Presence / High Revenue),Uncontacted
SST-REAL-ROH-0190,Mission Jan Jagriti Blood Bank,Dental & Healthcare Clinics,North West Delhi,110041,"Rohini, Delhi",01130580345;01130777777,http://www.missionjanjagriti.org/,Rs. 6.5 - 15.0 Lakhs/mo,"Rs. 2,000 - 35,000",Doctors / Medical Director,24/7,"SahayShakti SmartClinic Engine: Direct WhatsApp appointment scheduling, patient review showcase, and automated Google Map SEO rank booster.",Warm (Needs Modern Revamp),Uncontacted
SST-REAL-ROH-0191,"Mission Jan Jagriti Blood Bank, North East Delhi",Dental & Healthcare Clinics,NORTH EAST DELHI,110026,"Rohini, Delhi",1147053443,http://www.missionjanjagriti.org/,Rs. 6.5 - 15.0 Lakhs/mo,"Rs. 2,000 - 35,000",Doctors / Medical Director,9:30-17:30,"SahayShakti SmartClinic Engine: Direct WhatsApp appointment scheduling, patient review showcase, and automated Google Map SEO rank booster.",Warm (Needs Modern Revamp),Uncontacted
SST-REAL-ROH-0192,Maharaja Agrasen Hospital Blood Bank,Dental & Healthcare Clinics,WEST DELHI,110026,"Rohini, Delhi",01140777777(Exte.6700),https://www.mahdelhi.com/,Rs. 6.5 - 15.0 Lakhs/mo,"Rs. 2,000 - 35,000",Doctors / Medical Director,24/7,"SahayShakti SmartClinic Engine: Direct WhatsApp appointment scheduling, patient review showcase, and automated Google Map SEO rank booster.",Warm (Needs Modern Revamp),Uncontacted
SST-REAL-ROH-0194,Dr. Baba Sahab Ambedkar Hospital Blood Bank,Dental & Healthcare Clinics,NORTH WEST DELHI,110085,"Rohini, Delhi",01127049950; 01127055585,https://delhi.gov.in/wps/wcm/connect/DOIT_DBSAH/dbsah/our+services/blood+bank,Rs. 6.5 - 15.0 Lakhs/mo,"Rs. 2,000 - 35,000",Doctors / Medical Director,24/7,"SahayShakti SmartClinic Engine: Direct WhatsApp appointment scheduling, patient review showcase, and automated Google Map SEO rank booster.",Warm (Needs Modern Revamp),Uncontacted
SST-REAL-ROH-0197,Saroj Super Speciality Hospital Blood Bank,Dental & Healthcare Clinics,NORTH WEST DELHI,110085,"Rohini, Delhi",01147903333; 01127903276,https://www.sarojhospital.com/,Rs. 6.5 - 15.0 Lakhs/mo,"Rs. 2,000 - 35,000",Doctors / Medical Director,24/7,"SahayShakti SmartClinic Engine: Direct WhatsApp appointment scheduling, patient review showcase, and automated Google Map SEO rank booster.",Warm (Needs Modern Revamp),Uncontacted
SST-REAL-ROH-0199,"Fortis Hospital Blood Bank, Shalimar Bagh",Dental & Healthcare Clinics,NORTH WEST DELHI,110088,"Rohini, Delhi",1145302282,https://www.fortishealthcare.com/,Rs. 6.5 - 15.0 Lakhs/mo,"Rs. 2,000 - 35,000",Doctors / Medical Director,24/7,"SahayShakti SmartClinic Engine: Direct WhatsApp appointment scheduling, patient review showcase, and automated Google Map SEO rank booster.",Warm (Needs Modern Revamp),Uncontacted
SST-REAL-ROH-0200,Brahm Shakti Hospital and Research Centre Blood Bank,Dental & Healthcare Clinics,NORTH WEST DELHI,110084,"Rohini, Delhi",01127537894; 01127532428; 01127531683; 01127537967,http://www.brahmshaktihospital.com/index.php,Rs. 6.5 - 15.0 Lakhs/mo,"Rs. 2,000 - 35,000",Doctors / Medical Director,24/7,"SahayShakti SmartClinic Engine: Direct WhatsApp appointment scheduling, patient review showcase, and automated Google Map SEO rank booster.",Warm (Needs Modern Revamp),Uncontacted
SST-REAL-ROH-0206,Aam Aadhmi Polyclinic Peeragarhi,Dental & Healthcare Clinics,West,110063,"Rohini, Delhi",25214594,NO OFFICIAL WEBSITE (High Vulnerability),Rs. 6.5 - 15.0 Lakhs/mo,"Rs. 2,000 - 35,000",Doctors / Medical Director,10:00 AM - 9:00 PM (Regular Business Hours),"SahayShakti SmartClinic Engine: Direct WhatsApp appointment scheduling, patient review showcase, and automated Google Map SEO rank booster.",HOT (Zero Web Presence / High Revenue),Uncontacted
SST-REAL-ROH-0207,DGD Jwala Puri,Dental & Healthcare Clinics,West,110087,"Rohini, Delhi",1125271997,NO OFFICIAL WEBSITE (High Vulnerability),Rs. 6.5 - 15.0 Lakhs/mo,"Rs. 2,000 - 35,000",Doctors / Medical Director,10:00 AM - 9:00 PM (Regular Business Hours),"SahayShakti SmartClinic Engine: Direct WhatsApp appointment scheduling, patient review showcase, and automated Google Map SEO rank booster.",HOT (Zero Web Presence / High Revenue),Uncontacted
SST-REAL-ROH-0208,DGD Nangloi,Dental & Healthcare Clinics,West,110041,"Rohini, Delhi",011-25474141,NO OFFICIAL WEBSITE (High Vulnerability),Rs. 6.5 - 15.0 Lakhs/mo,"Rs. 2,000 - 35,000",Doctors / Medical Director,10:00 AM - 9:00 PM (Regular Business Hours),"SahayShakti SmartClinic Engine: Direct WhatsApp appointment scheduling, patient review showcase, and automated Google Map SEO rank booster.",HOT (Zero Web Presence / High Revenue),Uncontacted
SST-REAL-ROH-0209,Attar Sain Jain Hospital,Dental & Healthcare Clinics,North West,110003,"Rohini, Delhi",1127188342,NO OFFICIAL WEBSITE (High Vulnerability),Rs. 6.5 - 15.0 Lakhs/mo,"Rs. 2,000 - 35,000",Doctors / Medical Director,10:00 AM - 9:00 PM (Regular Business Hours),"SahayShakti SmartClinic Engine: Direct WhatsApp appointment scheduling, patient review showcase, and automated Google Map SEO rank booster.",HOT (Zero Web Presence / High Revenue),Uncontacted
SST-REAL-ROH-0210,MCD Nangloi,Dental & Healthcare Clinics,West,110041,"Rohini, Delhi",25941603,NO OFFICIAL WEBSITE (High Vulnerability),Rs. 6.5 - 15.0 Lakhs/mo,"Rs. 2,000 - 35,000",Doctors / Medical Director,10:00 AM - 9:00 PM (Regular Business Hours),"SahayShakti SmartClinic Engine: Direct WhatsApp appointment scheduling, patient review showcase, and automated Google Map SEO rank booster.",HOT (Zero Web Presence / High Revenue),Uncontacted
SST-REAL-ROH-0211,Maharishi Valmiki Hospital,Dental & Healthcare Clinics,North,110039,"Rohini, Delhi",1127761522,NO OFFICIAL WEBSITE (High Vulnerability),Rs. 6.5 - 15.0 Lakhs/mo,"Rs. 2,000 - 35,000",Doctors / Medical Director,10:00 AM - 9:00 PM (Regular Business Hours),"SahayShakti SmartClinic Engine: Direct WhatsApp appointment scheduling, patient review showcase, and automated Google Map SEO rank booster.",HOT (Zero Web Presence / High Revenue),Uncontacted
SST-REAL-ROH-0212,"Government Hospital, Jawalapuri",Dental & Healthcare Clinics,West,110087,"Rohini, Delhi",25266491,NO OFFICIAL WEBSITE (High Vulnerability),Rs. 6.5 - 15.0 Lakhs/mo,"Rs. 2,000 - 35,000",Doctors / Medical Director,10:00 AM - 9:00 PM (Regular Business Hours),"SahayShakti SmartClinic Engine: Direct WhatsApp appointment scheduling, patient review showcase, and automated Google Map SEO rank booster.",HOT (Zero Web Presence / High Revenue),Uncontacted
SST-REAL-ROH-0213,MCW Jawalapuri,Dental & Healthcare Clinics,West,110087,"Rohini, Delhi",25258874,NO OFFICIAL WEBSITE (High Vulnerability),Rs. 6.5 - 15.0 Lakhs/mo,"Rs. 2,000 - 35,000",Doctors / Medical Director,10:00 AM - 9:00 PM (Regular Business Hours),"SahayShakti SmartClinic Engine: Direct WhatsApp appointment scheduling, patient review showcase, and automated Google Map SEO rank booster.",HOT (Zero Web Presence / High Revenue),Uncontacted
SST-REAL-ROH-0214,"ESI Dispensary, Inder Lok",Dental & Healthcare Clinics,North West,110035,"Rohini, Delhi",23657807,NO OFFICIAL WEBSITE (High Vulnerability),Rs. 6.5 - 15.0 Lakhs/mo,"Rs. 2,000 - 35,000",Doctors / Medical Director,10:00 AM - 9:00 PM (Regular Business Hours),"SahayShakti SmartClinic Engine: Direct WhatsApp appointment scheduling, patient review showcase, and automated Google Map SEO rank booster.",HOT (Zero Web Presence / High Revenue),Uncontacted
SST-REAL-ROH-0215,Delhi Government Dispensary Jahangirpuri H Block,Dental & Healthcare Clinics,North,110033,"Rohini, Delhi",+91 27633689,NO OFFICIAL WEBSITE (High Vulnerability),Rs. 6.5 - 15.0 Lakhs/mo,"Rs. 2,000 - 35,000",Doctors / Medical Director,10:00 AM - 9:00 PM (Regular Business Hours),"SahayShakti SmartClinic Engine: Direct WhatsApp appointment scheduling, patient review showcase, and automated Google Map SEO rank booster.",HOT (Zero Web Presence / High Revenue),Uncontacted
SST-REAL-ROH-0216,"DGD, Khera Kalan",Dental & Healthcare Clinics,North,110082,"Rohini, Delhi",27843924,NO OFFICIAL WEBSITE (High Vulnerability),Rs. 6.5 - 15.0 Lakhs/mo,"Rs. 2,000 - 35,000",Doctors / Medical Director,10:00 AM - 9:00 PM (Regular Business Hours),"SahayShakti SmartClinic Engine: Direct WhatsApp appointment scheduling, patient review showcase, and automated Google Map SEO rank booster.",HOT (Zero Web Presence / High Revenue),Uncontacted
SST-REAL-ROH-0217,"Government Dispensary, PHC, Azadpur",Dental & Healthcare Clinics,North,110052,"Rohini, Delhi",27112024,NO OFFICIAL WEBSITE (High Vulnerability),Rs. 6.5 - 15.0 Lakhs/mo,"Rs. 2,000 - 35,000",Doctors / Medical Director,10:00 AM - 9:00 PM (Regular Business Hours),"SahayShakti SmartClinic Engine: Direct WhatsApp appointment scheduling, patient review showcase, and automated Google Map SEO rank booster.",HOT (Zero Web Presence / High Revenue),Uncontacted
SST-REAL-ROH-0218,"DGD, Shahjada Bagh",Dental & Healthcare Clinics,North West,110035,"Rohini, Delhi",2.31E+15,NO OFFICIAL WEBSITE (High Vulnerability),Rs. 6.5 - 15.0 Lakhs/mo,"Rs. 2,000 - 35,000",Doctors / Medical Director,10:00 AM - 9:00 PM (Regular Business Hours),"SahayShakti SmartClinic Engine: Direct WhatsApp appointment scheduling, patient review showcase, and automated Google Map SEO rank booster.",HOT (Zero Web Presence / High Revenue),Uncontacted
SST-REAL-ROH-0219,"Maternity Home, Shahbad Daulatpur",Dental & Healthcare Clinics,North,110042,"Rohini, Delhi",27294498,NO OFFICIAL WEBSITE (High Vulnerability),Rs. 6.5 - 15.0 Lakhs/mo,"Rs. 2,000 - 35,000",Doctors / Medical Director,10:00 AM - 9:00 PM (Regular Business Hours),"SahayShakti SmartClinic Engine: Direct WhatsApp appointment scheduling, patient review showcase, and automated Google Map SEO rank booster.",HOT (Zero Web Presence / High Revenue),Uncontacted
SST-REAL-ROH-0220,"Government Dispensary, Nathpura",Dental & Healthcare Clinics,Central,110084,"Rohini, Delhi",1127731296,NO OFFICIAL WEBSITE (High Vulnerability),Rs. 6.5 - 15.0 Lakhs/mo,"Rs. 2,000 - 35,000",Doctors / Medical Director,10:00 AM - 9:00 PM (Regular Business Hours),"SahayShakti SmartClinic Engine: Direct WhatsApp appointment scheduling, patient review showcase, and automated Google Map SEO rank booster.",HOT (Zero Web Presence / High Revenue),Uncontacted
SST-REAL-ROH-0221,"MCW, B Block Jahangirpuri",Dental & Healthcare Clinics,North,110033,"Rohini, Delhi",27467097,NO OFFICIAL WEBSITE (High Vulnerability),Rs. 6.5 - 15.0 Lakhs/mo,"Rs. 2,000 - 35,000",Doctors / Medical Director,10:00 AM - 9:00 PM (Regular Business Hours),"SahayShakti SmartClinic Engine: Direct WhatsApp appointment scheduling, patient review showcase, and automated Google Map SEO rank booster.",HOT (Zero Web Presence / High Revenue),Uncontacted
SST-REAL-ROH-0222,MCW Badli,Dental & Healthcare Clinics,North,110042,"Rohini, Delhi",27882696,NO OFFICIAL WEBSITE (High Vulnerability),Rs. 6.5 - 15.0 Lakhs/mo,"Rs. 2,000 - 35,000",Doctors / Medical Director,10:00 AM - 9:00 PM (Regular Business Hours),"SahayShakti SmartClinic Engine: Direct WhatsApp appointment scheduling, patient review showcase, and automated Google Map SEO rank booster.",HOT (Zero Web Presence / High Revenue),Uncontacted
SST-REAL-ROH-0223,"DGD, Jahangirpuri B Block",Dental & Healthcare Clinics,North,110033,"Rohini, Delhi",27633689,NO OFFICIAL WEBSITE (High Vulnerability),Rs. 6.5 - 15.0 Lakhs/mo,"Rs. 2,000 - 35,000",Doctors / Medical Director,10:00 AM - 9:00 PM (Regular Business Hours),"SahayShakti SmartClinic Engine: Direct WhatsApp appointment scheduling, patient review showcase, and automated Google Map SEO rank booster.",HOT (Zero Web Presence / High Revenue),Uncontacted
SST-REAL-ROH-0224,"DGD, Swaroop Nagar",Dental & Healthcare Clinics,North,110042,"Rohini, Delhi",27812075,NO OFFICIAL WEBSITE (High Vulnerability),Rs. 6.5 - 15.0 Lakhs/mo,"Rs. 2,000 - 35,000",Doctors / Medical Director,10:00 AM - 9:00 PM (Regular Business Hours),"SahayShakti SmartClinic Engine: Direct WhatsApp appointment scheduling, patient review showcase, and automated Google Map SEO rank booster.",HOT (Zero Web Presence / High Revenue),Uncontacted
SST-REAL-ROH-0225,"DGD, Inderlok",Dental & Healthcare Clinics,North West,110035,"Rohini, Delhi",23128610,NO OFFICIAL WEBSITE (High Vulnerability),Rs. 6.5 - 15.0 Lakhs/mo,"Rs. 2,000 - 35,000",Doctors / Medical Director,10:00 AM - 9:00 PM (Regular Business Hours),"SahayShakti SmartClinic Engine: Direct WhatsApp appointment scheduling, patient review showcase, and automated Google Map SEO rank booster.",HOT (Zero Web Presence / High Revenue),Uncontacted
SST-REAL-ROH-0226,"MCW, Jhangirpuri A Block",Dental & Healthcare Clinics,North,110033,"Rohini, Delhi",In-Person Walk-in / Listed in Local Market,NO OFFICIAL WEBSITE (High Vulnerability),Rs. 6.5 - 15.0 Lakhs/mo,"Rs. 2,000 - 35,000",Doctors / Medical Director,10:00 AM - 9:00 PM (Regular Business Hours),"SahayShakti SmartClinic Engine: Direct WhatsApp appointment scheduling, patient review showcase, and automated Google Map SEO rank booster.",HOT (Zero Web Presence / High Revenue),Uncontacted
SST-REAL-ROH-0227,Savitri Hospital,Dental & Healthcare Clinics,North West,110034,"Rohini, Delhi",In-Person Walk-in / Listed in Local Market,NO OFFICIAL WEBSITE (High Vulnerability),Rs. 6.5 - 15.0 Lakhs/mo,"Rs. 2,000 - 35,000",Doctors / Medical Director,10:00 AM - 9:00 PM (Regular Business Hours),"SahayShakti SmartClinic Engine: Direct WhatsApp appointment scheduling, patient review showcase, and automated Google Map SEO rank booster.",HOT (Zero Web Presence / High Revenue),Uncontacted
SST-REAL-ROH-0228,MH Haiderpur,Dental & Healthcare Clinics,North,110088,"Rohini, Delhi",27492760,NO OFFICIAL WEBSITE (High Vulnerability),Rs. 6.5 - 15.0 Lakhs/mo,"Rs. 2,000 - 35,000",Doctors / Medical Director,10:00 AM - 9:00 PM (Regular Business Hours),"SahayShakti SmartClinic Engine: Direct WhatsApp appointment scheduling, patient review showcase, and automated Google Map SEO rank booster.",HOT (Zero Web Presence / High Revenue),Uncontacted
SST-REAL-ROH-0229,Kuber Hospital,Dental & Healthcare Clinics,North West,110034,"Rohini, Delhi",27352931,NO OFFICIAL WEBSITE (High Vulnerability),Rs. 6.5 - 15.0 Lakhs/mo,"Rs. 2,000 - 35,000",Doctors / Medical Director,10:00 AM - 9:00 PM (Regular Business Hours),"SahayShakti SmartClinic Engine: Direct WhatsApp appointment scheduling, patient review showcase, and automated Google Map SEO rank booster.",HOT (Zero Web Presence / High Revenue),Uncontacted
SST-REAL-ROH-0230,Children & Maternity Centre,Dental & Healthcare Clinics,North,110085,"Rohini, Delhi",27852066,NO OFFICIAL WEBSITE (High Vulnerability),Rs. 6.5 - 15.0 Lakhs/mo,"Rs. 2,000 - 35,000",Doctors / Medical Director,10:00 AM - 9:00 PM (Regular Business Hours),"SahayShakti SmartClinic Engine: Direct WhatsApp appointment scheduling, patient review showcase, and automated Google Map SEO rank booster.",HOT (Zero Web Presence / High Revenue),Uncontacted
SST-REAL-ROH-0231,"Max Multi Speciality Centre, Pitampura",Dental & Healthcare Clinics,"Rohini Commercial Hub (Near Lat: 28.693, Lon: 77.152)",110085,"Rohini, Delhi",+91 47351844,NO OFFICIAL WEBSITE (High Vulnerability),Rs. 6.5 - 15.0 Lakhs/mo,"Rs. 2,000 - 35,000",Doctors / Medical Director,10:00 AM - 9:00 PM (Regular Business Hours),"SahayShakti SmartClinic Engine: Direct WhatsApp appointment scheduling, patient review showcase, and automated Google Map SEO rank booster.",HOT (Zero Web Presence / High Revenue),Uncontacted
SST-REAL-ROH-0232,Dr BD Attam Hospital and Medical Research Centre,Dental & Healthcare Clinics,North West,110052,"Rohini, Delhi",27220564,NO OFFICIAL WEBSITE (High Vulnerability),Rs. 6.5 - 15.0 Lakhs/mo,"Rs. 2,000 - 35,000",Doctors / Medical Director,10:00 AM - 9:00 PM (Regular Business Hours),"SahayShakti SmartClinic Engine: Direct WhatsApp appointment scheduling, patient review showcase, and automated Google Map SEO rank booster.",HOT (Zero Web Presence / High Revenue),Uncontacted
SST-REAL-ROH-0233,Muni Maya Ram Jain Hospital,Dental & Healthcare Clinics,Pitampura,110034,"Rohini, Delhi",27317401,NO OFFICIAL WEBSITE (High Vulnerability),Rs. 6.5 - 15.0 Lakhs/mo,"Rs. 2,000 - 35,000",Doctors / Medical Director,10:00 AM - 9:00 PM (Regular Business Hours),"SahayShakti SmartClinic Engine: Direct WhatsApp appointment scheduling, patient review showcase, and automated Google Map SEO rank booster.",HOT (Zero Web Presence / High Revenue),Uncontacted
SST-REAL-ROH-0234,"Delhi Government Dispensary, Rohini, Sec 3",Dental & Healthcare Clinics,North West,110085,"Rohini, Delhi",27510385,NO OFFICIAL WEBSITE (High Vulnerability),Rs. 6.5 - 15.0 Lakhs/mo,"Rs. 2,000 - 35,000",Doctors / Medical Director,10:00 AM - 9:00 PM (Regular Business Hours),"SahayShakti SmartClinic Engine: Direct WhatsApp appointment scheduling, patient review showcase, and automated Google Map SEO rank booster.",HOT (Zero Web Presence / High Revenue),Uncontacted
SST-REAL-ROH-0235,Medha Hospital,Dental & Healthcare Clinics,North West,110034,"Rohini, Delhi",27323960,NO OFFICIAL WEBSITE (High Vulnerability),Rs. 6.5 - 15.0 Lakhs/mo,"Rs. 2,000 - 35,000",Doctors / Medical Director,10:00 AM - 9:00 PM (Regular Business Hours),"SahayShakti SmartClinic Engine: Direct WhatsApp appointment scheduling, patient review showcase, and automated Google Map SEO rank booster.",HOT (Zero Web Presence / High Revenue),Uncontacted
SST-REAL-ROH-0236,Saroj Hospital,Dental & Healthcare Clinics,Nr Madhuban Chowk North,110085,"Rohini, Delhi",27903333,NO OFFICIAL WEBSITE (High Vulnerability),Rs. 6.5 - 15.0 Lakhs/mo,"Rs. 2,000 - 35,000",Doctors / Medical Director,10:00 AM - 9:00 PM (Regular Business Hours),"SahayShakti SmartClinic Engine: Direct WhatsApp appointment scheduling, patient review showcase, and automated Google Map SEO rank booster.",HOT (Zero Web Presence / High Revenue),Uncontacted
SST-REAL-ROH-0237,Delhi Government Dispensary,Dental & Healthcare Clinics,"Sakand Mata Road, Prashant Vihar North",110085,"Rohini, Delhi",27562092,NO OFFICIAL WEBSITE (High Vulnerability),Rs. 6.5 - 15.0 Lakhs/mo,"Rs. 2,000 - 35,000",Doctors / Medical Director,10:00 AM - 9:00 PM (Regular Business Hours),"SahayShakti SmartClinic Engine: Direct WhatsApp appointment scheduling, patient review showcase, and automated Google Map SEO rank booster.",HOT (Zero Web Presence / High Revenue),Uncontacted
SST-REAL-ROH-0238,MCD Maternity Government Hospital,Dental & Healthcare Clinics,North West,110085,"Rohini, Delhi",27044007,NO OFFICIAL WEBSITE (High Vulnerability),Rs. 6.5 - 15.0 Lakhs/mo,"Rs. 2,000 - 35,000",Doctors / Medical Director,10:00 AM - 9:00 PM (Regular Business Hours),"SahayShakti SmartClinic Engine: Direct WhatsApp appointment scheduling, patient review showcase, and automated Google Map SEO rank booster.",HOT (Zero Web Presence / High Revenue),Uncontacted
SST-REAL-ROH-0239,DGD Wazirpur JJ Colony,Dental & Healthcare Clinics,North West,110052,"Rohini, Delhi",27306145,NO OFFICIAL WEBSITE (High Vulnerability),Rs. 6.5 - 15.0 Lakhs/mo,"Rs. 2,000 - 35,000",Doctors / Medical Director,10:00 AM - 9:00 PM (Regular Business Hours),"SahayShakti SmartClinic Engine: Direct WhatsApp appointment scheduling, patient review showcase, and automated Google Map SEO rank booster.",HOT (Zero Web Presence / High Revenue),Uncontacted
SST-REAL-ROH-0240,Arora Nursing Home,Dental & Healthcare Clinics,North West,110088,"Rohini, Delhi",27488756,NO OFFICIAL WEBSITE (High Vulnerability),Rs. 6.5 - 15.0 Lakhs/mo,"Rs. 2,000 - 35,000",Doctors / Medical Director,10:00 AM - 9:00 PM (Regular Business Hours),"SahayShakti SmartClinic Engine: Direct WhatsApp appointment scheduling, patient review showcase, and automated Google Map SEO rank booster.",HOT (Zero Web Presence / High Revenue),Uncontacted
SST-REAL-ROH-0241,Maternity Home Haiderpur,Dental & Healthcare Clinics,North,110088,"Rohini, Delhi",In-Person Walk-in / Listed in Local Market,NO OFFICIAL WEBSITE (High Vulnerability),Rs. 6.5 - 15.0 Lakhs/mo,"Rs. 2,000 - 35,000",Doctors / Medical Director,10:00 AM - 9:00 PM (Regular Business Hours),"SahayShakti SmartClinic Engine: Direct WhatsApp appointment scheduling, patient review showcase, and automated Google Map SEO rank booster.",HOT (Zero Web Presence / High Revenue),Uncontacted
SST-REAL-ROH-0242,Jiwan Charitable Hospital,Dental & Healthcare Clinics,North West,110083,"Rohini, Delhi",27916689,NO OFFICIAL WEBSITE (High Vulnerability),Rs. 6.5 - 15.0 Lakhs/mo,"Rs. 2,000 - 35,000",Doctors / Medical Director,10:00 AM - 9:00 PM (Regular Business Hours),"SahayShakti SmartClinic Engine: Direct WhatsApp appointment scheduling, patient review showcase, and automated Google Map SEO rank booster.",HOT (Zero Web Presence / High Revenue),Uncontacted
SST-REAL-ROH-0243,Karala Government Hospital,Dental & Healthcare Clinics,North West,110081,"Rohini, Delhi",In-Person Walk-in / Listed in Local Market,NO OFFICIAL WEBSITE (High Vulnerability),Rs. 6.5 - 15.0 Lakhs/mo,"Rs. 2,000 - 35,000",Doctors / Medical Director,10:00 AM - 9:00 PM (Regular Business Hours),"SahayShakti SmartClinic Engine: Direct WhatsApp appointment scheduling, patient review showcase, and automated Google Map SEO rank booster.",HOT (Zero Web Presence / High Revenue),Uncontacted
SST-REAL-ROH-0244,Upchar Nursing Home,Dental & Healthcare Clinics,North West,110052,"Rohini, Delhi",27210012,NO OFFICIAL WEBSITE (High Vulnerability),Rs. 6.5 - 15.0 Lakhs/mo,"Rs. 2,000 - 35,000",Doctors / Medical Director,10:00 AM - 9:00 PM (Regular Business Hours),"SahayShakti SmartClinic Engine: Direct WhatsApp appointment scheduling, patient review showcase, and automated Google Map SEO rank booster.",HOT (Zero Web Presence / High Revenue),Uncontacted
SST-REAL-ROH-0245,"ESI Dispensary, Wazirpur Industrial Area",Dental & Healthcare Clinics,North West,110052,"Rohini, Delhi",27373814,NO OFFICIAL WEBSITE (High Vulnerability),Rs. 6.5 - 15.0 Lakhs/mo,"Rs. 2,000 - 35,000",Doctors / Medical Director,10:00 AM - 9:00 PM (Regular Business Hours),"SahayShakti SmartClinic Engine: Direct WhatsApp appointment scheduling, patient review showcase, and automated Google Map SEO rank booster.",HOT (Zero Web Presence / High Revenue),Uncontacted
SST-REAL-ROH-0246,SPUHC Prem Nagar 3,Dental & Healthcare Clinics,North West,110081,"Rohini, Delhi",In-Person Walk-in / Listed in Local Market,NO OFFICIAL WEBSITE (High Vulnerability),Rs. 6.5 - 15.0 Lakhs/mo,"Rs. 2,000 - 35,000",Doctors / Medical Director,10:00 AM - 9:00 PM (Regular Business Hours),"SahayShakti SmartClinic Engine: Direct WhatsApp appointment scheduling, patient review showcase, and automated Google Map SEO rank booster.",HOT (Zero Web Presence / High Revenue),Uncontacted
SST-REAL-ROH-0247,DGD Pitampura,Dental & Healthcare Clinics,North West,110034,"Rohini, Delhi",27324895,NO OFFICIAL WEBSITE (High Vulnerability),Rs. 6.5 - 15.0 Lakhs/mo,"Rs. 2,000 - 35,000",Doctors / Medical Director,10:00 AM - 9:00 PM (Regular Business Hours),"SahayShakti SmartClinic Engine: Direct WhatsApp appointment scheduling, patient review showcase, and automated Google Map SEO rank booster.",HOT (Zero Web Presence / High Revenue),Uncontacted
SST-REAL-ROH-0248,Kesar Hospital,Dental & Healthcare Clinics,North West,110088,"Rohini, Delhi",27472002,NO OFFICIAL WEBSITE (High Vulnerability),Rs. 6.5 - 15.0 Lakhs/mo,"Rs. 2,000 - 35,000",Doctors / Medical Director,10:00 AM - 9:00 PM (Regular Business Hours),"SahayShakti SmartClinic Engine: Direct WhatsApp appointment scheduling, patient review showcase, and automated Google Map SEO rank booster.",HOT (Zero Web Presence / High Revenue),Uncontacted
SST-REAL-ROH-0249,Garg Nursing Home,Dental & Healthcare Clinics,North West,110035,"Rohini, Delhi",27392112,NO OFFICIAL WEBSITE (High Vulnerability),Rs. 6.5 - 15.0 Lakhs/mo,"Rs. 2,000 - 35,000",Doctors / Medical Director,10:00 AM - 9:00 PM (Regular Business Hours),"SahayShakti SmartClinic Engine: Direct WhatsApp appointment scheduling, patient review showcase, and automated Google Map SEO rank booster.",HOT (Zero Web Presence / High Revenue),Uncontacted
SST-REAL-ROH-0250,Santom Hospital,Dental & Healthcare Clinics,North West,110085,"Rohini, Delhi",+91 11 2756 1024,https://santomhospital.in/,Rs. 6.5 - 15.0 Lakhs/mo,"Rs. 2,000 - 35,000",Doctors / Medical Director,24/7,"SahayShakti SmartClinic Engine: Direct WhatsApp appointment scheduling, patient review showcase, and automated Google Map SEO rank booster.",Warm (Needs Modern Revamp),Uncontacted
SST-REAL-ROH-0251,"Manna Clinic & Maternity Home, Rani Bagh",Dental & Healthcare Clinics,North West,110034,"Rohini, Delhi",27022763,NO OFFICIAL WEBSITE (High Vulnerability),Rs. 6.5 - 15.0 Lakhs/mo,"Rs. 2,000 - 35,000",Doctors / Medical Director,10:00 AM - 9:00 PM (Regular Business Hours),"SahayShakti SmartClinic Engine: Direct WhatsApp appointment scheduling, patient review showcase, and automated Google Map SEO rank booster.",HOT (Zero Web Presence / High Revenue),Uncontacted
SST-REAL-ROH-0252,Prashant Nursing Home,Dental & Healthcare Clinics,"Kalratri Mata Road, Prashant Vihar, Rohini Sec 14 North",110085,"Rohini, Delhi",27564555,NO OFFICIAL WEBSITE (High Vulnerability),Rs. 6.5 - 15.0 Lakhs/mo,"Rs. 2,000 - 35,000",Doctors / Medical Director,10:00 AM - 9:00 PM (Regular Business Hours),"SahayShakti SmartClinic Engine: Direct WhatsApp appointment scheduling, patient review showcase, and automated Google Map SEO rank booster.",HOT (Zero Web Presence / High Revenue),Uncontacted
SST-REAL-ROH-0253,DGD Keshav Puram B4,Dental & Healthcare Clinics,North West,110035,"Rohini, Delhi",27192215,NO OFFICIAL WEBSITE (High Vulnerability),Rs. 6.5 - 15.0 Lakhs/mo,"Rs. 2,000 - 35,000",Doctors / Medical Director,10:00 AM - 9:00 PM (Regular Business Hours),"SahayShakti SmartClinic Engine: Direct WhatsApp appointment scheduling, patient review showcase, and automated Google Map SEO rank booster.",HOT (Zero Web Presence / High Revenue),Uncontacted
SST-REAL-ROH-0254,DGD Rohini Sector13,Dental & Healthcare Clinics,North,110085,"Rohini, Delhi",27867278,NO OFFICIAL WEBSITE (High Vulnerability),Rs. 6.5 - 15.0 Lakhs/mo,"Rs. 2,000 - 35,000",Doctors / Medical Director,10:00 AM - 9:00 PM (Regular Business Hours),"SahayShakti SmartClinic Engine: Direct WhatsApp appointment scheduling, patient review showcase, and automated Google Map SEO rank booster.",HOT (Zero Web Presence / High Revenue),Uncontacted
SST-REAL-ROH-0255,DGD Ashok Vihar H Block,Dental & Healthcare Clinics,North West,110035,"Rohini, Delhi",27224165,NO OFFICIAL WEBSITE (High Vulnerability),Rs. 6.5 - 15.0 Lakhs/mo,"Rs. 2,000 - 35,000",Doctors / Medical Director,10:00 AM - 9:00 PM (Regular Business Hours),"SahayShakti SmartClinic Engine: Direct WhatsApp appointment scheduling, patient review showcase, and automated Google Map SEO rank booster.",HOT (Zero Web Presence / High Revenue),Uncontacted
SST-REAL-ROH-0256,Sai Drishti Maternity Centre,Dental & Healthcare Clinics,North,110085,"Rohini, Delhi",In-Person Walk-in / Listed in Local Market,NO OFFICIAL WEBSITE (High Vulnerability),Rs. 6.5 - 15.0 Lakhs/mo,"Rs. 2,000 - 35,000",Doctors / Medical Director,10:00 AM - 9:00 PM (Regular Business Hours),"SahayShakti SmartClinic Engine: Direct WhatsApp appointment scheduling, patient review showcase, and automated Google Map SEO rank booster.",HOT (Zero Web Presence / High Revenue),Uncontacted
SST-REAL-ROH-0257,DGD Kirari,Dental & Healthcare Clinics,North West,110086,"Rohini, Delhi",25967788,NO OFFICIAL WEBSITE (High Vulnerability),Rs. 6.5 - 15.0 Lakhs/mo,"Rs. 2,000 - 35,000",Doctors / Medical Director,10:00 AM - 9:00 PM (Regular Business Hours),"SahayShakti SmartClinic Engine: Direct WhatsApp appointment scheduling, patient review showcase, and automated Google Map SEO rank booster.",HOT (Zero Web Presence / High Revenue),Uncontacted
SST-REAL-ROH-0258,"Aam aadmi polyclinic, Saraswati Vihar",Dental & Healthcare Clinics,North West,110034,"Rohini, Delhi",27023849,NO OFFICIAL WEBSITE (High Vulnerability),Rs. 6.5 - 15.0 Lakhs/mo,"Rs. 2,000 - 35,000",Doctors / Medical Director,10:00 AM - 9:00 PM (Regular Business Hours),"SahayShakti SmartClinic Engine: Direct WhatsApp appointment scheduling, patient review showcase, and automated Google Map SEO rank booster.",HOT (Zero Web Presence / High Revenue),Uncontacted
SST-REAL-ROH-0259,"Aam Aadmi Polyclinic, Rohini Sector2",Dental & Healthcare Clinics,North West,110085,"Rohini, Delhi",27515024,NO OFFICIAL WEBSITE (High Vulnerability),Rs. 6.5 - 15.0 Lakhs/mo,"Rs. 2,000 - 35,000",Doctors / Medical Director,10:00 AM - 9:00 PM (Regular Business Hours),"SahayShakti SmartClinic Engine: Direct WhatsApp appointment scheduling, patient review showcase, and automated Google Map SEO rank booster.",HOT (Zero Web Presence / High Revenue),Uncontacted
SST-REAL-ROH-0260,Rashmi Hospital,Dental & Healthcare Clinics,North West,110034,"Rohini, Delhi",In-Person Walk-in / Listed in Local Market,NO OFFICIAL WEBSITE (High Vulnerability),Rs. 6.5 - 15.0 Lakhs/mo,"Rs. 2,000 - 35,000",Doctors / Medical Director,10:00 AM - 9:00 PM (Regular Business Hours),"SahayShakti SmartClinic Engine: Direct WhatsApp appointment scheduling, patient review showcase, and automated Google Map SEO rank booster.",HOT (Zero Web Presence / High Revenue),Uncontacted
SST-REAL-ROH-0261,Bhagwan Mahavir Super Speciality Hospital,Dental & Healthcare Clinics,Bhagwan Mahavir Marg Rohini,110085,"Rohini, Delhi",+91-11-2755-0441;+91-11-4993-4042,NO OFFICIAL WEBSITE (High Vulnerability),Rs. 6.5 - 15.0 Lakhs/mo,"Rs. 2,000 - 35,000",Doctors / Medical Director,10:00 AM - 9:00 PM (Regular Business Hours),"SahayShakti SmartClinic Engine: Direct WhatsApp appointment scheduling, patient review showcase, and automated Google Map SEO rank booster.",HOT (Zero Web Presence / High Revenue),Uncontacted
SST-REAL-ROH-0262,Jhamb Maternity and Medical Centre,Dental & Healthcare Clinics,North West,110088,"Rohini, Delhi",27476609,NO OFFICIAL WEBSITE (High Vulnerability),Rs. 6.5 - 15.0 Lakhs/mo,"Rs. 2,000 - 35,000",Doctors / Medical Director,10:00 AM - 9:00 PM (Regular Business Hours),"SahayShakti SmartClinic Engine: Direct WhatsApp appointment scheduling, patient review showcase, and automated Google Map SEO rank booster.",HOT (Zero Web Presence / High Revenue),Uncontacted
SST-REAL-ROH-0263,Mittal Nursing Home,Dental & Healthcare Clinics,North West,110035,"Rohini, Delhi",27392526,NO OFFICIAL WEBSITE (High Vulnerability),Rs. 6.5 - 15.0 Lakhs/mo,"Rs. 2,000 - 35,000",Doctors / Medical Director,10:00 AM - 9:00 PM (Regular Business Hours),"SahayShakti SmartClinic Engine: Direct WhatsApp appointment scheduling, patient review showcase, and automated Google Map SEO rank booster.",HOT (Zero Web Presence / High Revenue),Uncontacted
SST-REAL-ROH-0264,"MCD Dispensary, Bharat Nagar",Dental & Healthcare Clinics,North West,110052,"Rohini, Delhi",27306112,NO OFFICIAL WEBSITE (High Vulnerability),Rs. 6.5 - 15.0 Lakhs/mo,"Rs. 2,000 - 35,000",Doctors / Medical Director,10:00 AM - 9:00 PM (Regular Business Hours),"SahayShakti SmartClinic Engine: Direct WhatsApp appointment scheduling, patient review showcase, and automated Google Map SEO rank booster.",HOT (Zero Web Presence / High Revenue),Uncontacted
SST-REAL-ROH-0265,Bhagwati Hospital,Dental & Healthcare Clinics,North,110085,"Rohini, Delhi",27868935,NO OFFICIAL WEBSITE (High Vulnerability),Rs. 6.5 - 15.0 Lakhs/mo,"Rs. 2,000 - 35,000",Doctors / Medical Director,10:00 AM - 9:00 PM (Regular Business Hours),"SahayShakti SmartClinic Engine: Direct WhatsApp appointment scheduling, patient review showcase, and automated Google Map SEO rank booster.",HOT (Zero Web Presence / High Revenue),Uncontacted
SST-REAL-ROH-0266,DGD Keshav Puram C7,Dental & Healthcare Clinics,North West,110035,"Rohini, Delhi",27188270,NO OFFICIAL WEBSITE (High Vulnerability),Rs. 6.5 - 15.0 Lakhs/mo,"Rs. 2,000 - 35,000",Doctors / Medical Director,10:00 AM - 9:00 PM (Regular Business Hours),"SahayShakti SmartClinic Engine: Direct WhatsApp appointment scheduling, patient review showcase, and automated Google Map SEO rank booster.",HOT (Zero Web Presence / High Revenue),Uncontacted
SST-REAL-ROH-0267,DGD Rohini Sector18,Dental & Healthcare Clinics,North,110089,"Rohini, Delhi",27855484,NO OFFICIAL WEBSITE (High Vulnerability),Rs. 6.5 - 15.0 Lakhs/mo,"Rs. 2,000 - 35,000",Doctors / Medical Director,10:00 AM - 9:00 PM (Regular Business Hours),"SahayShakti SmartClinic Engine: Direct WhatsApp appointment scheduling, patient review showcase, and automated Google Map SEO rank booster.",HOT (Zero Web Presence / High Revenue),Uncontacted
SST-REAL-ROH-0268,Dispensary Of M.C.D. Mangolpuri S Block,Dental & Healthcare Clinics,North West,110083,"Rohini, Delhi",27911080,NO OFFICIAL WEBSITE (High Vulnerability),Rs. 6.5 - 15.0 Lakhs/mo,"Rs. 2,000 - 35,000",Doctors / Medical Director,10:00 AM - 9:00 PM (Regular Business Hours),"SahayShakti SmartClinic Engine: Direct WhatsApp appointment scheduling, patient review showcase, and automated Google Map SEO rank booster.",HOT (Zero Web Presence / High Revenue),Uncontacted
SST-REAL-ROH-0269,DGD Laxmi Vihar,Dental & Healthcare Clinics,North West,110081,"Rohini, Delhi",In-Person Walk-in / Listed in Local Market,NO OFFICIAL WEBSITE (High Vulnerability),Rs. 6.5 - 15.0 Lakhs/mo,"Rs. 2,000 - 35,000",Doctors / Medical Director,10:00 AM - 9:00 PM (Regular Business Hours),"SahayShakti SmartClinic Engine: Direct WhatsApp appointment scheduling, patient review showcase, and automated Google Map SEO rank booster.",HOT (Zero Web Presence / High Revenue),Uncontacted
SST-REAL-ROH-0270,North Delhi Nursing Home,Dental & Healthcare Clinics,North West,110052,"Rohini, Delhi",27422131,NO OFFICIAL WEBSITE (High Vulnerability),Rs. 6.5 - 15.0 Lakhs/mo,"Rs. 2,000 - 35,000",Doctors / Medical Director,10:00 AM - 9:00 PM (Regular Business Hours),"SahayShakti SmartClinic Engine: Direct WhatsApp appointment scheduling, patient review showcase, and automated Google Map SEO rank booster.",HOT (Zero Web Presence / High Revenue),Uncontacted
SST-REAL-ROH-0271,DGD Sultanpuri,Dental & Healthcare Clinics,North West,110086,"Rohini, Delhi",25968044,NO OFFICIAL WEBSITE (High Vulnerability),Rs. 6.5 - 15.0 Lakhs/mo,"Rs. 2,000 - 35,000",Doctors / Medical Director,10:00 AM - 9:00 PM (Regular Business Hours),"SahayShakti SmartClinic Engine: Direct WhatsApp appointment scheduling, patient review showcase, and automated Google Map SEO rank booster.",HOT (Zero Web Presence / High Revenue),Uncontacted
SST-REAL-ROH-0272,Family Hospital,Dental & Healthcare Clinics,North West,110085,"Rohini, Delhi",27517874,NO OFFICIAL WEBSITE (High Vulnerability),Rs. 6.5 - 15.0 Lakhs/mo,"Rs. 2,000 - 35,000",Doctors / Medical Director,10:00 AM - 9:00 PM (Regular Business Hours),"SahayShakti SmartClinic Engine: Direct WhatsApp appointment scheduling, patient review showcase, and automated Google Map SEO rank booster.",HOT (Zero Web Presence / High Revenue),Uncontacted
SST-REAL-ROH-0273,Kumar Medical & Maternity Centre,Dental & Healthcare Clinics,North West,110088,"Rohini, Delhi",27479410,NO OFFICIAL WEBSITE (High Vulnerability),Rs. 6.5 - 15.0 Lakhs/mo,"Rs. 2,000 - 35,000",Doctors / Medical Director,10:00 AM - 9:00 PM (Regular Business Hours),"SahayShakti SmartClinic Engine: Direct WhatsApp appointment scheduling, patient review showcase, and automated Google Map SEO rank booster.",HOT (Zero Web Presence / High Revenue),Uncontacted
SST-REAL-ROH-0274,DGD Shalimar Bagh AC1,Dental & Healthcare Clinics,North,110088,"Rohini, Delhi",27487505,NO OFFICIAL WEBSITE (High Vulnerability),Rs. 6.5 - 15.0 Lakhs/mo,"Rs. 2,000 - 35,000",Doctors / Medical Director,10:00 AM - 9:00 PM (Regular Business Hours),"SahayShakti SmartClinic Engine: Direct WhatsApp appointment scheduling, patient review showcase, and automated Google Map SEO rank booster.",HOT (Zero Web Presence / High Revenue),Uncontacted
SST-REAL-ROH-0275,Aam Aadhmi Polyclinic Rohini Sec 4,Dental & Healthcare Clinics,North West,110085,"Rohini, Delhi",27045890,NO OFFICIAL WEBSITE (High Vulnerability),Rs. 6.5 - 15.0 Lakhs/mo,"Rs. 2,000 - 35,000",Doctors / Medical Director,10:00 AM - 9:00 PM (Regular Business Hours),"SahayShakti SmartClinic Engine: Direct WhatsApp appointment scheduling, patient review showcase, and automated Google Map SEO rank booster.",HOT (Zero Web Presence / High Revenue),Uncontacted
SST-REAL-ROH-0276,Brahm Shakti Hospital,Dental & Healthcare Clinics,North West,110086,"Rohini, Delhi",27537967,NO OFFICIAL WEBSITE (High Vulnerability),Rs. 6.5 - 15.0 Lakhs/mo,"Rs. 2,000 - 35,000",Doctors / Medical Director,10:00 AM - 9:00 PM (Regular Business Hours),"SahayShakti SmartClinic Engine: Direct WhatsApp appointment scheduling, patient review showcase, and automated Google Map SEO rank booster.",HOT (Zero Web Presence / High Revenue),Uncontacted
SST-REAL-ROH-0277,Spring Dales Medical Centre,Dental & Healthcare Clinics,North West,110085,"Rohini, Delhi",+91 01127563963,NO OFFICIAL WEBSITE (High Vulnerability),Rs. 6.5 - 15.0 Lakhs/mo,"Rs. 2,000 - 35,000",Doctors / Medical Director,Mo-Sa 09:00-21:00,"SahayShakti SmartClinic Engine: Direct WhatsApp appointment scheduling, patient review showcase, and automated Google Map SEO rank booster.",HOT (Zero Web Presence / High Revenue),Uncontacted
SST-REAL-ROH-0278,MCW Shakurpur,Dental & Healthcare Clinics,North West,110034,"Rohini, Delhi",27183448,NO OFFICIAL WEBSITE (High Vulnerability),Rs. 6.5 - 15.0 Lakhs/mo,"Rs. 2,000 - 35,000",Doctors / Medical Director,10:00 AM - 9:00 PM (Regular Business Hours),"SahayShakti SmartClinic Engine: Direct WhatsApp appointment scheduling, patient review showcase, and automated Google Map SEO rank booster.",HOT (Zero Web Presence / High Revenue),Uncontacted
SST-REAL-ROH-0279,DGD Shakur Pur I Block,Dental & Healthcare Clinics,North West,110034,"Rohini, Delhi",27187380,NO OFFICIAL WEBSITE (High Vulnerability),Rs. 6.5 - 15.0 Lakhs/mo,"Rs. 2,000 - 35,000",Doctors / Medical Director,10:00 AM - 9:00 PM (Regular Business Hours),"SahayShakti SmartClinic Engine: Direct WhatsApp appointment scheduling, patient review showcase, and automated Google Map SEO rank booster.",HOT (Zero Web Presence / High Revenue),Uncontacted
SST-REAL-ROH-0280,DGD Mangol Puri,Dental & Healthcare Clinics,North West,110083,"Rohini, Delhi",27922997,NO OFFICIAL WEBSITE (High Vulnerability),Rs. 6.5 - 15.0 Lakhs/mo,"Rs. 2,000 - 35,000",Doctors / Medical Director,10:00 AM - 9:00 PM (Regular Business Hours),"SahayShakti SmartClinic Engine: Direct WhatsApp appointment scheduling, patient review showcase, and automated Google Map SEO rank booster.",HOT (Zero Web Presence / High Revenue),Uncontacted
SST-REAL-ROH-0281,D.R. Nursing Home,Dental & Healthcare Clinics,North West,110052,"Rohini, Delhi",27229394,NO OFFICIAL WEBSITE (High Vulnerability),Rs. 6.5 - 15.0 Lakhs/mo,"Rs. 2,000 - 35,000",Doctors / Medical Director,10:00 AM - 9:00 PM (Regular Business Hours),"SahayShakti SmartClinic Engine: Direct WhatsApp appointment scheduling, patient review showcase, and automated Google Map SEO rank booster.",HOT (Zero Web Presence / High Revenue),Uncontacted
SST-REAL-ROH-0282,Dispensary Sultanpuri B Block,Dental & Healthcare Clinics,North West,110086,"Rohini, Delhi",In-Person Walk-in / Listed in Local Market,NO OFFICIAL WEBSITE (High Vulnerability),Rs. 6.5 - 15.0 Lakhs/mo,"Rs. 2,000 - 35,000",Doctors / Medical Director,10:00 AM - 9:00 PM (Regular Business Hours),"SahayShakti SmartClinic Engine: Direct WhatsApp appointment scheduling, patient review showcase, and automated Google Map SEO rank booster.",HOT (Zero Web Presence / High Revenue),Uncontacted
SST-REAL-ROH-0283,Kanta Sethi Hospital,Dental & Healthcare Clinics,North West,110085,"Rohini, Delhi",27525262,NO OFFICIAL WEBSITE (High Vulnerability),Rs. 6.5 - 15.0 Lakhs/mo,"Rs. 2,000 - 35,000",Doctors / Medical Director,10:00 AM - 9:00 PM (Regular Business Hours),"SahayShakti SmartClinic Engine: Direct WhatsApp appointment scheduling, patient review showcase, and automated Google Map SEO rank booster.",HOT (Zero Web Presence / High Revenue),Uncontacted
SST-REAL-ROH-0284,MCW Pitampura,Dental & Healthcare Clinics,North West,110034,"Rohini, Delhi",27344119,NO OFFICIAL WEBSITE (High Vulnerability),Rs. 6.5 - 15.0 Lakhs/mo,"Rs. 2,000 - 35,000",Doctors / Medical Director,10:00 AM - 9:00 PM (Regular Business Hours),"SahayShakti SmartClinic Engine: Direct WhatsApp appointment scheduling, patient review showcase, and automated Google Map SEO rank booster.",HOT (Zero Web Presence / High Revenue),Uncontacted
SST-REAL-ROH-0285,NRHM Dispensary Aman Vihar,Dental & Healthcare Clinics,North West,110086,"Rohini, Delhi",25180543,NO OFFICIAL WEBSITE (High Vulnerability),Rs. 6.5 - 15.0 Lakhs/mo,"Rs. 2,000 - 35,000",Doctors / Medical Director,10:00 AM - 9:00 PM (Regular Business Hours),"SahayShakti SmartClinic Engine: Direct WhatsApp appointment scheduling, patient review showcase, and automated Google Map SEO rank booster.",HOT (Zero Web Presence / High Revenue),Uncontacted
SST-REAL-ROH-0286,Maheshwari Hospital,Dental & Healthcare Clinics,North West,110034,"Rohini, Delhi",27341460,NO OFFICIAL WEBSITE (High Vulnerability),Rs. 6.5 - 15.0 Lakhs/mo,"Rs. 2,000 - 35,000",Doctors / Medical Director,10:00 AM - 9:00 PM (Regular Business Hours),"SahayShakti SmartClinic Engine: Direct WhatsApp appointment scheduling, patient review showcase, and automated Google Map SEO rank booster.",HOT (Zero Web Presence / High Revenue),Uncontacted
SST-REAL-ROH-0287,"Naresh Goyal,MCW center rampura",Dental & Healthcare Clinics,North West,110035,"Rohini, Delhi",27395521,NO OFFICIAL WEBSITE (High Vulnerability),Rs. 6.5 - 15.0 Lakhs/mo,"Rs. 2,000 - 35,000",Doctors / Medical Director,10:00 AM - 9:00 PM (Regular Business Hours),"SahayShakti SmartClinic Engine: Direct WhatsApp appointment scheduling, patient review showcase, and automated Google Map SEO rank booster.",HOT (Zero Web Presence / High Revenue),Uncontacted
SST-REAL-ROH-0288,DGD Shalimar B Block,Dental & Healthcare Clinics,North West,110052,"Rohini, Delhi",27486246,NO OFFICIAL WEBSITE (High Vulnerability),Rs. 6.5 - 15.0 Lakhs/mo,"Rs. 2,000 - 35,000",Doctors / Medical Director,10:00 AM - 9:00 PM (Regular Business Hours),"SahayShakti SmartClinic Engine: Direct WhatsApp appointment scheduling, patient review showcase, and automated Google Map SEO rank booster.",HOT (Zero Web Presence / High Revenue),Uncontacted
SST-REAL-ROH-0290,Dantam - Complete Dental Care,Dental & Healthcare Clinics,"Shop No 1, DDA Market Tarun Enclave Pitampura",110034,"Rohini, Delhi",In-Person Walk-in / Listed in Local Market,www.Dantam.in,Rs. 6.5 - 15.0 Lakhs/mo,"Rs. 2,000 - 35,000",Doctors / Medical Director,Tu-Sa 10:30-21:00,"SahayShakti SmartClinic Engine: Direct WhatsApp appointment scheduling, patient review showcase, and automated Google Map SEO rank booster.",Warm (Needs Modern Revamp),Uncontacted
SST-REAL-ROH-0292,Sanjivani Hospital,Dental & Healthcare Clinics,West Delhi,110041,"Rohini, Delhi",In-Person Walk-in / Listed in Local Market,NO OFFICIAL WEBSITE (High Vulnerability),Rs. 6.5 - 15.0 Lakhs/mo,"Rs. 2,000 - 35,000",Doctors / Medical Director,10:00 AM - 9:00 PM (Regular Business Hours),"SahayShakti SmartClinic Engine: Direct WhatsApp appointment scheduling, patient review showcase, and automated Google Map SEO rank booster.",HOT (Zero Web Presence / High Revenue),Uncontacted
SST-REAL-ROH-0293,Satyabhama Hospital,Dental & Healthcare Clinics,West Delhi,110041,"Rohini, Delhi",In-Person Walk-in / Listed in Local Market,NO OFFICIAL WEBSITE (High Vulnerability),Rs. 6.5 - 15.0 Lakhs/mo,"Rs. 2,000 - 35,000",Doctors / Medical Director,10:00 AM - 9:00 PM (Regular Business Hours),"SahayShakti SmartClinic Engine: Direct WhatsApp appointment scheduling, patient review showcase, and automated Google Map SEO rank booster.",HOT (Zero Web Presence / High Revenue),Uncontacted
SST-REAL-ROH-0294,Jain Clinic,Dental & Healthcare Clinics,West Delhi,110063,"Rohini, Delhi",In-Person Walk-in / Listed in Local Market,NO OFFICIAL WEBSITE (High Vulnerability),Rs. 6.5 - 15.0 Lakhs/mo,"Rs. 2,000 - 35,000",Doctors / Medical Director,10:00 AM - 9:00 PM (Regular Business Hours),"SahayShakti SmartClinic Engine: Direct WhatsApp appointment scheduling, patient review showcase, and automated Google Map SEO rank booster.",HOT (Zero Web Presence / High Revenue),Uncontacted
SST-REAL-ROH-0295,Rao Raghubir Hospital,Dental & Healthcare Clinics,West Delhi,110041,"Rohini, Delhi",In-Person Walk-in / Listed in Local Market,NO OFFICIAL WEBSITE (High Vulnerability),Rs. 6.5 - 15.0 Lakhs/mo,"Rs. 2,000 - 35,000",Doctors / Medical Director,10:00 AM - 9:00 PM (Regular Business Hours),"SahayShakti SmartClinic Engine: Direct WhatsApp appointment scheduling, patient review showcase, and automated Google Map SEO rank booster.",HOT (Zero Web Presence / High Revenue),Uncontacted
SST-REAL-ROH-0296,Sodhi Nursing Home and ENT Hospital,Dental & Healthcare Clinics,West Delhi,110087,"Rohini, Delhi",In-Person Walk-in / Listed in Local Market,NO OFFICIAL WEBSITE (High Vulnerability),Rs. 6.5 - 15.0 Lakhs/mo,"Rs. 2,000 - 35,000",Doctors / Medical Director,10:00 AM - 9:00 PM (Regular Business Hours),"SahayShakti SmartClinic Engine: Direct WhatsApp appointment scheduling, patient review showcase, and automated Google Map SEO rank booster.",HOT (Zero Web Presence / High Revenue),Uncontacted
SST-REAL-ROH-0297,Mehra Hospital,Dental & Healthcare Clinics,West Delhi,110026,"Rohini, Delhi",In-Person Walk-in / Listed in Local Market,NO OFFICIAL WEBSITE (High Vulnerability),Rs. 6.5 - 15.0 Lakhs/mo,"Rs. 2,000 - 35,000",Doctors / Medical Director,10:00 AM - 9:00 PM (Regular Business Hours),"SahayShakti SmartClinic Engine: Direct WhatsApp appointment scheduling, patient review showcase, and automated Google Map SEO rank booster.",HOT (Zero Web Presence / High Revenue),Uncontacted
SST-REAL-ROH-0298,Sonia Hospital,Dental & Healthcare Clinics,West Delhi,110041,"Rohini, Delhi",In-Person Walk-in / Listed in Local Market,NO OFFICIAL WEBSITE (High Vulnerability),Rs. 6.5 - 15.0 Lakhs/mo,"Rs. 2,000 - 35,000",Doctors / Medical Director,10:00 AM - 9:00 PM (Regular Business Hours),"SahayShakti SmartClinic Engine: Direct WhatsApp appointment scheduling, patient review showcase, and automated Google Map SEO rank booster.",HOT (Zero Web Presence / High Revenue),Uncontacted
SST-REAL-ROH-0299,Shri Mahant Gurmukh Singhji Charitable Hospital,Dental & Healthcare Clinics,West Delhi,110026,"Rohini, Delhi",In-Person Walk-in / Listed in Local Market,NO OFFICIAL WEBSITE (High Vulnerability),Rs. 6.5 - 15.0 Lakhs/mo,"Rs. 2,000 - 35,000",Doctors / Medical Director,10:00 AM - 9:00 PM (Regular Business Hours),"SahayShakti SmartClinic Engine: Direct WhatsApp appointment scheduling, patient review showcase, and automated Google Map SEO rank booster.",HOT (Zero Web Presence / High Revenue),Uncontacted
SST-REAL-ROH-0300,Konarc Hospital,Dental & Healthcare Clinics,West Delhi,110041,"Rohini, Delhi",In-Person Walk-in / Listed in Local Market,NO OFFICIAL WEBSITE (High Vulnerability),Rs. 6.5 - 15.0 Lakhs/mo,"Rs. 2,000 - 35,000",Doctors / Medical Director,10:00 AM - 9:00 PM (Regular Business Hours),"SahayShakti SmartClinic Engine: Direct WhatsApp appointment scheduling, patient review showcase, and automated Google Map SEO rank booster.",HOT (Zero Web Presence / High Revenue),Uncontacted
SST-REAL-ROH-0301,Santosh Hospital,Dental & Healthcare Clinics,West Delhi,110041,"Rohini, Delhi",In-Person Walk-in / Listed in Local Market,NO OFFICIAL WEBSITE (High Vulnerability),Rs. 6.5 - 15.0 Lakhs/mo,"Rs. 2,000 - 35,000",Doctors / Medical Director,10:00 AM - 9:00 PM (Regular Business Hours),"SahayShakti SmartClinic Engine: Direct WhatsApp appointment scheduling, patient review showcase, and automated Google Map SEO rank booster.",HOT (Zero Web Presence / High Revenue),Uncontacted
SST-REAL-ROH-0302,Sumitra Hospital,Dental & Healthcare Clinics,West Delhi,110026,"Rohini, Delhi",In-Person Walk-in / Listed in Local Market,NO OFFICIAL WEBSITE (High Vulnerability),Rs. 6.5 - 15.0 Lakhs/mo,"Rs. 2,000 - 35,000",Doctors / Medical Director,10:00 AM - 9:00 PM (Regular Business Hours),"SahayShakti SmartClinic Engine: Direct WhatsApp appointment scheduling, patient review showcase, and automated Google Map SEO rank booster.",HOT (Zero Web Presence / High Revenue),Uncontacted
SST-REAL-ROH-0303,Sanchet Hospital,Dental & Healthcare Clinics,West Delhi,110087,"Rohini, Delhi",In-Person Walk-in / Listed in Local Market,NO OFFICIAL WEBSITE (High Vulnerability),Rs. 6.5 - 15.0 Lakhs/mo,"Rs. 2,000 - 35,000",Doctors / Medical Director,10:00 AM - 9:00 PM (Regular Business Hours),"SahayShakti SmartClinic Engine: Direct WhatsApp appointment scheduling, patient review showcase, and automated Google Map SEO rank booster.",HOT (Zero Web Presence / High Revenue),Uncontacted
SST-REAL-ROH-0304,Dr. Yashodhara Sharma,Dental & Healthcare Clinics,West Delhi,110063,"Rohini, Delhi",In-Person Walk-in / Listed in Local Market,NO OFFICIAL WEBSITE (High Vulnerability),Rs. 6.5 - 15.0 Lakhs/mo,"Rs. 2,000 - 35,000",Doctors / Medical Director,10:00 AM - 9:00 PM (Regular Business Hours),"SahayShakti SmartClinic Engine: Direct WhatsApp appointment scheduling, patient review showcase, and automated Google Map SEO rank booster.",HOT (Zero Web Presence / High Revenue),Uncontacted
SST-REAL-ROH-0305,Durga Diagnostic Centre,Dental & Healthcare Clinics,West Delhi,110041,"Rohini, Delhi",In-Person Walk-in / Listed in Local Market,NO OFFICIAL WEBSITE (High Vulnerability),Rs. 6.5 - 15.0 Lakhs/mo,"Rs. 2,000 - 35,000",Doctors / Medical Director,10:00 AM - 9:00 PM (Regular Business Hours),"SahayShakti SmartClinic Engine: Direct WhatsApp appointment scheduling, patient review showcase, and automated Google Map SEO rank booster.",HOT (Zero Web Presence / High Revenue),Uncontacted
SST-REAL-ROH-0306,Ardent Ganpati Hospital,Dental & Healthcare Clinics,West Delhi,110041,"Rohini, Delhi",In-Person Walk-in / Listed in Local Market,NO OFFICIAL WEBSITE (High Vulnerability),Rs. 6.5 - 15.0 Lakhs/mo,"Rs. 2,000 - 35,000",Doctors / Medical Director,10:00 AM - 9:00 PM (Regular Business Hours),"SahayShakti SmartClinic Engine: Direct WhatsApp appointment scheduling, patient review showcase, and automated Google Map SEO rank booster.",HOT (Zero Web Presence / High Revenue),Uncontacted
SST-REAL-ROH-0307,Dhruv Hospital,Dental & Healthcare Clinics,West Delhi,110083,"Rohini, Delhi",In-Person Walk-in / Listed in Local Market,NO OFFICIAL WEBSITE (High Vulnerability),Rs. 6.5 - 15.0 Lakhs/mo,"Rs. 2,000 - 35,000",Doctors / Medical Director,10:00 AM - 9:00 PM (Regular Business Hours),"SahayShakti SmartClinic Engine: Direct WhatsApp appointment scheduling, patient review showcase, and automated Google Map SEO rank booster.",HOT (Zero Web Presence / High Revenue),Uncontacted
SST-REAL-ROH-0308,Dr Suresh Garg - Eye & Laser Hospital,Dental & Healthcare Clinics,West Delhi,110063,"Rohini, Delhi",In-Person Walk-in / Listed in Local Market,NO OFFICIAL WEBSITE (High Vulnerability),Rs. 6.5 - 15.0 Lakhs/mo,"Rs. 2,000 - 35,000",Doctors / Medical Director,10:00 AM - 9:00 PM (Regular Business Hours),"SahayShakti SmartClinic Engine: Direct WhatsApp appointment scheduling, patient review showcase, and automated Google Map SEO rank booster.",HOT (Zero Web Presence / High Revenue),Uncontacted
SST-REAL-ROH-0309,Mansaram Hospital,Dental & Healthcare Clinics,West Delhi,110041,"Rohini, Delhi",In-Person Walk-in / Listed in Local Market,NO OFFICIAL WEBSITE (High Vulnerability),Rs. 6.5 - 15.0 Lakhs/mo,"Rs. 2,000 - 35,000",Doctors / Medical Director,10:00 AM - 9:00 PM (Regular Business Hours),"SahayShakti SmartClinic Engine: Direct WhatsApp appointment scheduling, patient review showcase, and automated Google Map SEO rank booster.",HOT (Zero Web Presence / High Revenue),Uncontacted
SST-REAL-ROH-0310,Raj Poly Clinic Hospital,Dental & Healthcare Clinics,North West Delhi,110086,"Rohini, Delhi",In-Person Walk-in / Listed in Local Market,NO OFFICIAL WEBSITE (High Vulnerability),Rs. 6.5 - 15.0 Lakhs/mo,"Rs. 2,000 - 35,000",Doctors / Medical Director,10:00 AM - 9:00 PM (Regular Business Hours),"SahayShakti SmartClinic Engine: Direct WhatsApp appointment scheduling, patient review showcase, and automated Google Map SEO rank booster.",HOT (Zero Web Presence / High Revenue),Uncontacted
SST-REAL-ROH-0311,Jain Muni Roshan Lal Charitable Hospital,Dental & Healthcare Clinics,North West Delhi,110035,"Rohini, Delhi",In-Person Walk-in / Listed in Local Market,NO OFFICIAL WEBSITE (High Vulnerability),Rs. 6.5 - 15.0 Lakhs/mo,"Rs. 2,000 - 35,000",Doctors / Medical Director,10:00 AM - 9:00 PM (Regular Business Hours),"SahayShakti SmartClinic Engine: Direct WhatsApp appointment scheduling, patient review showcase, and automated Google Map SEO rank booster.",HOT (Zero Web Presence / High Revenue),Uncontacted
SST-REAL-ROH-0312,Dr. Mahesh Kapoor,Dental & Healthcare Clinics,North West Delhi,110083,"Rohini, Delhi",In-Person Walk-in / Listed in Local Market,NO OFFICIAL WEBSITE (High Vulnerability),Rs. 6.5 - 15.0 Lakhs/mo,"Rs. 2,000 - 35,000",Doctors / Medical Director,10:00 AM - 9:00 PM (Regular Business Hours),"SahayShakti SmartClinic Engine: Direct WhatsApp appointment scheduling, patient review showcase, and automated Google Map SEO rank booster.",HOT (Zero Web Presence / High Revenue),Uncontacted
SST-REAL-ROH-0313,North Delhi Diabetes Center,Dental & Healthcare Clinics,North West Delhi,110085,"Rohini, Delhi",In-Person Walk-in / Listed in Local Market,NO OFFICIAL WEBSITE (High Vulnerability),Rs. 6.5 - 15.0 Lakhs/mo,"Rs. 2,000 - 35,000",Doctors / Medical Director,10:00 AM - 9:00 PM (Regular Business Hours),"SahayShakti SmartClinic Engine: Direct WhatsApp appointment scheduling, patient review showcase, and automated Google Map SEO rank booster.",HOT (Zero Web Presence / High Revenue),Uncontacted
SST-REAL-ROH-0314,Kesar Hospital,Dental & Healthcare Clinics,North West Delhi,110086,"Rohini, Delhi",In-Person Walk-in / Listed in Local Market,NO OFFICIAL WEBSITE (High Vulnerability),Rs. 6.5 - 15.0 Lakhs/mo,"Rs. 2,000 - 35,000",Doctors / Medical Director,10:00 AM - 9:00 PM (Regular Business Hours),"SahayShakti SmartClinic Engine: Direct WhatsApp appointment scheduling, patient review showcase, and automated Google Map SEO rank booster.",HOT (Zero Web Presence / High Revenue),Uncontacted
SST-REAL-ROH-0315,Devansh Hospital,Dental & Healthcare Clinics,North Delhi,110039,"Rohini, Delhi",In-Person Walk-in / Listed in Local Market,NO OFFICIAL WEBSITE (High Vulnerability),Rs. 6.5 - 15.0 Lakhs/mo,"Rs. 2,000 - 35,000",Doctors / Medical Director,10:00 AM - 9:00 PM (Regular Business Hours),"SahayShakti SmartClinic Engine: Direct WhatsApp appointment scheduling, patient review showcase, and automated Google Map SEO rank booster.",HOT (Zero Web Presence / High Revenue),Uncontacted
SST-REAL-ROH-0316,Hitaishi Hospital,Dental & Healthcare Clinics,North West Delhi,110085,"Rohini, Delhi",In-Person Walk-in / Listed in Local Market,NO OFFICIAL WEBSITE (High Vulnerability),Rs. 6.5 - 15.0 Lakhs/mo,"Rs. 2,000 - 35,000",Doctors / Medical Director,10:00 AM - 9:00 PM (Regular Business Hours),"SahayShakti SmartClinic Engine: Direct WhatsApp appointment scheduling, patient review showcase, and automated Google Map SEO rank booster.",HOT (Zero Web Presence / High Revenue),Uncontacted
SST-REAL-ROH-0317,Dispensary Child Welfare Centre,Dental & Healthcare Clinics,North West Delhi,110034,"Rohini, Delhi",In-Person Walk-in / Listed in Local Market,NO OFFICIAL WEBSITE (High Vulnerability),Rs. 6.5 - 15.0 Lakhs/mo,"Rs. 2,000 - 35,000",Doctors / Medical Director,10:00 AM - 9:00 PM (Regular Business Hours),"SahayShakti SmartClinic Engine: Direct WhatsApp appointment scheduling, patient review showcase, and automated Google Map SEO rank booster.",HOT (Zero Web Presence / High Revenue),Uncontacted
SST-REAL-ROH-0318,Airmid Hospital,Dental & Healthcare Clinics,North Delhi,110042,"Rohini, Delhi",In-Person Walk-in / Listed in Local Market,NO OFFICIAL WEBSITE (High Vulnerability),Rs. 6.5 - 15.0 Lakhs/mo,"Rs. 2,000 - 35,000",Doctors / Medical Director,10:00 AM - 9:00 PM (Regular Business Hours),"SahayShakti SmartClinic Engine: Direct WhatsApp appointment scheduling, patient review showcase, and automated Google Map SEO rank booster.",HOT (Zero Web Presence / High Revenue),Uncontacted
SST-REAL-ROH-0319,Gahlot Hospital,Dental & Healthcare Clinics,North West Delhi,110081,"Rohini, Delhi",In-Person Walk-in / Listed in Local Market,NO OFFICIAL WEBSITE (High Vulnerability),Rs. 6.5 - 15.0 Lakhs/mo,"Rs. 2,000 - 35,000",Doctors / Medical Director,10:00 AM - 9:00 PM (Regular Business Hours),"SahayShakti SmartClinic Engine: Direct WhatsApp appointment scheduling, patient review showcase, and automated Google Map SEO rank booster.",HOT (Zero Web Presence / High Revenue),Uncontacted
SST-REAL-ROH-0320,ESI TB Hospital,Dental & Healthcare Clinics,North Delhi,110042,"Rohini, Delhi",In-Person Walk-in / Listed in Local Market,NO OFFICIAL WEBSITE (High Vulnerability),Rs. 6.5 - 15.0 Lakhs/mo,"Rs. 2,000 - 35,000",Doctors / Medical Director,10:00 AM - 9:00 PM (Regular Business Hours),"SahayShakti SmartClinic Engine: Direct WhatsApp appointment scheduling, patient review showcase, and automated Google Map SEO rank booster.",HOT (Zero Web Presence / High Revenue),Uncontacted
SST-REAL-ROH-0321,Navjeevan Hospital,Dental & Healthcare Clinics,North West Delhi,110088,"Rohini, Delhi",In-Person Walk-in / Listed in Local Market,NO OFFICIAL WEBSITE (High Vulnerability),Rs. 6.5 - 15.0 Lakhs/mo,"Rs. 2,000 - 35,000",Doctors / Medical Director,10:00 AM - 9:00 PM (Regular Business Hours),"SahayShakti SmartClinic Engine: Direct WhatsApp appointment scheduling, patient review showcase, and automated Google Map SEO rank booster.",HOT (Zero Web Presence / High Revenue),Uncontacted
SST-REAL-ROH-0322,Atul Path Labs and Eye Clinic,Dental & Healthcare Clinics,North West Delhi,110085,"Rohini, Delhi",In-Person Walk-in / Listed in Local Market,NO OFFICIAL WEBSITE (High Vulnerability),Rs. 6.5 - 15.0 Lakhs/mo,"Rs. 2,000 - 35,000",Doctors / Medical Director,10:00 AM - 9:00 PM (Regular Business Hours),"SahayShakti SmartClinic Engine: Direct WhatsApp appointment scheduling, patient review showcase, and automated Google Map SEO rank booster.",HOT (Zero Web Presence / High Revenue),Uncontacted
SST-REAL-ROH-0323,Delhi Global Hospital,Dental & Healthcare Clinics,North Delhi,110042,"Rohini, Delhi",In-Person Walk-in / Listed in Local Market,NO OFFICIAL WEBSITE (High Vulnerability),Rs. 6.5 - 15.0 Lakhs/mo,"Rs. 2,000 - 35,000",Doctors / Medical Director,10:00 AM - 9:00 PM (Regular Business Hours),"SahayShakti SmartClinic Engine: Direct WhatsApp appointment scheduling, patient review showcase, and automated Google Map SEO rank booster.",HOT (Zero Web Presence / High Revenue),Uncontacted
SST-REAL-ROH-0324,Choudhary Hospital,Dental & Healthcare Clinics,North West Delhi,110034,"Rohini, Delhi",In-Person Walk-in / Listed in Local Market,NO OFFICIAL WEBSITE (High Vulnerability),Rs. 6.5 - 15.0 Lakhs/mo,"Rs. 2,000 - 35,000",Doctors / Medical Director,10:00 AM - 9:00 PM (Regular Business Hours),"SahayShakti SmartClinic Engine: Direct WhatsApp appointment scheduling, patient review showcase, and automated Google Map SEO rank booster.",HOT (Zero Web Presence / High Revenue),Uncontacted
SST-REAL-ROH-0325,Saransh Hospital,Dental & Healthcare Clinics,North West Delhi,110034,"Rohini, Delhi",In-Person Walk-in / Listed in Local Market,NO OFFICIAL WEBSITE (High Vulnerability),Rs. 6.5 - 15.0 Lakhs/mo,"Rs. 2,000 - 35,000",Doctors / Medical Director,10:00 AM - 9:00 PM (Regular Business Hours),"SahayShakti SmartClinic Engine: Direct WhatsApp appointment scheduling, patient review showcase, and automated Google Map SEO rank booster.",HOT (Zero Web Presence / High Revenue),Uncontacted
SST-REAL-ROH-0326,Jeevandan Hospital,Dental & Healthcare Clinics,North West Delhi,110086,"Rohini, Delhi",In-Person Walk-in / Listed in Local Market,NO OFFICIAL WEBSITE (High Vulnerability),Rs. 6.5 - 15.0 Lakhs/mo,"Rs. 2,000 - 35,000",Doctors / Medical Director,10:00 AM - 9:00 PM (Regular Business Hours),"SahayShakti SmartClinic Engine: Direct WhatsApp appointment scheduling, patient review showcase, and automated Google Map SEO rank booster.",HOT (Zero Web Presence / High Revenue),Uncontacted
SST-REAL-ROH-0327,Jeevan Daan Hospital,Dental & Healthcare Clinics,North West Delhi,110086,"Rohini, Delhi",In-Person Walk-in / Listed in Local Market,NO OFFICIAL WEBSITE (High Vulnerability),Rs. 6.5 - 15.0 Lakhs/mo,"Rs. 2,000 - 35,000",Doctors / Medical Director,10:00 AM - 9:00 PM (Regular Business Hours),"SahayShakti SmartClinic Engine: Direct WhatsApp appointment scheduling, patient review showcase, and automated Google Map SEO rank booster.",HOT (Zero Web Presence / High Revenue),Uncontacted
SST-REAL-ROH-0328,Aam Admi Polyclinic,Dental & Healthcare Clinics,North West Delhi,110085,"Rohini, Delhi",In-Person Walk-in / Listed in Local Market,NO OFFICIAL WEBSITE (High Vulnerability),Rs. 6.5 - 15.0 Lakhs/mo,"Rs. 2,000 - 35,000",Doctors / Medical Director,10:00 AM - 9:00 PM (Regular Business Hours),"SahayShakti SmartClinic Engine: Direct WhatsApp appointment scheduling, patient review showcase, and automated Google Map SEO rank booster.",HOT (Zero Web Presence / High Revenue),Uncontacted
SST-REAL-ROH-0329,Golden Health Care Center,Dental & Healthcare Clinics,North Delhi,110085,"Rohini, Delhi",In-Person Walk-in / Listed in Local Market,NO OFFICIAL WEBSITE (High Vulnerability),Rs. 6.5 - 15.0 Lakhs/mo,"Rs. 2,000 - 35,000",Doctors / Medical Director,10:00 AM - 9:00 PM (Regular Business Hours),"SahayShakti SmartClinic Engine: Direct WhatsApp appointment scheduling, patient review showcase, and automated Google Map SEO rank booster.",HOT (Zero Web Presence / High Revenue),Uncontacted
SST-REAL-ROH-0330,JK Gupta clinic,Dental & Healthcare Clinics,North West Delhi,110035,"Rohini, Delhi",In-Person Walk-in / Listed in Local Market,NO OFFICIAL WEBSITE (High Vulnerability),Rs. 6.5 - 15.0 Lakhs/mo,"Rs. 2,000 - 35,000",Doctors / Medical Director,10:00 AM - 9:00 PM (Regular Business Hours),"SahayShakti SmartClinic Engine: Direct WhatsApp appointment scheduling, patient review showcase, and automated Google Map SEO rank booster.",HOT (Zero Web Presence / High Revenue),Uncontacted
SST-REAL-ROH-0331,Marg Hospital,Dental & Healthcare Clinics,North West Delhi,110086,"Rohini, Delhi",In-Person Walk-in / Listed in Local Market,NO OFFICIAL WEBSITE (High Vulnerability),Rs. 6.5 - 15.0 Lakhs/mo,"Rs. 2,000 - 35,000",Doctors / Medical Director,10:00 AM - 9:00 PM (Regular Business Hours),"SahayShakti SmartClinic Engine: Direct WhatsApp appointment scheduling, patient review showcase, and automated Google Map SEO rank booster.",HOT (Zero Web Presence / High Revenue),Uncontacted
SST-REAL-ROH-0332,Patliputra Nursing Home,Dental & Healthcare Clinics,North Delhi,110042,"Rohini, Delhi",In-Person Walk-in / Listed in Local Market,NO OFFICIAL WEBSITE (High Vulnerability),Rs. 6.5 - 15.0 Lakhs/mo,"Rs. 2,000 - 35,000",Doctors / Medical Director,10:00 AM - 9:00 PM (Regular Business Hours),"SahayShakti SmartClinic Engine: Direct WhatsApp appointment scheduling, patient review showcase, and automated Google Map SEO rank booster.",HOT (Zero Web Presence / High Revenue),Uncontacted
SST-REAL-ROH-0333,Bansal Dental Care,Dental & Healthcare Clinics,North West Delhi,110035,"Rohini, Delhi",In-Person Walk-in / Listed in Local Market,NO OFFICIAL WEBSITE (High Vulnerability),Rs. 6.5 - 15.0 Lakhs/mo,"Rs. 2,000 - 35,000",Doctors / Medical Director,10:00 AM - 9:00 PM (Regular Business Hours),"SahayShakti SmartClinic Engine: Direct WhatsApp appointment scheduling, patient review showcase, and automated Google Map SEO rank booster.",HOT (Zero Web Presence / High Revenue),Uncontacted
SST-REAL-ROH-0334,Skylife Multispeciality Hospital,Dental & Healthcare Clinics,North Delhi,110042,"Rohini, Delhi",In-Person Walk-in / Listed in Local Market,NO OFFICIAL WEBSITE (High Vulnerability),Rs. 6.5 - 15.0 Lakhs/mo,"Rs. 2,000 - 35,000",Doctors / Medical Director,10:00 AM - 9:00 PM (Regular Business Hours),"SahayShakti SmartClinic Engine: Direct WhatsApp appointment scheduling, patient review showcase, and automated Google Map SEO rank booster.",HOT (Zero Web Presence / High Revenue),Uncontacted
SST-REAL-ROH-0335,Naturopathy Hospital,Dental & Healthcare Clinics,North Delhi,110085,"Rohini, Delhi",In-Person Walk-in / Listed in Local Market,NO OFFICIAL WEBSITE (High Vulnerability),Rs. 6.5 - 15.0 Lakhs/mo,"Rs. 2,000 - 35,000",Doctors / Medical Director,10:00 AM - 9:00 PM (Regular Business Hours),"SahayShakti SmartClinic Engine: Direct WhatsApp appointment scheduling, patient review showcase, and automated Google Map SEO rank booster.",HOT (Zero Web Presence / High Revenue),Uncontacted
SST-REAL-ROH-0336,Tyagi Hospital,Dental & Healthcare Clinics,North West Delhi,110083,"Rohini, Delhi",In-Person Walk-in / Listed in Local Market,NO OFFICIAL WEBSITE (High Vulnerability),Rs. 6.5 - 15.0 Lakhs/mo,"Rs. 2,000 - 35,000",Doctors / Medical Director,10:00 AM - 9:00 PM (Regular Business Hours),"SahayShakti SmartClinic Engine: Direct WhatsApp appointment scheduling, patient review showcase, and automated Google Map SEO rank booster.",HOT (Zero Web Presence / High Revenue),Uncontacted
SST-REAL-ROH-0337,Avantika Multispeciality Hospital,Dental & Healthcare Clinics,North West Delhi,110085,"Rohini, Delhi",In-Person Walk-in / Listed in Local Market,NO OFFICIAL WEBSITE (High Vulnerability),Rs. 6.5 - 15.0 Lakhs/mo,"Rs. 2,000 - 35,000",Doctors / Medical Director,10:00 AM - 9:00 PM (Regular Business Hours),"SahayShakti SmartClinic Engine: Direct WhatsApp appointment scheduling, patient review showcase, and automated Google Map SEO rank booster.",HOT (Zero Web Presence / High Revenue),Uncontacted
SST-REAL-ROH-0338,Lala Hansraj Gupta Polyclinic,Dental & Healthcare Clinics,North West Delhi,110085,"Rohini, Delhi",In-Person Walk-in / Listed in Local Market,NO OFFICIAL WEBSITE (High Vulnerability),Rs. 6.5 - 15.0 Lakhs/mo,"Rs. 2,000 - 35,000",Doctors / Medical Director,10:00 AM - 9:00 PM (Regular Business Hours),"SahayShakti SmartClinic Engine: Direct WhatsApp appointment scheduling, patient review showcase, and automated Google Map SEO rank booster.",HOT (Zero Web Presence / High Revenue),Uncontacted
SST-REAL-ROH-0339,Aastha Hospital,Dental & Healthcare Clinics,North Delhi,110042,"Rohini, Delhi",In-Person Walk-in / Listed in Local Market,NO OFFICIAL WEBSITE (High Vulnerability),Rs. 6.5 - 15.0 Lakhs/mo,"Rs. 2,000 - 35,000",Doctors / Medical Director,10:00 AM - 9:00 PM (Regular Business Hours),"SahayShakti SmartClinic Engine: Direct WhatsApp appointment scheduling, patient review showcase, and automated Google Map SEO rank booster.",HOT (Zero Web Presence / High Revenue),Uncontacted
SST-REAL-ROH-0340,Shri Multan Sewa Samiti Eye Care Hospital,Dental & Healthcare Clinics,North West Delhi,110034,"Rohini, Delhi",In-Person Walk-in / Listed in Local Market,NO OFFICIAL WEBSITE (High Vulnerability),Rs. 6.5 - 15.0 Lakhs/mo,"Rs. 2,000 - 35,000",Doctors / Medical Director,10:00 AM - 9:00 PM (Regular Business Hours),"SahayShakti SmartClinic Engine: Direct WhatsApp appointment scheduling, patient review showcase, and automated Google Map SEO rank booster.",HOT (Zero Web Presence / High Revenue),Uncontacted
SST-REAL-ROH-0341,Al Rida Dental and Medical Centre,Dental & Healthcare Clinics,North Delhi,110089,"Rohini, Delhi",In-Person Walk-in / Listed in Local Market,NO OFFICIAL WEBSITE (High Vulnerability),Rs. 6.5 - 15.0 Lakhs/mo,"Rs. 2,000 - 35,000",Doctors / Medical Director,10:00 AM - 9:00 PM (Regular Business Hours),"SahayShakti SmartClinic Engine: Direct WhatsApp appointment scheduling, patient review showcase, and automated Google Map SEO rank booster.",HOT (Zero Web Presence / High Revenue),Uncontacted
SST-REAL-ROH-0342,Ishan Hospital,Dental & Healthcare Clinics,North Delhi,110089,"Rohini, Delhi",In-Person Walk-in / Listed in Local Market,NO OFFICIAL WEBSITE (High Vulnerability),Rs. 6.5 - 15.0 Lakhs/mo,"Rs. 2,000 - 35,000",Doctors / Medical Director,10:00 AM - 9:00 PM (Regular Business Hours),"SahayShakti SmartClinic Engine: Direct WhatsApp appointment scheduling, patient review showcase, and automated Google Map SEO rank booster.",HOT (Zero Web Presence / High Revenue),Uncontacted
SST-REAL-ROH-0343,City Hospital 42,Dental & Healthcare Clinics,North Delhi,110042,"Rohini, Delhi",In-Person Walk-in / Listed in Local Market,NO OFFICIAL WEBSITE (High Vulnerability),Rs. 6.5 - 15.0 Lakhs/mo,"Rs. 2,000 - 35,000",Doctors / Medical Director,10:00 AM - 9:00 PM (Regular Business Hours),"SahayShakti SmartClinic Engine: Direct WhatsApp appointment scheduling, patient review showcase, and automated Google Map SEO rank booster.",HOT (Zero Web Presence / High Revenue),Uncontacted
SST-REAL-ROH-0344,Jackson Hospital & Research Centre,Dental & Healthcare Clinics,North Delhi,110089,"Rohini, Delhi",In-Person Walk-in / Listed in Local Market,NO OFFICIAL WEBSITE (High Vulnerability),Rs. 6.5 - 15.0 Lakhs/mo,"Rs. 2,000 - 35,000",Doctors / Medical Director,10:00 AM - 9:00 PM (Regular Business Hours),"SahayShakti SmartClinic Engine: Direct WhatsApp appointment scheduling, patient review showcase, and automated Google Map SEO rank booster.",HOT (Zero Web Presence / High Revenue),Uncontacted
SST-REAL-ROH-0345,Ekta Hospital,Dental & Healthcare Clinics,North Delhi,110042,"Rohini, Delhi",In-Person Walk-in / Listed in Local Market,NO OFFICIAL WEBSITE (High Vulnerability),Rs. 6.5 - 15.0 Lakhs/mo,"Rs. 2,000 - 35,000",Doctors / Medical Director,10:00 AM - 9:00 PM (Regular Business Hours),"SahayShakti SmartClinic Engine: Direct WhatsApp appointment scheduling, patient review showcase, and automated Google Map SEO rank booster.",HOT (Zero Web Presence / High Revenue),Uncontacted
SST-REAL-ROH-0346,O.P. Memorial Hospital,Dental & Healthcare Clinics,North West Delhi,110085,"Rohini, Delhi",In-Person Walk-in / Listed in Local Market,NO OFFICIAL WEBSITE (High Vulnerability),Rs. 6.5 - 15.0 Lakhs/mo,"Rs. 2,000 - 35,000",Doctors / Medical Director,10:00 AM - 9:00 PM (Regular Business Hours),"SahayShakti SmartClinic Engine: Direct WhatsApp appointment scheduling, patient review showcase, and automated Google Map SEO rank booster.",HOT (Zero Web Presence / High Revenue),Uncontacted
SST-REAL-ROH-0347,Sai Jeevan Dhara Child Care Center,Dental & Healthcare Clinics,North West Delhi,110034,"Rohini, Delhi",In-Person Walk-in / Listed in Local Market,NO OFFICIAL WEBSITE (High Vulnerability),Rs. 6.5 - 15.0 Lakhs/mo,"Rs. 2,000 - 35,000",Doctors / Medical Director,10:00 AM - 9:00 PM (Regular Business Hours),"SahayShakti SmartClinic Engine: Direct WhatsApp appointment scheduling, patient review showcase, and automated Google Map SEO rank booster.",HOT (Zero Web Presence / High Revenue),Uncontacted
SST-REAL-ROH-0348,Arogya Care,Dental & Healthcare Clinics,North West Delhi,110086,"Rohini, Delhi",In-Person Walk-in / Listed in Local Market,NO OFFICIAL WEBSITE (High Vulnerability),Rs. 6.5 - 15.0 Lakhs/mo,"Rs. 2,000 - 35,000",Doctors / Medical Director,10:00 AM - 9:00 PM (Regular Business Hours),"SahayShakti SmartClinic Engine: Direct WhatsApp appointment scheduling, patient review showcase, and automated Google Map SEO rank booster.",HOT (Zero Web Presence / High Revenue),Uncontacted
SST-REAL-ROH-0349,Ganpati clinic,Dental & Healthcare Clinics,North West Delhi,110052,"Rohini, Delhi",In-Person Walk-in / Listed in Local Market,NO OFFICIAL WEBSITE (High Vulnerability),Rs. 6.5 - 15.0 Lakhs/mo,"Rs. 2,000 - 35,000",Doctors / Medical Director,10:00 AM - 9:00 PM (Regular Business Hours),"SahayShakti SmartClinic Engine: Direct WhatsApp appointment scheduling, patient review showcase, and automated Google Map SEO rank booster.",HOT (Zero Web Presence / High Revenue),Uncontacted
SST-REAL-ROH-0350,Bawasher Hospital,Dental & Healthcare Clinics,North West Delhi,110052,"Rohini, Delhi",In-Person Walk-in / Listed in Local Market,NO OFFICIAL WEBSITE (High Vulnerability),Rs. 6.5 - 15.0 Lakhs/mo,"Rs. 2,000 - 35,000",Doctors / Medical Director,10:00 AM - 9:00 PM (Regular Business Hours),"SahayShakti SmartClinic Engine: Direct WhatsApp appointment scheduling, patient review showcase, and automated Google Map SEO rank booster.",HOT (Zero Web Presence / High Revenue),Uncontacted
SST-REAL-ROH-0351,Dr. Rajeev Arora,Dental & Healthcare Clinics,North West Delhi,110034,"Rohini, Delhi",In-Person Walk-in / Listed in Local Market,NO OFFICIAL WEBSITE (High Vulnerability),Rs. 6.5 - 15.0 Lakhs/mo,"Rs. 2,000 - 35,000",Doctors / Medical Director,10:00 AM - 9:00 PM (Regular Business Hours),"SahayShakti SmartClinic Engine: Direct WhatsApp appointment scheduling, patient review showcase, and automated Google Map SEO rank booster.",HOT (Zero Web Presence / High Revenue),Uncontacted
SST-REAL-ROH-0352,DR.B.K.Dubey,Dental & Healthcare Clinics,North Delhi,110089,"Rohini, Delhi",In-Person Walk-in / Listed in Local Market,NO OFFICIAL WEBSITE (High Vulnerability),Rs. 6.5 - 15.0 Lakhs/mo,"Rs. 2,000 - 35,000",Doctors / Medical Director,10:00 AM - 9:00 PM (Regular Business Hours),"SahayShakti SmartClinic Engine: Direct WhatsApp appointment scheduling, patient review showcase, and automated Google Map SEO rank booster.",HOT (Zero Web Presence / High Revenue),Uncontacted
SST-REAL-ROH-0353,Mathur Dental Clinic,Dental & Healthcare Clinics,North West Delhi,110083,"Rohini, Delhi",In-Person Walk-in / Listed in Local Market,NO OFFICIAL WEBSITE (High Vulnerability),Rs. 6.5 - 15.0 Lakhs/mo,"Rs. 2,000 - 35,000",Doctors / Medical Director,10:00 AM - 9:00 PM (Regular Business Hours),"SahayShakti SmartClinic Engine: Direct WhatsApp appointment scheduling, patient review showcase, and automated Google Map SEO rank booster.",HOT (Zero Web Presence / High Revenue),Uncontacted
SST-REAL-ROH-0354,Sunrise Hospital,Dental & Healthcare Clinics,North Delhi,110089,"Rohini, Delhi",In-Person Walk-in / Listed in Local Market,NO OFFICIAL WEBSITE (High Vulnerability),Rs. 6.5 - 15.0 Lakhs/mo,"Rs. 2,000 - 35,000",Doctors / Medical Director,10:00 AM - 9:00 PM (Regular Business Hours),"SahayShakti SmartClinic Engine: Direct WhatsApp appointment scheduling, patient review showcase, and automated Google Map SEO rank booster.",HOT (Zero Web Presence / High Revenue),Uncontacted
SST-REAL-ROH-0355,Raj Nursing Home & Orthopaedic Center,Dental & Healthcare Clinics,North Delhi,110042,"Rohini, Delhi",In-Person Walk-in / Listed in Local Market,NO OFFICIAL WEBSITE (High Vulnerability),Rs. 6.5 - 15.0 Lakhs/mo,"Rs. 2,000 - 35,000",Doctors / Medical Director,10:00 AM - 9:00 PM (Regular Business Hours),"SahayShakti SmartClinic Engine: Direct WhatsApp appointment scheduling, patient review showcase, and automated Google Map SEO rank booster.",HOT (Zero Web Presence / High Revenue),Uncontacted
SST-REAL-ROH-0356,Balaji Health centre,Dental & Healthcare Clinics,North West Delhi,110035,"Rohini, Delhi",In-Person Walk-in / Listed in Local Market,NO OFFICIAL WEBSITE (High Vulnerability),Rs. 6.5 - 15.0 Lakhs/mo,"Rs. 2,000 - 35,000",Doctors / Medical Director,10:00 AM - 9:00 PM (Regular Business Hours),"SahayShakti SmartClinic Engine: Direct WhatsApp appointment scheduling, patient review showcase, and automated Google Map SEO rank booster.",HOT (Zero Web Presence / High Revenue),Uncontacted
SST-REAL-ROH-0357,Delhi New born Centre,Dental & Healthcare Clinics,North West Delhi,110034,"Rohini, Delhi",In-Person Walk-in / Listed in Local Market,NO OFFICIAL WEBSITE (High Vulnerability),Rs. 6.5 - 15.0 Lakhs/mo,"Rs. 2,000 - 35,000",Doctors / Medical Director,10:00 AM - 9:00 PM (Regular Business Hours),"SahayShakti SmartClinic Engine: Direct WhatsApp appointment scheduling, patient review showcase, and automated Google Map SEO rank booster.",HOT (Zero Web Presence / High Revenue),Uncontacted
SST-REAL-ROH-0358,Kukreja Hospital,Dental & Healthcare Clinics,North West Delhi,110086,"Rohini, Delhi",In-Person Walk-in / Listed in Local Market,NO OFFICIAL WEBSITE (High Vulnerability),Rs. 6.5 - 15.0 Lakhs/mo,"Rs. 2,000 - 35,000",Doctors / Medical Director,10:00 AM - 9:00 PM (Regular Business Hours),"SahayShakti SmartClinic Engine: Direct WhatsApp appointment scheduling, patient review showcase, and automated Google Map SEO rank booster.",HOT (Zero Web Presence / High Revenue),Uncontacted
SST-REAL-ROH-0359,Metro Dental Care,Dental & Healthcare Clinics,North Delhi,110042,"Rohini, Delhi",In-Person Walk-in / Listed in Local Market,NO OFFICIAL WEBSITE (High Vulnerability),Rs. 6.5 - 15.0 Lakhs/mo,"Rs. 2,000 - 35,000",Doctors / Medical Director,10:00 AM - 9:00 PM (Regular Business Hours),"SahayShakti SmartClinic Engine: Direct WhatsApp appointment scheduling, patient review showcase, and automated Google Map SEO rank booster.",HOT (Zero Web Presence / High Revenue),Uncontacted
SST-REAL-ROH-0360,New Rohini Hospital,Dental & Healthcare Clinics,North West Delhi,110085,"Rohini, Delhi",In-Person Walk-in / Listed in Local Market,NO OFFICIAL WEBSITE (High Vulnerability),Rs. 6.5 - 15.0 Lakhs/mo,"Rs. 2,000 - 35,000",Doctors / Medical Director,10:00 AM - 9:00 PM (Regular Business Hours),"SahayShakti SmartClinic Engine: Direct WhatsApp appointment scheduling, patient review showcase, and automated Google Map SEO rank booster.",HOT (Zero Web Presence / High Revenue),Uncontacted
SST-REAL-ROH-0361,Rustagi ENT Clinic,Dental & Healthcare Clinics,North West Delhi,110035,"Rohini, Delhi",In-Person Walk-in / Listed in Local Market,NO OFFICIAL WEBSITE (High Vulnerability),Rs. 6.5 - 15.0 Lakhs/mo,"Rs. 2,000 - 35,000",Doctors / Medical Director,10:00 AM - 9:00 PM (Regular Business Hours),"SahayShakti SmartClinic Engine: Direct WhatsApp appointment scheduling, patient review showcase, and automated Google Map SEO rank booster.",HOT (Zero Web Presence / High Revenue),Uncontacted
SST-REAL-ROH-0362,Sanjeevan Surgical Centre,Dental & Healthcare Clinics,North West Delhi,110085,"Rohini, Delhi",In-Person Walk-in / Listed in Local Market,NO OFFICIAL WEBSITE (High Vulnerability),Rs. 6.5 - 15.0 Lakhs/mo,"Rs. 2,000 - 35,000",Doctors / Medical Director,10:00 AM - 9:00 PM (Regular Business Hours),"SahayShakti SmartClinic Engine: Direct WhatsApp appointment scheduling, patient review showcase, and automated Google Map SEO rank booster.",HOT (Zero Web Presence / High Revenue),Uncontacted
SST-REAL-ROH-0363,Gupta Eye & Gynae Clinic,Dental & Healthcare Clinics,North West Delhi,110035,"Rohini, Delhi",In-Person Walk-in / Listed in Local Market,NO OFFICIAL WEBSITE (High Vulnerability),Rs. 6.5 - 15.0 Lakhs/mo,"Rs. 2,000 - 35,000",Doctors / Medical Director,10:00 AM - 9:00 PM (Regular Business Hours),"SahayShakti SmartClinic Engine: Direct WhatsApp appointment scheduling, patient review showcase, and automated Google Map SEO rank booster.",HOT (Zero Web Presence / High Revenue),Uncontacted
SST-REAL-ROH-0364,Delhi Eye Care Centre,Dental & Healthcare Clinics,North West Delhi,110035,"Rohini, Delhi",In-Person Walk-in / Listed in Local Market,NO OFFICIAL WEBSITE (High Vulnerability),Rs. 6.5 - 15.0 Lakhs/mo,"Rs. 2,000 - 35,000",Doctors / Medical Director,10:00 AM - 9:00 PM (Regular Business Hours),"SahayShakti SmartClinic Engine: Direct WhatsApp appointment scheduling, patient review showcase, and automated Google Map SEO rank booster.",HOT (Zero Web Presence / High Revenue),Uncontacted
SST-REAL-ROH-0365,Nirvana Hospital,Dental & Healthcare Clinics,North Delhi,110089,"Rohini, Delhi",In-Person Walk-in / Listed in Local Market,NO OFFICIAL WEBSITE (High Vulnerability),Rs. 6.5 - 15.0 Lakhs/mo,"Rs. 2,000 - 35,000",Doctors / Medical Director,10:00 AM - 9:00 PM (Regular Business Hours),"SahayShakti SmartClinic Engine: Direct WhatsApp appointment scheduling, patient review showcase, and automated Google Map SEO rank booster.",HOT (Zero Web Presence / High Revenue),Uncontacted
SST-REAL-ROH-0384,Government Dispensary,Dental & Healthcare Clinics,"Rohini Commercial Hub (Near Lat: 28.671, Lon: 77.151)",110085,"Rohini, Delhi",In-Person Walk-in / Listed in Local Market,NO OFFICIAL WEBSITE (High Vulnerability),Rs. 6.5 - 15.0 Lakhs/mo,"Rs. 2,000 - 35,000",Doctors / Medical Director,10:00 AM - 9:00 PM (Regular Business Hours),"SahayShakti SmartClinic Engine: Direct WhatsApp appointment scheduling, patient review showcase, and automated Google Map SEO rank booster.",HOT (Zero Web Presence / High Revenue),Uncontacted
SST-REAL-ROH-0385,बहल होलिस्टिक हेल्थ सेंटर,Dental & Healthcare Clinics,A-7 Nimri Colony,110052,"Rohini, Delhi",27306614,NO OFFICIAL WEBSITE (High Vulnerability),Rs. 6.5 - 15.0 Lakhs/mo,"Rs. 2,000 - 35,000",Doctors / Medical Director,10:00 AM - 9:00 PM (Regular Business Hours),"SahayShakti SmartClinic Engine: Direct WhatsApp appointment scheduling, patient review showcase, and automated Google Map SEO rank booster.",HOT (Zero Web Presence / High Revenue),Uncontacted
SST-REAL-ROH-0387,Gym's Kook,Dental & Healthcare Clinics,S-22,110085,"Rohini, Delhi",In-Person Walk-in / Listed in Local Market,NO OFFICIAL WEBSITE (High Vulnerability),Rs. 6.5 - 15.0 Lakhs/mo,"Rs. 2,000 - 35,000",Doctors / Medical Director,Mo-Su 09:00-23:30,"SahayShakti SmartClinic Engine: Direct WhatsApp appointment scheduling, patient review showcase, and automated Google Map SEO rank booster.",HOT (Zero Web Presence / High Revenue),Uncontacted
SST-REAL-ROH-0438,Dr. Lal Pathlabs,Dental & Healthcare Clinics,"Rohini Commercial Hub (Near Lat: 28.692, Lon: 77.177)",110085,"Rohini, Delhi",In-Person Walk-in / Listed in Local Market,NO OFFICIAL WEBSITE (High Vulnerability),Rs. 6.5 - 15.0 Lakhs/mo,"Rs. 2,000 - 35,000",Doctors / Medical Director,10:00 AM - 9:00 PM (Regular Business Hours),"SahayShakti SmartClinic Engine: Direct WhatsApp appointment scheduling, patient review showcase, and automated Google Map SEO rank booster.",HOT (Zero Web Presence / High Revenue),Uncontacted
SST-REAL-ROH-0450,Aam Aadmi Mohalla Clinic,Dental & Healthcare Clinics,"Rohini Commercial Hub (Near Lat: 28.684, Lon: 77.127)",110085,"Rohini, Delhi",In-Person Walk-in / Listed in Local Market,NO OFFICIAL WEBSITE (High Vulnerability),Rs. 6.5 - 15.0 Lakhs/mo,"Rs. 2,000 - 35,000",Doctors / Medical Director,10:00 AM - 9:00 PM (Regular Business Hours),"SahayShakti SmartClinic Engine: Direct WhatsApp appointment scheduling, patient review showcase, and automated Google Map SEO rank booster.",HOT (Zero Web Presence / High Revenue),Uncontacted
SST-REAL-ROH-0456,HOD Rohini - House Of Diagnostics,Dental & Healthcare Clinics,1/4 Outer Ring Road,110085,"Rohini, Delhi",In-Person Walk-in / Listed in Local Market,https://www.hod.care/locate-us/north-delhi/rohini,Rs. 6.5 - 15.0 Lakhs/mo,"Rs. 2,000 - 35,000",Doctors / Medical Director,10:00 AM - 9:00 PM (Regular Business Hours),"SahayShakti SmartClinic Engine: Direct WhatsApp appointment scheduling, patient review showcase, and automated Google Map SEO rank booster.",Warm (Needs Modern Revamp),Uncontacted
SST-REAL-ROH-0457,Umeed Ki Kiran,Dental & Healthcare Clinics,20  Mahendra Park,110033,"Rohini, Delhi",+91-11-2764-2481,https://ukkdelhi.org/,Rs. 6.5 - 15.0 Lakhs/mo,"Rs. 2,000 - 35,000",Doctors / Medical Director,10:00 AM - 9:00 PM (Regular Business Hours),"SahayShakti SmartClinic Engine: Direct WhatsApp appointment scheduling, patient review showcase, and automated Google Map SEO rank booster.",Warm (Needs Modern Revamp),Uncontacted
SST-REAL-ROH-0468,Shiva Seva Free Dispensary,Dental & Healthcare Clinics,1  Jahangirpuri,110033,"Rohini, Delhi",In-Person Walk-in / Listed in Local Market,NO OFFICIAL WEBSITE (High Vulnerability),Rs. 6.5 - 15.0 Lakhs/mo,"Rs. 2,000 - 35,000",Doctors / Medical Director,10:00 AM - 9:00 PM (Regular Business Hours),"SahayShakti SmartClinic Engine: Direct WhatsApp appointment scheduling, patient review showcase, and automated Google Map SEO rank booster.",HOT (Zero Web Presence / High Revenue),Uncontacted
SST-REAL-ROH-0473,Mahadev Medicos,Dental & Healthcare Clinics,952  Jahangirpuri,110033,"Rohini, Delhi",In-Person Walk-in / Listed in Local Market,NO OFFICIAL WEBSITE (High Vulnerability),Rs. 6.5 - 15.0 Lakhs/mo,"Rs. 2,000 - 35,000",Doctors / Medical Director,10:00 AM - 9:00 PM (Regular Business Hours),"SahayShakti SmartClinic Engine: Direct WhatsApp appointment scheduling, patient review showcase, and automated Google Map SEO rank booster.",HOT (Zero Web Presence / High Revenue),Uncontacted
SST-REAL-ROH-0477,Pal Pharmacy,Dental & Healthcare Clinics,1181  Jahangirpuri,110033,"Rohini, Delhi",+91-9911-576340;+91-90848-38482,NO OFFICIAL WEBSITE (High Vulnerability),Rs. 6.5 - 15.0 Lakhs/mo,"Rs. 2,000 - 35,000",Doctors / Medical Director,10:00 AM - 9:00 PM (Regular Business Hours),"SahayShakti SmartClinic Engine: Direct WhatsApp appointment scheduling, patient review showcase, and automated Google Map SEO rank booster.",HOT (Zero Web Presence / High Revenue),Uncontacted
SST-REAL-ROH-0478,Prantika Clinic,Dental & Healthcare Clinics,"Rohini Commercial Hub (Near Lat: 28.723, Lon: 77.170)",110085,"Rohini, Delhi",In-Person Walk-in / Listed in Local Market,NO OFFICIAL WEBSITE (High Vulnerability),Rs. 6.5 - 15.0 Lakhs/mo,"Rs. 2,000 - 35,000",Doctors / Medical Director,10:00 AM - 9:00 PM (Regular Business Hours),"SahayShakti SmartClinic Engine: Direct WhatsApp appointment scheduling, patient review showcase, and automated Google Map SEO rank booster.",HOT (Zero Web Presence / High Revenue),Uncontacted
SST-REAL-ROH-0481,Health Care Medicos,Dental & Healthcare Clinics,502  Jahangirpuri,110033,"Rohini, Delhi",+91-83768-80541;+91-78389-60438,NO OFFICIAL WEBSITE (High Vulnerability),Rs. 6.5 - 15.0 Lakhs/mo,"Rs. 2,000 - 35,000",Doctors / Medical Director,10:00 AM - 9:00 PM (Regular Business Hours),"SahayShakti SmartClinic Engine: Direct WhatsApp appointment scheduling, patient review showcase, and automated Google Map SEO rank booster.",HOT (Zero Web Presence / High Revenue),Uncontacted
SST-REAL-ROH-0486,Asha Wellness Health Care Blood Collection Centre,Dental & Healthcare Clinics,47  Jahangirpuri,110033,"Rohini, Delhi",+91-98100-89872;+91-90152-34057,NO OFFICIAL WEBSITE (High Vulnerability),Rs. 6.5 - 15.0 Lakhs/mo,"Rs. 2,000 - 35,000",Doctors / Medical Director,10:00 AM - 9:00 PM (Regular Business Hours),"SahayShakti SmartClinic Engine: Direct WhatsApp appointment scheduling, patient review showcase, and automated Google Map SEO rank booster.",HOT (Zero Web Presence / High Revenue),Uncontacted
SST-REAL-ROH-0490,Jyoti Medicose,Dental & Healthcare Clinics,"Rohini Commercial Hub (Near Lat: 28.731, Lon: 77.175)",110085,"Rohini, Delhi",In-Person Walk-in / Listed in Local Market,NO OFFICIAL WEBSITE (High Vulnerability),Rs. 6.5 - 15.0 Lakhs/mo,"Rs. 2,000 - 35,000",Doctors / Medical Director,10:00 AM - 9:00 PM (Regular Business Hours),"SahayShakti SmartClinic Engine: Direct WhatsApp appointment scheduling, patient review showcase, and automated Google Map SEO rank booster.",HOT (Zero Web Presence / High Revenue),Uncontacted
SST-REAL-ROH-0495,Zubaida Janana Clinic,Dental & Healthcare Clinics,714  Jahangirpuri,110033,"Rohini, Delhi",+91-95828-86889,NO OFFICIAL WEBSITE (High Vulnerability),Rs. 6.5 - 15.0 Lakhs/mo,"Rs. 2,000 - 35,000",Doctors / Medical Director,"Mo-Su 10:00-14:00, 17:00-20:00","SahayShakti SmartClinic Engine: Direct WhatsApp appointment scheduling, patient review showcase, and automated Google Map SEO rank booster.",HOT (Zero Web Presence / High Revenue),Uncontacted
SST-REAL-ROH-0514,Shri Ram Medicos,Dental & Healthcare Clinics,1992  Jahangir Puri,110033,"Rohini, Delhi",+91-98719-47122,NO OFFICIAL WEBSITE (High Vulnerability),Rs. 6.5 - 15.0 Lakhs/mo,"Rs. 2,000 - 35,000",Doctors / Medical Director,10:00 AM - 9:00 PM (Regular Business Hours),"SahayShakti SmartClinic Engine: Direct WhatsApp appointment scheduling, patient review showcase, and automated Google Map SEO rank booster.",HOT (Zero Web Presence / High Revenue),Uncontacted
SST-REAL-ROH-0517,Astha Medicare,Dental & Healthcare Clinics,1600  Jahangir Puri,110033,"Rohini, Delhi",In-Person Walk-in / Listed in Local Market,NO OFFICIAL WEBSITE (High Vulnerability),Rs. 6.5 - 15.0 Lakhs/mo,"Rs. 2,000 - 35,000",Doctors / Medical Director,10:00 AM - 9:00 PM (Regular Business Hours),"SahayShakti SmartClinic Engine: Direct WhatsApp appointment scheduling, patient review showcase, and automated Google Map SEO rank booster.",HOT (Zero Web Presence / High Revenue),Uncontacted
SST-REAL-ROH-0521,Family Clinic,Dental & Healthcare Clinics,206  Jahangir Puri,110033,"Rohini, Delhi",+91 92112 74078,NO OFFICIAL WEBSITE (High Vulnerability),Rs. 6.5 - 15.0 Lakhs/mo,"Rs. 2,000 - 35,000",Doctors / Medical Director,Mo-Sa 17:00-22:00,"SahayShakti SmartClinic Engine: Direct WhatsApp appointment scheduling, patient review showcase, and automated Google Map SEO rank booster.",HOT (Zero Web Presence / High Revenue),Uncontacted
SST-REAL-ROH-0529,Shakuntala Pharmacy,Dental & Healthcare Clinics,"Rohini Commercial Hub (Near Lat: 28.729, Lon: 77.163)",110085,"Rohini, Delhi",+91-80764-92743;+91-88266-39402,NO OFFICIAL WEBSITE (High Vulnerability),Rs. 6.5 - 15.0 Lakhs/mo,"Rs. 2,000 - 35,000",Doctors / Medical Director,10:00 AM - 9:00 PM (Regular Business Hours),"SahayShakti SmartClinic Engine: Direct WhatsApp appointment scheduling, patient review showcase, and automated Google Map SEO rank booster.",HOT (Zero Web Presence / High Revenue),Uncontacted
SST-REAL-ROH-0557,Aggarwal Mediways,Dental & Healthcare Clinics,"Rohini Commercial Hub (Near Lat: 28.733, Lon: 77.162)",110085,"Rohini, Delhi",In-Person Walk-in / Listed in Local Market,NO OFFICIAL WEBSITE (High Vulnerability),Rs. 6.5 - 15.0 Lakhs/mo,"Rs. 2,000 - 35,000",Doctors / Medical Director,10:00 AM - 9:00 PM (Regular Business Hours),"SahayShakti SmartClinic Engine: Direct WhatsApp appointment scheduling, patient review showcase, and automated Google Map SEO rank booster.",HOT (Zero Web Presence / High Revenue),Uncontacted
SST-REAL-ROH-0566,Shivam Medicos,Dental & Healthcare Clinics,"Rohini Commercial Hub (Near Lat: 28.732, Lon: 77.163)",110085,"Rohini, Delhi",In-Person Walk-in / Listed in Local Market,NO OFFICIAL WEBSITE (High Vulnerability),Rs. 6.5 - 15.0 Lakhs/mo,"Rs. 2,000 - 35,000",Doctors / Medical Director,10:00 AM - 9:00 PM (Regular Business Hours),"SahayShakti SmartClinic Engine: Direct WhatsApp appointment scheduling, patient review showcase, and automated Google Map SEO rank booster.",HOT (Zero Web Presence / High Revenue),Uncontacted
SST-REAL-ROH-0569,Sushmita Medicos,Dental & Healthcare Clinics,F-7  Mahendra Park,110085,"Rohini, Delhi",+91-98111-44951,NO OFFICIAL WEBSITE (High Vulnerability),Rs. 6.5 - 15.0 Lakhs/mo,"Rs. 2,000 - 35,000",Doctors / Medical Director,10:00 AM - 9:00 PM (Regular Business Hours),"SahayShakti SmartClinic Engine: Direct WhatsApp appointment scheduling, patient review showcase, and automated Google Map SEO rank booster.",HOT (Zero Web Presence / High Revenue),Uncontacted
SST-REAL-ROH-0573,Medicare & Maternity Center,Dental & Healthcare Clinics,904  Jahangir Puri,110033,"Rohini, Delhi",In-Person Walk-in / Listed in Local Market,NO OFFICIAL WEBSITE (High Vulnerability),Rs. 6.5 - 15.0 Lakhs/mo,"Rs. 2,000 - 35,000",Doctors / Medical Director,10:00 AM - 9:00 PM (Regular Business Hours),"SahayShakti SmartClinic Engine: Direct WhatsApp appointment scheduling, patient review showcase, and automated Google Map SEO rank booster.",HOT (Zero Web Presence / High Revenue),Uncontacted
SST-REAL-ROH-0583,Goyal Medicos,Dental & Healthcare Clinics,1001  Jahangir Puri,110033,"Rohini, Delhi",+91-99990-29006,NO OFFICIAL WEBSITE (High Vulnerability),Rs. 6.5 - 15.0 Lakhs/mo,"Rs. 2,000 - 35,000",Doctors / Medical Director,10:00 AM - 9:00 PM (Regular Business Hours),"SahayShakti SmartClinic Engine: Direct WhatsApp appointment scheduling, patient review showcase, and automated Google Map SEO rank booster.",HOT (Zero Web Presence / High Revenue),Uncontacted
SST-REAL-ROH-0588,Rehman Clinic,Dental & Healthcare Clinics,"Rohini Commercial Hub (Near Lat: 28.728, Lon: 77.178)",110085,"Rohini, Delhi",+91-99901-73164,NO OFFICIAL WEBSITE (High Vulnerability),Rs. 6.5 - 15.0 Lakhs/mo,"Rs. 2,000 - 35,000",Doctors / Medical Director,Mo-Su 17:00-22:00,"SahayShakti SmartClinic Engine: Direct WhatsApp appointment scheduling, patient review showcase, and automated Google Map SEO rank booster.",HOT (Zero Web Presence / High Revenue),Uncontacted
SST-REAL-ROH-0592,Shri Chemist,Dental & Healthcare Clinics,"Rohini Commercial Hub (Near Lat: 28.722, Lon: 77.170)",110085,"Rohini, Delhi",In-Person Walk-in / Listed in Local Market,NO OFFICIAL WEBSITE (High Vulnerability),Rs. 6.5 - 15.0 Lakhs/mo,"Rs. 2,000 - 35,000",Doctors / Medical Director,10:00 AM - 9:00 PM (Regular Business Hours),"SahayShakti SmartClinic Engine: Direct WhatsApp appointment scheduling, patient review showcase, and automated Google Map SEO rank booster.",HOT (Zero Web Presence / High Revenue),Uncontacted
SST-REAL-ROH-0595,Dashmesh Clinic,Dental & Healthcare Clinics,L-40  Mahendra Park,110085,"Rohini, Delhi",In-Person Walk-in / Listed in Local Market,NO OFFICIAL WEBSITE (High Vulnerability),Rs. 6.5 - 15.0 Lakhs/mo,"Rs. 2,000 - 35,000",Doctors / Medical Director,10:00 AM - 9:00 PM (Regular Business Hours),"SahayShakti SmartClinic Engine: Direct WhatsApp appointment scheduling, patient review showcase, and automated Google Map SEO rank booster.",HOT (Zero Web Presence / High Revenue),Uncontacted
SST-REAL-ROH-0600,Ekta Clinic,Dental & Healthcare Clinics,"Rohini Commercial Hub (Near Lat: 28.723, Lon: 77.167)",110085,"Rohini, Delhi",In-Person Walk-in / Listed in Local Market,NO OFFICIAL WEBSITE (High Vulnerability),Rs. 6.5 - 15.0 Lakhs/mo,"Rs. 2,000 - 35,000",Doctors / Medical Director,10:00 AM - 9:00 PM (Regular Business Hours),"SahayShakti SmartClinic Engine: Direct WhatsApp appointment scheduling, patient review showcase, and automated Google Map SEO rank booster.",HOT (Zero Web Presence / High Revenue),Uncontacted
SST-REAL-ROH-0602,Homeopathic clinic,Dental & Healthcare Clinics,"Rohini Commercial Hub (Near Lat: 28.722, Lon: 77.169)",110085,"Rohini, Delhi",In-Person Walk-in / Listed in Local Market,NO OFFICIAL WEBSITE (High Vulnerability),Rs. 6.5 - 15.0 Lakhs/mo,"Rs. 2,000 - 35,000",Doctors / Medical Director,10:00 AM - 9:00 PM (Regular Business Hours),"SahayShakti SmartClinic Engine: Direct WhatsApp appointment scheduling, patient review showcase, and automated Google Map SEO rank booster.",HOT (Zero Web Presence / High Revenue),Uncontacted
SST-REAL-ROH-0619,Shri Balaji Medicos,Dental & Healthcare Clinics,A-16  Mahendra Park,110033,"Rohini, Delhi",In-Person Walk-in / Listed in Local Market,NO OFFICIAL WEBSITE (High Vulnerability),Rs. 6.5 - 15.0 Lakhs/mo,"Rs. 2,000 - 35,000",Doctors / Medical Director,10:00 AM - 9:00 PM (Regular Business Hours),"SahayShakti SmartClinic Engine: Direct WhatsApp appointment scheduling, patient review showcase, and automated Google Map SEO rank booster.",HOT (Zero Web Presence / High Revenue),Uncontacted
SST-REAL-ROH-0627,Krishna Clinic,Dental & Healthcare Clinics,F-8  Mahindra Park,110085,"Rohini, Delhi",+91 96678 91694,NO OFFICIAL WEBSITE (High Vulnerability),Rs. 6.5 - 15.0 Lakhs/mo,"Rs. 2,000 - 35,000",Doctors / Medical Director,"Mo-Su 10:00-13:00, 17:00-20:00","SahayShakti SmartClinic Engine: Direct WhatsApp appointment scheduling, patient review showcase, and automated Google Map SEO rank booster.",HOT (Zero Web Presence / High Revenue),Uncontacted
SST-REAL-ROH-0651,Vardayani Charitable Multi-Speciality Hospital,Dental & Healthcare Clinics,C-33 Shah Alam Bandh Marg Adarsh Nagar,110033,"Rohini, Delhi",In-Person Walk-in / Listed in Local Market,NO OFFICIAL WEBSITE (High Vulnerability),Rs. 6.5 - 15.0 Lakhs/mo,"Rs. 2,000 - 35,000",Doctors / Medical Director,10:00 AM - 9:00 PM (Regular Business Hours),"SahayShakti SmartClinic Engine: Direct WhatsApp appointment scheduling, patient review showcase, and automated Google Map SEO rank booster.",HOT (Zero Web Presence / High Revenue),Uncontacted
SST-REAL-ROH-0665,Hanuman Medicos,Dental & Healthcare Clinics,"Rohini Commercial Hub (Near Lat: 28.733, Lon: 77.164)",110085,"Rohini, Delhi",In-Person Walk-in / Listed in Local Market,NO OFFICIAL WEBSITE (High Vulnerability),Rs. 6.5 - 15.0 Lakhs/mo,"Rs. 2,000 - 35,000",Doctors / Medical Director,10:00 AM - 9:00 PM (Regular Business Hours),"SahayShakti SmartClinic Engine: Direct WhatsApp appointment scheduling, patient review showcase, and automated Google Map SEO rank booster.",HOT (Zero Web Presence / High Revenue),Uncontacted
SST-REAL-ROH-0668,Anand Maya Multi Speciality Hospital,Dental & Healthcare Clinics,"Rohini Commercial Hub (Near Lat: 28.730, Lon: 77.160)",110085,"Rohini, Delhi",In-Person Walk-in / Listed in Local Market,NO OFFICIAL WEBSITE (High Vulnerability),Rs. 6.5 - 15.0 Lakhs/mo,"Rs. 2,000 - 35,000",Doctors / Medical Director,10:00 AM - 9:00 PM (Regular Business Hours),"SahayShakti SmartClinic Engine: Direct WhatsApp appointment scheduling, patient review showcase, and automated Google Map SEO rank booster.",HOT (Zero Web Presence / High Revenue),Uncontacted
SST-REAL-ROH-0673,Ashirwad Ayurvedic Store,Dental & Healthcare Clinics,"Rohini Commercial Hub (Near Lat: 28.724, Lon: 77.166)",110085,"Rohini, Delhi",+91-9811-773-899,NO OFFICIAL WEBSITE (High Vulnerability),Rs. 6.5 - 15.0 Lakhs/mo,"Rs. 2,000 - 35,000",Doctors / Medical Director,10:00 AM - 9:00 PM (Regular Business Hours),"SahayShakti SmartClinic Engine: Direct WhatsApp appointment scheduling, patient review showcase, and automated Google Map SEO rank booster.",HOT (Zero Web Presence / High Revenue),Uncontacted
SST-REAL-ROH-0680,Umeed Ki Kiran,Dental & Healthcare Clinics,685;686 2 Bhalaswa Dairy,110085,"Rohini, Delhi",In-Person Walk-in / Listed in Local Market,NO OFFICIAL WEBSITE (High Vulnerability),Rs. 6.5 - 15.0 Lakhs/mo,"Rs. 2,000 - 35,000",Doctors / Medical Director,10:00 AM - 9:00 PM (Regular Business Hours),"SahayShakti SmartClinic Engine: Direct WhatsApp appointment scheduling, patient review showcase, and automated Google Map SEO rank booster.",HOT (Zero Web Presence / High Revenue),Uncontacted
SST-REAL-ROH-0695,Mahajan Hospital,Dental & Healthcare Clinics,"Rohini Commercial Hub (Near Lat: 28.718, Lon: 77.171)",110085,"Rohini, Delhi",In-Person Walk-in / Listed in Local Market,NO OFFICIAL WEBSITE (High Vulnerability),Rs. 6.5 - 15.0 Lakhs/mo,"Rs. 2,000 - 35,000",Doctors / Medical Director,10:00 AM - 9:00 PM (Regular Business Hours),"SahayShakti SmartClinic Engine: Direct WhatsApp appointment scheduling, patient review showcase, and automated Google Map SEO rank booster.",HOT (Zero Web Presence / High Revenue),Uncontacted
SST-REAL-ROH-0702,Doctor Lal PathLabs,Dental & Healthcare Clinics,"Rohini Commercial Hub (Near Lat: 28.718, Lon: 77.171)",110085,"Rohini, Delhi",+91-98994-11129;+91-98104-90108,NO OFFICIAL WEBSITE (High Vulnerability),Rs. 6.5 - 15.0 Lakhs/mo,"Rs. 2,000 - 35,000",Doctors / Medical Director,10:00 AM - 9:00 PM (Regular Business Hours),"SahayShakti SmartClinic Engine: Direct WhatsApp appointment scheduling, patient review showcase, and automated Google Map SEO rank booster.",HOT (Zero Web Presence / High Revenue),Uncontacted
SST-REAL-ROH-0704,Red Dot Pharmacy,Dental & Healthcare Clinics,"Rohini Commercial Hub (Near Lat: 28.720, Lon: 77.174)",110085,"Rohini, Delhi",+91-78381-80453,NO OFFICIAL WEBSITE (High Vulnerability),Rs. 6.5 - 15.0 Lakhs/mo,"Rs. 2,000 - 35,000",Doctors / Medical Director,10:00 AM - 9:00 PM (Regular Business Hours),"SahayShakti SmartClinic Engine: Direct WhatsApp appointment scheduling, patient review showcase, and automated Google Map SEO rank booster.",HOT (Zero Web Presence / High Revenue),Uncontacted
SST-REAL-ROH-0709,Khan Clinic,Dental & Healthcare Clinics,22B  Kalander Colony,110042,"Rohini, Delhi",+91-93150-55098;+91-85953-34916,NO OFFICIAL WEBSITE (High Vulnerability),Rs. 6.5 - 15.0 Lakhs/mo,"Rs. 2,000 - 35,000",Doctors / Medical Director,10:00 AM - 9:00 PM (Regular Business Hours),"SahayShakti SmartClinic Engine: Direct WhatsApp appointment scheduling, patient review showcase, and automated Google Map SEO rank booster.",HOT (Zero Web Presence / High Revenue),Uncontacted
SST-REAL-ROH-0714,Rama Medicos,Dental & Healthcare Clinics,A-1/2  Bhalswa Dairy,110042,"Rohini, Delhi",+91-80766-33593;+91-98112-13825,NO OFFICIAL WEBSITE (High Vulnerability),Rs. 6.5 - 15.0 Lakhs/mo,"Rs. 2,000 - 35,000",Doctors / Medical Director,10:00 AM - 9:00 PM (Regular Business Hours),"SahayShakti SmartClinic Engine: Direct WhatsApp appointment scheduling, patient review showcase, and automated Google Map SEO rank booster.",HOT (Zero Web Presence / High Revenue),Uncontacted
SST-REAL-ROH-0718,Parnami Orthopaedic Hospital,Dental & Healthcare Clinics,"Rohini Commercial Hub (Near Lat: 28.714, Lon: 77.173)",110085,"Rohini, Delhi",In-Person Walk-in / Listed in Local Market,NO OFFICIAL WEBSITE (High Vulnerability),Rs. 6.5 - 15.0 Lakhs/mo,"Rs. 2,000 - 35,000",Doctors / Medical Director,10:00 AM - 9:00 PM (Regular Business Hours),"SahayShakti SmartClinic Engine: Direct WhatsApp appointment scheduling, patient review showcase, and automated Google Map SEO rank booster.",HOT (Zero Web Presence / High Revenue),Uncontacted
SST-REAL-ROH-0730,Mohalla Clinic,Dental & Healthcare Clinics,"Rohini Commercial Hub (Near Lat: 28.742, Lon: 77.165)",110085,"Rohini, Delhi",In-Person Walk-in / Listed in Local Market,NO OFFICIAL WEBSITE (High Vulnerability),Rs. 6.5 - 15.0 Lakhs/mo,"Rs. 2,000 - 35,000",Doctors / Medical Director,10:00 AM - 9:00 PM (Regular Business Hours),"SahayShakti SmartClinic Engine: Direct WhatsApp appointment scheduling, patient review showcase, and automated Google Map SEO rank booster.",HOT (Zero Web Presence / High Revenue),Uncontacted
SST-REAL-ROH-0736,Doctor Lal PathLabs,Dental & Healthcare Clinics,"Rohini Commercial Hub (Near Lat: 28.715, Lon: 77.177)",110085,"Rohini, Delhi",In-Person Walk-in / Listed in Local Market,NO OFFICIAL WEBSITE (High Vulnerability),Rs. 6.5 - 15.0 Lakhs/mo,"Rs. 2,000 - 35,000",Doctors / Medical Director,10:00 AM - 9:00 PM (Regular Business Hours),"SahayShakti SmartClinic Engine: Direct WhatsApp appointment scheduling, patient review showcase, and automated Google Map SEO rank booster.",HOT (Zero Web Presence / High Revenue),Uncontacted
SST-REAL-ROH-0746,Shanti Kumud Hospital,Dental & Healthcare Clinics,A-8  Adarsh Nagar,110033,"Rohini, Delhi",+91-11-4583-1122;+91-11-4580-5566,NO OFFICIAL WEBSITE (High Vulnerability),Rs. 6.5 - 15.0 Lakhs/mo,"Rs. 2,000 - 35,000",Doctors / Medical Director,10:00 AM - 9:00 PM (Regular Business Hours),"SahayShakti SmartClinic Engine: Direct WhatsApp appointment scheduling, patient review showcase, and automated Google Map SEO rank booster.",HOT (Zero Web Presence / High Revenue),Uncontacted
SST-REAL-ROH-0751,Sehgal Nursing Home,Dental & Healthcare Clinics,A6,110085,"Rohini, Delhi",In-Person Walk-in / Listed in Local Market,NO OFFICIAL WEBSITE (High Vulnerability),Rs. 6.5 - 15.0 Lakhs/mo,"Rs. 2,000 - 35,000",Doctors / Medical Director,10:00 AM - 9:00 PM (Regular Business Hours),"SahayShakti SmartClinic Engine: Direct WhatsApp appointment scheduling, patient review showcase, and automated Google Map SEO rank booster.",HOT (Zero Web Presence / High Revenue),Uncontacted
SST-REAL-ROH-0758,Mittal Clinic,Dental & Healthcare Clinics,"Rohini Commercial Hub (Near Lat: 28.740, Lon: 77.134)",110085,"Rohini, Delhi",In-Person Walk-in / Listed in Local Market,NO OFFICIAL WEBSITE (High Vulnerability),Rs. 6.5 - 15.0 Lakhs/mo,"Rs. 2,000 - 35,000",Doctors / Medical Director,10:00 AM - 9:00 PM (Regular Business Hours),"SahayShakti SmartClinic Engine: Direct WhatsApp appointment scheduling, patient review showcase, and automated Google Map SEO rank booster.",HOT (Zero Web Presence / High Revenue),Uncontacted
SST-REAL-ROH-0759,13 Pharmacy,Dental & Healthcare Clinics,"Rohini Commercial Hub (Near Lat: 28.742, Lon: 77.132)",110085,"Rohini, Delhi",In-Person Walk-in / Listed in Local Market,NO OFFICIAL WEBSITE (High Vulnerability),Rs. 6.5 - 15.0 Lakhs/mo,"Rs. 2,000 - 35,000",Doctors / Medical Director,10:00 AM - 9:00 PM (Regular Business Hours),"SahayShakti SmartClinic Engine: Direct WhatsApp appointment scheduling, patient review showcase, and automated Google Map SEO rank booster.",HOT (Zero Web Presence / High Revenue),Uncontacted
SST-REAL-ROH-0767,Raj Medicos,Dental & Healthcare Clinics,"Rohini Commercial Hub (Near Lat: 28.745, Lon: 77.166)",110085,"Rohini, Delhi",In-Person Walk-in / Listed in Local Market,NO OFFICIAL WEBSITE (High Vulnerability),Rs. 6.5 - 15.0 Lakhs/mo,"Rs. 2,000 - 35,000",Doctors / Medical Director,10:00 AM - 9:00 PM (Regular Business Hours),"SahayShakti SmartClinic Engine: Direct WhatsApp appointment scheduling, patient review showcase, and automated Google Map SEO rank booster.",HOT (Zero Web Presence / High Revenue),Uncontacted
SST-REAL-ROH-0784,Bhagwati Clinic,Dental & Healthcare Clinics,"Rohini Commercial Hub (Near Lat: 28.756, Lon: 77.163)",110085,"Rohini, Delhi",In-Person Walk-in / Listed in Local Market,NO OFFICIAL WEBSITE (High Vulnerability),Rs. 6.5 - 15.0 Lakhs/mo,"Rs. 2,000 - 35,000",Doctors / Medical Director,10:00 AM - 9:00 PM (Regular Business Hours),"SahayShakti SmartClinic Engine: Direct WhatsApp appointment scheduling, patient review showcase, and automated Google Map SEO rank booster.",HOT (Zero Web Presence / High Revenue),Uncontacted
SST-REAL-ROH-0794,Navjeevan Charitable Clinic,Dental & Healthcare Clinics,"Rohini Commercial Hub (Near Lat: 28.754, Lon: 77.161)",110085,"Rohini, Delhi",+91-98111-45788;+91-9999-294549,NO OFFICIAL WEBSITE (High Vulnerability),Rs. 6.5 - 15.0 Lakhs/mo,"Rs. 2,000 - 35,000",Doctors / Medical Director,"Mo-Su 10:00-13:00, 18:00-21:00","SahayShakti SmartClinic Engine: Direct WhatsApp appointment scheduling, patient review showcase, and automated Google Map SEO rank booster.",HOT (Zero Web Presence / High Revenue),Uncontacted
SST-REAL-ROH-0807,Perfect 32 Dental Centre,Dental & Healthcare Clinics,B-7 Hanuman Road Adarsh Nagar,110033,"Rohini, Delhi",In-Person Walk-in / Listed in Local Market,NO OFFICIAL WEBSITE (High Vulnerability),Rs. 6.5 - 15.0 Lakhs/mo,"Rs. 2,000 - 35,000",Doctors / Medical Director,10:00 AM - 9:00 PM (Regular Business Hours),"SahayShakti SmartClinic Engine: Direct WhatsApp appointment scheduling, patient review showcase, and automated Google Map SEO rank booster.",HOT (Zero Web Presence / High Revenue),Uncontacted
SST-REAL-ROH-0811,Shiv Clinic,Dental & Healthcare Clinics,N-110/118  Rajasthani Udyog Nagar,110033,"Rohini, Delhi",In-Person Walk-in / Listed in Local Market,NO OFFICIAL WEBSITE (High Vulnerability),Rs. 6.5 - 15.0 Lakhs/mo,"Rs. 2,000 - 35,000",Doctors / Medical Director,10:00 AM - 9:00 PM (Regular Business Hours),"SahayShakti SmartClinic Engine: Direct WhatsApp appointment scheduling, patient review showcase, and automated Google Map SEO rank booster.",HOT (Zero Web Presence / High Revenue),Uncontacted
SST-REAL-ROH-0818,Sunrise Medicose,Dental & Healthcare Clinics,I-27  Mahendra Park,110033,"Rohini, Delhi",In-Person Walk-in / Listed in Local Market,NO OFFICIAL WEBSITE (High Vulnerability),Rs. 6.5 - 15.0 Lakhs/mo,"Rs. 2,000 - 35,000",Doctors / Medical Director,10:00 AM - 9:00 PM (Regular Business Hours),"SahayShakti SmartClinic Engine: Direct WhatsApp appointment scheduling, patient review showcase, and automated Google Map SEO rank booster.",HOT (Zero Web Presence / High Revenue),Uncontacted
SST-REAL-ROH-0835,Chhabra Medicos,Dental & Healthcare Clinics,"Rohini Commercial Hub (Near Lat: 28.744, Lon: 77.160)",110085,"Rohini, Delhi",In-Person Walk-in / Listed in Local Market,NO OFFICIAL WEBSITE (High Vulnerability),Rs. 6.5 - 15.0 Lakhs/mo,"Rs. 2,000 - 35,000",Doctors / Medical Director,10:00 AM - 9:00 PM (Regular Business Hours),"SahayShakti SmartClinic Engine: Direct WhatsApp appointment scheduling, patient review showcase, and automated Google Map SEO rank booster.",HOT (Zero Web Presence / High Revenue),Uncontacted
SST-REAL-ROH-0871,Surender Medicos,Dental & Healthcare Clinics,"Rohini Commercial Hub (Near Lat: 28.747, Lon: 77.160)",110085,"Rohini, Delhi",+91-80538-33443,NO OFFICIAL WEBSITE (High Vulnerability),Rs. 6.5 - 15.0 Lakhs/mo,"Rs. 2,000 - 35,000",Doctors / Medical Director,10:00 AM - 9:00 PM (Regular Business Hours),"SahayShakti SmartClinic Engine: Direct WhatsApp appointment scheduling, patient review showcase, and automated Google Map SEO rank booster.",HOT (Zero Web Presence / High Revenue),Uncontacted
SST-REAL-ROH-0889,Kanhaiya Medicos,Dental & Healthcare Clinics,Gali Number 2 Bhalaswa,110042,"Rohini, Delhi",+91-78384-64020;+91-83-7799-3143,NO OFFICIAL WEBSITE (High Vulnerability),Rs. 6.5 - 15.0 Lakhs/mo,"Rs. 2,000 - 35,000",Doctors / Medical Director,10:00 AM - 9:00 PM (Regular Business Hours),"SahayShakti SmartClinic Engine: Direct WhatsApp appointment scheduling, patient review showcase, and automated Google Map SEO rank booster.",HOT (Zero Web Presence / High Revenue),Uncontacted
SST-REAL-ROH-0902,Chauhan Mediways,Dental & Healthcare Clinics,"Rohini Commercial Hub (Near Lat: 28.745, Lon: 77.160)",110085,"Rohini, Delhi",In-Person Walk-in / Listed in Local Market,NO OFFICIAL WEBSITE (High Vulnerability),Rs. 6.5 - 15.0 Lakhs/mo,"Rs. 2,000 - 35,000",Doctors / Medical Director,10:00 AM - 9:00 PM (Regular Business Hours),"SahayShakti SmartClinic Engine: Direct WhatsApp appointment scheduling, patient review showcase, and automated Google Map SEO rank booster.",HOT (Zero Web Presence / High Revenue),Uncontacted
SST-REAL-ROH-0909,Medipoint Medicos,Dental & Healthcare Clinics,251  Adarsh Nagar,110033,"Rohini, Delhi",In-Person Walk-in / Listed in Local Market,NO OFFICIAL WEBSITE (High Vulnerability),Rs. 6.5 - 15.0 Lakhs/mo,"Rs. 2,000 - 35,000",Doctors / Medical Director,10:00 AM - 9:00 PM (Regular Business Hours),"SahayShakti SmartClinic Engine: Direct WhatsApp appointment scheduling, patient review showcase, and automated Google Map SEO rank booster.",HOT (Zero Web Presence / High Revenue),Uncontacted
SST-REAL-ROH-0911,Shri Balaji Medicos,Dental & Healthcare Clinics,49;50,110042,"Rohini, Delhi",+91-999922-4688,NO OFFICIAL WEBSITE (High Vulnerability),Rs. 6.5 - 15.0 Lakhs/mo,"Rs. 2,000 - 35,000",Doctors / Medical Director,10:00 AM - 9:00 PM (Regular Business Hours),"SahayShakti SmartClinic Engine: Direct WhatsApp appointment scheduling, patient review showcase, and automated Google Map SEO rank booster.",HOT (Zero Web Presence / High Revenue),Uncontacted
SST-REAL-ROH-0929,Jindal Dental Clinic,Dental & Healthcare Clinics,"Rohini Commercial Hub (Near Lat: 28.742, Lon: 77.166)",110085,"Rohini, Delhi",+91-98714-68470,NO OFFICIAL WEBSITE (High Vulnerability),Rs. 6.5 - 15.0 Lakhs/mo,"Rs. 2,000 - 35,000",Doctors / Medical Director,"Mo-Su 09:00-13:30, 17:00-21:00","SahayShakti SmartClinic Engine: Direct WhatsApp appointment scheduling, patient review showcase, and automated Google Map SEO rank booster.",HOT (Zero Web Presence / High Revenue),Uncontacted
SST-REAL-ROH-0930,Shreya Diagnostic Centre,Dental & Healthcare Clinics,361  Bhalswa Dairy,110085,"Rohini, Delhi",+91-88605-74669,NO OFFICIAL WEBSITE (High Vulnerability),Rs. 6.5 - 15.0 Lakhs/mo,"Rs. 2,000 - 35,000",Doctors / Medical Director,10:00 AM - 9:00 PM (Regular Business Hours),"SahayShakti SmartClinic Engine: Direct WhatsApp appointment scheduling, patient review showcase, and automated Google Map SEO rank booster.",HOT (Zero Web Presence / High Revenue),Uncontacted
SST-REAL-ROH-0931,Navjeevan Medical Center,Dental & Healthcare Clinics,361  Bhalswa Dairy,110085,"Rohini, Delhi",+91-99906-27389;+91-70112-16391,NO OFFICIAL WEBSITE (High Vulnerability),Rs. 6.5 - 15.0 Lakhs/mo,"Rs. 2,000 - 35,000",Doctors / Medical Director,"Mo-Sa 09:30-13:30, 17:00-20:30; Su 09:30-13:30","SahayShakti SmartClinic Engine: Direct WhatsApp appointment scheduling, patient review showcase, and automated Google Map SEO rank booster.",HOT (Zero Web Presence / High Revenue),Uncontacted
SST-REAL-ROH-0939,Pahalwan,Dental & Healthcare Clinics,77;789;792  Bhalaswa Dairy,110042,"Rohini, Delhi",+91-93132-91213;+91-92115-60786;+91-99589-28786,NO OFFICIAL WEBSITE (High Vulnerability),Rs. 6.5 - 15.0 Lakhs/mo,"Rs. 2,000 - 35,000",Doctors / Medical Director,10:00 AM - 9:00 PM (Regular Business Hours),"SahayShakti SmartClinic Engine: Direct WhatsApp appointment scheduling, patient review showcase, and automated Google Map SEO rank booster.",HOT (Zero Web Presence / High Revenue),Uncontacted
SST-REAL-ROH-0945,ESIC Hospital,Dental & Healthcare Clinics,"Rohini Commercial Hub (Near Lat: 28.727, Lon: 77.127)",110085,"Rohini, Delhi",In-Person Walk-in / Listed in Local Market,NO OFFICIAL WEBSITE (High Vulnerability),Rs. 6.5 - 15.0 Lakhs/mo,"Rs. 2,000 - 35,000",Doctors / Medical Director,10:00 AM - 9:00 PM (Regular Business Hours),"SahayShakti SmartClinic Engine: Direct WhatsApp appointment scheduling, patient review showcase, and automated Google Map SEO rank booster.",HOT (Zero Web Presence / High Revenue),Uncontacted
SST-REAL-ROH-0962,Mohalla Clinic,Dental & Healthcare Clinics,"Rohini Commercial Hub (Near Lat: 28.751, Lon: 77.172)",110085,"Rohini, Delhi",In-Person Walk-in / Listed in Local Market,NO OFFICIAL WEBSITE (High Vulnerability),Rs. 6.5 - 15.0 Lakhs/mo,"Rs. 2,000 - 35,000",Doctors / Medical Director,10:00 AM - 9:00 PM (Regular Business Hours),"SahayShakti SmartClinic Engine: Direct WhatsApp appointment scheduling, patient review showcase, and automated Google Map SEO rank booster.",HOT (Zero Web Presence / High Revenue),Uncontacted
SST-REAL-ROH-0981,Kiran Medical Store,Dental & Healthcare Clinics,"Rohini Commercial Hub (Near Lat: 28.744, Lon: 77.168)",110085,"Rohini, Delhi",In-Person Walk-in / Listed in Local Market,NO OFFICIAL WEBSITE (High Vulnerability),Rs. 6.5 - 15.0 Lakhs/mo,"Rs. 2,000 - 35,000",Doctors / Medical Director,10:00 AM - 9:00 PM (Regular Business Hours),"SahayShakti SmartClinic Engine: Direct WhatsApp appointment scheduling, patient review showcase, and automated Google Map SEO rank booster.",HOT (Zero Web Presence / High Revenue),Uncontacted
SST-REAL-ROH-0989,Jeevan Care Home Foundation,Dental & Healthcare Clinics,Plot No. 3 Amar Colony Phase 2,110041,"Rohini, Delhi",+91-9910920071,https://www.jeevancarehome.org/,Rs. 6.5 - 15.0 Lakhs/mo,"Rs. 2,000 - 35,000",Doctors / Medical Director,10:00 AM - 9:00 PM (Regular Business Hours),"SahayShakti SmartClinic Engine: Direct WhatsApp appointment scheduling, patient review showcase, and automated Google Map SEO rank booster.",Warm (Needs Modern Revamp),Uncontacted
SST-REAL-ROH-0996,Buzzeye Consulting Private Limited,Dental & Healthcare Clinics,3  Swaroop Nagar,110042,"Rohini, Delhi",In-Person Walk-in / Listed in Local Market,NO OFFICIAL WEBSITE (High Vulnerability),Rs. 6.5 - 15.0 Lakhs/mo,"Rs. 2,000 - 35,000",Doctors / Medical Director,10:00 AM - 9:00 PM (Regular Business Hours),"SahayShakti SmartClinic Engine: Direct WhatsApp appointment scheduling, patient review showcase, and automated Google Map SEO rank booster.",HOT (Zero Web Presence / High Revenue),Uncontacted
SST-REAL-ROH-0999,Ravi Medicos,Dental & Healthcare Clinics,30 Nanda Road,110033,"Rohini, Delhi",+91-98101-25756,NO OFFICIAL WEBSITE (High Vulnerability),Rs. 6.5 - 15.0 Lakhs/mo,"Rs. 2,000 - 35,000",Doctors / Medical Director,10:00 AM - 9:00 PM (Regular Business Hours),"SahayShakti SmartClinic Engine: Direct WhatsApp appointment scheduling, patient review showcase, and automated Google Map SEO rank booster.",HOT (Zero Web Presence / High Revenue),Uncontacted
SST-REAL-ROH-1000,Sai Clinic,Dental & Healthcare Clinics,18 Rama Road,110033,"Rohini, Delhi",In-Person Walk-in / Listed in Local Market,NO OFFICIAL WEBSITE (High Vulnerability),Rs. 6.5 - 15.0 Lakhs/mo,"Rs. 2,000 - 35,000",Doctors / Medical Director,10:00 AM - 9:00 PM (Regular Business Hours),"SahayShakti SmartClinic Engine: Direct WhatsApp appointment scheduling, patient review showcase, and automated Google Map SEO rank booster.",HOT (Zero Web Presence / High Revenue),Uncontacted
SST-REAL-ROH-1004,Vardhman Medicos,Dental & Healthcare Clinics,18 Rajan Babu Road,110033,"Rohini, Delhi",In-Person Walk-in / Listed in Local Market,NO OFFICIAL WEBSITE (High Vulnerability),Rs. 6.5 - 15.0 Lakhs/mo,"Rs. 2,000 - 35,000",Doctors / Medical Director,10:00 AM - 9:00 PM (Regular Business Hours),"SahayShakti SmartClinic Engine: Direct WhatsApp appointment scheduling, patient review showcase, and automated Google Map SEO rank booster.",HOT (Zero Web Presence / High Revenue),Uncontacted
SST-REAL-ROH-1005,Doctor Nitin Jain,Dental & Healthcare Clinics,"Rohini Commercial Hub (Near Lat: 28.718, Lon: 77.172)",110085,"Rohini, Delhi",+91-98996-74340,NO OFFICIAL WEBSITE (High Vulnerability),Rs. 6.5 - 15.0 Lakhs/mo,"Rs. 2,000 - 35,000",Doctors / Medical Director,10:00 AM - 9:00 PM (Regular Business Hours),"SahayShakti SmartClinic Engine: Direct WhatsApp appointment scheduling, patient review showcase, and automated Google Map SEO rank booster.",HOT (Zero Web Presence / High Revenue),Uncontacted
SST-REAL-ROH-1008,Sai Skin Clinic,Dental & Healthcare Clinics,"Rohini Commercial Hub (Near Lat: 28.718, Lon: 77.172)",110085,"Rohini, Delhi",+91-11-2767-5619,NO OFFICIAL WEBSITE (High Vulnerability),Rs. 6.5 - 15.0 Lakhs/mo,"Rs. 2,000 - 35,000",Doctors / Medical Director,"Mo,We,Fr 12:00-16:00; Tu,Th 12:00-14:00, 17:00-19:00; Sa 17:00-21:00","SahayShakti SmartClinic Engine: Direct WhatsApp appointment scheduling, patient review showcase, and automated Google Map SEO rank booster.",HOT (Zero Web Presence / High Revenue),Uncontacted
SST-REAL-ROH-1024,Asha Clinic,Dental & Healthcare Clinics,30  Rohini,110085,"Rohini, Delhi",+91-98111-64161;+91-98111-65617,NO OFFICIAL WEBSITE (High Vulnerability),Rs. 6.5 - 15.0 Lakhs/mo,"Rs. 2,000 - 35,000",Doctors / Medical Director,"Mo-Sa 11:00-13:00, 17:00-21:00","SahayShakti SmartClinic Engine: Direct WhatsApp appointment scheduling, patient review showcase, and automated Google Map SEO rank booster.",HOT (Zero Web Presence / High Revenue),Uncontacted
SST-REAL-ROH-1032,Doctor Mahesh Chandra,Dental & Healthcare Clinics,"Rohini Commercial Hub (Near Lat: 28.737, Lon: 77.109)",110085,"Rohini, Delhi",+91-72910-10100;+91-98685-45275,NO OFFICIAL WEBSITE (High Vulnerability),Rs. 6.5 - 15.0 Lakhs/mo,"Rs. 2,000 - 35,000",Doctors / Medical Director,10:00 AM - 9:00 PM (Regular Business Hours),"SahayShakti SmartClinic Engine: Direct WhatsApp appointment scheduling, patient review showcase, and automated Google Map SEO rank booster.",HOT (Zero Web Presence / High Revenue),Uncontacted
SST-REAL-ROH-1033,Jindal Cosmetology and Plastic Surgery,Dental & Healthcare Clinics,"Rohini Commercial Hub (Near Lat: 28.736, Lon: 77.109)",110085,"Rohini, Delhi",+91-98997-03838,NO OFFICIAL WEBSITE (High Vulnerability),Rs. 6.5 - 15.0 Lakhs/mo,"Rs. 2,000 - 35,000",Doctors / Medical Director,Mo-Sa 17:30-19:30,"SahayShakti SmartClinic Engine: Direct WhatsApp appointment scheduling, patient review showcase, and automated Google Map SEO rank booster.",HOT (Zero Web Presence / High Revenue),Uncontacted
SST-REAL-ROH-1034,Jindal Eye Care,Dental & Healthcare Clinics,"Rohini Commercial Hub (Near Lat: 28.736, Lon: 77.109)",110085,"Rohini, Delhi",+91-11-4984-7208,NO OFFICIAL WEBSITE (High Vulnerability),Rs. 6.5 - 15.0 Lakhs/mo,"Rs. 2,000 - 35,000",Doctors / Medical Director,"Mo-Sa 12:00-14:00, 17:30-19:30","SahayShakti SmartClinic Engine: Direct WhatsApp appointment scheduling, patient review showcase, and automated Google Map SEO rank booster.",HOT (Zero Web Presence / High Revenue),Uncontacted
SST-REAL-ROH-1040,Medicine Bazaar,Dental & Healthcare Clinics,"Rohini Commercial Hub (Near Lat: 28.736, Lon: 77.109)",110085,"Rohini, Delhi",+91-98117-51275;+91-81309-11296,NO OFFICIAL WEBSITE (High Vulnerability),Rs. 6.5 - 15.0 Lakhs/mo,"Rs. 2,000 - 35,000",Doctors / Medical Director,10:00 AM - 9:00 PM (Regular Business Hours),"SahayShakti SmartClinic Engine: Direct WhatsApp appointment scheduling, patient review showcase, and automated Google Map SEO rank booster.",HOT (Zero Web Presence / High Revenue),Uncontacted
SST-REAL-ROH-1041,Shiv Medicos Chemist,Dental & Healthcare Clinics,"Rohini Commercial Hub (Near Lat: 28.736, Lon: 77.109)",110085,"Rohini, Delhi",+91-96251-38486;+91-95605-47923,NO OFFICIAL WEBSITE (High Vulnerability),Rs. 6.5 - 15.0 Lakhs/mo,"Rs. 2,000 - 35,000",Doctors / Medical Director,10:00 AM - 9:00 PM (Regular Business Hours),"SahayShakti SmartClinic Engine: Direct WhatsApp appointment scheduling, patient review showcase, and automated Google Map SEO rank booster.",HOT (Zero Web Presence / High Revenue),Uncontacted
SST-REAL-ROH-1048,The Metro Medicos,Dental & Healthcare Clinics,26  Rohini,110085,"Rohini, Delhi",+91-11-4759-6060,NO OFFICIAL WEBSITE (High Vulnerability),Rs. 6.5 - 15.0 Lakhs/mo,"Rs. 2,000 - 35,000",Doctors / Medical Director,10:00 AM - 9:00 PM (Regular Business Hours),"SahayShakti SmartClinic Engine: Direct WhatsApp appointment scheduling, patient review showcase, and automated Google Map SEO rank booster.",HOT (Zero Web Presence / High Revenue),Uncontacted
SST-REAL-ROH-1056,Shiva Ayurvedic Store,Dental & Healthcare Clinics,"Rohini Commercial Hub (Near Lat: 28.735, Lon: 77.110)",110085,"Rohini, Delhi",+91-95823-83899,NO OFFICIAL WEBSITE (High Vulnerability),Rs. 6.5 - 15.0 Lakhs/mo,"Rs. 2,000 - 35,000",Doctors / Medical Director,10:00 AM - 9:00 PM (Regular Business Hours),"SahayShakti SmartClinic Engine: Direct WhatsApp appointment scheduling, patient review showcase, and automated Google Map SEO rank booster.",HOT (Zero Web Presence / High Revenue),Uncontacted
SST-REAL-ROH-1060,Doctor Lal Path Labs,Dental & Healthcare Clinics,"Rohini Commercial Hub (Near Lat: 28.738, Lon: 77.116)",110085,"Rohini, Delhi",In-Person Walk-in / Listed in Local Market,NO OFFICIAL WEBSITE (High Vulnerability),Rs. 6.5 - 15.0 Lakhs/mo,"Rs. 2,000 - 35,000",Doctors / Medical Director,10:00 AM - 9:00 PM (Regular Business Hours),"SahayShakti SmartClinic Engine: Direct WhatsApp appointment scheduling, patient review showcase, and automated Google Map SEO rank booster.",HOT (Zero Web Presence / High Revenue),Uncontacted
SST-REAL-ROH-1064,Shri Parshuram Medicos,Dental & Healthcare Clinics,369  Rohini,110085,"Rohini, Delhi",+91-93191-09544;+91-96508-41957,NO OFFICIAL WEBSITE (High Vulnerability),Rs. 6.5 - 15.0 Lakhs/mo,"Rs. 2,000 - 35,000",Doctors / Medical Director,10:00 AM - 9:00 PM (Regular Business Hours),"SahayShakti SmartClinic Engine: Direct WhatsApp appointment scheduling, patient review showcase, and automated Google Map SEO rank booster.",HOT (Zero Web Presence / High Revenue),Uncontacted
SST-REAL-ROH-1085,KC Pathology,Dental & Healthcare Clinics,"Rohini Commercial Hub (Near Lat: 28.737, Lon: 77.110)",110085,"Rohini, Delhi",+91-92135-98664,NO OFFICIAL WEBSITE (High Vulnerability),Rs. 6.5 - 15.0 Lakhs/mo,"Rs. 2,000 - 35,000",Doctors / Medical Director,10:00 AM - 9:00 PM (Regular Business Hours),"SahayShakti SmartClinic Engine: Direct WhatsApp appointment scheduling, patient review showcase, and automated Google Map SEO rank booster.",HOT (Zero Web Presence / High Revenue),Uncontacted
SST-REAL-ROH-1093,Orbit+,Dental & Healthcare Clinics,"Rohini Commercial Hub (Near Lat: 28.711, Lon: 77.137)",110085,"Rohini, Delhi",+91-11-2755-7766;+91-11-2755-7767;+91-11-2755-7768,https://www.orbitimaging.in,Rs. 6.5 - 15.0 Lakhs/mo,"Rs. 2,000 - 35,000",Doctors / Medical Director,10:00 AM - 9:00 PM (Regular Business Hours),"SahayShakti SmartClinic Engine: Direct WhatsApp appointment scheduling, patient review showcase, and automated Google Map SEO rank booster.",Warm (Needs Modern Revamp),Uncontacted
SST-REAL-ROH-1105,Jain Medicos,Dental & Healthcare Clinics,"Rohini Commercial Hub (Near Lat: 28.700, Lon: 77.141)",110085,"Rohini, Delhi",+91-11-4550-4613,NO OFFICIAL WEBSITE (High Vulnerability),Rs. 6.5 - 15.0 Lakhs/mo,"Rs. 2,000 - 35,000",Doctors / Medical Director,24/7,"SahayShakti SmartClinic Engine: Direct WhatsApp appointment scheduling, patient review showcase, and automated Google Map SEO rank booster.",HOT (Zero Web Presence / High Revenue),Uncontacted
SST-REAL-ROH-1110,Saroj Medical Institute,Dental & Healthcare Clinics,"Rohini Commercial Hub (Near Lat: 28.734, Lon: 77.139)",110085,"Rohini, Delhi",In-Person Walk-in / Listed in Local Market,NO OFFICIAL WEBSITE (High Vulnerability),Rs. 6.5 - 15.0 Lakhs/mo,"Rs. 2,000 - 35,000",Doctors / Medical Director,10:00 AM - 9:00 PM (Regular Business Hours),"SahayShakti SmartClinic Engine: Direct WhatsApp appointment scheduling, patient review showcase, and automated Google Map SEO rank booster.",HOT (Zero Web Presence / High Revenue),Uncontacted
SST-REAL-ROH-1115,BR Healthcare Rohini,Dental & Healthcare Clinics,"Rohini Commercial Hub (Near Lat: 28.744, Lon: 77.120)",110085,"Rohini, Delhi",In-Person Walk-in / Listed in Local Market,NO OFFICIAL WEBSITE (High Vulnerability),Rs. 6.5 - 15.0 Lakhs/mo,"Rs. 2,000 - 35,000",Doctors / Medical Director,10:00 AM - 9:00 PM (Regular Business Hours),"SahayShakti SmartClinic Engine: Direct WhatsApp appointment scheduling, patient review showcase, and automated Google Map SEO rank booster.",HOT (Zero Web Presence / High Revenue),Uncontacted
SST-REAL-ROH-1182,Dr. Prateek Nagrani - Super Derm Dermatology and Aesthetics,Dental & Healthcare Clinics,"Rohini Commercial Hub (Near Lat: 28.702, Lon: 77.119)",110085,"Rohini, Delhi",011 4503 3061,NO OFFICIAL WEBSITE (High Vulnerability),Rs. 6.5 - 15.0 Lakhs/mo,"Rs. 2,000 - 35,000",Doctors / Medical Director,10:00 AM - 9:00 PM (Regular Business Hours),"SahayShakti SmartClinic Engine: Direct WhatsApp appointment scheduling, patient review showcase, and automated Google Map SEO rank booster.",HOT (Zero Web Presence / High Revenue),Uncontacted
SST-REAL-ROH-1194,Lenskart,Dental & Healthcare Clinics,"Rohini Commercial Hub (Near Lat: 28.718, Lon: 77.126)",110085,"Rohini, Delhi",In-Person Walk-in / Listed in Local Market,NO OFFICIAL WEBSITE (High Vulnerability),Rs. 6.5 - 15.0 Lakhs/mo,"Rs. 2,000 - 35,000",Doctors / Medical Director,10:00 AM - 9:00 PM (Regular Business Hours),"SahayShakti SmartClinic Engine: Direct WhatsApp appointment scheduling, patient review showcase, and automated Google Map SEO rank booster.",HOT (Zero Web Presence / High Revenue),Uncontacted
SST-REAL-ROH-1209,Ananda Dental Care,Dental & Healthcare Clinics,"Rohini Commercial Hub (Near Lat: 28.722, Lon: 77.137)",110085,"Rohini, Delhi",In-Person Walk-in / Listed in Local Market,NO OFFICIAL WEBSITE (High Vulnerability),Rs. 6.5 - 15.0 Lakhs/mo,"Rs. 2,000 - 35,000",Doctors / Medical Director,10:00 AM - 9:00 PM (Regular Business Hours),"SahayShakti SmartClinic Engine: Direct WhatsApp appointment scheduling, patient review showcase, and automated Google Map SEO rank booster.",HOT (Zero Web Presence / High Revenue),Uncontacted
SST-REAL-ROH-1214,Dr. Ashwani Ghai's Eye Care Clinic,Dental & Healthcare Clinics,"Rohini Commercial Hub (Near Lat: 28.737, Lon: 77.136)",110085,"Rohini, Delhi",In-Person Walk-in / Listed in Local Market,NO OFFICIAL WEBSITE (High Vulnerability),Rs. 6.5 - 15.0 Lakhs/mo,"Rs. 2,000 - 35,000",Doctors / Medical Director,10:00 AM - 9:00 PM (Regular Business Hours),"SahayShakti SmartClinic Engine: Direct WhatsApp appointment scheduling, patient review showcase, and automated Google Map SEO rank booster.",HOT (Zero Web Presence / High Revenue),Uncontacted
SST-REAL-ROH-1221,Brainwonders Rohini,Dental & Healthcare Clinics,"P3MW+QQJ, opp. Pocket 4, Pocket 3, Sector 25 Rohini",110085,"Rohini, Delhi",9892771999,https://www.brainwonders.in/career-counselling-in-rohini,Rs. 6.5 - 15.0 Lakhs/mo,"Rs. 2,000 - 35,000",Doctors / Medical Director,Mo-Sa 10:00-19:00,"SahayShakti SmartClinic Engine: Direct WhatsApp appointment scheduling, patient review showcase, and automated Google Map SEO rank booster.",Warm (Needs Modern Revamp),Uncontacted
SST-REAL-ROH-1233,Durga Medicos,Dental & Healthcare Clinics,"Rohini Commercial Hub (Near Lat: 28.722, Lon: 77.136)",110085,"Rohini, Delhi",In-Person Walk-in / Listed in Local Market,NO OFFICIAL WEBSITE (High Vulnerability),Rs. 6.5 - 15.0 Lakhs/mo,"Rs. 2,000 - 35,000",Doctors / Medical Director,10:00 AM - 9:00 PM (Regular Business Hours),"SahayShakti SmartClinic Engine: Direct WhatsApp appointment scheduling, patient review showcase, and automated Google Map SEO rank booster.",HOT (Zero Web Presence / High Revenue),Uncontacted
SST-REAL-ROH-1234,Bharat Medicos,Dental & Healthcare Clinics,"Rohini Commercial Hub (Near Lat: 28.721, Lon: 77.137)",110085,"Rohini, Delhi",In-Person Walk-in / Listed in Local Market,NO OFFICIAL WEBSITE (High Vulnerability),Rs. 6.5 - 15.0 Lakhs/mo,"Rs. 2,000 - 35,000",Doctors / Medical Director,10:00 AM - 9:00 PM (Regular Business Hours),"SahayShakti SmartClinic Engine: Direct WhatsApp appointment scheduling, patient review showcase, and automated Google Map SEO rank booster.",HOT (Zero Web Presence / High Revenue),Uncontacted
SST-REAL-ROH-1244,Infirmary,Dental & Healthcare Clinics,"Rohini Commercial Hub (Near Lat: 28.720, Lon: 77.142)",110085,"Rohini, Delhi",In-Person Walk-in / Listed in Local Market,NO OFFICIAL WEBSITE (High Vulnerability),Rs. 6.5 - 15.0 Lakhs/mo,"Rs. 2,000 - 35,000",Doctors / Medical Director,10:00 AM - 9:00 PM (Regular Business Hours),"SahayShakti SmartClinic Engine: Direct WhatsApp appointment scheduling, patient review showcase, and automated Google Map SEO rank booster.",HOT (Zero Web Presence / High Revenue),Uncontacted
SST-REAL-ROH-1258,Apollo Pharmacy,Dental & Healthcare Clinics,"Rohini Commercial Hub (Near Lat: 28.724, Lon: 77.127)",110085,"Rohini, Delhi",In-Person Walk-in / Listed in Local Market,NO OFFICIAL WEBSITE (High Vulnerability),Rs. 6.5 - 15.0 Lakhs/mo,"Rs. 2,000 - 35,000",Doctors / Medical Director,10:00 AM - 9:00 PM (Regular Business Hours),"SahayShakti SmartClinic Engine: Direct WhatsApp appointment scheduling, patient review showcase, and automated Google Map SEO rank booster.",HOT (Zero Web Presence / High Revenue),Uncontacted
SST-REAL-ROH-1259,Medi-Shoppe,Dental & Healthcare Clinics,"Rohini Commercial Hub (Near Lat: 28.723, Lon: 77.128)",110085,"Rohini, Delhi",In-Person Walk-in / Listed in Local Market,NO OFFICIAL WEBSITE (High Vulnerability),Rs. 6.5 - 15.0 Lakhs/mo,"Rs. 2,000 - 35,000",Doctors / Medical Director,10:00 AM - 9:00 PM (Regular Business Hours),"SahayShakti SmartClinic Engine: Direct WhatsApp appointment scheduling, patient review showcase, and automated Google Map SEO rank booster.",HOT (Zero Web Presence / High Revenue),Uncontacted
SST-REAL-ROH-1262,Divine Dental,Dental & Healthcare Clinics,"Rohini Commercial Hub (Near Lat: 28.715, Lon: 77.119)",110085,"Rohini, Delhi",+91 82872 93120,NO OFFICIAL WEBSITE (High Vulnerability),Rs. 6.5 - 15.0 Lakhs/mo,"Rs. 2,000 - 35,000",Doctors / Medical Director,10:00 AM - 9:00 PM (Regular Business Hours),"SahayShakti SmartClinic Engine: Direct WhatsApp appointment scheduling, patient review showcase, and automated Google Map SEO rank booster.",HOT (Zero Web Presence / High Revenue),Uncontacted
SST-REAL-ROH-1288,Chopra Eye Hospital,Dental & Healthcare Clinics,"Rohini Commercial Hub (Near Lat: 28.708, Lon: 77.124)",110085,"Rohini, Delhi",In-Person Walk-in / Listed in Local Market,NO OFFICIAL WEBSITE (High Vulnerability),Rs. 6.5 - 15.0 Lakhs/mo,"Rs. 2,000 - 35,000",Doctors / Medical Director,10:00 AM - 9:00 PM (Regular Business Hours),"SahayShakti SmartClinic Engine: Direct WhatsApp appointment scheduling, patient review showcase, and automated Google Map SEO rank booster.",HOT (Zero Web Presence / High Revenue),Uncontacted
SST-REAL-ROH-1300,ReDental,Dental & Healthcare Clinics,"Rohini Commercial Hub (Near Lat: 28.708, Lon: 77.124)",110085,"Rohini, Delhi",In-Person Walk-in / Listed in Local Market,NO OFFICIAL WEBSITE (High Vulnerability),Rs. 6.5 - 15.0 Lakhs/mo,"Rs. 2,000 - 35,000",Doctors / Medical Director,10:00 AM - 9:00 PM (Regular Business Hours),"SahayShakti SmartClinic Engine: Direct WhatsApp appointment scheduling, patient review showcase, and automated Google Map SEO rank booster.",HOT (Zero Web Presence / High Revenue),Uncontacted
SST-REAL-ROH-1314,CAPRI SPINE CLINIC,Dental & Healthcare Clinics,Rohini,110085,"Rohini, Delhi",In-Person Walk-in / Listed in Local Market,NO OFFICIAL WEBSITE (High Vulnerability),Rs. 6.5 - 15.0 Lakhs/mo,"Rs. 2,000 - 35,000",Doctors / Medical Director,10:00 AM - 9:00 PM (Regular Business Hours),"SahayShakti SmartClinic Engine: Direct WhatsApp appointment scheduling, patient review showcase, and automated Google Map SEO rank booster.",HOT (Zero Web Presence / High Revenue),Uncontacted
SST-REAL-ROH-1315,Dr.Lal PathLabs,Dental & Healthcare Clinics,148 Rohini,110085,"Rohini, Delhi",In-Person Walk-in / Listed in Local Market,NO OFFICIAL WEBSITE (High Vulnerability),Rs. 6.5 - 15.0 Lakhs/mo,"Rs. 2,000 - 35,000",Doctors / Medical Director,10:00 AM - 9:00 PM (Regular Business Hours),"SahayShakti SmartClinic Engine: Direct WhatsApp appointment scheduling, patient review showcase, and automated Google Map SEO rank booster.",HOT (Zero Web Presence / High Revenue),Uncontacted
SST-REAL-ROH-1318,Nova IVF,Dental & Healthcare Clinics,"Rohini Commercial Hub (Near Lat: 28.707, Lon: 77.127)",110085,"Rohini, Delhi",In-Person Walk-in / Listed in Local Market,NO OFFICIAL WEBSITE (High Vulnerability),Rs. 6.5 - 15.0 Lakhs/mo,"Rs. 2,000 - 35,000",Doctors / Medical Director,10:00 AM - 9:00 PM (Regular Business Hours),"SahayShakti SmartClinic Engine: Direct WhatsApp appointment scheduling, patient review showcase, and automated Google Map SEO rank booster.",HOT (Zero Web Presence / High Revenue),Uncontacted
SST-REAL-ROH-1332,Fetal Medicine & Child Clinic,Dental & Healthcare Clinics,"Rohini Commercial Hub (Near Lat: 28.707, Lon: 77.127)",110085,"Rohini, Delhi",In-Person Walk-in / Listed in Local Market,NO OFFICIAL WEBSITE (High Vulnerability),Rs. 6.5 - 15.0 Lakhs/mo,"Rs. 2,000 - 35,000",Doctors / Medical Director,10:00 AM - 9:00 PM (Regular Business Hours),"SahayShakti SmartClinic Engine: Direct WhatsApp appointment scheduling, patient review showcase, and automated Google Map SEO rank booster.",HOT (Zero Web Presence / High Revenue),Uncontacted
SST-REAL-ROH-1334,Nasa Pathology,Dental & Healthcare Clinics,"Rohini Commercial Hub (Near Lat: 28.707, Lon: 77.127)",110085,"Rohini, Delhi",In-Person Walk-in / Listed in Local Market,NO OFFICIAL WEBSITE (High Vulnerability),Rs. 6.5 - 15.0 Lakhs/mo,"Rs. 2,000 - 35,000",Doctors / Medical Director,10:00 AM - 9:00 PM (Regular Business Hours),"SahayShakti SmartClinic Engine: Direct WhatsApp appointment scheduling, patient review showcase, and automated Google Map SEO rank booster.",HOT (Zero Web Presence / High Revenue),Uncontacted
SST-REAL-ROH-1335,India IVF,Dental & Healthcare Clinics,"Rohini Commercial Hub (Near Lat: 28.707, Lon: 77.127)",110085,"Rohini, Delhi",In-Person Walk-in / Listed in Local Market,NO OFFICIAL WEBSITE (High Vulnerability),Rs. 6.5 - 15.0 Lakhs/mo,"Rs. 2,000 - 35,000",Doctors / Medical Director,10:00 AM - 9:00 PM (Regular Business Hours),"SahayShakti SmartClinic Engine: Direct WhatsApp appointment scheduling, patient review showcase, and automated Google Map SEO rank booster.",HOT (Zero Web Presence / High Revenue),Uncontacted
SST-REAL-ROH-1338,Tooth Care Dental Clinic,Dental & Healthcare Clinics,"Rohini Commercial Hub (Near Lat: 28.707, Lon: 77.123)",110085,"Rohini, Delhi",+91 72062 55571,NO OFFICIAL WEBSITE (High Vulnerability),Rs. 6.5 - 15.0 Lakhs/mo,"Rs. 2,000 - 35,000",Doctors / Medical Director,10:00 AM - 9:00 PM (Regular Business Hours),"SahayShakti SmartClinic Engine: Direct WhatsApp appointment scheduling, patient review showcase, and automated Google Map SEO rank booster.",HOT (Zero Web Presence / High Revenue),Uncontacted
SST-REAL-ROH-1341,Birla fertility & IVF,Dental & Healthcare Clinics,148 Rohini East,110085,"Rohini, Delhi",In-Person Walk-in / Listed in Local Market,NO OFFICIAL WEBSITE (High Vulnerability),Rs. 6.5 - 15.0 Lakhs/mo,"Rs. 2,000 - 35,000",Doctors / Medical Director,10:00 AM - 9:00 PM (Regular Business Hours),"SahayShakti SmartClinic Engine: Direct WhatsApp appointment scheduling, patient review showcase, and automated Google Map SEO rank booster.",HOT (Zero Web Presence / High Revenue),Uncontacted
SST-REAL-ROH-1351,Dr. Anil Handa,Dental & Healthcare Clinics,"Rohini Commercial Hub (Near Lat: 28.707, Lon: 77.126)",110085,"Rohini, Delhi",In-Person Walk-in / Listed in Local Market,NO OFFICIAL WEBSITE (High Vulnerability),Rs. 6.5 - 15.0 Lakhs/mo,"Rs. 2,000 - 35,000",Doctors / Medical Director,"Mo-Su 11:00-13:00,18:00-20:15; PH closed","SahayShakti SmartClinic Engine: Direct WhatsApp appointment scheduling, patient review showcase, and automated Google Map SEO rank booster.",HOT (Zero Web Presence / High Revenue),Uncontacted
SST-REAL-ROH-1377,Narula Medicos,Dental & Healthcare Clinics,"Rohini Commercial Hub (Near Lat: 28.707, Lon: 77.123)",110085,"Rohini, Delhi",+91 98104 74403,NO OFFICIAL WEBSITE (High Vulnerability),Rs. 6.5 - 15.0 Lakhs/mo,"Rs. 2,000 - 35,000",Doctors / Medical Director,10:00 AM - 9:00 PM (Regular Business Hours),"SahayShakti SmartClinic Engine: Direct WhatsApp appointment scheduling, patient review showcase, and automated Google Map SEO rank booster.",HOT (Zero Web Presence / High Revenue),Uncontacted
SST-REAL-ROH-1380,The Jrop Clinic,Dental & Healthcare Clinics,"Rohini Commercial Hub (Near Lat: 28.709, Lon: 77.123)",110085,"Rohini, Delhi",+91 9312624864,NO OFFICIAL WEBSITE (High Vulnerability),Rs. 6.5 - 15.0 Lakhs/mo,"Rs. 2,000 - 35,000",Doctors / Medical Director,10:00 AM - 9:00 PM (Regular Business Hours),"SahayShakti SmartClinic Engine: Direct WhatsApp appointment scheduling, patient review showcase, and automated Google Map SEO rank booster.",HOT (Zero Web Presence / High Revenue),Uncontacted
SST-REAL-ROH-1381,Dental Diabetes and Medical Center,Dental & Healthcare Clinics,"Rohini Commercial Hub (Near Lat: 28.710, Lon: 77.123)",110085,"Rohini, Delhi",In-Person Walk-in / Listed in Local Market,NO OFFICIAL WEBSITE (High Vulnerability),Rs. 6.5 - 15.0 Lakhs/mo,"Rs. 2,000 - 35,000",Doctors / Medical Director,10:00 AM - 9:00 PM (Regular Business Hours),"SahayShakti SmartClinic Engine: Direct WhatsApp appointment scheduling, patient review showcase, and automated Google Map SEO rank booster.",HOT (Zero Web Presence / High Revenue),Uncontacted
SST-REAL-ROH-1390,Wonder Hair Solution,Dental & Healthcare Clinics,"Rohini Commercial Hub (Near Lat: 28.706, Lon: 77.123)",110085,"Rohini, Delhi",In-Person Walk-in / Listed in Local Market,NO OFFICIAL WEBSITE (High Vulnerability),Rs. 6.5 - 15.0 Lakhs/mo,"Rs. 2,000 - 35,000",Doctors / Medical Director,10:00 AM - 9:00 PM (Regular Business Hours),"SahayShakti SmartClinic Engine: Direct WhatsApp appointment scheduling, patient review showcase, and automated Google Map SEO rank booster.",HOT (Zero Web Presence / High Revenue),Uncontacted
SST-REAL-ROH-1400,Lenskart,Dental & Healthcare Clinics,"Rohini Commercial Hub (Near Lat: 28.709, Lon: 77.124)",110085,"Rohini, Delhi",In-Person Walk-in / Listed in Local Market,NO OFFICIAL WEBSITE (High Vulnerability),Rs. 6.5 - 15.0 Lakhs/mo,"Rs. 2,000 - 35,000",Doctors / Medical Director,10:00 AM - 9:00 PM (Regular Business Hours),"SahayShakti SmartClinic Engine: Direct WhatsApp appointment scheduling, patient review showcase, and automated Google Map SEO rank booster.",HOT (Zero Web Presence / High Revenue),Uncontacted
SST-REAL-ROH-1411,Shri Nath Optical,Dental & Healthcare Clinics,"Rohini Commercial Hub (Near Lat: 28.710, Lon: 77.122)",110085,"Rohini, Delhi",In-Person Walk-in / Listed in Local Market,NO OFFICIAL WEBSITE (High Vulnerability),Rs. 6.5 - 15.0 Lakhs/mo,"Rs. 2,000 - 35,000",Doctors / Medical Director,10:00 AM - 9:00 PM (Regular Business Hours),"SahayShakti SmartClinic Engine: Direct WhatsApp appointment scheduling, patient review showcase, and automated Google Map SEO rank booster.",HOT (Zero Web Presence / High Revenue),Uncontacted
SST-REAL-ROH-1437,Tyagi Hospital,Dental & Healthcare Clinics,"Rohini Commercial Hub (Near Lat: 28.719, Lon: 77.168)",110085,"Rohini, Delhi",In-Person Walk-in / Listed in Local Market,NO OFFICIAL WEBSITE (High Vulnerability),Rs. 6.5 - 15.0 Lakhs/mo,"Rs. 2,000 - 35,000",Doctors / Medical Director,10:00 AM - 9:00 PM (Regular Business Hours),"SahayShakti SmartClinic Engine: Direct WhatsApp appointment scheduling, patient review showcase, and automated Google Map SEO rank booster.",HOT (Zero Web Presence / High Revenue),Uncontacted
SST-REAL-ROH-1457,Pharmacy,Dental & Healthcare Clinics,"Rohini Commercial Hub (Near Lat: 28.717, Lon: 77.113)",110085,"Rohini, Delhi",In-Person Walk-in / Listed in Local Market,NO OFFICIAL WEBSITE (High Vulnerability),Rs. 6.5 - 15.0 Lakhs/mo,"Rs. 2,000 - 35,000",Doctors / Medical Director,10:00 AM - 9:00 PM (Regular Business Hours),"SahayShakti SmartClinic Engine: Direct WhatsApp appointment scheduling, patient review showcase, and automated Google Map SEO rank booster.",HOT (Zero Web Presence / High Revenue),Uncontacted
SST-REAL-ROH-1458,Zeelab Pharmacy,Dental & Healthcare Clinics,"Rohini Commercial Hub (Near Lat: 28.714, Lon: 77.110)",110085,"Rohini, Delhi",In-Person Walk-in / Listed in Local Market,NO OFFICIAL WEBSITE (High Vulnerability),Rs. 6.5 - 15.0 Lakhs/mo,"Rs. 2,000 - 35,000",Doctors / Medical Director,10:00 AM - 9:00 PM (Regular Business Hours),"SahayShakti SmartClinic Engine: Direct WhatsApp appointment scheduling, patient review showcase, and automated Google Map SEO rank booster.",HOT (Zero Web Presence / High Revenue),Uncontacted
SST-REAL-ROH-1460,Clove Dental,Dental & Healthcare Clinics,"Rohini Commercial Hub (Near Lat: 28.712, Lon: 77.108)",110085,"Rohini, Delhi",In-Person Walk-in / Listed in Local Market,NO OFFICIAL WEBSITE (High Vulnerability),Rs. 6.5 - 15.0 Lakhs/mo,"Rs. 2,000 - 35,000",Doctors / Medical Director,10:00 AM - 9:00 PM (Regular Business Hours),"SahayShakti SmartClinic Engine: Direct WhatsApp appointment scheduling, patient review showcase, and automated Google Map SEO rank booster.",HOT (Zero Web Presence / High Revenue),Uncontacted
SST-REAL-ROH-1474,Physio Hyve Clinic,Dental & Healthcare Clinics,115A Najafgarh Road West Delhi,110041,"Rohini, Delhi",011-45523222,https://physiohyve.in,Rs. 6.5 - 15.0 Lakhs/mo,"Rs. 2,000 - 35,000",Doctors / Medical Director,Mo-Su 09:00-20:00,"SahayShakti SmartClinic Engine: Direct WhatsApp appointment scheduling, patient review showcase, and automated Google Map SEO rank booster.",Warm (Needs Modern Revamp),Uncontacted
SST-REAL-ROH-1499,Max Lab,Dental & Healthcare Clinics,"Rohini Commercial Hub (Near Lat: 28.723, Lon: 77.128)",110085,"Rohini, Delhi",In-Person Walk-in / Listed in Local Market,NO OFFICIAL WEBSITE (High Vulnerability),Rs. 6.5 - 15.0 Lakhs/mo,"Rs. 2,000 - 35,000",Doctors / Medical Director,10:00 AM - 9:00 PM (Regular Business Hours),"SahayShakti SmartClinic Engine: Direct WhatsApp appointment scheduling, patient review showcase, and automated Google Map SEO rank booster.",HOT (Zero Web Presence / High Revenue),Uncontacted
SST-REAL-ROH-1505,Jan Aushadhi,Dental & Healthcare Clinics,"Rohini Commercial Hub (Near Lat: 28.681, Lon: 77.178)",110085,"Rohini, Delhi",In-Person Walk-in / Listed in Local Market,NO OFFICIAL WEBSITE (High Vulnerability),Rs. 6.5 - 15.0 Lakhs/mo,"Rs. 2,000 - 35,000",Doctors / Medical Director,10:00 AM - 9:00 PM (Regular Business Hours),"SahayShakti SmartClinic Engine: Direct WhatsApp appointment scheduling, patient review showcase, and automated Google Map SEO rank booster.",HOT (Zero Web Presence / High Revenue),Uncontacted
SST-REAL-ROH-1508,SRG Speciality Hospital,Dental & Healthcare Clinics,"Rohini Commercial Hub (Near Lat: 28.671, Lon: 77.179)",110085,"Rohini, Delhi",In-Person Walk-in / Listed in Local Market,NO OFFICIAL WEBSITE (High Vulnerability),Rs. 6.5 - 15.0 Lakhs/mo,"Rs. 2,000 - 35,000",Doctors / Medical Director,10:00 AM - 9:00 PM (Regular Business Hours),"SahayShakti SmartClinic Engine: Direct WhatsApp appointment scheduling, patient review showcase, and automated Google Map SEO rank booster.",HOT (Zero Web Presence / High Revenue),Uncontacted
SST-REAL-ROH-1517,Mittal Pharmacy,Dental & Healthcare Clinics,"Rohini Commercial Hub (Near Lat: 28.717, Lon: 77.114)",110085,"Rohini, Delhi",In-Person Walk-in / Listed in Local Market,NO OFFICIAL WEBSITE (High Vulnerability),Rs. 6.5 - 15.0 Lakhs/mo,"Rs. 2,000 - 35,000",Doctors / Medical Director,10:00 AM - 9:00 PM (Regular Business Hours),"SahayShakti SmartClinic Engine: Direct WhatsApp appointment scheduling, patient review showcase, and automated Google Map SEO rank booster.",HOT (Zero Web Presence / High Revenue),Uncontacted
SST-REAL-ROH-1524,Chandan Diagnostics,Dental & Healthcare Clinics,"Rohini Commercial Hub (Near Lat: 28.715, Lon: 77.139)",110085,"Rohini, Delhi",In-Person Walk-in / Listed in Local Market,NO OFFICIAL WEBSITE (High Vulnerability),Rs. 6.5 - 15.0 Lakhs/mo,"Rs. 2,000 - 35,000",Doctors / Medical Director,10:00 AM - 9:00 PM (Regular Business Hours),"SahayShakti SmartClinic Engine: Direct WhatsApp appointment scheduling, patient review showcase, and automated Google Map SEO rank booster.",HOT (Zero Web Presence / High Revenue),Uncontacted
SST-REAL-ROH-1533,Bhutani Medicos,Dental & Healthcare Clinics,"Rohini Commercial Hub (Near Lat: 28.705, Lon: 77.141)",110085,"Rohini, Delhi",In-Person Walk-in / Listed in Local Market,NO OFFICIAL WEBSITE (High Vulnerability),Rs. 6.5 - 15.0 Lakhs/mo,"Rs. 2,000 - 35,000",Doctors / Medical Director,10:00 AM - 9:00 PM (Regular Business Hours),"SahayShakti SmartClinic Engine: Direct WhatsApp appointment scheduling, patient review showcase, and automated Google Map SEO rank booster.",HOT (Zero Web Presence / High Revenue),Uncontacted
SST-REAL-ROH-1535,Sushil Medicos,Dental & Healthcare Clinics,"Rohini Commercial Hub (Near Lat: 28.704, Lon: 77.141)",110085,"Rohini, Delhi",In-Person Walk-in / Listed in Local Market,NO OFFICIAL WEBSITE (High Vulnerability),Rs. 6.5 - 15.0 Lakhs/mo,"Rs. 2,000 - 35,000",Doctors / Medical Director,10:00 AM - 9:00 PM (Regular Business Hours),"SahayShakti SmartClinic Engine: Direct WhatsApp appointment scheduling, patient review showcase, and automated Google Map SEO rank booster.",HOT (Zero Web Presence / High Revenue),Uncontacted
SST-REAL-ROH-1536,Rajeev Medicos,Dental & Healthcare Clinics,"Rohini Commercial Hub (Near Lat: 28.705, Lon: 77.141)",110085,"Rohini, Delhi",In-Person Walk-in / Listed in Local Market,NO OFFICIAL WEBSITE (High Vulnerability),Rs. 6.5 - 15.0 Lakhs/mo,"Rs. 2,000 - 35,000",Doctors / Medical Director,10:00 AM - 9:00 PM (Regular Business Hours),"SahayShakti SmartClinic Engine: Direct WhatsApp appointment scheduling, patient review showcase, and automated Google Map SEO rank booster.",HOT (Zero Web Presence / High Revenue),Uncontacted
SST-REAL-ROH-1538,Cognizavest,Dental & Healthcare Clinics,"Rohini Commercial Hub (Near Lat: 28.704, Lon: 77.141)",110085,"Rohini, Delhi",+91 8277995284,https://cognizavest.com/,Rs. 6.5 - 15.0 Lakhs/mo,"Rs. 2,000 - 35,000",Doctors / Medical Director,10:00 AM - 9:00 PM (Regular Business Hours),"SahayShakti SmartClinic Engine: Direct WhatsApp appointment scheduling, patient review showcase, and automated Google Map SEO rank booster.",Warm (Needs Modern Revamp),Uncontacted
SST-REAL-ROH-1559,Vardhman Chemicos,Dental & Healthcare Clinics,"Rohini Commercial Hub (Near Lat: 28.720, Lon: 77.175)",110085,"Rohini, Delhi",In-Person Walk-in / Listed in Local Market,NO OFFICIAL WEBSITE (High Vulnerability),Rs. 6.5 - 15.0 Lakhs/mo,"Rs. 2,000 - 35,000",Doctors / Medical Director,10:00 AM - 9:00 PM (Regular Business Hours),"SahayShakti SmartClinic Engine: Direct WhatsApp appointment scheduling, patient review showcase, and automated Google Map SEO rank booster.",HOT (Zero Web Presence / High Revenue),Uncontacted
SST-REAL-ROH-1560,"Dr Arun Kumar Patel, MBBS, MS",Dental & Healthcare Clinics,"Rohini Commercial Hub (Near Lat: 28.721, Lon: 77.175)",110085,"Rohini, Delhi",In-Person Walk-in / Listed in Local Market,NO OFFICIAL WEBSITE (High Vulnerability),Rs. 6.5 - 15.0 Lakhs/mo,"Rs. 2,000 - 35,000",Doctors / Medical Director,10:00 AM - 9:00 PM (Regular Business Hours),"SahayShakti SmartClinic Engine: Direct WhatsApp appointment scheduling, patient review showcase, and automated Google Map SEO rank booster.",HOT (Zero Web Presence / High Revenue),Uncontacted
SST-REAL-ROH-1580,Apollo Pharmacy,Dental & Healthcare Clinics,"Rohini Commercial Hub (Near Lat: 28.714, Lon: 77.130)",110085,"Rohini, Delhi",In-Person Walk-in / Listed in Local Market,NO OFFICIAL WEBSITE (High Vulnerability),Rs. 6.5 - 15.0 Lakhs/mo,"Rs. 2,000 - 35,000",Doctors / Medical Director,10:00 AM - 9:00 PM (Regular Business Hours),"SahayShakti SmartClinic Engine: Direct WhatsApp appointment scheduling, patient review showcase, and automated Google Map SEO rank booster.",HOT (Zero Web Presence / High Revenue),Uncontacted
SST-REAL-ROH-1581,Family Dental,Dental & Healthcare Clinics,"Rohini Commercial Hub (Near Lat: 28.714, Lon: 77.130)",110085,"Rohini, Delhi",In-Person Walk-in / Listed in Local Market,NO OFFICIAL WEBSITE (High Vulnerability),Rs. 6.5 - 15.0 Lakhs/mo,"Rs. 2,000 - 35,000",Doctors / Medical Director,10:00 AM - 9:00 PM (Regular Business Hours),"SahayShakti SmartClinic Engine: Direct WhatsApp appointment scheduling, patient review showcase, and automated Google Map SEO rank booster.",HOT (Zero Web Presence / High Revenue),Uncontacted
SST-REAL-ROH-1589,PUSHPANJAL hospital,Dental & Healthcare Clinics,"Rohini Commercial Hub (Near Lat: 28.680, Lon: 77.085)",110085,"Rohini, Delhi",In-Person Walk-in / Listed in Local Market,NO OFFICIAL WEBSITE (High Vulnerability),Rs. 6.5 - 15.0 Lakhs/mo,"Rs. 2,000 - 35,000",Doctors / Medical Director,10:00 AM - 9:00 PM (Regular Business Hours),"SahayShakti SmartClinic Engine: Direct WhatsApp appointment scheduling, patient review showcase, and automated Google Map SEO rank booster.",HOT (Zero Web Presence / High Revenue),Uncontacted
SST-REAL-ROH-1596,Wonder MINDS by Dr Shaifali Dadwal,Dental & Healthcare Clinics,"PP- 2, Block PP, Poorvi Pitampura, Pitampura North West",110034,"Rohini, Delhi",918527207525,https://www.wonderminds.org.in/,Rs. 6.5 - 15.0 Lakhs/mo,"Rs. 2,000 - 35,000",Doctors / Medical Director,Mo-Su 10:00-19:00,"SahayShakti SmartClinic Engine: Direct WhatsApp appointment scheduling, patient review showcase, and automated Google Map SEO rank booster.",Warm (Needs Modern Revamp),Uncontacted
SST-REAL-ROH-1602,Yash Polyhealth Clinic,Dental & Healthcare Clinics,"A-57,58 Bawana road",110089,"Rohini, Delhi",+919711027108,NO OFFICIAL WEBSITE (High Vulnerability),Rs. 6.5 - 15.0 Lakhs/mo,"Rs. 2,000 - 35,000",Doctors / Medical Director,Mo-Su 10:00-21:00,"SahayShakti SmartClinic Engine: Direct WhatsApp appointment scheduling, patient review showcase, and automated Google Map SEO rank booster.",HOT (Zero Web Presence / High Revenue),Uncontacted
SST-REAL-ROH-1615,Jai Shri Ram Medicos,Dental & Healthcare Clinics,"Rohini Commercial Hub (Near Lat: 28.712, Lon: 77.125)",110085,"Rohini, Delhi",In-Person Walk-in / Listed in Local Market,NO OFFICIAL WEBSITE (High Vulnerability),Rs. 6.5 - 15.0 Lakhs/mo,"Rs. 2,000 - 35,000",Doctors / Medical Director,10:00 AM - 9:00 PM (Regular Business Hours),"SahayShakti SmartClinic Engine: Direct WhatsApp appointment scheduling, patient review showcase, and automated Google Map SEO rank booster.",HOT (Zero Web Presence / High Revenue),Uncontacted
SST-REAL-ROH-1643,"ESI Hospital, Rohini",Dental & Healthcare Clinics,North,110085,"Rohini, Delhi",27861033,NO OFFICIAL WEBSITE (High Vulnerability),Rs. 6.5 - 15.0 Lakhs/mo,"Rs. 2,000 - 35,000",Doctors / Medical Director,10:00 AM - 9:00 PM (Regular Business Hours),"SahayShakti SmartClinic Engine: Direct WhatsApp appointment scheduling, patient review showcase, and automated Google Map SEO rank booster.",HOT (Zero Web Presence / High Revenue),Uncontacted
SST-REAL-ROH-1658,Babu Jagjivan Ram Memorial Hospital,Dental & Healthcare Clinics,Bhalswa Jahangirpuri,110033,"Rohini, Delhi",1127634636,NO OFFICIAL WEBSITE (High Vulnerability),Rs. 6.5 - 15.0 Lakhs/mo,"Rs. 2,000 - 35,000",Doctors / Medical Director,10:00 AM - 9:00 PM (Regular Business Hours),"SahayShakti SmartClinic Engine: Direct WhatsApp appointment scheduling, patient review showcase, and automated Google Map SEO rank booster.",HOT (Zero Web Presence / High Revenue),Uncontacted
SST-REAL-ROH-1666,Shree Balaji Action Medical Hospital,Dental & Healthcare Clinics,"Rohini Commercial Hub (Near Lat: 28.674, Lon: 77.111)",110085,"Rohini, Delhi",In-Person Walk-in / Listed in Local Market,NO OFFICIAL WEBSITE (High Vulnerability),Rs. 6.5 - 15.0 Lakhs/mo,"Rs. 2,000 - 35,000",Doctors / Medical Director,10:00 AM - 9:00 PM (Regular Business Hours),"SahayShakti SmartClinic Engine: Direct WhatsApp appointment scheduling, patient review showcase, and automated Google Map SEO rank booster.",HOT (Zero Web Presence / High Revenue),Uncontacted
SST-REAL-ROH-1678,Bhagwan Mahavir Hospital,Dental & Healthcare Clinics,H-4/5 Guru Harkishan Marg North West,110034,"Rohini, Delhi",011 27034535,https://bmh.delhi.gov.in/,Rs. 6.5 - 15.0 Lakhs/mo,"Rs. 2,000 - 35,000",Doctors / Medical Director,10:00 AM - 9:00 PM (Regular Business Hours),"SahayShakti SmartClinic Engine: Direct WhatsApp appointment scheduling, patient review showcase, and automated Google Map SEO rank booster.",Warm (Needs Modern Revamp),Uncontacted
SST-REAL-ROH-1680,Jivodaya Hospital,Dental & Healthcare Clinics,North West,110052,"Rohini, Delhi",27253204,NO OFFICIAL WEBSITE (High Vulnerability),Rs. 6.5 - 15.0 Lakhs/mo,"Rs. 2,000 - 35,000",Doctors / Medical Director,10:00 AM - 9:00 PM (Regular Business Hours),"SahayShakti SmartClinic Engine: Direct WhatsApp appointment scheduling, patient review showcase, and automated Google Map SEO rank booster.",HOT (Zero Web Presence / High Revenue),Uncontacted
SST-REAL-ROH-1682,Sanjay Gandhi Memorial Hospital,Dental & Healthcare Clinics,North West,110083,"Rohini, Delhi",In-Person Walk-in / Listed in Local Market,NO OFFICIAL WEBSITE (High Vulnerability),Rs. 6.5 - 15.0 Lakhs/mo,"Rs. 2,000 - 35,000",Doctors / Medical Director,10:00 AM - 9:00 PM (Regular Business Hours),"SahayShakti SmartClinic Engine: Direct WhatsApp appointment scheduling, patient review showcase, and automated Google Map SEO rank booster.",HOT (Zero Web Presence / High Revenue),Uncontacted
SST-REAL-ROH-1689,Maharaja Agarsain Hospital (Charitable),Dental & Healthcare Clinics,North West,110052,"Rohini, Delhi",27129193,NO OFFICIAL WEBSITE (High Vulnerability),Rs. 6.5 - 15.0 Lakhs/mo,"Rs. 2,000 - 35,000",Doctors / Medical Director,10:00 AM - 9:00 PM (Regular Business Hours),"SahayShakti SmartClinic Engine: Direct WhatsApp appointment scheduling, patient review showcase, and automated Google Map SEO rank booster.",HOT (Zero Web Presence / High Revenue),Uncontacted
SST-REAL-ROH-1690,Medicine Cell,Dental & Healthcare Clinics,"Rohini Commercial Hub (Near Lat: 28.691, Lon: 77.165)",110085,"Rohini, Delhi",In-Person Walk-in / Listed in Local Market,NO OFFICIAL WEBSITE (High Vulnerability),Rs. 6.5 - 15.0 Lakhs/mo,"Rs. 2,000 - 35,000",Doctors / Medical Director,10:00 AM - 9:00 PM (Regular Business Hours),"SahayShakti SmartClinic Engine: Direct WhatsApp appointment scheduling, patient review showcase, and automated Google Map SEO rank booster.",HOT (Zero Web Presence / High Revenue),Uncontacted
SST-REAL-ROH-1694,Jaipur Golden,Dental & Healthcare Clinics,"Rohini Commercial Hub (Near Lat: 28.698, Lon: 77.110)",110085,"Rohini, Delhi",27907000,NO OFFICIAL WEBSITE (High Vulnerability),Rs. 6.5 - 15.0 Lakhs/mo,"Rs. 2,000 - 35,000",Doctors / Medical Director,10:00 AM - 9:00 PM (Regular Business Hours),"SahayShakti SmartClinic Engine: Direct WhatsApp appointment scheduling, patient review showcase, and automated Google Map SEO rank booster.",HOT (Zero Web Presence / High Revenue),Uncontacted
SST-REAL-ROH-1702,Deep Chand Bandhu Government Hospital,Dental & Healthcare Clinics,North West,110052,"Rohini, Delhi",011 2730 1374,NO OFFICIAL WEBSITE (High Vulnerability),Rs. 6.5 - 15.0 Lakhs/mo,"Rs. 2,000 - 35,000",Doctors / Medical Director,10:00 AM - 9:00 PM (Regular Business Hours),"SahayShakti SmartClinic Engine: Direct WhatsApp appointment scheduling, patient review showcase, and automated Google Map SEO rank booster.",HOT (Zero Web Presence / High Revenue),Uncontacted
SST-REAL-ROH-1704,Max Healthcare,Dental & Healthcare Clinics,North,110088,"Rohini, Delhi",6642 2222,https://www.maxhealthcare.in/,Rs. 6.5 - 15.0 Lakhs/mo,"Rs. 2,000 - 35,000",Doctors / Medical Director,10:00 AM - 9:00 PM (Regular Business Hours),"SahayShakti SmartClinic Engine: Direct WhatsApp appointment scheduling, patient review showcase, and automated Google Map SEO rank booster.",Warm (Needs Modern Revamp),Uncontacted
SST-REAL-ROH-1719,Doctor Baba Saheb Ambedkar Hospital,Dental & Healthcare Clinics,North West,110085,"Rohini, Delhi",1127055585,NO OFFICIAL WEBSITE (High Vulnerability),Rs. 6.5 - 15.0 Lakhs/mo,"Rs. 2,000 - 35,000",Doctors / Medical Director,10:00 AM - 9:00 PM (Regular Business Hours),"SahayShakti SmartClinic Engine: Direct WhatsApp appointment scheduling, patient review showcase, and automated Google Map SEO rank booster.",HOT (Zero Web Presence / High Revenue),Uncontacted
SST-REAL-ROH-1720,Rajiv Gandhi Cancer Institute and Research Center,Dental & Healthcare Clinics,"Rohini Commercial Hub (Near Lat: 28.716, Lon: 77.111)",110085,"Rohini, Delhi",In-Person Walk-in / Listed in Local Market,NO OFFICIAL WEBSITE (High Vulnerability),Rs. 6.5 - 15.0 Lakhs/mo,"Rs. 2,000 - 35,000",Doctors / Medical Director,10:00 AM - 9:00 PM (Regular Business Hours),"SahayShakti SmartClinic Engine: Direct WhatsApp appointment scheduling, patient review showcase, and automated Google Map SEO rank booster.",HOT (Zero Web Presence / High Revenue),Uncontacted
SST-REAL-ROH-1734,Sai Dental Clinic,Dental & Healthcare Clinics,"240, opp. Gate of Pocket 16, Pocket 15 Sector 24 Rohini",110085,"Rohini, Delhi",In-Person Walk-in / Listed in Local Market,https://www.saidentalclinicrohini.com/,Rs. 6.5 - 15.0 Lakhs/mo,"Rs. 2,000 - 35,000",Doctors / Medical Director,Everyday 10:00-21:00,"SahayShakti SmartClinic Engine: Direct WhatsApp appointment scheduling, patient review showcase, and automated Google Map SEO rank booster.",Warm (Needs Modern Revamp),Uncontacted
SST-REAL-ROH-1736,Dr. Lall Dentist,Dental & Healthcare Clinics,"Rohini Commercial Hub (Near Lat: 28.689, Lon: 77.122)",110085,"Rohini, Delhi",In-Person Walk-in / Listed in Local Market,NO OFFICIAL WEBSITE (High Vulnerability),Rs. 6.5 - 15.0 Lakhs/mo,"Rs. 2,000 - 35,000",Doctors / Medical Director,10:00 AM - 9:00 PM (Regular Business Hours),"SahayShakti SmartClinic Engine: Direct WhatsApp appointment scheduling, patient review showcase, and automated Google Map SEO rank booster.",HOT (Zero Web Presence / High Revenue),Uncontacted
SST-REAL-ROH-1738,DTU HealthCare Facility,Dental & Healthcare Clinics,"Rohini Commercial Hub (Near Lat: 28.747, Lon: 77.119)",110085,"Rohini, Delhi",In-Person Walk-in / Listed in Local Market,NO OFFICIAL WEBSITE (High Vulnerability),Rs. 6.5 - 15.0 Lakhs/mo,"Rs. 2,000 - 35,000",Doctors / Medical Director,10:00 AM - 9:00 PM (Regular Business Hours),"SahayShakti SmartClinic Engine: Direct WhatsApp appointment scheduling, patient review showcase, and automated Google Map SEO rank booster.",HOT (Zero Web Presence / High Revenue),Uncontacted
SST-REAL-ROH-1740,Eye Mantra Hospital,Dental & Healthcare Clinics,"A1/10 Ground floor, Paschim Vihar West M. Pillar 262, Rohtak Road",110063,"Rohini, Delhi",In-Person Walk-in / Listed in Local Market,NO OFFICIAL WEBSITE (High Vulnerability),Rs. 6.5 - 15.0 Lakhs/mo,"Rs. 2,000 - 35,000",Doctors / Medical Director,10:00 AM - 9:00 PM (Regular Business Hours),"SahayShakti SmartClinic Engine: Direct WhatsApp appointment scheduling, patient review showcase, and automated Google Map SEO rank booster.",HOT (Zero Web Presence / High Revenue),Uncontacted
SST-REAL-ROH-1741,Gupta Ultrasound & Heart Care Centre,Dental & Healthcare Clinics,West Delhi,110063,"Rohini, Delhi",In-Person Walk-in / Listed in Local Market,NO OFFICIAL WEBSITE (High Vulnerability),Rs. 6.5 - 15.0 Lakhs/mo,"Rs. 2,000 - 35,000",Doctors / Medical Director,10:00 AM - 9:00 PM (Regular Business Hours),"SahayShakti SmartClinic Engine: Direct WhatsApp appointment scheduling, patient review showcase, and automated Google Map SEO rank booster.",HOT (Zero Web Presence / High Revenue),Uncontacted
SST-REAL-ROH-1742,Mantra Care,Dental & Healthcare Clinics,"A1/10 First floor, Paschim Vihar West M. Pillar 262, Rohtak Road, Delhi",110063,"Rohini, Delhi",In-Person Walk-in / Listed in Local Market,NO OFFICIAL WEBSITE (High Vulnerability),Rs. 6.5 - 15.0 Lakhs/mo,"Rs. 2,000 - 35,000",Doctors / Medical Director,10:00 AM - 9:00 PM (Regular Business Hours),"SahayShakti SmartClinic Engine: Direct WhatsApp appointment scheduling, patient review showcase, and automated Google Map SEO rank booster.",HOT (Zero Web Presence / High Revenue),Uncontacted
SST-REAL-ROH-1746,Dharmarth Hospital,Dental & Healthcare Clinics,Shivaji Road Adarsh Nagar,110085,"Rohini, Delhi",In-Person Walk-in / Listed in Local Market,NO OFFICIAL WEBSITE (High Vulnerability),Rs. 6.5 - 15.0 Lakhs/mo,"Rs. 2,000 - 35,000",Doctors / Medical Director,10:00 AM - 9:00 PM (Regular Business Hours),"SahayShakti SmartClinic Engine: Direct WhatsApp appointment scheduling, patient review showcase, and automated Google Map SEO rank booster.",HOT (Zero Web Presence / High Revenue),Uncontacted
SST-REAL-ROH-1748,Delhi Government Dispensary,Dental & Healthcare Clinics,"Rohini Commercial Hub (Near Lat: 28.734, Lon: 77.170)",110085,"Rohini, Delhi",In-Person Walk-in / Listed in Local Market,NO OFFICIAL WEBSITE (High Vulnerability),Rs. 6.5 - 15.0 Lakhs/mo,"Rs. 2,000 - 35,000",Doctors / Medical Director,10:00 AM - 9:00 PM (Regular Business Hours),"SahayShakti SmartClinic Engine: Direct WhatsApp appointment scheduling, patient review showcase, and automated Google Map SEO rank booster.",HOT (Zero Web Presence / High Revenue),Uncontacted
SST-REAL-ROH-1751,Dhanvantari Ayurvedic Hospital,Dental & Healthcare Clinics,West Delhi,110026,"Rohini, Delhi",In-Person Walk-in / Listed in Local Market,NO OFFICIAL WEBSITE (High Vulnerability),Rs. 6.5 - 15.0 Lakhs/mo,"Rs. 2,000 - 35,000",Doctors / Medical Director,10:00 AM - 9:00 PM (Regular Business Hours),"SahayShakti SmartClinic Engine: Direct WhatsApp appointment scheduling, patient review showcase, and automated Google Map SEO rank booster.",HOT (Zero Web Presence / High Revenue),Uncontacted
SST-REAL-ROH-1755,Fortis Hospital,Dental & Healthcare Clinics,North,110088,"Rohini, Delhi",45302222,https://www.fortishealthcare.com,Rs. 6.5 - 15.0 Lakhs/mo,"Rs. 2,000 - 35,000",Doctors / Medical Director,10:00 AM - 9:00 PM (Regular Business Hours),"SahayShakti SmartClinic Engine: Direct WhatsApp appointment scheduling, patient review showcase, and automated Google Map SEO rank booster.",Warm (Needs Modern Revamp),Uncontacted
SST-REAL-ROH-1764,CGHS Dispensary,Dental & Healthcare Clinics,"Rohini Commercial Hub (Near Lat: 28.685, Lon: 77.132)",110085,"Rohini, Delhi",In-Person Walk-in / Listed in Local Market,NO OFFICIAL WEBSITE (High Vulnerability),Rs. 6.5 - 15.0 Lakhs/mo,"Rs. 2,000 - 35,000",Doctors / Medical Director,10:00 AM - 9:00 PM (Regular Business Hours),"SahayShakti SmartClinic Engine: Direct WhatsApp appointment scheduling, patient review showcase, and automated Google Map SEO rank booster.",HOT (Zero Web Presence / High Revenue),Uncontacted
SST-REAL-ROH-1765,Manna Clinic & Maternity Home & Eyes Care,Dental & Healthcare Clinics,WZ 1367  Rani Bagh,110034,"Rohini, Delhi",In-Person Walk-in / Listed in Local Market,NO OFFICIAL WEBSITE (High Vulnerability),Rs. 6.5 - 15.0 Lakhs/mo,"Rs. 2,000 - 35,000",Doctors / Medical Director,10:00 AM - 9:00 PM (Regular Business Hours),"SahayShakti SmartClinic Engine: Direct WhatsApp appointment scheduling, patient review showcase, and automated Google Map SEO rank booster.",HOT (Zero Web Presence / High Revenue),Uncontacted
SST-REAL-ROH-1778,Poly Clinic Madipur,Dental & Healthcare Clinics,West,110063,"Rohini, Delhi",011-25213570,NO OFFICIAL WEBSITE (High Vulnerability),Rs. 6.5 - 15.0 Lakhs/mo,"Rs. 2,000 - 35,000",Doctors / Medical Director,10:00 AM - 9:00 PM (Regular Business Hours),"SahayShakti SmartClinic Engine: Direct WhatsApp appointment scheduling, patient review showcase, and automated Google Map SEO rank booster.",HOT (Zero Web Presence / High Revenue),Uncontacted
SST-REAL-ROH-1814,Munshi Shiv Charan Sadar Lions Hospital,Dental & Healthcare Clinics,"Rohini Commercial Hub (Near Lat: 28.729, Lon: 77.167)",110085,"Rohini, Delhi",In-Person Walk-in / Listed in Local Market,NO OFFICIAL WEBSITE (High Vulnerability),Rs. 6.5 - 15.0 Lakhs/mo,"Rs. 2,000 - 35,000",Doctors / Medical Director,10:00 AM - 9:00 PM (Regular Business Hours),"SahayShakti SmartClinic Engine: Direct WhatsApp appointment scheduling, patient review showcase, and automated Google Map SEO rank booster.",HOT (Zero Web Presence / High Revenue),Uncontacted
SST-REAL-ROH-1824,Delhi Government Dispensary (North District),Dental & Healthcare Clinics,Jahangir Puri,110033,"Rohini, Delhi",In-Person Walk-in / Listed in Local Market,NO OFFICIAL WEBSITE (High Vulnerability),Rs. 6.5 - 15.0 Lakhs/mo,"Rs. 2,000 - 35,000",Doctors / Medical Director,10:00 AM - 9:00 PM (Regular Business Hours),"SahayShakti SmartClinic Engine: Direct WhatsApp appointment scheduling, patient review showcase, and automated Google Map SEO rank booster.",HOT (Zero Web Presence / High Revenue),Uncontacted
SST-REAL-ROH-1838,Delhi Government Dispensary,Dental & Healthcare Clinics,"Rohini Commercial Hub (Near Lat: 28.740, Lon: 77.163)",110085,"Rohini, Delhi",In-Person Walk-in / Listed in Local Market,NO OFFICIAL WEBSITE (High Vulnerability),Rs. 6.5 - 15.0 Lakhs/mo,"Rs. 2,000 - 35,000",Doctors / Medical Director,10:00 AM - 9:00 PM (Regular Business Hours),"SahayShakti SmartClinic Engine: Direct WhatsApp appointment scheduling, patient review showcase, and automated Google Map SEO rank booster.",HOT (Zero Web Presence / High Revenue),Uncontacted
SST-REAL-ROH-1852,Delhi Government Dispensary,Dental & Healthcare Clinics,Bhalswa,110042,"Rohini, Delhi",In-Person Walk-in / Listed in Local Market,NO OFFICIAL WEBSITE (High Vulnerability),Rs. 6.5 - 15.0 Lakhs/mo,"Rs. 2,000 - 35,000",Doctors / Medical Director,10:00 AM - 9:00 PM (Regular Business Hours),"SahayShakti SmartClinic Engine: Direct WhatsApp appointment scheduling, patient review showcase, and automated Google Map SEO rank booster.",HOT (Zero Web Presence / High Revenue),Uncontacted
SST-REAL-ROH-1881,Aam Aadmi Mohalla Clinic,Dental & Healthcare Clinics,"Rohini Commercial Hub (Near Lat: 28.750, Lon: 77.168)",110085,"Rohini, Delhi",In-Person Walk-in / Listed in Local Market,NO OFFICIAL WEBSITE (High Vulnerability),Rs. 6.5 - 15.0 Lakhs/mo,"Rs. 2,000 - 35,000",Doctors / Medical Director,10:00 AM - 9:00 PM (Regular Business Hours),"SahayShakti SmartClinic Engine: Direct WhatsApp appointment scheduling, patient review showcase, and automated Google Map SEO rank booster.",HOT (Zero Web Presence / High Revenue),Uncontacted
SST-REAL-ROH-1895,Sant Soham Hospital,Dental & Healthcare Clinics,"Rohini Commercial Hub (Near Lat: 28.736, Lon: 77.113)",110085,"Rohini, Delhi",In-Person Walk-in / Listed in Local Market,NO OFFICIAL WEBSITE (High Vulnerability),Rs. 6.5 - 15.0 Lakhs/mo,"Rs. 2,000 - 35,000",Doctors / Medical Director,10:00 AM - 9:00 PM (Regular Business Hours),"SahayShakti SmartClinic Engine: Direct WhatsApp appointment scheduling, patient review showcase, and automated Google Map SEO rank booster.",HOT (Zero Web Presence / High Revenue),Uncontacted
SST-REAL-ROH-1942,Dharmarth Hospital,Dental & Healthcare Clinics,E-10 Dairy Road Adarsh Nagar,110085,"Rohini, Delhi",In-Person Walk-in / Listed in Local Market,NO OFFICIAL WEBSITE (High Vulnerability),Rs. 6.5 - 15.0 Lakhs/mo,"Rs. 2,000 - 35,000",Doctors / Medical Director,10:00 AM - 9:00 PM (Regular Business Hours),"SahayShakti SmartClinic Engine: Direct WhatsApp appointment scheduling, patient review showcase, and automated Google Map SEO rank booster.",HOT (Zero Web Presence / High Revenue),Uncontacted
